,stop_id,stop_name,stop_lat,stop_lon,clust,Node,Eigenvector Centrality,Degree Centrality,Closeness Centrality,Betweenness Centrality
15,007879,"Római úti lakótelep, Varsa utca",47.570863,19.058543,4980,4980.0,2.929595761923932e-11,0.00023196474135931338,0.03506770592637519,0.0
17,007881,Váradi utca,47.543722,19.030125,936,936.0,2.7705919825845062e-11,0.00046392948271862676,0.03559375772659624,0.0017390358985619801
19,007883,Perényi út,47.5458,19.029579,933,933.0,1.267769143685758e-10,0.00046392948271862676,0.03699469846996244,0.002173256671946421
20,007884,Deák Ferenc tér M,47.497413,19.055158,2684,2684.0,0.01264404634751953,0.0016237531895151936,0.0661720878810365,0.05576669177809696
21,007885,Dorottya utca (Vörösmarty tér M),47.497476,19.049623,2661,2661.0,7.736487211329098e-05,0.00046392948271862676,0.05548961138551157,0.0006660423788382748
25,007897,Kelenföld vasútállomás M,47.464572,19.022964,4496,4496.0,0.0003887226007912897,0.003479471120389701,0.05324169618601706,0.06917907633596887
26,007898,Kelenföld vasútállomás M,47.464653,19.023017,4496,4496.0,0.0003887226007912897,0.003479471120389701,0.05324169618601706,0.06917907633596887
28,007900,Maros utcai rendelőintézet,47.503724,19.022401,1792,1792.0,8.25242316658706e-05,0.00046392948271862676,0.050879066000877465,0.0006054741668322866
30,007913,526. sor,47.479281,19.211332,826,826.0,4.736443085105393e-09,0.00046392948271862676,0.03772684034887905,0.0008631595544378377
31,007914,526. sor,47.4793,19.211468,827,827.0,2.2222753451534976e-10,0.00046392948271862676,0.03422755994496553,0.0003320034538587158
32,007919,Pólus Center,47.552544,19.143552,1123,1123.0,1.0154102872240469e-05,0.00046392948271862676,0.0456359226765769,0.00301175270518343
33,007923,Kele utca,47.431808,19.173804,396,396.0,3.6960242451515457e-07,0.0006958942240779401,0.04555368097054594,0.0005775082208719784
34,007924,Ültetvény utca,47.396895,19.175423,252,252.0,3.169399621325697e-07,0.00046392948271862676,0.046723523253975816,0.0021907705644272062
37,007930,Savoyai Jenő tér (Törley tér),47.430333,19.036354,3998,3998.0,1.1010114916849124e-08,0.00023196474135931338,0.04093163023925763,0.0
38,007931,Savoyai Jenő tér (Törley tér),47.430369,19.036792,3999,3999.0,3.775253760475577e-08,0.00046392948271862676,0.04259192158861633,0.0008796523422655681
39,007949,Kocsis Sándor út,47.574343,19.013009,4919,4919.0,7.850214919554339e-14,0.0009278589654372535,0.03157796203628952,0.0013865095439468975
40,007950,Keleti pályaudvar M,47.501104,19.082712,2126,2126.0,0.5443597118730281,0.003479471120389701,0.06848974251880188,0.28420948105638244
41,007967,Kelenföld vasútállomás M,47.465732,19.021875,4496,4496.0,0.0003887226007912897,0.003479471120389701,0.05324169618601706,0.06917907633596887
42,007968,Mogyoród útja,47.570602,19.128267,4804,4804.0,1.2284543376632857e-07,0.0006958942240779401,0.03796938379931496,3.76740879237864e-07
46,007975,Hűvösvölgy,47.543243,18.964281,5173,5173.0,1.1890156542410322e-12,0.00023196474135931338,0.030927085118950988,0.0
50,007979,Vörösmarty utca M,47.507468,19.066509,2485,2485.0,0.00452474511659144,0.00046392948271862676,0.05991404970503897,0.019137163212126537
51,007980,Vörösmarty utca M,47.507444,19.066767,2485,2485.0,0.00452474511659144,0.00046392948271862676,0.05991404970503897,0.019137163212126537
52,007995,Jókai Mór utca,47.410717,19.020681,4660,4660.0,3.7948818697993585e-11,0.00046392948271862676,0.035625528610868935,0.0016376630701633549
60,008020,Örs vezér tere M+H,47.500932,19.136306,3455,3455.0,0.10810537311696447,0.004407330085826954,0.060193688552069205,0.18927343085082782
61,008021,Örs vezér tere M+H,47.50194,19.136228,3455,3455.0,0.10810537311696447,0.004407330085826954,0.060193688552069205,0.18927343085082782
62,008022,Örs vezér tere M+H,47.501517,19.136333,3455,3455.0,0.10810537311696447,0.004407330085826954,0.060193688552069205,0.18927343085082782
63,008023,Örs vezér tere M+H,47.501472,19.136134,3455,3455.0,0.10810537311696447,0.004407330085826954,0.060193688552069205,0.18927343085082782
64,008024,Örs vezér tere M+H,47.501148,19.136213,3455,3455.0,0.10810537311696447,0.004407330085826954,0.060193688552069205,0.18927343085082782
65,008025,Örs vezér tere M+H,47.501778,19.135922,3455,3455.0,0.10810537311696447,0.004407330085826954,0.060193688552069205,0.18927343085082782
66,008026,Örs vezér tere M+H,47.501355,19.136028,3455,3455.0,0.10810537311696447,0.004407330085826954,0.060193688552069205,0.18927343085082782
67,008028,Örs vezér tere M+H,47.501112,19.135882,3455,3455.0,0.10810537311696447,0.004407330085826954,0.060193688552069205,0.18927343085082782
68,008029,Örs vezér tere M+H,47.502111,19.135697,3455,3455.0,0.10810537311696447,0.004407330085826954,0.060193688552069205,0.18927343085082782
69,008030,Örs vezér tere M+H,47.501742,19.135604,3455,3455.0,0.10810537311696447,0.004407330085826954,0.060193688552069205,0.18927343085082782
71,008036,Kőbányai út 31.,47.487461,19.104252,2971,2971.0,0.00018652390354495827,0.00046392948271862676,0.055052932725210044,0.0
72,008037,Kőbányai út 31.,47.487452,19.103721,2969,2969.0,0.00017479937729409945,0.00046392948271862676,0.05365000757822383,0.0
74,008041,Tas vezér utca,47.478849,19.040827,4188,4188.0,0.000460725279768699,0.00046392948271862676,0.05637067385610798,0.003907986960459969
75,008047,Lajosmizsei sorompó,47.450468,19.16141,327,327.0,5.558184206963467e-07,0.00046392948271862676,0.04588277348899285,0.001596007562066003
76,008050,Liptó utca,47.4861,19.007031,4421,4421.0,1.7682838487335967e-08,0.00046392948271862676,0.04086589823117803,0.0008699485102858334
77,008051,Liptó utca,47.48601,19.007071,4422,4422.0,8.517869012542978e-09,0.00046392948271862676,0.03995301134403961,0.0013045998446751176
78,008067,Szent Imre tér,47.430889,19.0703,3716,3716.0,1.6296142738182042e-06,0.0006958942240779401,0.043968419634298796,0.01459554382955452
81,008087,Fény utcai piac,47.508464,19.023646,1805,1805.0,0.00012211322042647872,0.0006958942240779401,0.05107370298068928,0.003474627309085214
82,008090,Móricz Zsigmond körtér M,47.477256,19.048786,4329,4329.0,0.0021081607044541165,0.002551612154952447,0.059957631138749676,0.07724270595188074
83,008093,Dél-pesti autóbuszgarázs,47.426707,19.161776,530,530.0,4.185002944774337e-08,0.00046392948271862676,0.04353076972760285,0.00425549288621367
84,008094,Dél-pesti autóbuszgarázs,47.42616,19.16094,531,531.0,8.957309286570264e-09,0.00046392948271862676,0.0417809240182851,0.001986107946286003
85,008095,Nagykőrösi út,47.425255,19.157029,535,535.0,9.164646235492443e-09,0.00046392948271862676,0.041827936718368555,0.0038694590110735574
86,008096,Nagykőrösi út,47.425183,19.157506,533,533.0,1.9880900554193564e-09,0.00046392948271862676,0.040305085736583875,0.0016376985140005176
87,008098,Szabina út,47.43645,19.013416,4118,4118.0,4.839830729376724e-06,0.0009278589654372535,0.04595228188992512,0.01471777845038643
94,008106,Vihar utca,47.434282,19.035651,4030,4030.0,2.3817951381787977e-08,0.00046392948271862676,0.042182994410513215,0.0015162881729673245
95,008109,Damjanich utca,47.402518,18.991053,4689,4689.0,2.4309814238200597e-11,0.00046392948271862676,0.03359673780842644,0.0007479246783494497
96,008110,Barosstelep vasútállomás,47.399613,18.990911,4683,4683.0,5.415121709772001e-12,0.00046392948271862676,0.032653231905057666,0.00040064984335425453
97,008111,Barackos út / Angeli utca,47.402248,18.974427,4634,4634.0,1.0640732260176843e-08,0.0006958942240779401,0.03834530688682866,0.00314622890753326
98,008112,Szakiskola utca,47.40492,18.975841,4611,4611.0,2.3257654934031533e-09,0.00046392948271862676,0.03694927435326543,0.001855445275507603
99,008113,Szilvafa utca,47.405214,18.982168,4613,4613.0,5.083511589233613e-10,0.00046392948271862676,0.0357292609975631,0.001472944120667488
100,008114,Mátyás király utca,47.404326,18.990746,4691,4691.0,1.1111750471687707e-10,0.00046392948271862676,0.03462229498774955,0.001107400519910707
101,008115,Szebeni utca,47.430338,19.016061,4091,4091.0,6.968038340173473e-10,0.00046392948271862676,0.03579030437303207,0.0007556216402716535
102,008116,Szebeni utca,47.430177,19.016896,4092,4092.0,5.053846761583194e-08,0.00046392948271862676,0.040152710821482265,0.0010389457311793017
103,008119,Mátra utca,47.400093,18.997693,4687,4687.0,1.6482599648065853e-12,0.00046392948271862676,0.03261839969360212,0.00032459325013297865
105,008124,Zöldike utca,47.430738,19.012823,4095,4095.0,3.1859808746146766e-09,0.00046392948271862676,0.03709713073783513,0.0011590451508234764
106,008125,Zöldike utca,47.431205,19.012359,4096,4096.0,2.3120294198304095e-07,0.00046392948271862676,0.04188569479456709,0.0014583408539636407
107,008126,Hír utca,47.432896,19.011523,4093,4093.0,1.4576058580785888e-08,0.00046392948271862676,0.038597072748387994,0.0015819601098223822
108,008127,Hír utca,47.432914,19.011403,4094,4094.0,1.0578149126148546e-06,0.00046392948271862676,0.043822068276817894,0.001887498947532797
109,008128,Ady Endre út,47.435802,19.036578,4024,4024.0,1.4024926884229628e-07,0.00046392948271862676,0.04422690052236494,0.0009711987515503176
110,008132,Puskás Ferenc Stadion M,47.501283,19.107691,2060,2060.0,0.022861884935386417,0.0027835768963117603,0.06493903945302787,0.19600965543522025
111,008146,Vajda Péter utca,47.481389,19.103174,2802,2802.0,0.00031857894290744415,0.00046392948271862676,0.06331569901617086,0.025277421904151044
112,008147,Vajda Péter utca,47.48177,19.103619,2800,2800.0,0.00031857894290744415,0.00046392948271862676,0.06331569901617086,0.025277421904151044
113,008148,Kőbányai út / Könyves Kálmán körút,47.485742,19.107077,2965,2965.0,0.00029842279999267986,0.00046392948271862676,0.06253460385571209,0.025195691686551933
114,008149,Kőbányai út / Könyves Kálmán körút,47.486236,19.107515,2962,2962.0,0.00029842279999267986,0.00046392948271862676,0.06253460385571209,0.025195691686551933
116,008152,Mester utca / Könyves Kálmán körút,47.469596,19.083728,2821,2821.0,0.0013430474908381674,0.0006958942240779401,0.0600468863026905,0.02363349514705396
117,008153,Mester utca / Könyves Kálmán körút,47.469723,19.084482,2818,2818.0,0.0013405917078806527,0.0006958942240779401,0.06005544595133349,0.025906346796081305
118,008155,Közvágóhíd H,47.468737,19.072756,2823,2823.0,0.005767997846868012,0.003479471120389701,0.06137359397189043,0.13526302075785515
119,008156,Új köztemető,47.473586,19.178326,3307,3307.0,0.0002038935687409898,0.0013917884481558802,0.056750342531893365,0.03970799862621201
120,008164,Örs vezér tere M+H,47.501382,19.136585,3455,3455.0,0.10810537311696447,0.004407330085826954,0.060193688552069205,0.18927343085082782
121,008165,Örs vezér tere M+H,47.501849,19.136467,3455,3455.0,0.10810537311696447,0.004407330085826954,0.060193688552069205,0.18927343085082782
122,008168,I. utca,47.400994,19.002739,4698,4698.0,2.4862563419697442e-12,0.00046392948271862676,0.03335439254370583,0.0005799443207106791
123,008169,I. utca,47.400904,19.003494,4699,4699.0,1.1064897668735387e-11,0.00046392948271862676,0.03381546657020005,0.00040096145186289126
129,008206,Mexikói út M,47.519261,19.091048,1980,1980.0,0.002612765561414312,0.001159823706796567,0.05370395925928631,0.01562162740063937
130,008209,Nagy Lajos király útja / Czobor utca,47.52217,19.102815,1938,1938.0,0.0002999043528613942,0.0006958942240779401,0.050343361776825524,0.001874721847380871
131,008218,Széchenyi István tér,47.499014,19.047022,2695,2695.0,0.0006040733345601555,0.00046392948271862676,0.05823290077993905,0.0032325299925331404
132,008222,Örs vezér tere M+H,47.503684,19.136443,3455,3455.0,0.10810537311696447,0.004407330085826954,0.060193688552069205,0.18927343085082782
133,008238,Széchenyi István tér,47.500543,19.04669,2691,2691.0,0.000608688182677857,0.00046392948271862676,0.05868898609391374,0.0027672814769297708
134,008239,Müpa - Nemzeti Színház H,47.471165,19.073129,2826,2826.0,0.0033937495924927464,0.0009278589654372535,0.06198258440134359,0.04975465883983993
135,008240,Müpa - Nemzeti Színház H,47.471354,19.073301,2826,2826.0,0.0033937495924927464,0.0009278589654372535,0.06198258440134359,0.04975465883983993
136,008241,Szőnyi út,47.526625,19.09622,1956,1956.0,1.0585771284631366e-06,0.0009278589654372535,0.045922228439732475,0.007333652407861708
137,008242,Teleki Blanka utca,47.523865,19.093761,1962,1962.0,3.974258986043157e-06,0.0006958942240779401,0.04687544055463594,0.005729954370706039
139,008245,Kolozsvár utcai piac,47.536842,19.114916,1199,1199.0,6.875040452399847e-14,0.00046392948271862676,0.027851596435847385,5.8413692741460507e-05
140,008246,Rákospalotai köztemető,47.55124,19.13601,1122,1122.0,1.1790962185257204e-06,0.00046392948271862676,0.04335704884489081,0.002665593468017019
141,008260,Nagybányai út,47.528476,18.996294,5219,5219.0,1.2075264076299993e-09,0.00046392948271862676,0.03645617210144983,0.0021057832110694635
143,008262,Hidegkuti Nándor Stadion,47.49069,19.10891,2989,2989.0,0.0011096405040135458,0.00046392948271862676,0.06222876098510432,0.025170717580190908
144,008265,Közvágóhíd H,47.468737,19.073486,2823,2823.0,0.005767997846868012,0.003479471120389701,0.06137359397189043,0.13526302075785515
146,008269,Delej utca,47.484694,19.096209,2804,2804.0,2.8744867727436764e-07,0.00046392948271862676,0.04446652557269135,0.0004461044437705131
147,008270,Delej utca,47.48446,19.096407,2805,2805.0,2.8744867727436764e-07,0.00046392948271862676,0.04446652557269135,0.0004461044437705131
149,008280,Infopark (Pázmány Péter sétány),47.469242,19.064333,4260,4260.0,6.827364722637817e-07,0.00023196474135931338,0.044300793741992445,0.0
150,008283,Óceán-árok utca,47.589986,19.100345,4771,4771.0,1.0345785479836912e-08,0.00046392948271862676,0.036861984965957856,0.0037070267903122284
151,008284,Óceán-árok utca,47.590345,19.101781,4772,4772.0,5.280450151181392e-09,0.00046392948271862676,0.036770114195226744,0.0010403529943552878
152,008286,Népliget M,47.476294,19.099288,2772,2772.0,0.0012280492229360296,0.001855717930874507,0.06513649714973788,0.1933814783083096
153,008287,Népliget M,47.476345,19.098937,2772,2772.0,0.0012280492229360296,0.001855717930874507,0.06513649714973788,0.1933814783083096
154,008289,Szilágyi utca,47.570877,19.11133,1342,1342.0,3.800679623488147e-08,0.00046392948271862676,0.036697870090140354,0.00042899744864879056
157,008341,Templom tér,47.542367,19.130057,1179,1179.0,9.98662382610951e-10,0.00046392948271862676,0.03467865988259593,0.004508493545221159
159,008353,Észak-Pesti Kórház,47.539377,19.122388,1207,1207.0,0.00010932334019538758,0.00046392948271862676,0.04598070184549721,0.0022835052829591365
167,008382,Örs vezér tere M+H,47.502448,19.136843,3455,3455.0,0.10810537311696447,0.004407330085826954,0.060193688552069205,0.18927343085082782
168,008383,Örs vezér tere M+H,47.502623,19.136654,3455,3455.0,0.10810537311696447,0.004407330085826954,0.060193688552069205,0.18927343085082782
170,008399,Pestszentimre vasútállomás,47.404251,19.186538,250,250.0,3.04135086279747e-06,0.00046392948271862676,0.04907917359924655,0.004499601753562556
171,008402,Kert sor,47.591122,19.045358,4866,4866.0,4.1941863674645606e-10,0.00046392948271862676,0.03718371532674379,0.0018175384072021254
172,008403,Kert sor,47.591374,19.045384,4867,4867.0,4.192833682625221e-10,0.00046392948271862676,0.037179340042785475,0.0009329340513357019
173,008404,Csillaghegy H,47.584817,19.042061,5026,5026.0,1.7794983182376471e-09,0.002319647413593134,0.0387097695335769,0.03651268678111946
174,008405,Csillaghegy H,47.584781,19.041862,5026,5026.0,1.7794983182376471e-09,0.002319647413593134,0.0387097695335769,0.03651268678111946
175,008406,Forrásliget lakópark,47.581093,19.037502,5013,5013.0,4.0840045627933756e-10,0.0006958942240779401,0.037209258354514586,0.006510451008814331
176,008407,Forrásliget lakópark,47.581363,19.037795,5014,5014.0,4.083938653439869e-10,0.0006958942240779401,0.037204511996226146,0.008965193828527127
177,008408,Ürömhegyi lejtő,47.577645,19.032198,5005,5005.0,1.958841260312812e-11,0.00046392948271862676,0.034547845901936124,0.0013745578826669458
178,008409,Ürömhegyi lejtő,47.577663,19.032065,5006,5006.0,1.9506957916865196e-11,0.00046392948271862676,0.03452110997836221,0.004672285329737253
179,008410,Aranyhegyi lejtő,47.572593,19.030301,4950,4950.0,4.645735326935361e-12,0.00046392948271862676,0.033359087782930015,0.0010918938664047626
180,008411,Aranyhegyi lejtő,47.572512,19.030128,4951,4951.0,4.27357772135489e-12,0.00046392948271862676,0.03332507721689071,0.0042479674594642055
181,008412,Bécsi út / Vörösvári út,47.548471,19.02918,926,926.0,5.801064281506673e-10,0.00046392948271862676,0.03850965504350388,0.0026072621648284403
182,008426,"Káposztásmegyer, Szilas-patak",47.577405,19.114927,4835,4835.0,1.1774940369296452e-09,0.00046392948271862676,0.03504955292645028,4.708722789217244e-05
183,008440,Gubacsi út / Határ út,47.443626,19.096848,3805,3805.0,0.0012693774277606456,0.00046392948271862676,0.057700312504122345,0.0030546657030011016
184,008455,Jászai Mari tér,47.512811,19.047938,2619,2619.0,1.1582214832262182e-06,0.00023196474135931338,0.04710254460462858,0.0
185,008458,Tisza István tér,47.51723,19.10735,2086,2086.0,1.8174157490177288e-07,0.00046392948271862676,0.04130979273073662,0.00078695978310006
186,008459,Uzsoki Utcai Kórház,47.519822,19.103742,1942,1942.0,5.68461186906906e-08,0.00046392948271862676,0.04152195796602376,0.0008169772476615014
187,008460,Uzsoki Utcai Kórház,47.519642,19.103436,1943,1943.0,0.0011395986388643574,0.00046392948271862676,0.05341194601393725,0.004820108694242816
188,008461,Erzsébet királyné útja / Róna utca,47.521615,19.101317,1941,1941.0,8.985037698335425e-08,0.00046392948271862676,0.04269936188001432,0.0010780743260879865
192,008481,Soroksár felső H,47.40998,19.111405,468,468.0,2.893838335009538e-05,0.0013917884481558802,0.045341233310414245,0.016302524309271166
194,008490,Határ út M,47.464573,19.126164,3020,3020.0,0.001229137404061725,0.003479471120389701,0.06263584101071101,0.15946665874397897
195,008491,Jászberényi út,47.485549,19.192668,820,820.0,1.619903923076357e-06,0.00046392948271862676,0.043127239422909885,0.0027592507477023813
196,008498,Aszódi utca,47.463484,19.100991,3122,3122.0,1.2611762167700707e-05,0.00023196474135931338,0.052610803879331085,0.0
197,008499,Közterületfenntartó Zrt.,47.467861,19.106659,3144,3144.0,1.7209798540668842e-05,0.00046392948271862676,0.05264586703484201,0.0007498149283987163
198,008500,Ecseri út M,47.470487,19.108771,3137,3137.0,0.001207483513296001,0.0027835768963117603,0.06324283009613023,0.028858804933450298
199,008501,Ferencvárosi rendelőintézet,47.476723,19.074856,2849,2849.0,1.7252120638123172e-05,0.00046392948271862676,0.05447788269516367,0.00098889804940963
201,008519,Tímár utca H,47.533299,19.043582,887,887.0,1.3598830228971438e-07,0.00046392948271862676,0.045776417186809026,0.0030187104044328756
203,008521,Serfőző utca,47.538309,19.046968,866,866.0,2.472944680313122e-07,0.00046392948271862676,0.04587611174329572,0.003125075712493446
204,008535,Cinkotai autóbuszgarázs,47.498185,19.237392,715,715.0,1.250717514528466e-06,0.00046392948271862676,0.04140181078796479,0.0012155155302342692
206,008544,Szépvölgyi út H,47.527615,19.040037,1563,1563.0,4.0469869969624696e-07,0.00046392948271862676,0.04614185308714911,0.003092950312836831
207,008545,Puskás Ferenc Stadion M,47.500105,19.107013,2060,2060.0,0.022861884935386417,0.0027835768963117603,0.06493903945302787,0.19600965543522025
208,008546,Boráros tér H,47.479738,19.067812,2876,2876.0,0.005080900745502484,0.002319647413593134,0.06435160020338064,0.1210111918902928
209,008559,Korompai utca,47.48486,19.012485,1686,1686.0,3.6001231991068256e-08,0.00046392948271862676,0.044506715758141996,0.0027308164567229685
210,008560,Korompai utca,47.484789,19.012843,1687,1687.0,1.2738446574832886e-08,0.00046392948271862676,0.04256562378570906,0.0020754298672929898
211,008567,Gazdagréti tér,47.473277,18.99278,4366,4366.0,1.5826108835040866e-09,0.00046392948271862676,0.03643305245967591,0.0007465467087472224
212,008569,Cinkotai autóbuszgarázs,47.498194,19.237086,717,717.0,3.07655918548805e-07,0.00046392948271862676,0.0402430575105169,0.0010955402732290209
213,008575,Távíró utca,47.461082,19.119025,3115,3115.0,1.3943200626789524e-07,0.00046392948271862676,0.045086752625936616,0.00043508189539412747
214,008577,Rákoshegy vasútállomás,47.467934,19.244806,580,580.0,1.7446646324836067e-08,0.0006958942240779401,0.0372388591198526,0.0015868702184262313
215,008587,Gyáli út,47.456472,19.111009,3109,3109.0,1.560686678248547e-07,0.00046392948271862676,0.042436995070772615,0.0006648992970745645
216,008588,Gyáli út,47.456293,19.110359,3110,3110.0,2.2401700286040947e-07,0.00046392948271862676,0.04516623944994451,0.0003882065952515777
217,008589,Gyáli út,47.46601,19.103474,3124,3124.0,6.145994291004722e-05,0.00046392948271862676,0.055755615551553436,0.0017390358985619801
218,008590,Szent Gellért tér - Műegyetem M,47.483337,19.053086,4240,4240.0,0.007120345613621625,0.002551612154952447,0.0652474641310468,0.1409874824642677
219,008591,Szent Gellért tér - Műegyetem M,47.483616,19.053537,4240,4240.0,0.007120345613621625,0.002551612154952447,0.0652474641310468,0.1409874824642677
220,008593,Móricz Zsigmond körtér M,47.476836,19.047188,4329,4329.0,0.0021081607044541165,0.002551612154952447,0.059957631138749676,0.07724270595188074
221,008605,Kolosy tér,47.527543,19.036916,1557,1557.0,7.782640257617802e-06,0.00046392948271862676,0.04860916420629196,0.012832570536415285
228,008692,Felsőcsatári köz,47.458756,19.177096,3180,3180.0,1.9659526839549592e-05,0.00023196474135931338,0.05296429110035608,0.0
229,008694,Köztelek utca,47.486933,19.067178,2378,2378.0,0.004008489129717811,0.00046392948271862676,0.06417949923971955,0.0014673708401215068
230,008697,Újpest-központ M,47.560733,19.090125,1426,1426.0,0.0005638953946126457,0.003711435861749014,0.05063987493266633,0.10618781258854455
231,008702,Ferencvárosi rendelőintézet,47.477155,19.075785,2850,2850.0,3.218393873369715e-06,0.00046392948271862676,0.047843694534875164,0.0008699485102858334
234,008725,Puskás Ferenc Stadion M,47.499864,19.104836,2060,2060.0,0.022861884935386417,0.0027835768963117603,0.06493903945302787,0.19600965543522025
236,008736,Dániel út,47.512863,18.994978,5316,5316.0,1.1755436105422801e-11,0.00023196474135931338,0.03248454135110254,0.0
237,008737,Dániel út,47.512881,18.994739,5317,5317.0,5.63609644216054e-11,0.0006958942240779401,0.03364981039743869,0.003908848082469655
239,008750,Batthyány tér M+H,47.505696,19.039323,1834,1834.0,0.00047109428649187533,0.0016237531895151936,0.056201058838279895,0.016745663713336648
240,008754,Pestszentimre vasútállomás (Dózsa Gy.u.),47.403586,19.185688,244,244.0,2.8422629184340814e-05,0.00046392948271862676,0.05453194453673025,0.010389891674060705
244,008782,Blaha Lujza tér M,47.496844,19.069066,2152,2152.0,0.27823956314962023,0.002319647413593134,0.06905227892156968,0.21328647378677776
245,008785,Puskás Ferenc Stadion M,47.499936,19.105237,2060,2060.0,0.022861884935386417,0.0027835768963117603,0.06493903945302787,0.19600965543522025
246,008788,Kőérberek,47.445299,18.999585,4107,4107.0,4.101835025827292e-14,0.00046392948271862676,0.029231153666813593,0.0008699485102858334
247,008789,Kőérberek,47.445218,19.000036,4108,4108.0,4.3200403876693554e-14,0.00046392948271862676,0.029246485676913042,0.0013045998446751176
249,008793,Regényes utca,47.429436,19.020658,4072,4072.0,1.1070038124108723e-08,0.00046392948271862676,0.038628923709028394,0.0006361877547227372
252,008832,Szakorvosi rendelőintézet,47.443871,19.181125,373,373.0,7.647927517486571e-07,0.00046392948271862676,0.04623299804398614,0.0001252904332599562
253,008841,Íves út,47.592824,19.107979,4768,4768.0,1.1635229739740945e-09,0.00046392948271862676,0.035909957907938314,0.0007685385268146522
254,008842,Íves út,47.592582,19.10665,4770,4770.0,2.2738985609035397e-09,0.00046392948271862676,0.035989033710309724,0.0034321517516288365
255,008844,Egressy út / Vezér utca,47.51926,19.126312,1899,1899.0,1.6619495459922992e-07,0.00046392948271862676,0.04308215697742747,0.0010453235054224967
258,008863,Gőzmozdony utca,47.470028,19.157173,3257,3257.0,1.2563004144158103e-05,0.0006958942240779401,0.051284397375813445,0.0008745727947521472
260,008893,Csepeli átjáró,47.436339,19.092257,3844,3844.0,0.0002735289246015272,0.00046392948271862676,0.05212191234684232,0.0013045998446751176
261,008894,Vízisport utca,47.433997,19.091263,3836,3836.0,5.9809580739178266e-05,0.00046392948271862676,0.049380868873507386,0.0008699485102858334
262,008895,Teremszeg utca,47.432951,19.092221,3839,3839.0,1.3051055397113423e-05,0.00046392948271862676,0.04691255859130198,0.00043508189539412747
263,008896,Pesterzsébet vasútállomás,47.433417,19.096414,3832,3832.0,2.723871913526812e-06,0.00023196474135931338,0.04467820606112449,0.0
264,008898,Szakorvosi rendelő,47.440886,19.10178,3793,3793.0,0.0003197590641736106,0.00046392948271862676,0.05456333389335873,0.00038576987305618036
266,008903,Szentmihályi út,47.541348,19.15194,1145,1145.0,0.00021191744624815588,0.001159823706796567,0.04925897881860617,0.009839051400942702
267,008904,Kétújfalu utca,47.419522,19.209134,660,660.0,1.752607088552045e-08,0.00046392948271862676,0.04279333478830969,0.0016219687942457606
268,008910,"Káposztásmegyer, Mogyoródi-patak",47.598321,19.121429,4765,4765.0,4.2040147975627045e-10,0.00046392948271862676,0.035734985491573355,0.002587234451764248
269,008911,Homoktövis iskola,47.597226,19.117132,4760,4760.0,2.65953822880074e-10,0.0006958942240779401,0.03451419683212321,0.002422892264743791
274,008918,"Budatétény, benzinkút",47.4301,19.003628,4090,4090.0,8.924927411023385e-05,0.0006958942240779401,0.05059122627434576,0.027911678961303855
277,008922,Gyula vezér út,47.409242,19.003434,4739,4739.0,1.0790107767468005e-08,0.0006958942240779401,0.039010459644258935,0.008609418346400898
278,008923,Kabai utca,47.495704,19.160464,3358,3358.0,0.0001918659893914781,0.00046392948271862676,0.04586889703474821,0.005206774231569702
279,008924,Kabai utca,47.495533,19.160424,3359,3359.0,0.00025390729936252245,0.00046392948271862676,0.04584227775729215,0.00025856140914260183
280,008939,Békásmegyer H,47.598408,19.054259,4907,4907.0,1.0410553624976581e-09,0.002551612154952447,0.03686485212471577,0.019817166000517635
284,008943,"Budatétény, benzinkút",47.431018,19.004423,4089,4089.0,2.829535008331801e-08,0.00046392948271862676,0.03869238875027697,0.0035745308307072975
287,008946,Szénás utca,47.527548,19.181565,3627,3627.0,4.40985092853109e-06,0.0006958942240779401,0.042525522482485714,0.00463608123844346
288,008947,Szlovák út,47.530956,19.189157,3605,3605.0,2.363422919236796e-07,0.00046392948271862676,0.039418039479612345,0.0018171048953308318
289,008948,Kucorgó tér,47.469303,19.29515,28,28.0,1.9866171883541053e-11,0.00046392948271862676,0.030811729622241296,0.00012248384185279014
291,008950,Pestszentimre vasútáll. (Nagykőrösi út),47.404303,19.185682,248,248.0,1.9026442593212221e-06,0.001159823706796567,0.049286511751873645,0.0076726685899566605
293,008952,Terv utca,47.408,19.001541,4738,4738.0,2.250850065036075e-09,0.00023196474135931338,0.03745293897136837,0.0
294,008953,Csillag utca,47.409214,19.119,463,463.0,1.465995240623773e-06,0.00046392948271862676,0.04152923446165312,0.0009098417582558913
295,008954,Csillag utca,47.409565,19.119053,464,464.0,1.5060068790179469e-06,0.00046392948271862676,0.04155836596538018,0.0010542316286150763
296,008955,Gombosszeg köz,47.413107,19.118352,461,461.0,3.225351660030247e-07,0.00046392948271862676,0.0399008769674239,0.0005074514643735962
297,008956,Gombosszeg köz,47.413574,19.118578,462,462.0,3.3243164653750345e-07,0.00046392948271862676,0.0399269271371915,0.0006519141593335213
298,008957,Előd utca,47.418567,19.117365,501,501.0,5.712188752608003e-08,0.0009278589654372535,0.039908856470859205,0.0013041053284368574
299,008958,Alsó határút,47.416534,19.116568,459,459.0,8.664376495477052e-08,0.0006958942240779401,0.03844133051739637,0.0003008226512282043
300,008959,Templom utca 6.,47.408876,19.11362,471,471.0,6.701100232471878e-06,0.0006958942240779401,0.043329302870404894,0.001871663185908803
301,008960,Gyáli-patak,47.394698,19.11657,186,186.0,1.1512328043945756e-06,0.00046392948271862676,0.03978156617827127,0.0013033619817861932
304,008963,Grassalkovich út,47.390505,19.118896,180,180.0,2.6573359330424417e-07,0.00046392948271862676,0.03816698175615429,0.0008693564889041737
308,008967,Szentlőrinci úti lakótelep,47.416957,19.131198,477,477.0,1.2771175139568692e-11,0.00046392948271862676,0.03349168494137893,1.0802468067942828e-05
309,008971,Gyula vezér út,47.409629,19.004123,4740,4740.0,3.310752630309085e-12,0.00046392948271862676,0.03178336953639565,0.0006875707459101726
310,009025,Zichy Jenő utca,47.505192,19.057853,2543,2543.0,5.424100166143336e-102,0.00046392948271862676,0.0005765337260969342,1.6146037681622742e-06
311,009026,Zichy Jenő utca,47.505246,19.057588,2544,2544.0,1.2161769906002817e-06,0.00046392948271862676,0.047132991517084645,0.00563927276093477
313,009039,Csanády utca (Lehel tér M),47.51585,19.058891,2423,2423.0,5.772000762892552e-05,0.00046392948271862676,0.05274840204200483,0.0014368193941490227
314,009041,Haller utca / Soroksári út,47.475402,19.069615,2843,2843.0,0.0033174366486567208,0.001159823706796567,0.06330195725372119,0.05804034937996263
315,009042,Haller utca / Soroksári út,47.473909,19.07041,2843,2843.0,0.0033174366486567208,0.001159823706796567,0.06330195725372119,0.05804034937996263
316,009047,Homoktövis utca,47.594692,19.113273,4752,4752.0,2.981446896740815e-10,0.00046392948271862676,0.03514148341087696,0.0005258685006382864
317,009072,AsiaCenter,47.548412,19.146959,1124,1124.0,4.631897352992112e-05,0.00046392948271862676,0.047320636434452695,0.0033217559452405365
319,009137,Újmajori utca,47.471697,19.220067,617,617.0,1.6623045981680174e-09,0.00046392948271862676,0.03647370652567809,0.0005777184971442375
320,009138,Csillagmotor köz,47.471018,19.221893,618,618.0,2.2464543098581527e-10,0.00046392948271862676,0.03421458794065504,0.00020668652867273317
321,009139,Dedics Ferenc utca,47.469097,19.226094,619,619.0,3.198398437431088e-09,0.00046392948271862676,0.03650179671515452,0.0005191483904488525
322,009140,Ősrepülő utca,47.469552,19.227168,620,620.0,8.500729615887185e-10,0.00046392948271862676,0.03463399619634439,0.000383150423929663
324,009146,Vágóhíd utca,47.473628,19.079643,2860,2860.0,3.8082671875567295e-06,0.00046392948271862676,0.05149823618486956,0.0005556998584116928
325,009147,Vörösmarty utca,47.419869,19.120349,504,504.0,3.2176723711820534e-08,0.0006958942240779401,0.038450686389788075,0.0004790714632593507
326,009148,Szusza Ferenc Stadion,47.575797,19.083759,1343,1343.0,2.0141129946636938e-06,0.00046392948271862676,0.04243652011307783,0.0034409300942818397
327,009153,Óbudai rendelőintézet,47.545359,19.033751,941,941.0,6.017956119170259e-14,0.00023196474135931338,0.030906413618814427,0.0
328,009154,Atlétikai stadion,47.572575,19.114429,1338,1338.0,1.8158232485833848e-07,0.00046392948271862676,0.038726770392443835,0.0017390358985619801
329,009155,Atlétikai stadion,47.57218,19.11415,1336,1336.0,1.626519469015512e-07,0.00046392948271862676,0.03858568208315584,0.002173256671946421
331,009161,Keleti pályaudvar M,47.499431,19.084012,2126,2126.0,0.5443597118730281,0.003479471120389701,0.06848974251880188,0.28420948105638244
332,009162,Keleti pályaudvar M,47.499926,19.083216,2126,2126.0,0.5443597118730281,0.003479471120389701,0.06848974251880188,0.28420948105638244
333,009163,Keleti pályaudvar M,47.499926,19.083587,2126,2126.0,0.5443597118730281,0.003479471120389701,0.06848974251880188,0.28420948105638244
335,009174,Széll Kálmán tér M,47.507673,19.024894,1823,1823.0,0.0004366747451700118,0.003479471120389701,0.05399533815020067,0.09933699162021552
336,009179,"Petőfi híd, budai hídfő",47.47678,19.058883,4266,4266.0,0.0012323010024032637,0.0006958942240779401,0.06131900437589377,0.016674632916473527
337,009208,"Pestszentlőrinc, Szarvas csárda tér",47.441357,19.18511,381,381.0,2.4803280327214923e-06,0.00023196474135931338,0.04821664634888211,0.0
338,009220,Móricz Zsigmond körtér M,47.477499,19.048349,4329,4329.0,0.0021081607044541165,0.002551612154952447,0.059957631138749676,0.07724270595188074
339,009225,Noszlopy utca,47.471959,19.148362,3054,3054.0,9.094313093129928e-06,0.0006958942240779401,0.05095222311846097,0.0011738098119551833
340,009230,Deák Ferenc tér M,47.497701,19.053353,2684,2684.0,0.01264404634751953,0.0016237531895151936,0.0661720878810365,0.05576669177809696
341,009234,Pestszentimre vasútállomás (Nemes utca),47.404518,19.187166,251,251.0,0.00012958926605917447,0.0009278589654372535,0.05772051507966801,0.024051205315102672
346,009243,Alsó határút,47.416223,19.116187,460,460.0,7.924691329394908e-08,0.00046392948271862676,0.038423800522734,0.0001568997320009958
347,009289,Gergely utca,47.468734,19.154524,3254,3254.0,1.2774022913092688e-05,0.0006958942240779401,0.0518057198467467,0.001042550045778889
348,009290,Közvágóhíd H,47.466702,19.076032,2823,2823.0,0.005767997846868012,0.003479471120389701,0.06137359397189043,0.13526302075785515
349,009295,Serfőző utca,47.539095,19.045373,860,860.0,2.1478968749163428e-08,0.00046392948271862676,0.04292559390908505,0.010469807024766967
350,009309,Deák Ferenc tér M,47.49744,19.055729,2684,2684.0,0.01264404634751953,0.0016237531895151936,0.0661720878810365,0.05576669177809696
352,009311,"BILK, bekötőút",47.378957,19.129179,158,158.0,1.1988326580926037e-08,0.00046392948271862676,0.03529490110197892,0.00043508189539412747
353,009312,MNB,47.376882,19.124303,160,160.0,2.5026303945423444e-09,0.00023196474135931338,0.03401507702147117,0.0
354,009314,"BILK, DF épület",47.375229,19.120911,162,162.0,5.736528392456454e-10,0.00046392948271862676,0.032831073128265574,0.00043508189539412747
355,009315,MNB,47.376675,19.124382,161,161.0,2.62812190147682e-09,0.00046392948271862676,0.0340211811178411,0.0008699485102858333
356,009318,Örs vezér tere M+H,47.503245,19.135293,3455,3455.0,0.10810537311696447,0.004407330085826954,0.060193688552069205,0.18927343085082782
357,009321,Keleti pályaudvar M,47.499926,19.084198,2126,2126.0,0.5443597118730281,0.003479471120389701,0.06848974251880188,0.28420948105638244
358,009322,Örs vezér tere M+H (Kerepesi út),47.50326,19.137956,3442,3442.0,0.03328388360544677,0.001159823706796567,0.05678944142440714,0.045816785633471656
359,009337,Orbánhegyi dűlő,47.386327,19.110228,182,182.0,2.5425669479498968e-08,0.00023196474135931338,0.03529818685493485,0.0
360,009338,Orbánhegyi dűlő,47.38639,19.11048,183,183.0,2.65842239483779e-08,0.00046392948271862676,0.03529884407893974,0.00043508189539412747
361,009339,Szent István utca H,47.391083,19.114168,189,189.0,1.2179879910413225e-07,0.0009278589654372535,0.036678345414635806,0.0013050304056799608
364,009352,Kőérberek,47.446231,18.998784,4106,4106.0,1.0815741149191657e-07,0.00046392948271862676,0.04012211925106496,0.00014754739192593514
366,009354,Tippan utca,47.447788,19.000374,4104,4104.0,2.9674681170375127e-07,0.00046392948271862676,0.04178967327495692,0.0003920323994068513
368,009356,Régi vám (Kánai út),47.446278,19.004075,4100,4100.0,1.314398102319164e-06,0.00046392948271862676,0.04367517866248219,0.0008120321016021431
369,009358,Millenniumtelep H,47.37962,19.104287,166,166.0,5.549640298530688e-09,0.00023196474135931338,0.03401873921641687,0.0
370,009359,Boráros tér H,47.479684,19.066539,2876,2876.0,0.005080900745502484,0.002319647413593134,0.06435160020338064,0.1210111918902928
371,009365,Zsil utca,47.482716,19.062997,2351,2351.0,4.383581252874544e-05,0.00023196474135931338,0.053368342584252555,0.0
374,009373,Hunyadvár utca,47.508153,19.192136,3561,3561.0,0.0003117825305416175,0.00046392948271862676,0.04621158605220465,0.0032646823303986903
375,009375,Szilas-patak,47.529297,19.185461,3607,3607.0,1.0419989389682983e-06,0.0006958942240779401,0.04098427969068142,0.003196773808972191
377,009377,Jókai Mór utca (Rendőrség),47.510358,19.190456,3558,3558.0,0.000137742153643381,0.00046392948271862676,0.04420215243160867,0.0025305322742125665
378,009379,József utca,47.53208,19.155893,3587,3587.0,2.4242091335117244e-06,0.00046392948271862676,0.042773059535493894,0.00043985135588872886
379,009381,Rózsa utca,47.516008,19.156232,3507,3507.0,0.006629532917017853,0.00046392948271862676,0.053500121847604006,0.010587782244208564
380,009382,Jávorfa utca,47.526052,19.177918,3623,3623.0,5.835031595260825e-07,0.0006958942240779401,0.03942951692005648,0.0011207691373950983
381,009383,János utca,47.523533,19.172315,3577,3577.0,1.2943312767444914e-07,0.00046392948271862676,0.03813703843800559,0.0006868680445680281
382,009392,Csillaghegy H,47.586553,19.045597,5026,5026.0,1.7794983182376471e-09,0.002319647413593134,0.0387097695335769,0.03651268678111946
383,009393,Csillaghegy H,47.58468,19.04456,5026,5026.0,1.7794983182376471e-09,0.002319647413593134,0.0387097695335769,0.03651268678111946
384,009394,Rómaifürdő H,47.575238,19.048588,5045,5045.0,4.400968438795243e-09,0.001159823706796567,0.039920621558047924,0.03739262783656447
387,009415,Sárfű utca,47.55006,19.138067,1118,1118.0,2.3638371685301663e-06,0.00046392948271862676,0.04428734025093022,0.002739050143893048
388,009420,Honvédkórház,47.531561,19.070886,1084,1084.0,2.1700344848909577e-06,0.00046392948271862676,0.045657354184227915,0.0019641024218346984
395,009430,Keserűvíztelep (Bobpálya),47.45388,19.007516,4135,4135.0,2.61569538805005e-05,0.00046392948271862676,0.04800542686599047,0.006038744913686345
396,009431,Régi vám,47.446818,19.006063,4102,4102.0,6.0042896516044005e-06,0.0006958942240779401,0.04575321743874157,0.005713284166714285
397,009445,Tatárka utca,47.434041,19.021173,4020,4020.0,2.899621348045998e-07,0.00046392948271862676,0.042036148953252674,0.0008826002000617886
398,009446,Botond utca,47.403953,18.995789,4708,4708.0,2.5880461314641175e-14,0.00023196474135931338,0.029990908869018416,0.0
399,009447,Mátyás király utca,47.404446,18.991589,4693,4693.0,6.680745407798883e-14,0.00023196474135931338,0.02955584805736617,0.0
400,009448,Görgey utca,47.406802,18.991613,4706,4706.0,3.2024765268304633e-13,0.00046392948271862676,0.030517365835386178,0.00043508189539412747
401,009449,Török utca,47.411614,18.989898,4733,4733.0,6.718445568019842e-12,0.00046392948271862676,0.03263945867694538,0.0013045998446751176
402,009451,Gyűszű utca,47.417266,19.0224,4046,4046.0,6.477408927657425e-11,0.00046392948271862676,0.035351171817069205,0.00023168553812017518
403,009452,Húr utca,47.416159,19.020426,4050,4050.0,1.5759771396808103e-10,0.00046392948271862676,0.03480248040885001,0.00021208179734608207
404,009453,Dévény utca,47.415224,19.022189,4051,4051.0,2.25089352675462e-09,0.00046392948271862676,0.0372890319481466,0.00048321357988519734
405,009454,Wesselényi utca,47.415917,19.026059,4047,4047.0,5.203715255320472e-10,0.00046392948271862676,0.03611827732768831,0.00019012915581147197
406,009455,Ostor utca,47.416544,19.029864,4054,4054.0,2.4366074148498716e-10,0.00046392948271862676,0.036849804515121154,0.0002314604176970704
407,009456,Római utca,47.41793,19.017589,4048,4048.0,6.907077481769956e-10,0.00046392948271862676,0.03590179748118956,0.0005163643831254942
408,009457,Római utca,47.417175,19.018319,4049,4049.0,1.0269948089246996e-08,0.00046392948271862676,0.038593536994721324,0.0008570223827225597
409,009458,Hűség utca,47.421208,19.013469,4060,4060.0,3.1534745652774403e-09,0.00046392948271862676,0.03716767765116298,0.0009021112604040043
410,009459,Hűség utca,47.420529,19.014023,4061,4061.0,4.6981347189349335e-08,0.00046392948271862676,0.040077166396256074,0.0012518687167178161
411,009460,Komáromi út,47.424593,19.010866,4064,4064.0,1.4426300003123483e-08,0.00046392948271862676,0.038576260408824815,0.0013030985547281678
412,009461,Komáromi út,47.423955,19.011131,4065,4065.0,2.1495103416967803e-07,0.00046392948271862676,0.04174366561986295,0.0016585440423771526
413,009462,Tanító utca,47.435306,19.008724,4113,4113.0,1.9626746532465265e-05,0.00046392948271862676,0.04813767993681861,0.015037929143766475
414,009463,Tanító utca,47.435297,19.009784,4114,4114.0,1.294576498834009e-07,0.00046392948271862676,0.04028709927731088,0.0039929500152139155
415,009465,Plébánia utca,47.429726,19.032323,3996,3996.0,4.823671257617957e-09,0.00046392948271862676,0.03970533154179163,0.00018495616230829927
416,009466,Plébánia utca,47.42969,19.032217,3997,3997.0,1.483785664565249e-08,0.00046392948271862676,0.041297644512034146,0.0008570666419500208
417,009467,Galamb utca,47.432765,19.028517,4018,4018.0,1.4243697496063637e-08,0.00046392948271862676,0.038903989612191325,0.0001570716173046457
418,009468,Galamb utca,47.432711,19.028438,4019,4019.0,1.8349560752969926e-08,0.00046392948271862676,0.040072083740220366,0.0006001495891476917
419,009469,Alkotmány utca,47.43343,19.025932,4016,4016.0,6.345790294268559e-08,0.00046392948271862676,0.040358282443676334,0.00047531872604542145
420,009470,Alkotmány utca,47.433385,19.025919,4017,4017.0,7.312726647273944e-08,0.00046392948271862676,0.04052391505016129,0.0006902990722721003
421,009471,Széchenyi utca,47.418185,19.032578,4052,4052.0,6.477423420961836e-10,0.00046392948271862676,0.03795912057087329,0.0005641552950494713
422,009472,Promontor utca,47.418055,19.027015,4055,4055.0,1.529277133212304e-10,0.00046392948271862676,0.03635131857787079,0.0005351256968767848
423,009473,Széchenyi utca,47.418464,19.032657,4053,4053.0,6.684003900608242e-10,0.00046392948271862676,0.03764854868916704,0.0009054521595875054
424,009474,Komló utca,47.421339,19.035137,4012,4012.0,3.051577840402667e-09,0.00046392948271862676,0.03917166655216529,0.0013206540965857714
425,009475,Méhész utca,47.438572,19.034695,4035,4035.0,1.2315984875664062e-09,0.00046392948271862676,0.03891636784579232,0.0007099789712029075
428,009480,Margó Tivadar utca,47.433265,19.177803,390,390.0,4.2453083720930785e-08,0.00046392948271862676,0.043675681751599874,0.0026867594991614426
429,009481,Kerékgyártó utca,47.521341,19.105562,1944,1944.0,2.6718924402550538e-06,0.00046392948271862676,0.0444113174145356,0.002651527849259412
430,009482,Kucorgó tér,47.469059,19.295984,29,29.0,4.856517743913721e-11,0.0006958942240779401,0.03189968733138759,0.005716556154727328
436,009491,Füstifecske utca,47.478911,19.236966,628,628.0,2.080177158603961e-05,0.00046392948271862676,0.044819743204134746,0.0020466727189533624
437,009492,Füstifecske utca,47.478776,19.237124,629,629.0,9.984956440400949e-05,0.0006958942240779401,0.04708441226866584,0.004097936436205159
438,009493,Uszoda,47.479619,19.232961,632,632.0,9.473404936574326e-05,0.00046392948271862676,0.04702426624148467,0.002473573955255468
439,009494,"Újlak utca, lakótelep",47.482307,19.233674,636,636.0,0.00043143602234917535,0.00046392948271862676,0.04947494239911521,0.0029034352984658707
440,009495,Rákospatak utca,47.531435,19.10066,1867,1867.0,4.957924763544311e-07,0.0009278589654372535,0.04437129925904756,0.00447091256245167
442,009499,Csertő utca,47.511591,19.147375,3385,3385.0,0.02894918415467313,0.00046392948271862676,0.05659363914718934,0.0
443,009500,Körvasút sor,47.513666,19.15103,3503,3503.0,0.030097375056507898,0.0006958942240779401,0.05663759799813867,0.01101023435012729
445,009503,Kovácsi Kálmán tér,47.573171,19.12112,4796,4796.0,7.30786238947876e-08,0.0006958942240779401,0.03675763802878628,0.00035496563125377836
446,009504,Kovácsi Kálmán tér,47.573431,19.1212,4797,4797.0,2.233447945938566e-07,0.0006958942240779401,0.03937383187347107,0.003774836312193599
447,009508,Orló utca,47.518254,19.007497,1661,1661.0,1.302367965047983e-07,0.0006958942240779401,0.0409989039551847,0.0025103145183593446
448,009509,Orló utca,47.518119,19.007404,1662,1662.0,1.1791238322174345e-07,0.00046392948271862676,0.04065339275617995,0.000643820197779451
449,009510,Pasaréti út,47.516184,19.004033,1670,1670.0,5.38759768291974e-07,0.00046392948271862676,0.04248549666745167,0.0010767851682330788
450,009511,Pasaréti út,47.516355,19.003967,1671,1671.0,5.579656240611245e-07,0.00046392948271862676,0.04249406728362612,0.0023975499638199814
451,009512,Endrődi Sándor utca,47.521143,19.011996,1664,1664.0,1.0413284459363082e-08,0.00046392948271862676,0.03948248157510247,0.000415326412890666
452,009513,Bimbó út,47.519325,19.008996,1668,1668.0,3.0837329696874145e-08,0.0006958942240779401,0.03929915046934549,0.0015076099626777334
453,009514,Bimbó út,47.519964,19.010576,1666,1666.0,2.6570830259875785e-08,0.00046392948271862676,0.03897276837890216,0.00029474897320081947
454,009515,Rákospalota-Újpest vasútállomás,47.566389,19.111644,1278,1278.0,7.144786410294815e-07,0.00046392948271862676,0.04046423456398223,0.0011418714546783254
455,009516,Rákospalota-Újpest vasútállomás,47.566191,19.111737,1276,1276.0,8.302888734727214e-07,0.00046392948271862676,0.040621163416076266,0.0008002705176584212
456,009520,Csörsz utca,47.49017,19.023466,1736,1736.0,2.9324207222826884e-06,0.00046392948271862676,0.0495810423880455,0.0014740538632555574
457,009521,Csörsz utca,47.490044,19.023665,1737,1737.0,2.1439170295798552e-06,0.00046392948271862676,0.049871241704920376,0.0011746942142113537
458,009522,Sirály utca,47.490555,19.018489,1743,1743.0,1.3906335341343163e-06,0.00046392948271862676,0.04816152621155613,0.0011897251661474517
459,009524,Albertfalva vasútállomás,47.441881,19.032202,4552,4552.0,3.314424742174422e-08,0.00046392948271862676,0.04246503640519427,0.0005995510884327835
461,009534,XIII. utca / Dózsa György út,47.411121,18.993728,4727,4727.0,3.0737709883422184e-11,0.0006958942240779401,0.03381426029664495,0.002403067055189521
462,009536,"Káposztásmegyer, Mogyoródi-patak",47.59869,19.121323,4763,4763.0,1.3435304554957546e-12,0.00023196474135931338,0.030659750103772095,0.0
463,009537,Március 15. tér,47.491531,19.051322,2651,2651.0,0.005565511407422447,0.001159823706796567,0.06566214625653115,0.06314744125841068
464,009538,Irány utca,47.540469,19.109767,1248,1248.0,3.3368014270495684e-05,0.0006958942240779401,0.04627079914068449,0.004532149379531828
465,009539,Boglár utca,47.594701,19.060994,4852,4852.0,1.0880908541642574e-11,0.00046392948271862676,0.032989034302125436,0.000535517717676594
466,009540,Szilágyi Erzsébet fasor,47.515203,19.002149,1674,1674.0,2.544929591727533e-06,0.0006958942240779401,0.04448739452755358,0.004090060737376432
467,009541,Ady Endre út,47.436278,19.035478,4025,4025.0,5.2247865735212855e-09,0.00046392948271862676,0.04043144205143304,0.0011002944821212478
468,009543,513. utca,47.484291,19.230112,626,626.0,0.036606053968421,0.001159823706796567,0.057890600112728695,0.09347312007446337
471,009546,Memento Park,47.425665,19.001313,4070,4070.0,1.9506507382190694e-05,0.00046392948271862676,0.04811446780766945,0.012151978684853751
472,009548,Tatárka utca,47.433933,19.02108,4021,4021.0,3.3220922560445815e-07,0.0006958942240779401,0.042145484244974676,0.0012154599563546054
473,009549,Madárdomb köz,47.478138,19.241221,563,563.0,4.5677245515991175e-06,0.00046392948271862676,0.04282184917932567,0.0016218166474242632
474,009550,Madárdomb köz,47.478014,19.241141,564,564.0,2.1925081177638607e-05,0.00046392948271862676,0.044887128548062545,0.003243552706244405
475,009551,Margó Tivadar utca,47.433123,19.176437,391,391.0,2.0045554261955104e-07,0.00046392948271862676,0.045575035285150625,0.0036632967040309563
476,009554,"Óbuda, Bogdáni út",47.550028,19.041176,899,899.0,1.644916897065111e-08,0.00046392948271862676,0.04266764908100367,0.003068249014997203
477,009555,Szilágyi utca,47.570571,19.112699,1340,1340.0,1.823005170191724e-07,0.00046392948271862676,0.03919434190183369,0.0008077211434877736
478,009557,Vécsey Károly utca,47.571892,19.096021,1358,1358.0,8.989170587213316e-08,0.00046392948271862676,0.03894674783609872,0.0003167629810643483
479,009558,Szent János Kórház,47.509962,19.009919,1648,1648.0,2.9834308318452904e-05,0.00046392948271862676,0.048644086822884666,0.005206774231569702
480,009563,Mészkő utca,47.579237,19.034843,5009,5009.0,8.926871744322042e-11,0.00046392948271862676,0.03582818164759557,0.001796722947915775
481,009564,Mészkő utca,47.579129,19.034311,5010,5010.0,8.925035298415112e-11,0.00046392948271862676,0.03581227696157195,0.005098540724532106
482,009566,"Soroksár, Auchan áruház",47.417204,19.158231,520,520.0,8.864915320298416e-12,0.00023196474135931338,0.033784432425830575,0.0
483,009568,Sósmocsár út,47.414781,19.134154,483,483.0,2.0618927953649358e-11,0.0006958942240779401,0.03432547514605377,0.0009781749356078248
484,009569,Thököly út,47.441995,19.18098,368,368.0,3.5585817973266716e-07,0.00046392948271862676,0.045859465839179867,0.00024085094442260989
485,009570,Újbuda-központ M,47.474163,19.04705,4286,4286.0,0.0014379913335463756,0.002319647413593134,0.05797734882159347,0.04517890509008067
486,009572,Bagaria utca,47.590242,19.08313,5058,5058.0,1.3480476314056006e-09,0.0006958942240779401,0.036417305873040824,0.0035792450636522298
487,009573,Bagaria utca,47.590307,19.083674,5059,5059.0,6.54521948147971e-09,0.0006958942240779401,0.037902961289769596,0.012279533909756935
488,009574,Ungvári utca,47.587511,19.082244,5060,5060.0,2.8201502596317763e-08,0.00046392948271862676,0.038828692338874066,0.012059044500718595
489,009575,Ungvári utca,47.587265,19.082038,5061,5061.0,5.792374715145727e-09,0.00046392948271862676,0.037268873337232805,0.003450519064229987
490,009576,Rév utca,47.58481,19.081824,5065,5065.0,2.642389993371579e-08,0.00046392948271862676,0.03821159990711685,0.003727288571334697
491,009577,Savoya Park,47.436585,19.03968,4038,4038.0,9.250583681153652e-08,0.00023196474135931338,0.04372352812628595,0.0
492,009578,Savoya Park,47.436656,19.039269,4039,4039.0,9.250583681153652e-08,0.00023196474135931338,0.04372352812628595,0.0
493,009581,Gábor Áron utca,47.514978,19.002123,1675,1675.0,2.4651716014101934e-06,0.0006958942240779401,0.044490526560398376,0.014020011016410754
494,009582,János tér,47.442019,19.102563,3790,3790.0,0.0013662011185718596,0.0006958942240779401,0.057757443266868616,0.014042123873894445
495,009584,Békásmegyer H,47.597444,19.055543,4907,4907.0,1.0410553624976581e-09,0.002551612154952447,0.03686485212471577,0.019817166000517635
498,009587,Gogol utca,47.520447,19.05698,2389,2389.0,0.00011189534286652843,0.00046392948271862676,0.05328209768673437,0.002141896890496322
500,009592,Kőbánya-Kispest P+R,47.46421,19.145941,3188,3188.0,0.00027613412674199064,0.00046392948271862676,0.05902152229979439,0.02621324524448395
502,009631,Gergely utca 80.,47.474086,19.144346,3068,3068.0,2.250995420937436e-06,0.00046392948271862676,0.048408092172346595,0.0005651061130874311
509,009652,Széchenyi út,47.545721,19.112403,1257,1257.0,3.069158835703662e-07,0.00046392948271862676,0.04188291876265758,0.001552830721929974
510,009659,Mélyfúró utca,47.57759,19.129699,4806,4806.0,1.8598351103955573e-09,0.00023196474135931338,0.03395050801009466,0.0
511,009667,Újbuda-központ M,47.474064,19.048204,4286,4286.0,0.0014379913335463756,0.002319647413593134,0.05797734882159347,0.04517890509008067
512,009675,Clark Ádám tér,47.497665,19.041541,2715,2715.0,0.00010036635601733652,0.00046392948271862676,0.05729747843722541,0.006725705621585055
513,009676,Clark Ádám tér,47.497359,19.041594,2716,2716.0,0.00010036635601733652,0.00046392948271862676,0.05729747843722541,0.006725705621585055
514,009684,"Városközpont, Posta",47.478941,19.256176,592,592.0,2.625137686705546e-05,0.0006958942240779401,0.04535262230973867,0.00566077171366278
515,009685,Akácvirág utca,47.477351,19.255241,594,594.0,5.76446152413165e-06,0.00046392948271862676,0.04329862550626232,0.004020390999423493
516,009691,Flórián tér,47.539901,19.042054,869,869.0,9.828723129050083e-08,0.00046392948271862676,0.04494246133658174,0.010896492980566651
517,009692,Szentlélek tér H,47.539892,19.046769,862,862.0,1.049630604609771e-06,0.002551612154952447,0.048157856016249535,0.06681868436260571
518,009693,Kolosy tér,47.527678,19.036823,1554,1554.0,1.8043603540066545e-06,0.0006958942240779401,0.04681235892173032,0.010418129482359793
523,009704,Jászivány utca,47.495409,19.275378,125,125.0,1.7128944158418655e-09,0.0006958942240779401,0.03421119213562443,0.0008760147396066005
524,009705,Diadal utca (Tura utca),47.49439,19.272268,127,127.0,6.481261043398299e-09,0.0006958942240779401,0.03549778714010702,0.003059180804562684
525,009706,XVII. utca,47.491598,19.259995,91,91.0,4.243144347220895e-07,0.0009278589654372535,0.03993702020816498,0.00612550354729865
529,009715,Zodony utca,47.430372,19.099913,3925,3925.0,5.440041388797563e-07,0.00023196474135931338,0.04275907116530467,0.0
530,009716,Pesterzsébet vasútállomás,47.433495,19.09594,3833,3833.0,2.6064640327466777e-06,0.00046392948271862676,0.04480120798723183,0.00043508189539412747
531,009717,Zamárdi utca,47.434221,19.093288,3838,3838.0,1.1944469061109777e-05,0.00046392948271862676,0.04704702189499574,0.0008699485102858334
532,009718,Vízisport utca,47.434524,19.091361,3837,3837.0,5.462476140927256e-05,0.00046392948271862676,0.04952858252999009,0.0013045998446751176
533,009719,Csepeli átjáró,47.436365,19.093238,3845,3845.0,0.0002497919461004105,0.00046392948271862676,0.052285065094435826,0.0017390358985619801
537,009730,Széll Kálmán tér M,47.506881,19.023541,1823,1823.0,0.0004366747451700118,0.003479471120389701,0.05399533815020067,0.09933699162021552
538,009743,Sirály utca,47.490376,19.019617,1744,1744.0,2.064442768837218e-06,0.00046392948271862676,0.047930179445610954,0.0009581166145926696
544,011313,Szent László utca,47.405823,18.999264,4704,4704.0,2.7891569771001256e-11,0.00023196474135931338,0.03398367558086088,0.0
548,011320,Búza utca,47.553437,19.040325,919,919.0,3.5947677871165827e-09,0.00046392948271862676,0.04081970368167461,0.0026352122843760796
549,011321,Búza utca,47.55189,19.039647,916,916.0,3.3314056607996312e-09,0.00046392948271862676,0.04040645192335079,0.0024327155526144137
550,011322,"Óbuda, Bogdáni út",47.54983,19.041189,900,900.0,1.5243917614088558e-08,0.00046392948271862676,0.04220835154046878,0.002863868578839346
552,011715,509. utca,47.484963,19.225442,836,836.0,3.669803702079819e-05,0.0006958942240779401,0.04709961908976549,0.0001001968012794717
554,011723,"Rákoskeresztúr, városközpont",47.479536,19.255542,598,598.0,2.5829913258334837e-05,0.0006958942240779401,0.04526167019509372,0.023953323902699088
556,011725,"Rákoskeresztúr, városközpont",47.479815,19.255331,599,599.0,8.36640329461626e-06,0.0009278589654372535,0.04401180062429213,0.01045941096730489
557,011726,"Rákoskeresztúr, városközpont",47.479942,19.254761,597,597.0,7.961930982866413e-06,0.0006958942240779401,0.04400822483789539,0.006158395718527116
558,011762,Újpest-városkapu M,47.559059,19.078791,1405,1405.0,0.0001536072308914194,0.001159823706796567,0.048340204694001444,0.03223016609006718
561,011773,Keresztúri út,47.484645,19.22775,624,624.0,3.3600215155460183e-05,0.00046392948271862676,0.047096693938284286,0.0
562,016532,Pillangó utca M,47.501627,19.120154,2043,2043.0,0.028744330879316167,0.0006958942240779401,0.062215486931993164,0.15515336913440028
563,016725,Rózsaliget,47.466582,19.158453,3251,3251.0,3.876780487091214e-06,0.00046392948271862676,0.0500252079369799,0.0002012815144268871
564,016727,Újbuda-központ M,47.474649,19.046771,4286,4286.0,0.0014379913335463756,0.002319647413593134,0.05797734882159347,0.04517890509008067
567,019313,Rákoskert vasútállomás,47.457296,19.295147,55,55.0,7.61890966938202e-13,0.00023196474135931338,0.028965200724067955,0.0
568,019314,Rákoskert sugárút,47.459518,19.299202,50,50.0,3.3084200565341e-12,0.00023196474135931338,0.02988500993563264,0.0
569,019316,Rákoscsaba vasútállomás,47.491014,19.28287,148,148.0,3.572617226516407e-10,0.00023196474135931338,0.032821978805624825,0.0
570,022005,Tölgy utca,47.41637,19.205427,662,662.0,2.751476048873146e-09,0.00046392948271862676,0.0394225476770991,0.0016787986414318389
573,036678,Széll Kálmán tér M,47.50671,19.02524,1823,1823.0,0.0004366747451700118,0.003479471120389701,0.05399533815020067,0.09933699162021552
577,038671,Kőbánya-Kispest M,47.462344,19.148344,3197,3197.0,0.000565084651243085,0.002551612154952447,0.06033448914110164,0.08792750024518516
578,038673,Kőbánya-Kispest M,47.462694,19.149021,3197,3197.0,0.000565084651243085,0.002551612154952447,0.06033448914110164,0.08792750024518516
579,038674,Kőbánya-Kispest M,47.462974,19.147562,3197,3197.0,0.000565084651243085,0.002551612154952447,0.06033448914110164,0.08792750024518516
580,038675,Kőbánya-Kispest M,47.463191,19.146979,3197,3197.0,0.000565084651243085,0.002551612154952447,0.06033448914110164,0.08792750024518516
581,038678,Kőbánya-Kispest M,47.463037,19.147748,3197,3197.0,0.000565084651243085,0.002551612154952447,0.06033448914110164,0.08792750024518516
582,038680,Kőbánya-Kispest M,47.462929,19.148252,3197,3197.0,0.000565084651243085,0.002551612154952447,0.06033448914110164,0.08792750024518516
584,038682,Kőbánya-Kispest M,47.462912,19.149201,3197,3197.0,0.000565084651243085,0.002551612154952447,0.06033448914110164,0.08792750024518516
585,038683,Kőbánya-Kispest M,47.462976,19.148644,3197,3197.0,0.000565084651243085,0.002551612154952447,0.06033448914110164,0.08792750024518516
586,038686,Kőbánya-Kispest M,47.46346,19.147245,3197,3197.0,0.000565084651243085,0.002551612154952447,0.06033448914110164,0.08792750024518516
587,038687,Kőbánya-Kispest M,47.463307,19.147921,3197,3197.0,0.000565084651243085,0.002551612154952447,0.06033448914110164,0.08792750024518516
590,038692,Kőbánya-Kispest M,47.462517,19.148683,3197,3197.0,0.000565084651243085,0.002551612154952447,0.06033448914110164,0.08792750024518516
591,038717,Deák Ferenc tér M,47.499032,19.05403,2684,2684.0,0.01264404634751953,0.0016237531895151936,0.0661720878810365,0.05576669177809696
593,040525,Hentes utca,47.462276,19.08457,2734,2734.0,1.471961665472483e-05,0.00046392948271862676,0.05047269991325415,0.0017672740077928654
594,040526,Hentes utca,47.4626,19.084411,2735,2735.0,1.5256588839204065e-05,0.00046392948271862676,0.050458594639404226,0.0015848319378641248
596,040608,Zsivora park,47.509134,19.148798,3469,3469.0,0.00025127484882181135,0.00046392948271862676,0.04815418638028183,0.003182805017099993
597,040609,Szent Imre tér H,47.43178,19.067901,3702,3702.0,1.5634649951064105e-06,0.0020876826722338203,0.04409164062542464,0.03568600568675943
598,040612,Bányató utca,47.466331,19.165078,3247,3247.0,0.0001606137674197644,0.00046392948271862676,0.057870278320869835,0.03771415040581741
599,040761,Határ út M,47.465789,19.128011,3020,3020.0,0.001229137404061725,0.003479471120389701,0.06263584101071101,0.15946665874397897
600,040762,Határ út M,47.465339,19.127838,3020,3020.0,0.001229137404061725,0.003479471120389701,0.06263584101071101,0.15946665874397897
601,040763,Határ út M,47.465069,19.128275,3020,3020.0,0.001229137404061725,0.003479471120389701,0.06263584101071101,0.15946665874397897
603,041071,Nagyvárad tér M,47.479255,19.088352,2784,2784.0,0.0016513609261562744,0.001855717930874507,0.06593733715190928,0.13708541798289317
604,041092,Csepeli Kórház,47.424622,19.058674,3684,3684.0,2.0359061894203183e-08,0.00046392948271862676,0.03874259855707066,3.2292075363245485e-07
605,041093,Duna utca,47.428215,19.059125,3687,3687.0,7.566175550265437e-08,0.00046392948271862676,0.04030722805157269,0.0004089051141249086
606,041094,Színesfém utca,47.430535,19.0646,3704,3704.0,3.4212700259049873e-07,0.00046392948271862676,0.04211458854166731,0.0008434488082629818
607,041095,Szent Imre tér H,47.432046,19.067318,3702,3702.0,1.5634649951064105e-06,0.0020876826722338203,0.04409164062542464,0.03568600568675943
611,041209,Boráros tér H,47.479333,19.066923,2876,2876.0,0.005080900745502484,0.002319647413593134,0.06435160020338064,0.1210111918902928
613,042933,Népliget M,47.475823,19.100289,2772,2772.0,0.0012280492229360296,0.001855717930874507,0.06513649714973788,0.1933814783083096
614,042934,"Soroksár, BILK",47.378287,19.121299,163,163.0,1.1975986654595605e-10,0.00023196474135931338,0.031720883408488026,0.0
617,043192,Kisvárda utca,47.471587,19.282412,95,95.0,4.271925145852371e-09,0.00046392948271862676,0.03567245237680887,0.002173256671946421
618,043193,Kisvárda utca,47.471324,19.283632,96,96.0,1.3190059598209657e-08,0.00046392948271862676,0.03662626310658879,0.009033288435747792
621,043341,György utca,47.53094,19.171561,3631,3631.0,2.5962597845995992e-05,0.0006958942240779401,0.044998998772663404,0.006892373836764021
622,043342,Régi Fóti út,47.559188,19.122464,1321,1321.0,2.975682868426443e-06,0.0006958942240779401,0.044424325849531834,0.009567210612497134
623,043343,Csörsz utca,47.49062,19.02465,1738,1738.0,5.572594274964135e-06,0.00046392948271862676,0.05062500014130594,0.011021537387613535
625,043548,Csaba vezér tér,47.487256,19.286582,155,155.0,5.223921030646523e-10,0.00046392948271862676,0.03335732691332117,0.0015267908512244888
626,043554,Enying utca,47.475377,19.297911,20,20.0,2.513449032805938e-11,0.00046392948271862676,0.031143003167009374,0.00043508189539412747
627,043555,Sport tér,47.477046,19.295809,24,24.0,1.1470628952078484e-10,0.00046392948271862676,0.03221188204556445,0.0008699485102858334
628,043556,Rés utca,47.480202,19.29187,16,16.0,5.223870959511818e-10,0.00046392948271862676,0.03335615310352058,0.0013045998446751176
629,043571,Dukát utca,47.408304,18.991015,4707,4707.0,1.468337691489298e-12,0.00046392948271862676,0.03154302310686149,0.0008699485102858334
633,044076,Déli utca,47.423173,19.061198,3685,3685.0,2.1873180450572203e-08,0.00046392948271862676,0.03884460394405744,2.6284421520429714e-05
637,044127,Száva kocsiszín,47.46642,19.123095,3029,3029.0,2.9100024043944205e-08,0.00023196474135931338,0.04301910204998231,0.0
649,044388,"Soroksár, Auchan áruház",47.419788,19.155599,517,517.0,4.5005734599949e-12,0.00046392948271862676,0.033114361631966176,0.00043508189539412747
650,044557,"Újpest, Árpád út hajóállomás",47.562796,19.078314,1410,1410.0,4.527464526706463e-05,0.0009278589654372535,0.04613006430541263,0.013562262055970714
651,044637,Görögkatolikus templom,47.423117,19.078036,3734,3734.0,9.188096241637547e-09,0.00046392948271862676,0.03713200704693223,0.0015165973194348242
652,044638,Görögkatolikus templom,47.424034,19.077997,3735,3735.0,5.334427467904143e-09,0.00046392948271862676,0.03719502291135365,0.0015177275420725379
653,045755,Maros utca,47.418292,19.138131,488,488.0,3.2923971415307295e-10,0.00046392948271862676,0.037000835672928924,0.0028029381364377062
654,047671,Új köztemető,47.472614,19.177828,3313,3313.0,6.202334436571467e-05,0.0009278589654372535,0.0537786062773334,0.013294224509471422
658,048505,Szent István Bazilika,47.500687,19.054694,2560,2560.0,0.004076109748336082,0.00046392948271862676,0.06259344683675698,0.0
659,048506,Szent István Bazilika,47.500273,19.055025,2561,2561.0,0.004076109748336082,0.00046392948271862676,0.06259344683675698,0.0
662,049170,Szent István utca H,47.391218,19.114446,189,189.0,1.2179879910413225e-07,0.0009278589654372535,0.036678345414635806,0.0013050304056799608
663,049171,Zsellér dűlő,47.391331,19.118615,181,181.0,2.6573359330424417e-07,0.00046392948271862676,0.03816698175615429,0.0008693564889041737
664,049172,Gyáli-patak,47.394752,19.116782,187,187.0,1.1512328043945756e-06,0.00046392948271862676,0.03978156617827127,0.001303361981786193
665,049174,"Soroksár, Kertvárosi körút",47.413026,19.136152,474,474.0,4.2467300365081335e-11,0.0006958942240779401,0.0350466372328369,0.0009190275317002651
666,049177,Kárpát utca,47.527408,19.059105,2413,2413.0,7.805746804632548e-05,0.00023196474135931338,0.049768469739629215,0.0
667,049178,Révész utca,47.52685,19.061482,2414,2414.0,0.00030267344396527,0.00023196474135931338,0.05083677194587908,0.0
668,049180,Dagály fürdő,47.5391,19.061698,1052,1052.0,9.013596669793757e-07,0.00046392948271862676,0.044133210368314725,0.001068014269023549
669,049182,Úszódaru utca,47.546042,19.069019,974,974.0,4.077302431734502e-08,0.00046392948271862676,0.039114689288748276,0.00043508189539412747
670,049183,Úszódaru utca,47.545898,19.068806,975,975.0,2.0082917922410905e-07,0.00046392948271862676,0.04215954273687279,0.0006350492985699039
677,049892,Május 9. park,47.550437,19.050992,907,907.0,5.022380683988265e-09,0.00046392948271862676,0.04133456122339658,0.0008699485102858334
678,049893,Sporttelep,47.547649,19.05442,894,894.0,1.095198845279785e-09,0.00046392948271862676,0.03959090576044305,0.00043508189539412747
679,049894,Óbudai-sziget hajóállomás,47.550284,19.056679,892,892.0,2.284332400849654e-10,0.00023196474135931338,0.037987643248709,0.0
680,049895,Óbudai-sziget,47.554453,19.057889,896,896.0,6.199007003139026e-11,0.00023196474135931338,0.03609627138965368,0.0
681,049896,Óbudai-sziget hajóállomás,47.550545,19.056732,893,893.0,2.9720334075959355e-10,0.00046392948271862676,0.03754082272040268,0.00043508189539412747
682,049897,Sporttelep,47.547739,19.054938,895,895.0,1.3629127046355384e-09,0.00046392948271862676,0.039105007534817,0.0008699485102858334
683,049898,Május 9. park,47.550311,19.051192,908,908.0,6.237104169457195e-09,0.00046392948271862676,0.040804328697775484,0.0013045998446751176
684,049900,Kaszásdűlő H,47.555582,19.044907,909,909.0,2.8540070002191392e-08,0.0016237531895151936,0.042657088613446185,0.046323456279017856
685,049903,Mansfeld Péter park,47.517075,19.033226,1517,1517.0,0.00016210636791471044,0.00046392948271862676,0.05249353650902509,0.0008699485102858334
694,050184,Lőrinci piac,47.44313,19.184332,378,378.0,3.3368043473813132e-06,0.00046392948271862676,0.048573669428431866,0.0005491405810128594
695,050279,Lomnici utca,47.436482,19.019517,4022,4022.0,1.9285465527573218e-07,0.00046392948271862676,0.04036859480424367,4.224520023686996e-05
696,056123,Borsmenta utca,47.572507,19.010551,4921,4921.0,1.637389765187734e-14,0.00023196474135931338,0.030549576083337162,0.0
697,056124,Citronella utca,47.571696,19.006817,4922,4922.0,1.637389765187734e-14,0.00023196474135931338,0.030549576083337162,0.0
698,056161,Csillaghegy H [1],47.584475,19.044175,5023,5023.0,3.7116279141964863e-10,0.00023196474135931338,0.03717569475928144,0.0
699,056162,Mészkő utca [2],47.579492,19.034353,5007,5007.0,8.924987112319223e-11,0.00046392948271862676,0.03578996654380124,0.003041052377208038
700,056163,Mészkő utca [2],47.579402,19.034313,5008,5008.0,8.926310601297211e-11,0.00046392948271862676,0.03579571050822177,0.003907986960459969
701,056165,Öregbükk utca [3],47.58102,19.030165,5011,5011.0,1.9504647685389824e-11,0.00046392948271862676,0.034478418466367726,0.0026072621648284403
702,056166,Öregbükk utca [3],47.580966,19.030085,5012,5012.0,1.9561509932991754e-11,0.00046392948271862676,0.034485003643290116,0.003474627309085214
703,056168,Cserszömörce utca [4],47.582575,19.026017,4931,4931.0,4.262983422008472e-12,0.00046392948271862676,0.03325901403094094,0.002173256671946421
704,056169,Cserszömörce utca [4],47.582485,19.025937,4932,4932.0,4.5223682834840366e-12,0.0006958942240779401,0.03326630901818222,0.003041321477836065
705,056170,Muzsla utca [7],47.581136,19.024197,4929,4929.0,4.661839921625228e-14,0.00046392948271862676,0.030065342750078435,0.00043508189539412747
706,056172,Óarany utca [8],47.579364,19.02344,4923,4923.0,9.723531778646058e-15,0.00023196474135931338,0.029131662278983613,0.0
707,056173,Mácsonya utca [5],47.583942,19.023265,4937,4937.0,9.337512687360513e-13,0.00046392948271862676,0.032122372757784706,0.0017390358985619801
708,056174,Mácsonya utca [5],47.583879,19.023212,4938,4938.0,1.0355130307560349e-12,0.00046392948271862676,0.03212754417156043,0.0002172718470690367
712,056187,Muzsla utca [7],47.581109,19.02429,4930,4930.0,1.0849679650542905e-12,0.0006958942240779401,0.03212972210712045,0.001956307745631017
713,056188,Óarany utca [8],47.579337,19.023533,4924,4924.0,2.3710621144214184e-13,0.00046392948271862676,0.03106721701953667,0.0013045998446751176
714,056189,Ipacsfa utca,47.429484,19.168656,546,546.0,5.639477516226646e-08,0.00046392948271862676,0.043458922777670196,0.0001196773049693734
736,061136,Rákosszeg park,47.534267,19.103451,1879,1879.0,0.00014462040242860412,0.00046392948271862676,0.0486153967097482,0.004910943088833305
737,061188,Kelenföld vasútállomás M,47.464005,19.018706,4496,4496.0,0.0003887226007912897,0.003479471120389701,0.05324169618601706,0.06917907633596887
738,061222,Kelenföld vasútállomás M,47.464364,19.018786,4496,4496.0,0.0003887226007912897,0.003479471120389701,0.05324169618601706,0.06917907633596887
739,061223,Neszmélyi út,47.460801,19.013867,4499,4499.0,4.441799787525123e-05,0.00046392948271862676,0.049550589192292195,0.00019149551052142268
740,061224,Péterhegyi út / Neszmélyi út,47.45859,19.018802,4522,4522.0,3.33313910091751e-05,0.0006958942240779401,0.047884781273548505,0.00010236331364763908
741,061225,Hajtány sor,47.455342,19.024398,4518,4518.0,2.697199904582232e-07,0.00046392948271862676,0.042481212655687536,8.897122968592414e-05
742,061226,Péterhegyi út (Menyecske utca),47.461432,19.018933,4505,4505.0,9.294177137746961e-05,0.0006958942240779401,0.050398232655227575,0.0029626640389649617
743,061227,Péterhegyi út (Menyecske utca),47.461046,19.018907,4506,4506.0,9.422467677531168e-05,0.0006958942240779401,0.05040694268333831,0.0022662876865311775
744,061231,Pajkos utca,47.456866,19.030526,4507,4507.0,3.3449406471794857e-07,0.00046392948271862676,0.04206506285454959,0.00015804603357353337
745,061232,Pajkos utca,47.457144,19.029107,4508,4508.0,2.2728477586848222e-06,0.00046392948271862676,0.045083000042606666,0.0004901884454375367
746,061233,Antalháza,47.436488,19.007202,4111,4111.0,1.3124803473456448e-06,0.00046392948271862676,0.043698332763814164,0.004149189786066989
747,061234,Antalháza,47.436388,19.006937,4112,4112.0,1.8573527618430527e-05,0.00046392948271862676,0.04789022451288796,0.005385100441334842
748,061236,Bíbic utca,47.412085,19.005088,4661,4661.0,1.4879372037989866e-11,0.0006958942240779401,0.03278225031197274,0.0017058951342013085
749,061237,Bíbic utca,47.411959,19.005128,4662,4662.0,4.699095619840762e-08,0.0006958942240779401,0.040474601148413655,0.010591407691051888
750,061238,Nyéki Imre Uszoda,47.450954,19.036666,4580,4580.0,3.1565327771766844e-07,0.00046392948271862676,0.042242679125028035,0.0005491285700973147
751,061271,Igmándi utca,47.457248,19.019994,4524,4524.0,2.9653704543422723e-05,0.0006958942240779401,0.047878734680885826,0.0027258136235314722
752,061272,Bolygó utca,47.451139,19.016244,4143,4143.0,1.4933302345393929e-06,0.00046392948271862676,0.04360435893536262,0.0007001639947192167
753,061273,Bolygó utca,47.450752,19.016218,4145,4145.0,1.2568186626005304e-06,0.00046392948271862676,0.043546267865483636,0.001067092420480386
754,061274,Kelenföld vasútállomás M,47.464094,19.018481,4496,4496.0,0.0003887226007912897,0.003479471120389701,0.05324169618601706,0.06917907633596887
755,061275,Kelenföld vasútállomás M,47.464337,19.018507,4496,4496.0,0.0003887226007912897,0.003479471120389701,0.05324169618601706,0.06917907633596887
756,061277,Kelenföld vasútállomás M,47.464634,19.018494,4496,4496.0,0.0003887226007912897,0.003479471120389701,0.05324169618601706,0.06917907633596887
757,061278,Kelenföld vasútállomás M,47.464751,19.017791,4496,4496.0,0.0003887226007912897,0.003479471120389701,0.05324169618601706,0.06917907633596887
758,061280,Kelenföld vasútállomás M,47.464436,19.018308,4496,4496.0,0.0003887226007912897,0.003479471120389701,0.05324169618601706,0.06917907633596887
759,061286,Szabina út,47.437241,19.013747,4117,4117.0,3.05117207587168e-07,0.0006958942240779401,0.042022172620895394,0.0031311295829597953
761,061350,Keleti pályaudvar M,47.499809,19.083229,2126,2126.0,0.5443597118730281,0.003479471120389701,0.06848974251880188,0.28420948105638244
762,061351,Keleti pályaudvar M,47.499809,19.083839,2126,2126.0,0.5443597118730281,0.003479471120389701,0.06848974251880188,0.28420948105638244
765,061368,Munkás utca,47.499918,19.079088,2101,2101.0,0.12297921254337597,0.00046392948271862676,0.06386815293990587,0.0013698253149590763
766,062511,Than Károly utca,47.460867,19.025127,4510,4510.0,8.498531986394291e-05,0.00046392948271862676,0.05040895311738402,0.0020457443864347496
767,062512,Borszéki utca,47.45842,19.023497,4512,4512.0,1.8692266481125137e-05,0.00046392948271862676,0.04789687904176688,0.0016221244893199836
768,062513,Jégmadár utca,47.430794,19.005802,4086,4086.0,2.875533886689562e-07,0.00046392948271862676,0.04184871126642744,0.0037364685699170356
769,062514,Jégmadár utca,47.430722,19.005656,4087,4087.0,4.0795530642269e-06,0.00046392948271862676,0.045637570539748575,0.0049651550718377915
772,062517,Rózsák tere,47.501817,19.075598,2106,2106.0,0.04526707258601292,0.0009278589654372535,0.062046483972891364,0.0022359219043229252
773,062518,Március 15. tér,47.491881,19.051747,2652,2652.0,0.005565846633880573,0.001159823706796567,0.06557357168572006,0.043374285681131414
774,062519,Gazdagréti út,47.462741,19.005126,4377,4377.0,1.3125215443456802e-05,0.0006958942240779401,0.04740523899259091,0.006801265989251172
775,062521,Corvin-negyed M,47.486357,19.06885,2362,2362.0,0.012725187196780553,0.0013917884481558802,0.0685120184229874,0.15029728793273503
778,062607,Infopark (Pázmány Péter sétány),47.469872,19.062941,4261,4261.0,1.2253911734160293e-05,0.00023196474135931338,0.051269834839880894,0.0
779,062608,Magyar tudósok körútja,47.471473,19.063671,4272,4272.0,5.8740191702522193e-05,0.00046392948271862676,0.054233985604728606,0.00043508189539412747
780,062620,Egyetemváros - A38 hajóállomás,47.47329,19.063539,4270,4270.0,1.5009190988897774e-05,0.00046392948271862676,0.048920234760517003,0.0008699485102858334
781,062621,Egyetemváros - A38 hajóállomás,47.47373,19.063592,4271,4271.0,0.00026932380129003077,0.00046392948271862676,0.057560163277570346,0.0008699485102858334
782,062622,Magyar tudósok körútja,47.472183,19.063857,4273,4273.0,3.2731373709785186e-06,0.00046392948271862676,0.0464966293742675,0.00043508189539412747
783,062726,Régi vám,47.445631,19.005613,4101,4101.0,8.496055036305046e-05,0.00046392948271862676,0.05041230419719186,0.005811879172779608
784,062756,Dagály fürdő,47.537697,19.062787,1050,1050.0,8.538758578064251e-07,0.00046392948271862676,0.04266860938279589,0.00043508189539412747
785,062757,Karikás Frigyes utca,47.536815,19.067116,1111,1111.0,1.7809325727925952e-07,0.00023196474135931338,0.040812234385484,0.0
786,062759,Kálvin tér M,47.48858,19.064087,2326,2326.0,0.018254882444982027,0.001855717930874507,0.06888292552608577,0.11959464613835055
787,062815,Szent László utca,47.405382,18.999105,4705,4705.0,1.240741544746785e-13,0.00046392948271862676,0.03098141631395507,0.0004350818953941276
788,062861,Dagály fürdő,47.53785,19.062428,1051,1051.0,9.363760771498607e-07,0.00046392948271862676,0.04498084863376702,0.0014710400178625106
789,062942,Péterfy Sándor utca,47.501636,19.077828,2107,2107.0,0.02982816734349118,0.0006958942240779401,0.05987525874969824,0.0028322213319301177
794,063399,Hulladékhasznosító Mű,47.584164,19.131198,4773,4773.0,1.9444191606693853e-09,0.00046392948271862676,0.03395111600629827,0.00043508189539412747
796,064208,Szépvölgyi köz,47.541088,19.00194,5226,5226.0,1.1449416103853454e-11,0.00046392948271862676,0.03351329458085533,0.00043508189539412747
797,064209,Szépvölgyi köz,47.541088,19.001608,5227,5227.0,4.4741991003476735e-11,0.00046392948271862676,0.03442488978494676,0.0008699485102858334
798,064210,Fenyőgyöngye,47.54037,19.005647,5230,5230.0,5.250698683462609e-11,0.00046392948271862676,0.0347543115480746,0.0008699485102858334
799,064212,Selyemakác utca,47.543118,18.996373,5211,5211.0,2.387997715220479e-12,0.00023196474135931338,0.032357298841820696,0.0
800,064214,Selyemakác utca,47.543064,18.996307,5212,5212.0,9.75621945502358e-12,0.00046392948271862676,0.03320687524047705,0.00043508189539412747
801,064215,Szépvölgyi dűlő,47.545841,18.992119,5213,5213.0,2.0348487751235262e-12,0.00023196474135931338,0.03207156384506992,0.0
802,064377,Ürömhegyi út / Jutas utca [11],47.582618,19.015383,4939,4939.0,2.3565485036372545e-15,0.00023196474135931338,0.0282607543999895,0.0
803,066434,Népliget M,47.47613,19.09761,2772,2772.0,0.0012280492229360296,0.001855717930874507,0.06513649714973788,0.1933814783083096
804,066451,Infopark,47.469171,19.059717,4264,4264.0,0.0012612534891226791,0.00046392948271862676,0.058116866981137785,0.006231254787960697
805,066452,Infopark,47.469072,19.0605,4265,4265.0,0.0012612534891226791,0.00046392948271862676,0.058116866981137785,0.006231254787960697
806,066453,Budafoki út / Dombóvári út,47.469808,19.053655,4341,4341.0,0.0002760426514625224,0.00046392948271862676,0.05548473938837513,0.005901755721274084
807,066454,Budafoki út / Dombóvári út,47.469646,19.054384,4343,4343.0,0.0002760426514625224,0.00046392948271862676,0.05548473938837513,0.005901755721274081
808,066455,Hauszmann Alajos utca / Szerémi út,47.466536,19.04957,4346,4346.0,6.15473843963711e-05,0.00046392948271862676,0.05355301595411699,0.005626238896212702
809,066456,Hauszmann Alajos utca / Szerémi út,47.467013,19.049756,4347,4347.0,6.15473843963711e-05,0.00046392948271862676,0.05355301595411699,0.005626238896212713
810,066457,Hengermalom út / Szerémi út,47.462066,19.048336,4568,4568.0,1.8890830061188397e-05,0.00046392948271862676,0.051946249391486614,0.005405506656446971
811,066458,Hengermalom út / Szerémi út,47.462551,19.048509,4569,4569.0,1.8890830061188397e-05,0.00046392948271862676,0.051946249391486614,0.005405506656446971
812,066459,Etele út / Fehérvári út,47.462389,19.042594,4561,4561.0,2.8985959659701424e-05,0.00046392948271862676,0.05098716648400983,0.005249349482578345
813,066460,Etele út / Fehérvári út,47.462254,19.043363,4564,4564.0,2.898595965970143e-05,0.00046392948271862676,0.05098716648400983,0.005249349482578345
825,066697,Rés utca,47.480157,19.291817,17,17.0,1.6268420823205852e-09,0.00046392948271862676,0.034009280158431694,0.0013045998446751176
826,066698,Sport tér,47.476785,19.295994,25,25.0,3.572179015934045e-10,0.00046392948271862676,0.03282055827281407,0.0008699485102858334
827,066699,Enying utca,47.475188,19.298029,21,21.0,7.827249310346896e-11,0.00046392948271862676,0.03171159797923667,0.00043508189539412747
828,066700,Szárazhegy köz,47.473213,19.300607,22,22.0,1.6398205754281176e-11,0.00023196474135931338,0.030674632393946973,0.0
841,066828,Göncz Árpád városközpont M,47.532812,19.065866,1094,1094.0,3.617108129505661e-06,0.0020876826722338203,0.049416909545190686,0.051964437717923376
842,066856,Pagony utca,47.495101,19.00283,1613,1613.0,2.750903152944068e-10,0.0006958942240779401,0.03748663465632585,0.001318449556997576
843,066969,Zimonyi utca,47.471748,19.29995,23,23.0,5.265790194937552e-12,0.00023196474135931338,0.03014230345000788,0.0
851,067592,Batthyány tér M+H,47.506515,19.038487,1834,1834.0,0.00047109428649187533,0.0016237531895151936,0.056201058838279895,0.016745663713336648
853,069089,"Margit híd, budai hídfő H",47.515149,19.037569,1530,1530.0,0.0032327470379606414,0.003943400603108328,0.059077618541054075,0.1359532312683151
854,069090,"Margit híd, budai hídfő H",47.515122,19.037158,1530,1530.0,0.0032327470379606414,0.003943400603108328,0.059077618541054075,0.1359532312683151
855,069091,"Margit híd, budai hídfő H",47.514717,19.035936,1530,1530.0,0.0032327470379606414,0.003943400603108328,0.059077618541054075,0.1359532312683151
856,069092,Bem József tér,47.512082,19.039455,1504,1504.0,0.0007725107252626627,0.00046392948271862676,0.05661645541478239,0.006360553239708959
857,069093,Bem József tér,47.511776,19.039296,1507,1507.0,0.0007725107252626627,0.00046392948271862676,0.05661645541478239,0.006360553239708959
858,069403,Jahn Ferenc Kórház,47.423225,19.132016,497,497.0,1.28958402946125e-08,0.0006958942240779401,0.04014165848569604,0.003987587427659561
861,071262,BudaPart,47.468505,19.058444,4263,4263.0,3.204962621880969e-05,0.00023196474135931338,0.052796143469977734,0.0
862,071659,Nyugati pályaudvar M,47.509726,19.05492,2616,2616.0,0.006433867923062227,0.0020876826722338203,0.06297498107564303,0.11125540401114536
865,072851,Maros utcai rendelőintézet,47.503868,19.022427,1793,1793.0,8.252238097041778e-05,0.00046392948271862676,0.05095085376633868,0.001266273592548216
868,072934,Rudas Gyógyfürdő,47.49011,19.047195,2630,2630.0,0.0016352933324123092,0.0006958942240779401,0.06234130704170255,0.019688334968085888
869,072935,Rudas Gyógyfürdő,47.489824,19.047383,2632,2632.0,0.001635293332412309,0.0006958942240779401,0.06234130704170255,0.019688334968085884
875,073152,Maros utca,47.505533,19.021637,1796,1796.0,0.00011347638284552516,0.0006958942240779401,0.05114328192807186,0.006021512866688255
879,075220,Óbudai autóbuszgarázs,47.567996,19.027538,4962,4962.0,6.623117044256178e-13,0.00046392948271862676,0.03303415782874535,0.0001783678411320105
880,075654,Köves út / Szentlőrinci út,47.416057,19.143215,472,472.0,5.696570341139785e-10,0.00046392948271862676,0.039345231719571556,0.0013910716327058118
881,075655,Köves út / Szentlőrinci út,47.416265,19.143244,473,473.0,2.0676975259171425e-09,0.00046392948271862676,0.04033466981100357,0.0035131092111793903
882,075744,Sasadi út,47.465452,19.015814,4465,4465.0,0.00011938954461027229,0.001159823706796567,0.05052112077898217,0.012338215864026284
890,078004,Széll Kálmán tér M,47.507124,19.023155,1823,1823.0,0.0004366747451700118,0.003479471120389701,0.05399533815020067,0.09933699162021552
891,078064,Nyéki Imre Uszoda,47.451074,19.037384,4581,4581.0,6.837315325877932e-08,0.00046392948271862676,0.04096789518955172,0.00035402551855848006
893,081565,Széll Kálmán tér M,47.507691,19.02435,1823,1823.0,0.0004366747451700118,0.003479471120389701,0.05399533815020067,0.09933699162021552
894,081950,Városház tér,47.426313,19.04004,3990,3990.0,1.9845218979533947e-08,0.00046392948271862676,0.04102330093569402,1.390353244806403e-05
895,081954,Kacsa utca,47.510526,19.039256,1509,1509.0,0.00024975001284037105,0.00046392948271862676,0.0544810137879101,5.991796524006861e-05
896,082200,Bécsi út / Vörösvári út,47.546762,19.029194,934,934.0,3.4988446886462998e-09,0.00023196474135931338,0.037732847389049244,0.0
898,082617,Sasadi út,47.466648,19.016251,4467,4467.0,0.00019923630580454118,0.001159823706796567,0.05048345208280708,0.0028606707864628823
899,082623,Rózsakert utca / Minta utca,47.403236,19.009361,4709,4709.0,9.118734983521289e-12,0.00046392948271862676,0.03307911637687911,0.0006272930140119237
902,083331,Savoyai Jenő tér (Plébánia utca),47.428786,19.035467,4005,4005.0,8.880741403253014e-09,0.00046392948271862676,0.040947985740179396,0.0005066681460288194
904,083777,Budafoki Szomszédok Piaca,47.427563,19.039417,3995,3995.0,4.00395009111657e-08,0.00046392948271862676,0.04257805142594654,0.00021498815740169934
907,085772,"Pesterzsébet, Pacsirtatelep",47.423158,19.124409,490,490.0,7.348712635996733e-12,0.00023196474135931338,0.032728769156790974,0.0
908,086855,Nagyvárad tér M,47.477051,19.091107,2784,2784.0,0.0016513609261562744,0.001855717930874507,0.06593733715190928,0.13708541798289317
909,086856,Nagyvárad tér M,47.477735,19.091387,2784,2784.0,0.0016513609261562744,0.001855717930874507,0.06593733715190928,0.13708541798289317
910,086857,Albert Flórián út,47.473524,19.095031,2759,2759.0,6.023890220042583e-08,0.00023196474135931338,0.04412704694252486,0.0
911,086858,Népliget M,47.475851,19.100578,2772,2772.0,0.0012280492229360296,0.001855717930874507,0.06513649714973788,0.1933814783083096
912,086859,Népliget M,47.476544,19.100752,2772,2772.0,0.0012280492229360296,0.001855717930874507,0.06513649714973788,0.1933814783083096
913,086866,Nagyvárad tér M,47.479857,19.091402,2784,2784.0,0.0016513609261562744,0.001855717930874507,0.06593733715190928,0.13708541798289317
914,086874,Vörösmarty Mihály utca,47.43954,19.164256,269,269.0,0.00026873705708854674,0.00046392948271862676,0.05882191491752081,0.014156636144741615
915,086875,Kondor Béla sétány,47.438745,19.167224,271,271.0,5.876603478336442e-05,0.00046392948271862676,0.05553187122809929,0.013743857175568756
916,086876,Fiatalság utca,47.437131,19.171052,264,264.0,1.2892723970087982e-05,0.00046392948271862676,0.052642943320237015,0.013339632642147523
917,086880,Népliget M,47.47622,19.100592,2772,2772.0,0.0012280492229360296,0.001855717930874507,0.06513649714973788,0.1933814783083096
918,086885,Nagyvárad tér M,47.478347,19.090724,2784,2784.0,0.0016513609261562744,0.001855717930874507,0.06593733715190928,0.13708541798289317
919,087373,"Soroksár, IKEA áruház",47.412767,19.160899,514,514.0,9.395677785388137e-13,0.00023196474135931338,0.03198525978188176,0.0
925,090482,Ötvenhatosok tere,47.507822,19.087004,2211,2211.0,0.005935760824356015,0.0006958942240779401,0.05654384531940575,0.0018205128183526504
927,090915,Andor utca / Tétényi út,47.457018,19.033547,4590,4590.0,1.333767043799721e-06,0.0006958942240779401,0.04401282238428062,0.0031292934570770997
928,091120,Szikratávíró utca,47.44726,19.068739,3860,3860.0,1.8641674856436413e-05,0.00046392948271862676,0.04933524995879762,4.47011176416502e-05
929,091338,Benczúr utca,47.512406,19.079601,2475,2475.0,0.0594987101418888,0.00046392948271862676,0.0618269381444289,0.0019750523192873758
932,091816,Angyalföld vasútállomás,47.550363,19.091315,1005,1005.0,5.88529998630474e-06,0.00046392948271862676,0.04444098777040743,0.0008975331062727871
933,091817,Angyalföld vasútállomás,47.549906,19.090953,1003,1003.0,5.884809687601962e-06,0.00046392948271862676,0.04361188203015138,0.003907986960459969
934,091821,Angyalföld vasútállomás,47.550037,19.090853,1004,1004.0,0.0002827616973297522,0.00046392948271862676,0.05178449379381851,0.00027369622603796637
937,096830,Jogar utca,47.435114,19.013117,4119,4119.0,6.668865352160439e-08,0.00046392948271862676,0.04023323608988977,0.002011893213200236
941,099342,Kossuth Lajos tér M,47.506185,19.049094,2575,2575.0,2.5465669420582085e-05,0.0020876826722338203,0.052359432108696854,0.009385927124594831
942,099343,Kossuth Lajos tér M,47.506003,19.049645,2575,2575.0,2.5465669420582085e-05,0.0020876826722338203,0.052359432108696854,0.009385927124594831
943,099344,Szemere utca,47.506596,19.050619,2581,2581.0,6.502042471373476e-06,0.00046392948271862676,0.05009990004999064,0.00031374545526720863
944,099629,Bikás park M,47.463737,19.032434,4460,4460.0,0.00012005731705994451,0.0027835768963117603,0.05081360827112922,0.01639153968488101
945,099630,Bikás park M,47.463603,19.033309,4460,4460.0,0.00012005731705994451,0.0027835768963117603,0.05081360827112922,0.01639153968488101
947,099632,Bártfai utca,47.464088,19.029635,4453,4453.0,0.00010613026891964369,0.00046392948271862676,0.05143466501510338,0.0031321521597581156
949,099634,Kelenföld vasútállomás M,47.464473,19.023388,4496,4496.0,0.0003887226007912897,0.003479471120389701,0.05324169618601706,0.06917907633596887
953,100836,Iglice utca / Jutas utca [9],47.577718,19.022364,4926,4926.0,5.181148280189289e-14,0.00046392948271862676,0.030072257886214787,0.0008699485102858334
954,100837,Kőpor köz / Jutas utca [10],47.58073,19.018707,4927,4927.0,4.4590292981024936e-14,0.00023196474135931338,0.030064865961364075,0.0
955,100838,Kőpor köz / Jutas utca [10],47.580658,19.018614,4928,4928.0,1.1298212186503956e-14,0.00046392948271862676,0.029138602386808002,0.00043508189539412747
956,102283,Wein János út,47.456524,19.071027,2727,2727.0,6.149345264172563e-05,0.00046392948271862676,0.051757632416710685,0.0003594304339317345
957,102568,Rózsakert utca / Minta utca,47.403155,19.010169,4710,4710.0,1.0271222507837053e-11,0.0009278589654372535,0.03431988265372367,0.005536073259851451
958,102569,Rózsakert utca / Minta utca,47.403776,19.011043,4711,4711.0,4.623690644290708e-11,0.0009278589654372535,0.035051821023576964,0.002573707244942566
959,102602,Orczy tér,47.489401,19.089821,2266,2266.0,3.535765120645285e-05,0.00023196474135931338,0.053483519558543614,0.0
960,102797,Ecseri út M,47.470173,19.111143,3137,3137.0,0.001207483513296001,0.0027835768963117603,0.06324283009613023,0.028858804933450298
962,103897,Liget sor,47.488186,19.244454,559,559.0,5.132409567310686e-06,0.00046392948271862676,0.043143924213547305,0.0006175641612569531
963,105925,Deák Ferenc tér M,47.497414,19.054803,2684,2684.0,0.01264404634751953,0.0016237531895151936,0.0661720878810365,0.05576669177809696
964,106324,Szlacsányi Ferenc utca,47.57443,19.126124,4811,4811.0,5.7526473611870333e-08,0.0009278589654372535,0.03661671304281401,0.0002877967145171148
965,106325,Szlacsányi Ferenc utca,47.574529,19.12613,4812,4812.0,9.252269861486886e-08,0.0009278589654372535,0.03792608787780337,0.003044375464392032
970,108188,Haller utca / Soroksári út,47.475501,19.072812,2843,2843.0,0.0033174366486567208,0.001159823706796567,0.06330195725372119,0.05804034937996263
973,108458,Haller utca / Soroksári út,47.476131,19.06909,2843,2843.0,0.0033174366486567208,0.001159823706796567,0.06330195725372119,0.05804034937996263
974,108550,Nagyvárad tér M,47.479456,19.088541,2784,2784.0,0.0016513609261562744,0.001855717930874507,0.06593733715190928,0.13708541798289317
978,109462,Ábrahám Géza utca,47.419749,19.116879,499,499.0,5.048339197086198e-08,0.0006958942240779401,0.03982836802083394,0.0005923052586771029
979,109565,Pincér utca,47.442174,19.14162,3904,3904.0,1.3921014601654402e-08,0.00023196474135931338,0.04191996280357536,0.0
980,109566,Áchim András utca,47.444667,19.145328,3902,3902.0,2.165473074575457e-08,0.00023196474135931338,0.04197936976133602,0.0
982,CS007899,Kelenföld vasútállomás,47.464757,19.023003,4496,4496.0,0.0003887226007912897,0.003479471120389701,0.05324169618601706,0.06917907633596887
983,CS009703,Közvágóhíd,47.467693,19.076536,2823,2823.0,0.005767997846868012,0.003479471120389701,0.06137359397189043,0.13526302075785515
984,CS050182,Duna utca,47.433466,19.220657,653,653.0,2.270172183111003e-08,0.00046392948271862676,0.042169858259930505,0.001474865067677202
985,CS050183,"Pestszentlőrinc, Béke tér",47.429664,19.218271,646,646.0,1.862428343252596e-06,0.00046392948271862676,0.048387088418771984,0.0034962065146711997
986,CS056176,Saroglya utca [6],47.584405,19.022274,4935,4935.0,4.4228387459722395e-13,0.00046392948271862676,0.03106619884788647,2.691006280270457e-07
993,CSF00097,Ág utca,47.495669,19.029466,1759,1759.0,2.2273597111089565e-05,0.0006958942240779401,0.053205835142335414,0.004038447775723899
996,CSF00461,Békásmegyer,47.597874,19.0541,4907,4907.0,1.0410553624976581e-09,0.002551612154952447,0.03686485212471577,0.019817166000517635
1002,CSF00568,Bécsi út / Vörösvári út,47.548489,19.028968,924,924.0,3.4988446886462998e-09,0.00023196474135931338,0.037732847389049244,0.0
1004,CSF00619,Szentlélek tér,47.539903,19.045881,862,862.0,1.049630604609771e-06,0.002551612154952447,0.048157856016249535,0.06681868436260571
1007,CSF00678,Óbudai autóbuszgarázs,47.568005,19.026289,4963,,,,,
1013,CSF00999,Március 15. tér,47.49087,19.051641,2648,2648.0,0.0016145749780745915,0.00046392948271862676,0.06277583833747337,0.003146887367897373
1015,CSF01025,Nyugati pályaudvar,47.511299,19.056508,2616,2616.0,0.006433867923062227,0.0020876826722338203,0.06297498107564303,0.11125540401114536
1019,CSF01108,Károly körút (Astoria M),47.495524,19.060167,2307,2307.0,0.012654444279100084,0.00023196474135931338,0.06019273297535229,0.0
1022,CSF01489,Ecseri út,47.470873,19.109567,3137,3137.0,0.001207483513296001,0.0027835768963117603,0.06324283009613023,0.028858804933450298
1024,CSF02307,Kiss János altábornagy utca,47.49248,19.016658,1745,1745.0,3.734607471407481e-06,0.0009278589654372535,0.04813523550016365,0.004982008396877332
1038,CSF03785,Duna utca,47.433025,19.220582,651,651.0,3.772764853794349e-08,0.00046392948271862676,0.04224032613947007,0.00016044419123253077
1039,CSF03788,"Pestszentlőrinc, Béke tér",47.429499,19.218401,649,,,,,
1040,CSF03884,Bajcsy-Zsilinszky út,47.433169,19.206499,677,677.0,2.3491872043812833e-108,0.00046392948271862676,0.0005406947928087592,3.444488038746185e-06
1041,CSF03930,Határ út,47.465146,19.127237,3020,3020.0,0.001229137404061725,0.003479471120389701,0.06263584101071101,0.15946665874397897
1075,F00001,Mihály utca,47.486079,19.034561,4209,4209.0,2.3921259685389316e-09,0.00046392948271862676,0.038096804239888586,0.00043508189539412747
1078,F00004,Mészáros utca,47.488273,19.031033,4201,4201.0,6.381362384039492e-05,0.00046392948271862676,0.05659110514146641,0.019399105948530306
1079,F00005,Mészáros utca,47.488606,19.031564,4202,4202.0,5.876308913195499e-05,0.00046392948271862676,0.05620355803304613,0.011748353156908652
1082,F00008,Sánc utca,47.489632,19.035717,4204,4204.0,0.00026595463300064186,0.00046392948271862676,0.05846726550991336,0.012011439726334679
1083,F00009,Sánc utca,47.489425,19.035836,4205,4205.0,0.0002804028537677034,0.0006958942240779401,0.05891880280298647,0.02296806648277037
1084,F00010,Szirtes út,47.487663,19.03646,4207,4207.0,4.989608359967077e-10,0.00023196474135931338,0.036609995612426414,0.0
1086,F00012,Búsuló Juhász (Citadella),47.485594,19.039551,4252,4252.0,1.0969427566318644e-08,0.00046392948271862676,0.03970865809569251,0.0008699485102858334
1087,F00013,Királyhágó utca,47.494928,19.023055,1733,1733.0,1.0648039897134261e-06,0.00046392948271862676,0.04750382915612257,0.0017390358985619801
1088,F00014,Királyhágó utca,47.494442,19.023929,1731,1731.0,6.178464145083092e-05,0.00046392948271862676,0.051443736999978174,0.011217057300093022
1089,F00015,Királyhágó utca,47.494839,19.023732,1732,1732.0,1.3486816092154145e-05,0.00046392948271862676,0.0483654859378462,0.0007072007540366568
1090,F00016,Királyhágó utca,47.495566,19.023015,1730,1730.0,1.8340618403075164e-06,0.00046392948271862676,0.050115792587477746,0.0023688762318491772
1091,F00017,Királyhágó utca,47.496016,19.02349,1728,1728.0,6.190479187432589e-05,0.00046392948271862676,0.051557056899819036,0.014064058714731105
1092,F00018,Királyhágó utca,47.495669,19.023612,1729,1729.0,1.3486816092154145e-05,0.00046392948271862676,0.0483654859378462,0.000707200754036657
1093,F00019,Nagyenyed utca,47.498029,19.023858,1765,1765.0,6.166738371638618e-05,0.00046392948271862676,0.05087633522862038,0.0011180127390489918
1094,F00020,Nagyenyed utca,47.498335,19.024011,1766,1766.0,6.166738371638618e-05,0.00046392948271862676,0.05087633522862038,0.0011180127390489918
1096,F00022,Déli pályaudvar M,47.499686,19.024208,1772,1772.0,0.0002821774970780766,0.003479471120389701,0.053781657502494876,0.06792145722506089
1097,F00023,Déli pályaudvar M,47.500001,19.023809,1772,1772.0,0.0002821774970780766,0.003479471120389701,0.053781657502494876,0.06792145722506089
1098,F00024,Déli pályaudvar M,47.500848,19.024021,1772,1772.0,0.0002821774970780766,0.003479471120389701,0.053781657502494876,0.06792145722506089
1099,F00025,Déli pályaudvar M,47.501106,19.024177,1772,1772.0,0.0002821774970780766,0.003479471120389701,0.053781657502494876,0.06792145722506089
1100,F00026,Déli pályaudvar M,47.500801,19.02499,1772,1772.0,0.0002821774970780766,0.003479471120389701,0.053781657502494876,0.06792145722506089
1101,F00027,Déli pályaudvar M,47.501071,19.024671,1772,1772.0,0.0002821774970780766,0.003479471120389701,0.053781657502494876,0.06792145722506089
1102,F00028,Körmöci utca,47.504372,19.024988,1794,1794.0,8.987364813187933e-06,0.00046392948271862676,0.05247319552697091,0.0012735793454987613
1103,F00029,Körmöci utca,47.504138,19.024989,1795,1795.0,6.607860808633107e-07,0.00046392948271862676,0.047666263992952394,0.010932186345817376
1104,F00030,Mátray utca,47.505965,19.028598,1788,1788.0,9.550070146571844e-05,0.00046392948271862676,0.051070263396145024,0.0005699503886556439
1105,F00031,Mátray utca,47.505866,19.027988,1789,1789.0,9.542829401018387e-05,0.00046392948271862676,0.05108608932220519,0.0013676917232864985
1106,F00032,Széna tér,47.507979,19.029261,1790,1790.0,0.00011664558870790218,0.00046392948271862676,0.05200681190535053,0.0008569032030354977
1108,F00034,Fazekas utca,47.508268,19.034372,1845,1845.0,0.0001029484665057452,0.00046392948271862676,0.05307104255837905,0.005327863382701802
1110,F00036,Fazekas utca,47.507773,19.033443,1847,1847.0,0.0001225851241832662,0.00046392948271862676,0.053863406477588874,0.0010289777335864949
1111,F00045,Donáti utca,47.501307,19.036072,2708,2708.0,3.391303823035177e-05,0.00046392948271862676,0.05399841401896083,0.0009400872773230742
1112,F00047,Clark Ádám tér,47.498312,19.039816,2718,2718.0,0.00015423767707062406,0.0006958942240779401,0.05674100077192912,0.002713950017533672
1113,F00048,Clark Ádám tér,47.498132,19.040041,2719,2719.0,0.00013307428596542417,0.00046392948271862676,0.05515543873130251,0.0028595458862057223
1115,F00051,Halász utca,47.50226,19.039815,2700,2700.0,0.00011918994822790565,0.00046392948271862676,0.05580567284209631,0.006584539523120134
1116,F00052,Halász utca,47.501784,19.040028,2702,2702.0,0.00011918994822790565,0.00046392948271862676,0.05580567284209631,0.006584539523120134
1119,F00057,Batthyány tér M+H,47.506002,19.039456,1834,1834.0,0.00047109428649187533,0.0016237531895151936,0.056201058838279895,0.016745663713336648
1125,F00066,Batthyány tér M+H,47.506209,19.039071,1834,1834.0,0.00047109428649187533,0.0016237531895151936,0.056201058838279895,0.016745663713336648
1126,F00067,Batthyány tér M+H,47.505948,19.038567,1834,1834.0,0.00047109428649187533,0.0016237531895151936,0.056201058838279895,0.016745663713336648
1128,F00069,Bécsi kapu tér,47.504553,19.030683,1779,1779.0,2.120485307868156e-05,0.00046392948271862676,0.049929689696910605,0.00037112571188133685
1129,F00070,Bécsi kapu tér,47.504751,19.030324,1780,1780.0,2.0857693073637388e-05,0.00046392948271862676,0.04847679037004438,0.0009376689196992732
1130,F00071,Szentháromság tér,47.501324,19.03371,2706,2706.0,1.0733483686772931e-06,0.00046392948271862676,0.046688428256703336,0.000556360922106505
1131,F00072,Szentháromság tér,47.501306,19.033896,2707,2707.0,6.1662600126464995e-06,0.00046392948271862676,0.05087633522862038,0.0004636121117745298
1132,F00073,Dísz tér,47.499373,19.035993,2704,2704.0,8.35938328398184e-06,0.00046392948271862676,0.05214413306172579,0.0006642585316757027
1133,F00074,Dísz tér,47.49895,19.036113,2705,2705.0,5.719828234875407e-07,0.00046392948271862676,0.04763751835042077,0.0007278239983709542
1134,F00076,"Palota út, gyorslift",47.495182,19.038529,2714,2714.0,1.6690362527738224e-06,0.00046392948271862676,0.048966353741036125,0.0009583290183235705
1135,F00077,Dózsa György tér,47.494732,19.03772,2712,2712.0,7.430263006811653e-06,0.00046392948271862676,0.05093716429220817,0.0012773516571443144
1136,F00078,Dózsa György tér,47.494435,19.037944,2713,2713.0,0.0002880557819373879,0.0006958942240779401,0.0586245595123984,0.005636233970617001
1137,F00079,Dózsa György tér,47.49386,19.037494,2711,2711.0,0.00026690702261825556,0.00046392948271862676,0.05811241337660569,0.015237854084052985
1138,F00080,Dózsa György tér,47.49377,19.038224,2709,2709.0,8.10276184480713e-05,0.00046392948271862676,0.056515190347191,0.011774483359373403
1139,F00081,Dózsa György tér,47.493698,19.038463,2710,2710.0,8.10276184480713e-05,0.00046392948271862676,0.056515190347191,0.011774483359373403
1140,F00082,Alagút utca,47.497853,19.032981,1756,1756.0,6.322182992640624e-05,0.00046392948271862676,0.056218557870611474,0.0017763966394634607
1141,F00083,Krisztina tér,47.496899,19.033406,1750,1750.0,3.3955586411184174e-05,0.0006958942240779401,0.053456374391419585,0.003033197152990241
1142,F00084,Alagút utca,47.496567,19.034415,1752,1752.0,6.320063828619349e-05,0.0006958942240779401,0.0550673246036365,0.015158443360920744
1143,F00085,Krisztina tér,47.496881,19.032117,1755,1755.0,3.0502647967853785e-05,0.00046392948271862676,0.054727142814014855,0.011544795685124329
1144,F00086,Krisztina tér,47.496621,19.032847,1751,1751.0,3.0502647967853785e-05,0.00046392948271862676,0.054727142814014855,0.011544795685124329
1145,F00087,Krisztina tér,47.496656,19.031468,1754,1754.0,9.689571041171307e-05,0.0006958942240779401,0.056065602560785924,0.004624431518045035
1146,F00088,Mikó utca,47.499246,19.03083,1764,1764.0,1.3811504028423018e-05,0.00046392948271862676,0.0522656057616325,0.011662623933145802
1147,F00089,Mikó utca,47.498365,19.028997,1762,1762.0,6.5216452818146e-05,0.00046392948271862676,0.05353562492881597,0.011386460244548499
1148,F00090,Mikó utca,47.498374,19.028747,1763,1763.0,6.5216452818146e-05,0.00046392948271862676,0.05353562492881597,0.011386460244548499
1149,F00091,Korlát utca,47.501917,19.027405,1777,1777.0,1.506085704002776e-05,0.00046392948271862676,0.054133327178781485,0.001503357915959971
1150,F00092,Korlát utca,47.501719,19.027432,1778,1778.0,3.0185235484846475e-06,0.00046392948271862676,0.049790036316145016,0.011278802888241376
1153,F00095,Győri út,47.495252,19.025269,1726,1726.0,5.028184399014996e-06,0.00046392948271862676,0.05134551141000719,0.0025637412229108634
1154,F00096,Győri út,47.495207,19.025813,1727,1727.0,4.872516665864113e-06,0.00046392948271862676,0.05003246906449107,0.002173256671946421
1156,F00098,Ág utca,47.495451,19.029425,1760,1760.0,2.2296509127568004e-05,0.0009278589654372535,0.052843971395687805,0.004402653082911267
1160,F00102,Szarvas tér,47.492492,19.042355,2642,2642.0,0.001220963976029662,0.00046392948271862676,0.06183097101549812,0.005899020763684823
1161,F00103,Döbrentei tér,47.491486,19.043705,2639,2639.0,0.0003579805113132893,0.00046392948271862676,0.05908682482092209,0.012081763301074756
1162,F00104,Döbrentei tér,47.491243,19.043612,2640,2640.0,0.0012164830186235812,0.00046392948271862676,0.06160393565424932,0.01563954597352149
1163,F00105,Döbrentei tér,47.491737,19.043373,2641,2641.0,0.00035798051131328933,0.00046392948271862676,0.05908682482092209,0.012081763301074756
1164,F00106,Várkert Bazár,47.493536,19.044169,2636,2636.0,0.00036201398324243875,0.00046392948271862676,0.05948262794276154,0.006987056148783901
1165,F00107,Várkert Bazár,47.493186,19.044315,2637,2637.0,0.00036201398324243864,0.00046392948271862676,0.05948262794276154,0.006987056148783901
1166,F00108,Rudas Gyógyfürdő,47.48984,19.047208,2633,2633.0,0.002646004362379893,0.00046392948271862676,0.06253357251019875,0.0
1167,F00110,Döbrentei tér,47.490074,19.044767,2635,2635.0,0.0012192978969015676,0.00046392948271862676,0.06182290579940636,0.022671847687454918
1168,F00111,Rudas Gyógyfürdő,47.489273,19.046916,2628,2628.0,0.0026459344447960446,0.00046392948271862676,0.06263066791515347,0.0
1170,F00113,Döbrentei tér,47.490182,19.046863,2634,2634.0,0.0012163542958836618,0.00046392948271862676,0.06147110397820096,0.012359344892847172
1171,F00114,Kapisztrán tér,47.504157,19.029302,1781,1781.0,4.574197387596945e-06,0.00046392948271862676,0.04651202938644985,0.0006023280910379739
1172,F00119,Fenyőgyöngye,47.540316,19.006138,5229,5229.0,2.0476216043316766e-10,0.00046392948271862676,0.035734985491573355,0.0013045998446751176
1173,F00120,Nyereg út,47.537279,19.014083,5224,5224.0,2.4029874695879484e-10,0.00046392948271862676,0.036090087050222174,0.0013045998446751176
1174,F00121,Nyereg út,47.537593,19.013551,5225,5225.0,9.370032143231989e-10,0.00046392948271862676,0.037148013947265,0.0017390358985619801
1175,F00122,Pál-völgyi cseppkőbarlang,47.53316,19.016503,1484,1484.0,1.0996206751599577e-09,0.00046392948271862676,0.03753190433638596,0.0017390358985619801
1176,F00123,Pál-völgyi cseppkőbarlang,47.532881,19.016755,1485,1485.0,4.287758151975822e-09,0.00046392948271862676,0.0386766015768184,0.002173256671946421
1177,F00124,Csalit utca,47.529481,19.016412,1488,1488.0,5.076734859129096e-11,0.00046392948271862676,0.035458615153400215,0.00196505847953782
1178,F00125,Csalit utca,47.529338,19.017116,1489,1489.0,1.951324170037481e-10,0.00046392948271862676,0.03619274587004373,0.005297035272320221
1179,F00126,Virág Benedek utca,47.530635,19.027062,1492,1492.0,2.3026137748820355e-08,0.00046392948271862676,0.04078852650720631,0.0026072621648284403
1180,F00127,Szépvölgyi út,47.53077,19.026424,1493,1493.0,8.978589026317061e-08,0.00046392948271862676,0.04214220527917699,0.003041052377208038
1181,F00128,Folyondár utca,47.529466,19.030077,1538,1538.0,1.0536829471035353e-07,0.0006958942240779401,0.04263694223013181,0.00390949392397692
1182,F00129,Folyondár utca (Szépvölgyi út),47.529215,19.030475,1539,1539.0,4.1086278066829453e-07,0.0006958942240779401,0.044117291704967025,0.004342853575351674
1183,F00130,Ürömi utca,47.528172,19.033304,1544,1544.0,4.591921945093539e-07,0.001159823706796567,0.04465768371218881,0.009468672614329618
1184,F00131,Ürömi utca,47.52801,19.033357,1545,1545.0,1.790528287442939e-06,0.0006958942240779401,0.04628322492564226,0.012471293973268053
1185,F00132,Kolosy tér,47.527722,19.03665,1555,1555.0,9.577361760203728e-08,0.00023196474135931338,0.042628313890107496,0.0
1186,F00133,Kolosy tér,47.527839,19.036876,1556,1556.0,9.577361760203728e-08,0.00023196474135931338,0.042628313890107496,0.0
1187,F00135,Kolosy tér,47.527983,19.03766,1552,1552.0,7.372578866997619e-06,0.00046392948271862676,0.047220452016680466,0.002173256671946421
1188,F00136,Kolosy tér,47.527687,19.037474,1553,1553.0,7.372578866997619e-06,0.00046392948271862676,0.047220452016680466,0.002173256671946421
1189,F00137,Kolosy tér,47.528586,19.039001,1559,1559.0,3.5523762120882406e-05,0.0006958942240779401,0.051193689807377186,0.031186732905437015
1190,F00138,Kolosy tér,47.526913,19.038204,1564,1564.0,3.3827697478623204e-05,0.00046392948271862676,0.050978254800927575,0.016802458905616238
1193,F00141,Margitsziget / Margit híd,47.514717,19.042521,1512,1512.0,0.0009975329672312794,0.00046392948271862676,0.05783408788126159,8.89220542016147e-05
1194,F00142,Margitsziget / Margit híd,47.514439,19.044327,1514,1514.0,0.0009975329672312794,0.00046392948271862676,0.05783408788126159,8.89220542016147e-05
1195,F00143,Margitsziget / Margit híd,47.515986,19.043995,1510,1510.0,0.0004616364367472441,0.00046392948271862676,0.057154968881269086,0.002171717972263725
1196,F00144,Margitsziget / Margit híd,47.515779,19.043743,1511,1511.0,0.0007064540688337147,0.00046392948271862676,0.05605814239899747,0.021378307503542877
1202,F00151,Baba utca,47.524228,19.013255,1468,1468.0,2.560400228771527e-11,0.00046392948271862676,0.03460870621573405,0.0012114226416225313
1206,F00155,Városmajor,47.509568,19.014008,1629,1629.0,0.00013652118759254793,0.001159823706796567,0.0512878658656737,0.040886133755269755
1207,F00156,Városmajor,47.509595,19.013212,1631,1631.0,2.085400352417264e-05,0.00046392948271862676,0.048447059127867106,0.004341131331332302
1208,F00157,Városmajor,47.50955,19.013012,1632,1632.0,2.1902494807173257e-05,0.0006958942240779401,0.048454488518931034,0.0056405644439493
1209,F00158,Városmajor,47.509505,19.01369,1630,1630.0,1.2137684628016122e-07,0.0006958942240779401,0.04359583589830627,0.010311386695308074
1210,F00159,Szent János Kórház,47.510357,19.008366,1642,1642.0,3.281091922738736e-05,0.0006958942240779401,0.048817569661174086,0.0329625016430967
1211,F00160,Nagyajtai utca,47.513548,19.003093,1678,1678.0,1.0287725761414425e-05,0.0009278589654372535,0.04656172111531432,0.015670337806344664
1212,F00161,Nagyajtai utca,47.513548,19.002854,1679,1679.0,9.959136840611538e-07,0.00046392948271862676,0.04392868637281775,0.003474627309085214
1213,F00162,Nagyajtai utca,47.513674,19.002655,1676,1676.0,1.1402948139523389e-06,0.0009278589654372535,0.042931426256902716,0.0025441506503303753
1214,F00163,Nagyajtai utca,47.513548,19.002642,1677,1677.0,1.0984440189936903e-06,0.0006958942240779401,0.04393886754100391,0.004342100093593199
1215,F00164,Budagyöngye,47.516038,18.999533,5303,5303.0,1.0503413436344638e-05,0.001159823706796567,0.04656858348071617,0.017188234013342883
1216,F00165,Budagyöngye,47.516092,18.999188,5306,5306.0,2.1763974825841776e-07,0.00046392948271862676,0.04197007632754855,0.003041052377208038
1217,F00166,Budagyöngye,47.516663,18.997968,5307,5307.0,9.927885762852338e-07,0.0013917884481558802,0.04294795985256149,0.016298476350488686
1218,F00167,Budagyöngye,47.516146,18.998975,5305,5305.0,2.400460174517763e-07,0.00046392948271862676,0.04198029933108272,0.003474627309085214
1238,F00187,Bem József tér,47.512046,19.039322,1505,1505.0,0.0007263449086437775,0.00046392948271862676,0.05581553075992744,0.00024533413544315836
1240,F00189,"Margit híd, budai hídfő H",47.514546,19.038897,1530,1530.0,0.0032327470379606414,0.003943400603108328,0.059077618541054075,0.1359532312683151
1242,F00191,"Margit híd, budai hídfő H",47.514654,19.036653,1530,1530.0,0.0032327470379606414,0.003943400603108328,0.059077618541054075,0.1359532312683151
1243,F00192,"Margit híd, budai hídfő H",47.514618,19.038193,1530,1530.0,0.0032327470379606414,0.003943400603108328,0.059077618541054075,0.1359532312683151
1244,F00193,Horvát utca,47.511119,19.03457,1825,1825.0,2.2497372899075288e-05,0.00046392948271862676,0.050275274279129534,0.004900172784557481
1246,F00195,Mechwart liget,47.511353,19.032247,1827,1827.0,4.916359280555349e-06,0.00046392948271862676,0.04776293551153733,0.004473128027920425
1249,F00198,Mechwart liget,47.510778,19.031462,1830,1830.0,0.0007247798288177692,0.00046392948271862676,0.056773285352969056,0.035862209269735885
1250,F00199,Mechwart liget,47.510939,19.032114,1829,1829.0,0.0007247798288177692,0.00046392948271862676,0.056773285352969056,0.035862209269735885
1252,F00201,Füge utca,47.513933,19.027387,1571,1571.0,1.0743735329131038e-06,0.00046392948271862676,0.04549301268907196,0.004046729112790629
1254,F00203,Rét utca,47.514589,19.024294,1567,1567.0,2.3478312120978545e-07,0.00046392948271862676,0.043435026468679666,0.0036216218806753293
1256,F00205,Ady Endre utca,47.516802,19.024293,1565,1565.0,5.130720144832641e-08,0.00046392948271862676,0.04156064358540196,0.003197806331574596
1258,F00207,Tapolcsányi utca,47.517504,19.021143,1573,1573.0,1.1212169879981755e-08,0.00046392948271862676,0.03984762212396107,0.00277560538624203
1260,F00209,Eszter utca,47.520111,19.021914,1575,1575.0,2.450196724122113e-09,0.00046392948271862676,0.038289933204578554,0.0023593964148935402
1262,F00211,Vend utca,47.521685,19.02048,1577,1577.0,5.354430869583664e-10,0.00046392948271862676,0.03688170569405863,0.0019519368019643448
1264,F00213,Pusztaszeri körönd,47.523213,19.017398,1478,1478.0,1.9089320088832186e-08,0.00046392948271862676,0.04041678891832127,0.0006369749202333107
1265,F00214,Pusztaszeri körönd,47.523087,19.01773,1479,1479.0,1.8887671087601217e-08,0.00046392948271862676,0.04036945440551287,0.00048309794086992525
1266,F00215,Pusztaszeri körönd,47.522826,19.017452,1476,1476.0,1.1701739774695192e-10,0.00046392948271862676,0.03559843619107135,0.0015607925154754536
1268,F00217,Vend utca,47.523591,19.020359,1480,1480.0,8.111148696662048e-08,0.00046392948271862676,0.04152877960596034,0.0009466487962886158
1269,F00218,Vend utca,47.523456,19.020611,1481,1481.0,8.107662200373615e-08,0.00046392948271862676,0.041480167550059524,0.0007943479777465689
1270,F00219,Pusztaszeri út,47.524347,19.023001,1482,1482.0,3.698043931699567e-07,0.00046392948271862676,0.043262067404310524,0.0013241419484906988
1271,F00220,Cimbalom utca,47.52406,19.023054,1483,1483.0,3.6983888408681046e-07,0.00046392948271862676,0.04322359995877193,0.00117373918637831
1272,F00221,Vérhalom tér,47.520903,19.02514,1583,1583.0,1.6919366747236767e-06,0.00046392948271862676,0.04518830904780702,0.0017260491184616542
1273,F00222,Vérhalom tér,47.520579,19.024769,1584,1584.0,1.6921369096027444e-06,0.00046392948271862676,0.045155481613254785,0.0015772035519834293
1274,F00223,Vérhalom utca,47.519816,19.028845,1581,1581.0,7.742279860844634e-06,0.00046392948271862676,0.04732890586525772,0.0021364024601441094
1275,F00224,Mandula utca,47.519609,19.02862,1582,1582.0,7.743205409003504e-06,0.0006958942240779401,0.04730233583152513,0.0024160906737781622
1276,F00225,Sarolta utca,47.522453,19.031803,1579,1579.0,1.6149996874588096e-06,0.00023196474135931338,0.04503159899742745,0.0
1277,F00226,Kavics utca,47.521149,19.03187,1580,1580.0,7.3725789547840705e-06,0.00023196474135931338,0.04721104473227735,0.0
1278,F00227,Vérhalom utca,47.519063,19.033424,1518,1518.0,3.534822811059012e-05,0.00046392948271862676,0.04971300540943991,0.00043508189539412747
1279,F00228,Szemlőhegy utca,47.516919,19.027798,1569,1569.0,3.54288434277762e-05,0.00046392948271862676,0.049765203706256526,0.002559041142498153
1280,F00229,Rómer Flóris utca,47.516748,19.02793,1570,1570.0,3.38180811037548e-05,0.00046392948271862676,0.0497286533972929,0.002831829654860978
1281,F00230,Zivatar utca,47.515607,19.031714,1515,1515.0,0.00016212318183070598,0.00046392948271862676,0.05251825748415296,0.002988929092887523
1282,F00231,Zivatar utca,47.515715,19.03117,1516,1516.0,0.0001543993671708384,0.00046392948271862676,0.05249789734279531,0.0032632697605870617
1283,F00232,Margit körút,47.513817,19.033945,1522,1522.0,0.0007064576174656251,0.00046392948271862676,0.055593751529747826,0.003696234731040644
1284,F00233,Apostol utca,47.514609,19.033215,1523,1523.0,0.0007418791027390393,0.0006958942240779401,0.05560190394297642,0.004720326416739769
1285,F00234,"Margit híd, budai hídfő H",47.515985,19.039521,1530,1530.0,0.0032327470379606414,0.003943400603108328,0.059077618541054075,0.1359532312683151
1286,F00235,"Margit híd, budai hídfő H",47.515365,19.039282,1530,1530.0,0.0032327470379606414,0.003943400603108328,0.059077618541054075,0.1359532312683151
1287,F00236,"Margit híd, budai hídfő H",47.515041,19.038937,1530,1530.0,0.0032327470379606414,0.003943400603108328,0.059077618541054075,0.1359532312683151
1288,F00237,"Margit híd, budai hídfő H",47.515518,19.038339,1530,1530.0,0.0032327470379606414,0.003943400603108328,0.059077618541054075,0.1359532312683151
1289,F00239,Szent Lukács Gyógyfürdő,47.517118,19.03652,1524,1524.0,0.000706453934302924,0.00046392948271862676,0.05559049123379406,0.003474627309085214
1290,F00240,Szent Lukács Gyógyfürdő,47.516822,19.036507,1525,1525.0,0.000706453934302924,0.00046392948271862676,0.05559049123379406,0.003474627309085214
1291,F00241,Komjádi Béla utca,47.520626,19.036825,1496,1496.0,0.00015438170802402186,0.00046392948271862676,0.052490629688978906,0.003041052377208038
1292,F00242,Komjádi Béla utca,47.520343,19.03659,1497,1497.0,0.00015438170802402186,0.00046392948271862676,0.052490629688978906,0.003041052377208038
1293,F00243,Zsigmond tér,47.524251,19.03693,1548,1548.0,3.373709643765562e-05,0.00046392948271862676,0.04971691648309698,0.0026072621648284403
1294,F00244,Zsigmond tér,47.523954,19.036824,1549,1549.0,3.373709643765562e-05,0.00046392948271862676,0.04971691648309698,0.0026072621648284403
1295,F00245,Zsigmond tér,47.524991,19.037951,1551,1551.0,0.0001547713004179333,0.00046392948271862676,0.05349710248297578,0.030519531984323535
1296,F00246,Zsigmond tér,47.524053,19.037421,1550,1550.0,0.00015440146407490974,0.00046392948271862676,0.0533068176915659,0.017151053396880382
1297,F00247,Császár-Komjádi uszoda,47.521409,19.038272,1498,1498.0,0.0007065351915092138,0.00046392948271862676,0.0560888246561943,0.030871793676431867
1298,F00248,Császár-Komjádi uszoda,47.51961,19.038046,1499,1499.0,0.0007064580548164891,0.00046392948271862676,0.055938223973317665,0.01751484643054991
1299,F00249,Felhévízi utca,47.526579,19.030224,1546,1546.0,1.0034732250372948e-07,0.00046392948271862676,0.042688305099900827,0.003914615052270066
1300,F00250,Felhévízi utca,47.526993,19.031392,1547,1547.0,3.9128448040607505e-07,0.00046392948271862676,0.04416148144729604,0.007334988226157133
1301,F00251,Pusztaszeri út 25.,47.527784,19.02847,1542,1542.0,2.1928906793937068e-08,0.00046392948271862676,0.040906018163200615,0.0034980329280507112
1302,F00252,Pusztaszeri út 25.,47.527451,19.028444,1543,1543.0,8.550744490954808e-08,0.00046392948271862676,0.04223703240003333,0.006914069954986929
1303,F00253,Alsó Zöldmáli út,47.528378,19.027328,1540,1540.0,4.7921311344748725e-09,0.00046392948271862676,0.03929752125265211,0.0030897462791913263
1304,F00254,Alsó Zöldmáli út,47.52818,19.027076,1541,1541.0,1.8685947874750084e-08,0.00046392948271862676,0.04050832926201781,0.0064988332950764414
1305,F00255,Szemlő-hegyi-barlang,47.528791,19.02442,1474,1474.0,1.047258444184702e-09,0.00046392948271862676,0.037836770769510246,0.00268836295844294
1306,F00256,Szemlő-hegyi-barlang,47.52871,19.024168,1475,1475.0,4.083445740676113e-09,0.00046392948271862676,0.038933550700121076,0.006091330626046707
1307,F00257,Zöldmáli lejtő,47.52861,19.021645,1472,1472.0,2.2901475431821717e-10,0.00046392948271862676,0.03650214811632627,0.002293482134012953
1308,F00258,Zöldmáli lejtő,47.528502,19.021605,1473,1473.0,8.923814069264287e-10,0.00046392948271862676,0.037508142682026645,0.00569121028424585
1309,F00259,Zöldkert út,47.529543,19.011127,1462,1462.0,1.439251518778846e-11,0.00046392948271862676,0.034682149128143276,0.001712760422438897
1310,F00260,Zöldkert út,47.529381,19.011074,1463,1463.0,4.3193341533246135e-11,0.00046392948271862676,0.03499359164567101,0.004936738406316638
1311,F00261,Pitypang utca,47.530037,19.008683,1464,1464.0,1.8238174881141222e-11,0.0006958942240779401,0.03419483997315565,0.0025599678622442354
1312,F00262,Pitypang utca,47.529803,19.009042,1465,1465.0,1.1960794164059049e-11,0.00046392948271862676,0.03422416156462637,0.004653571162318145
1313,F00264,Verecke lépcső,47.529019,19.004288,5216,5216.0,3.506910512576084e-12,0.0006958942240779401,0.03292572496555508,0.0009695710743123269
1314,F00265,Verecke lépcső,47.529117,19.003624,5217,5217.0,1.4153201670077975e-11,0.0013917884481558802,0.03373483607586917,0.007994372249499341
1315,F00266,Verecke lépcső,47.529027,19.002548,5218,5218.0,5.889693994730715e-11,0.00046392948271862676,0.03442832814788972,0.0014464561743319916
1316,F00267,Tömörkény utca,47.527437,19.007649,1460,1460.0,1.929176698524945e-12,0.00046392948271862676,0.03298587740181118,0.0006403574505757084
1318,F00269,Móricz Zsigmond Gimnázium,47.525387,19.009988,1470,1470.0,5.74258615428202e-12,0.00046392948271862676,0.03371473849695803,0.0008983705741904389
1320,F00271,Vöröstorony lépcső,47.531354,18.997248,5221,5221.0,7.314475778608093e-13,0.00023196474135931338,0.031809233519994894,0.0
1321,F00272,Vöröstorony lépcső,47.530905,18.998032,5222,5222.0,3.0862401395565585e-12,0.00046392948271862676,0.0325643326426826,0.00043508189539412747
1322,F00273,Nagybányai út,47.533628,18.993368,5223,5223.0,6.43707890077472e-13,0.00023196474135931338,0.0314718092563239,0.0
1325,F00278,Pasaréti tér,47.5235,18.992834,5292,5292.0,5.525326614486624e-09,0.00046392948271862676,0.037633601671266,0.0024556319675464932
1334,F00287,Júlia utca,47.514665,19.006491,1681,1681.0,3.5616901224919546e-08,0.0006958942240779401,0.04088043811949748,0.002298113747425055
1336,F00289,Vasas sportpálya,47.511464,19.008896,1641,1641.0,3.274464463177246e-08,0.00046392948271862676,0.04168171573849188,0.001899070234510486
1342,F00295,Endrődi Sándor utca,47.521071,19.012168,1665,1665.0,9.48134848673196e-09,0.00046392948271862676,0.03943115710004671,0.00025642560321741304
1352,F00305,Fény utcai piac,47.508275,19.023766,1806,1806.0,0.00012211322043287437,0.0006958942240779401,0.05107370298068928,0.0031245660855100197
1354,F00307,Széna tér,47.508114,19.026739,1787,1787.0,0.00024224539753899893,0.00046392948271862676,0.05489829637284653,0.035630297927284865
1355,F00308,Széna tér,47.508483,19.027323,1784,1784.0,0.000242245397538999,0.00046392948271862676,0.05489829637284653,0.035630297927284865
1358,F00311,Kelemen László utca,47.521667,18.990427,5295,5295.0,5.029331970899654e-07,0.00046392948271862676,0.04245362529064516,0.005793807318180067
1359,F00312,Kelemen László utca,47.52197,18.990313,5297,5297.0,1.0393746738297394e-08,0.00046392948271862676,0.03853157021648908,0.002173256671946421
1360,F00313,Kelemen László utca,47.521682,18.990539,5296,5296.0,1.1463799033073672e-08,0.00046392948271862676,0.03854175359921315,0.0026072621648284403
1361,F00314,Zuhatag sor,47.526078,18.985992,5251,5251.0,2.271378359660349e-09,0.00046392948271862676,0.0370142001560299,0.0017390358985619801
1362,F00315,Zuhatag sor,47.526114,18.985806,5252,5252.0,2.5052212866862383e-09,0.00046392948271862676,0.0370243202380958,0.002173256671946421
1363,F00316,Nagyhíd,47.528541,18.983692,5240,5240.0,4.963695775948008e-10,0.00046392948271862676,0.035611141082173975,0.0013045998446751176
1364,F00317,Nagyhíd,47.528245,18.983825,5241,5241.0,5.474745027015928e-10,0.00046392948271862676,0.0356211776669741,0.0017390358985619801
1365,F00318,Vadaskerti utca,47.531796,18.980992,5236,5236.0,1.0846217956797056e-10,0.00046392948271862676,0.034309944943385254,0.0008699485102858334
1366,F00319,Vadaskerti utca,47.531885,18.98078,5237,5237.0,1.1964100614245116e-10,0.00046392948271862676,0.03431988265372367,0.0013045998446751176
1367,F00320,Budenz út,47.52029,18.988862,5299,5299.0,4.979607015355845e-08,0.00046392948271862676,0.03939387673333393,0.0013045998446751176
1368,F00321,Széher út,47.525994,18.976838,5235,5235.0,4.948827958231338e-10,0.00023196474135931338,0.034988102201563086,0.0
1369,F00322,Tárogató út,47.527435,18.979439,5244,5244.0,5.525285112467424e-09,0.00023196474135931338,0.03742484390689728,0.0
1370,F00323,Bölöni György utca,47.525772,18.984479,5253,5253.0,1.1569673391327756e-07,0.0006958942240779401,0.040666473278956984,0.005404293129131851
1372,F00325,Szerb Antal utca,47.528081,18.981422,5242,5242.0,2.649092535286678e-08,0.0006958942240779401,0.03897998021612994,0.0017393588193156126
1382,F00345,Heinrich István utca,47.539299,18.970955,5168,5168.0,4.932999171370515e-12,0.00023196474135931338,0.031971774588793626,0.0
1383,F00346,Heinrich István utca,47.539263,18.970742,5169,5169.0,5.700705598625695e-12,0.00046392948271862676,0.03198148278128335,0.00043508189539412747
1384,F00347,Völgy utca,47.536739,18.975395,5164,5164.0,2.3651169963028016e-11,0.00046392948271862676,0.03309990777623604,0.00043508189539412747
1385,F00348,Völgy utca,47.536415,18.975621,5165,5165.0,2.6142899453782824e-11,0.00046392948271862676,0.033109735024916535,0.0008699485102858334
1444,F00409,Szent János Kórház,47.509728,19.009813,1646,1646.0,4.797348212776149e-06,0.00046392948271862676,0.0460868902613695,0.004774060421702212
1445,F00410,Szent János Kórház,47.509818,19.0098,1647,1647.0,4.926747830367998e-07,0.0009278589654372535,0.04281169563470623,0.010710749577425321
1446,F00411,Szent János Kórház,47.509837,19.009411,1650,1650.0,4.5572772413101855e-06,0.00046392948271862676,0.04607792917051565,0.003907986960459969
1447,F00412,Széll Kálmán tér M,47.507673,19.024615,1823,1823.0,0.0004366747451700118,0.003479471120389701,0.05399533815020067,0.09933699162021552
1449,F00415,Kelemen László utca,47.522366,18.990764,5294,5294.0,2.5283597925191887e-08,0.00046392948271862676,0.03902812742489492,0.002843100991821701
1450,F00416,Széher út 16.,47.521951,18.984624,5255,5255.0,1.0880997099329276e-08,0.00046392948271862676,0.037807720121882896,0.0008699485102858334
1451,F00417,Bölöni György utca / Széher út,47.524126,18.980545,5245,5245.0,2.3727035294578246e-09,0.00046392948271862676,0.036343653051753994,0.0004350818953941275
1452,F00422,Széll Kálmán tér M,47.507475,19.023859,1823,1823.0,0.0004366747451700118,0.003479471120389701,0.05399533815020067,0.09933699162021552
1453,F00423,Vöröstorony utca,47.528558,18.999495,5214,5214.0,2.641418750115688e-10,0.00046392948271862676,0.03539473172073178,0.0017684243117412613
1455,F00425,Nyúl utca,47.508723,19.018044,1636,1636.0,9.542752447824478e-05,0.00046392948271862676,0.05107163917436749,0.004774060421702212
1456,F00426,Nyúl utca,47.508669,19.017872,1637,1637.0,9.564621045949303e-05,0.00046392948271862676,0.051075766953814744,0.006071556009797416
1457,F00427,Nyúl utca,47.509002,19.017008,1639,1639.0,0.0001253985173526689,0.0006958942240779401,0.0516610209903044,0.0012028387327945706
1458,F00428,Nyúl utca,47.508625,19.018867,1638,1638.0,5.652060102765233e-08,0.00046392948271862676,0.044740942282126696,0.0103703502161816
1459,F00429,Akadémia,47.519534,18.993449,5283,5283.0,2.2956171625399203e-06,0.00046392948271862676,0.044414438744095015,0.006218268708788061
1460,F00430,Akadémia,47.519337,18.9939,5280,5280.0,5.24579573081899e-08,0.00046392948271862676,0.04018803403976122,0.003041052377208038
1461,F00431,Akadémia,47.518914,18.994153,5282,5282.0,2.2786570949806799e-07,0.0006958942240779401,0.04111805838141054,0.008033724259875454
1462,F00432,Akadémia,47.519292,18.994126,5281,5281.0,4.756144254101053e-08,0.00046392948271862676,0.04017781371151815,0.0026072621648284403
1464,F00435,Pusztadombi utca,47.602488,19.056793,4882,4882.0,2.27511744975941e-10,0.00046392948271862676,0.03547420719075073,0.0014837939226529555
1465,F00436,Égető utca,47.604054,19.052418,4873,4873.0,4.97520099305195e-11,0.00046392948271862676,0.03418589917848576,0.0010502728109013776
1466,F00437,Táncsics Mihály utca,47.602723,19.051234,4872,4872.0,1.1024831285087273e-11,0.00046392948271862676,0.03298960834892236,0.0006172091702174506
1467,F00438,Gulácsy Lajos utca,47.602642,19.048242,4870,4870.0,5.010894806311826e-13,0.00023196474135931338,0.031288975553988144,0.0
1468,F00439,Gulácsy Lajos utca,47.602534,19.048003,4871,4871.0,3.106670671358798e-12,0.0006958942240779401,0.031874747892761054,0.0004695788342399074
1469,F00440,Szőlőkert utca,47.554889,19.040682,917,917.0,7.280454051745538e-10,0.00046392948271862676,0.03875764730229368,0.002003069489906433
1470,F00441,Szőlőkert utca,47.554633,19.040776,918,918.0,7.85593170757957e-10,0.00046392948271862676,0.039131643898894584,0.002204059258151142
1471,F00442,Donát utca,47.604207,19.043933,4878,4878.0,6.479660425332859e-13,0.00023196474135931338,0.030827261116802777,0.0
1472,F00443,Bojtár utca 49.,47.55944,19.039791,4990,4990.0,3.7519695897171074e-11,0.00046392948271862676,0.036162369796982306,0.0013476734195178738
1473,F00444,Bojtár utca 49.,47.559517,19.038171,4991,4991.0,3.4772571863225077e-11,0.00046392948271862676,0.0358491839192129,0.0011487467560880363
1474,F00445,Templom utca,47.600312,19.04662,4874,4874.0,2.4024323619706646e-12,0.00046392948271862676,0.03236862417264292,0.00043508189539412747
1475,F00446,Templom utca,47.600123,19.046354,4875,4875.0,3.2221200091227343e-12,0.00046392948271862676,0.03238299941568215,0.00028761301979339927
1476,F00447,Hősök tere,47.598153,19.043987,4895,4895.0,2.691233044535381e-12,0.00046392948271862676,0.03238078700880808,0.00043508189539412747
1477,F00448,Hősök tere,47.597839,19.044652,4892,4892.0,1.1637494258606868e-11,0.00046392948271862676,0.033534932124452896,0.0008699485102858334
1478,F00449,Tamás utca,47.599601,19.041154,4876,4876.0,5.61326208504226e-13,0.00023196474135931338,0.031300340401718627,0.0
1479,F00450,Tamás utca,47.599385,19.041447,4877,4877.0,2.53770084590459e-12,0.00046392948271862676,0.032378021925293245,0.00043508189539412747
1480,F00451,Pince köz,47.601572,19.036089,4879,4879.0,5.29303213108918e-13,0.00023196474135931338,0.03129775675688737,0.0
1481,F00452,Hősök tere,47.597596,19.045662,4894,4894.0,1.101717412198967e-11,0.00046392948271862676,0.033524850889331485,0.0008699485102858334
1482,F00453,Hősök tere,47.598063,19.045569,4893,4893.0,1.2341571462876113e-11,0.0006958942240779401,0.03353789834757457,0.0015577966558111358
1483,F00454,Zemplén Győző utca,47.596121,19.04553,4890,4890.0,5.0418494027299696e-11,0.00046392948271862676,0.034766102176591214,0.0013045998446751176
1484,F00455,Zemplén Győző utca,47.595419,19.045317,4891,4891.0,5.3257300260415596e-11,0.0006958942240779401,0.034776943863809216,0.0032923654839478885
1485,F00456,Nád utca,47.593989,19.04912,4856,4856.0,2.3135861761603148e-10,0.0006958942240779401,0.03610899030134841,0.0037397118753934692
1486,F00457,Nád utca,47.594115,19.048442,4857,4857.0,2.3071008374693655e-10,0.0006958942240779401,0.036102114101112026,0.0017559271314113085
1487,F00458,Pünkösdfürdő utca,47.594962,19.051673,4862,4862.0,6.364182479959092e-10,0.0006958942240779401,0.03754342471417502,0.008730022148590895
1488,F00459,Pünkösdfürdő utca,47.594908,19.051833,4863,4863.0,6.365535164798431e-10,0.0006958942240779401,0.0375463988630443,0.009827291922247747
1489,F00460,Békásmegyer H,47.598126,19.054266,4907,4907.0,1.0410553624976581e-09,0.002551612154952447,0.03686485212471577,0.019817166000517635
1491,F00462,Szolgáltatóház,47.601212,19.058056,4880,4880.0,2.956299335160289e-10,0.00046392948271862676,0.035493135091768,0.0018929488665975318
1492,F00463,Szolgáltatóház,47.601213,19.057923,4881,4881.0,1.7496890780368914e-09,0.0009278589654372535,0.037100760629589245,0.013310685403473979
1495,F00466,Medgyessy Ferenc utca,47.59489,19.058162,4854,4854.0,4.9720625958602825e-11,0.00046392948271862676,0.0341871321135651,0.0009691070015873017
1496,F00467,Medgyessy Ferenc utca,47.595079,19.056766,4855,4855.0,4.972210595111433e-11,0.00046392948271862676,0.03418589917848576,0.0009151554011036251
1497,F00468,Békásmegyer H,47.597471,19.056261,4907,4907.0,1.0410553624976581e-09,0.002551612154952447,0.03686485212471577,0.019817166000517635
1498,F00469,Békásmegyer H,47.598146,19.055822,4907,4907.0,1.0410553624976581e-09,0.002551612154952447,0.03686485212471577,0.019817166000517635
1501,F00473,Madzsar József utca / Pünkösdfürdő utca,47.595277,19.054425,4860,4860.0,2.275055077636837e-10,0.00046392948271862676,0.03547487098587606,0.0013489814935669481
1502,F00474,Madzsar József utca / Pünkösdfürdő utca,47.595124,19.054572,4861,4861.0,2.2750519907034651e-10,0.00046392948271862676,0.035475534805843804,0.001402717813548196
1503,F00475,Madzsar József utca / Pünkösdfürdő utca,47.594861,19.053747,4864,4864.0,2.2760423712492521e-10,0.00046392948271862676,0.03547387530250352,0.0006435303891470086
1504,F00476,Madzsar József utca / Pünkösdfürdő utca,47.59469,19.05279,4865,4865.0,3.079475514789291e-10,0.00046392948271862676,0.036389694763555136,5.276986429716643e-05
1505,F00477,Szent István utca,47.592415,19.052111,4868,4868.0,5.0195451351331494e-11,0.00046392948271862676,0.034184049942601276,0.0002094172560137811
1506,F00478,Csillaghegy H,47.585804,19.047125,5026,5026.0,1.7794983182376471e-09,0.002319647413593134,0.0387097695335769,0.03651268678111946
1510,F00482,Szent István utca,47.590814,19.049851,4869,4869.0,4.353924096420567e-10,0.00046392948271862676,0.037353686303244024,0.00033540771978446
1513,F00485,Római tér,47.569797,19.048509,4971,4971.0,3.908995666782448e-09,0.0006958942240779401,0.03970408422776803,0.0008699485102858334
1514,F00486,Monostori út,47.57314,19.050621,4973,4973.0,8.52414333517535e-10,0.00046392948271862676,0.03809259414076424,0.00043508189539412747
1517,F00489,Rómaifürdő H,47.575562,19.049067,5045,5045.0,4.400968438795243e-09,0.001159823706796567,0.039920621558047924,0.03739262783656447
1518,F00490,Czetz János köz,47.578653,19.050502,5049,5049.0,9.618088404580376e-10,0.00046392948271862676,0.03829457379923233,0.0015291880815433583
1519,F00491,Czetz János köz,47.578737,19.05013,5050,5050.0,3.0963396836092764e-09,0.0006958942240779401,0.03950057959770175,0.0034778416164156557
1521,F00493,Attila utca,47.579328,19.052762,5047,5047.0,2.1030114233263172e-10,0.00046392948271862676,0.03679580610196797,0.0010950749484101296
1522,F00494,Attila utca,47.579697,19.052895,5048,5048.0,6.805343804767407e-10,0.00046392948271862676,0.03790675060067774,0.0005663399554384737
1523,F00495,Huba utca,47.581342,19.054477,5053,5053.0,4.6453166166420885e-11,0.00046392948271862676,0.03555404037304507,0.0007081577085655313
1524,F00496,Huba utca,47.581657,19.054543,5054,5054.0,1.6639431236605773e-10,0.00046392948271862676,0.03678937975998788,0.00021325122740000014
1525,F00497,Hunyadi utca,47.584949,19.056099,5015,5015.0,1.2412716929766566e-11,0.00046392948271862676,0.03455351294126098,0.000375302016032625
1526,F00498,Hunyadi utca,47.584805,19.0559,5016,5016.0,1.172219494499364e-10,0.00046392948271862676,0.035765996958706865,8.207389754406209e-05
1527,F00499,Pók utca,47.565278,19.05797,4982,4982.0,2.9476013627298374e-09,0.00046392948271862676,0.039494819336521304,0.0013045998446751176
1528,F00500,Dósa utca,47.575751,19.056723,5040,5040.0,6.766729072208372e-10,0.00046392948271862676,0.03790978259496682,0.0020711918938622997
1529,F00501,Dósa utca,47.575598,19.05756,5041,5041.0,9.61785491572391e-10,0.00046392948271862676,0.03829573412365813,0.002125287014680916
1530,F00502,Kadosa utca,47.57126,19.05413,4972,4972.0,1.7779481844940804e-10,0.00023196474135931338,0.0366061077001679,0.0
1531,F00504,Sujtás utca,47.563461,19.050927,4987,4987.0,4.239316054060651e-09,0.00046392948271862676,0.03949317385617231,2.4988812461747658e-05
1532,F00505,Záhony utca,47.561375,19.048229,4984,4984.0,6.837058511595964e-09,0.00046392948271862676,0.040802572294202887,0.00019080874759516947
1533,F00506,Záhony utca,47.562206,19.048163,4986,4986.0,8.76608676223435e-09,0.00046392948271862676,0.041011320608988155,0.0
1534,F00507,Záhony utca,47.560974,19.04714,4985,4985.0,8.76608676223435e-09,0.00046392948271862676,0.041011320608988155,0.0
1535,F00508,Kaszásdűlő H,47.557098,19.04617,909,909.0,2.8540070002191392e-08,0.0016237531895151936,0.042657088613446185,0.046323456279017856
1536,F00509,Kaszásdűlő H,47.556567,19.045533,909,909.0,2.8540070002191392e-08,0.0016237531895151936,0.042657088613446185,0.046323456279017856
1539,F00512,Kaszásdűlő utca,47.557642,19.041678,4988,4988.0,1.5910730371224612e-10,0.00046392948271862676,0.03724178520786736,0.0015745357097942969
1540,F00513,Kaszásdűlő utca,47.558289,19.042063,4989,4989.0,1.7168204153457155e-10,0.00046392948271862676,0.03758585086819381,0.0017751128570760316
1541,F00514,Dinamó utca,47.563968,19.036284,4997,4997.0,4.582999928600827e-13,0.00046392948271862676,0.032629066181174574,0.00012619786183821704
1542,F00515,Kunigunda útja,47.560105,19.033545,4994,4994.0,7.604990988578934e-12,0.00046392948271862676,0.034689129726116076,0.0007686331489789004
1543,F00516,Kunigunda útja,47.560362,19.035022,4992,4992.0,1.4154801220380965e-12,0.00046392948271862676,0.03336378434422145,0.0004057324525807511
1544,F00517,Kunigunda útja,47.55993,19.035594,4993,4993.0,8.202508786684158e-12,0.00046392948271862676,0.034855268153878745,0.0009249701530129902
1545,F00518,Orbán Balázs út,47.555809,19.026945,5206,5206.0,5.815760851532623e-10,0.00046392948271862676,0.0386766015768184,0.008234467899527856
1546,F00519,Orbán Balázs út,47.556403,19.026307,5207,5207.0,2.46338562672065e-12,0.00046392948271862676,0.03425539024630846,0.0017029281043392257
1547,F00520,Bojtár utca (Bécsi út),47.560099,19.024711,5004,5004.0,1.3382295838373586e-10,0.0006958942240779401,0.03732794466841304,0.008055023784026895
1548,F00521,Bojtár utca,47.559002,19.024898,5002,5002.0,5.406695375822381e-13,0.00046392948271862676,0.03334559253160192,0.0013781039122645231
1549,F00522,Óbudai temető,47.566232,19.021931,4969,4969.0,6.724759358347354e-12,0.00046392948271862676,0.034897934980058824,0.0025111241245724084
1550,F00523,Óbudai temető,47.565923,19.023258,4967,4967.0,6.97818513440815e-12,0.00046392948271862676,0.03517930466022204,0.003293971524175562
1551,F00524,Óbudai temető,47.56572,19.022755,4968,4968.0,2.2097947266406634e-13,0.00046392948271862676,0.03161192419448569,0.0006664957753207813
1557,F00534,Királyhelmec utca,47.553016,19.02244,5210,5210.0,5.395657891056474e-13,0.00046392948271862676,0.03261278855339524,0.004774060421702212
1558,F00535,Farkastorki út,47.553803,19.021193,5208,5208.0,1.2382521234147074e-13,0.0006958942240779401,0.03152230648529236,0.004343822337612571
1559,F00536,Királyhelmec utca,47.55351,19.021868,5209,5209.0,2.7772261484162217e-11,0.0006958942240779401,0.035579729708574724,0.005643578370983202
1560,F00537,Judit utca,47.556113,19.018256,5198,5198.0,1.3263983506049248e-12,0.00046392948271862676,0.03307507663761921,0.0013045998446751176
1561,F00538,Judit utca,47.556005,19.018282,5199,5199.0,2.7059632999370713e-14,0.00046392948271862676,0.030499446066839273,0.0017390358985619801
1562,F00539,Laborc utca,47.557758,19.015544,4944,4944.0,2.8984205595749914e-13,0.00046392948271862676,0.031949683470823005,0.0008699485102858334
1563,F00540,Laborc utca,47.557633,19.015638,4945,4945.0,5.913336161618048e-15,0.00046392948271862676,0.02954042020632925,0.0013045998446751176
1564,F00541,Jablonka út 53.,47.558945,19.013152,4948,4948.0,6.320470805418825e-14,0.00046392948271862676,0.030897850611031903,0.00043508189539412747
1565,F00542,Jablonka út 58.,47.559071,19.012753,4949,4949.0,1.2921122313656715e-15,0.00046392948271862676,0.028639434377825047,0.0008699485102858334
1566,F00543,Jablonka út 73.,47.5605,19.010959,4946,4946.0,1.3183176404601995e-14,0.00023196474135931338,0.02991259435762154,0.0
1567,F00544,Jablonka út 74.,47.560266,19.011131,4947,4947.0,2.8175301058155397e-16,0.00046392948271862676,0.027791374781639275,0.00043508189539412747
1568,F00545,Jablonka út,47.562091,19.008167,4940,4940.0,5.876531429687283e-17,0.00023196474135931338,0.026991711233909175,0.0
1569,F00546,Erdőalja út,47.559451,19.006597,4941,4941.0,6.334919263905533e-14,0.00046392948271862676,0.030903894594459226,0.0017390358985619801
1570,F00547,Áldomás utca,47.561846,19.03558,4995,4995.0,1.8064413717865151e-12,0.00046392948271862676,0.03365488790093812,0.0005152931509088025
1571,F00548,Áldomás utca,47.562026,19.035513,4996,4996.0,3.9083018605424537e-13,0.00046392948271862676,0.03223735204590655,6.320904651727275e-05
1572,F00549,Kubik utca,47.562554,19.023634,4998,4998.0,3.077080988055044e-11,0.0006958942240779401,0.03621867487757328,0.006381021224843068
1573,F00550,Kubik utca,47.561331,19.02382,4999,4999.0,1.2887561489159142e-13,0.00046392948271862676,0.032519924830253365,0.0010653677204007967
1574,F00551,Hedvig utca,47.556066,19.011267,4942,4942.0,2.8987362845425053e-13,0.00046392948271862676,0.031954530125093895,0.002173256671946421
1575,F00552,Hedvig utca,47.556066,19.011148,4943,4943.0,1.3844312999197601e-14,0.00046392948271862676,0.029919675490683917,0.0013045998446751176
1576,F00553,Erdőalja út 43.,47.553513,19.014006,5197,5197.0,1.3264052354939255e-12,0.00046392948271862676,0.03307853921085435,0.0026072621648284403
1577,F00554,Viharhegyi út,47.552654,19.014442,5195,5195.0,3.0252329898103222e-15,0.00046392948271862676,0.028995768285207096,0.0008699485102858334
1578,F00555,Viharhegyi út,47.553113,19.014349,5196,5196.0,5.913336161618048e-15,0.00046392948271862676,0.02954042020632925,0.0013045998446751176
1579,F00556,Körtvélyes köz,47.553338,19.017351,5200,5200.0,6.069371751674398e-12,0.00046392948271862676,0.034283885814888344,0.003041052377208038
1580,F00557,Körtvélyes utca,47.553217,19.017367,5201,5201.0,2.7059632999370713e-14,0.00046392948271862676,0.030499446066839273,0.0017390358985619801
1581,F00558,Óbudai temető,47.56438,19.022503,4970,4970.0,7.722819922621349e-14,0.0006958942240779401,0.03175409009173157,0.0011261100371570132
1582,F00559,Iskola,47.550401,19.016067,5190,5190.0,1.2921122313656715e-15,0.00046392948271862676,0.028639434377825047,0.0008699485102858334
1583,F00560,Iskola,47.550168,19.016306,5191,5191.0,6.597005511863706e-16,0.00046392948271862676,0.028126794323571586,0.00043508189539412747
1584,F00561,Királylaki út,47.549056,19.014843,5192,5192.0,2.817530105815539e-16,0.00046392948271862676,0.027791374781639275,0.00043508189539412747
1585,F00562,Királylaki út,47.548813,19.015122,5193,5193.0,1.3759969586656645e-16,0.00023196474135931338,0.02730799605023761,0.0
1586,F00563,Máramaros út,47.546588,19.017132,5194,5194.0,5.876531429687284e-17,0.00023196474135931338,0.026991711233909175,0.0
1587,F00564,Táborhegyi út,47.550156,19.025896,931,931.0,5.523966856187749e-10,0.00046392948271862676,0.03847917184825541,0.006503623978157641
1588,F00565,Táborhegyi út,47.549711,19.026363,932,932.0,1.1270075442136983e-11,0.00046392948271862676,0.035034979307769845,0.00563927276093477
1589,F00566,Bécsi út / Vörösvári út,47.548659,19.027812,928,928.0,2.5273695302608426e-09,0.00046392948271862676,0.0401123567651587,0.006935476666015444
1590,F00567,Bécsi út / Vörösvári út,47.547895,19.029632,921,921.0,5.157165564400263e-11,0.00046392948271862676,0.03638515517453763,0.006071556009797416
1592,F00569,Bécsi út / Vörösvári út,47.548766,19.02937,923,923.0,1.0432363816706682e-08,0.00023196474135931338,0.041733557527278836,0.0
1593,F00570,Bécsi út / Vörösvári út,47.548381,19.029565,927,927.0,5.15716666152653e-11,0.00046392948271862676,0.03646598930142329,0.002427720404145209
1598,F00576,Bogdáni út,47.550154,19.043979,902,902.0,2.2984067463802764e-08,0.0006958942240779401,0.043237893966261744,0.009642433266884517
1599,F00577,Bogdáni út,47.548409,19.043102,903,903.0,6.975344363263973e-08,0.001159823706796567,0.04418515417924314,0.04182696089586597
1602,F00580,Raktár utca,47.545288,19.042837,951,951.0,7.52691557306661e-08,0.00046392948271862676,0.04469084457678262,0.003501285745618317
1603,F00581,Raktár utca,47.544947,19.042757,953,953.0,7.663219170143369e-08,0.00046392948271862676,0.04493713494890066,0.009848245912210113
1605,F00583,Raktár utca,47.544713,19.042212,954,954.0,2.6154109797231416e-07,0.0006958942240779401,0.046076249353919525,0.0423487372218779
1606,F00584,Óbudai rendelőintézet,47.546735,19.032621,935,935.0,1.1564686103009906e-08,0.0006958942240779401,0.04188939674293375,0.01914335347668498
1607,F00585,Óbudai rendelőintézet,47.545493,19.033634,942,942.0,2.359921072660274e-10,0.0006958942240779401,0.03784281287073598,0.009265527894220311
1608,F00586,Óbudai rendelőintézet,47.545957,19.033456,943,943.0,4.7741411483687926e-08,0.00023196474135931338,0.04367467558495429,0.0
1609,F00587,Óbudai rendelőintézet,47.544878,19.034772,944,944.0,5.001635589988399e-08,0.00046392948271862676,0.04367668796460618,0.00043508189539412747
1610,F00588,Vihar utca,47.543987,19.036393,949,949.0,5.026327694538678e-08,0.00046392948271862676,0.04378310453208844,0.019459008513360708
1611,F00589,Szőlő utca,47.543529,19.036473,950,950.0,1.0283291723418043e-09,0.00046392948271862676,0.03939264891051075,0.009617080954674862
1612,F00590,Váradi utca,47.543524,19.029926,938,938.0,1.6775422436716455e-08,0.00046392948271862676,0.03931422713031667,0.00043508189539412747
1613,F00591,Váradi utca,47.54383,19.029979,937,937.0,1.6775422436716455e-08,0.00046392948271862676,0.03931422713031667,0.00043508189539412747
1614,F00592,Váradi utca,47.543506,19.031466,940,940.0,2.8852163173651367e-13,0.00046392948271862676,0.031959378250028585,0.00043508189539412747
1615,F00594,Szent Margit Kórház,47.539936,19.031202,945,945.0,7.693191266419296e-08,0.00046392948271862676,0.041033067859784556,0.0008699485102858334
1616,F00595,Szent Margit Kórház,47.539603,19.031242,947,947.0,7.693191266419296e-08,0.00046392948271862676,0.041033067859784556,0.0008699485102858334
1617,F00596,Szent Margit Kórház,47.539891,19.031348,946,946.0,6.054843395149547e-12,0.00046392948271862676,0.03429442878731744,0.0013045998446751176
1618,F00597,Szent Margit Kórház,47.540475,19.030764,948,948.0,1.32309292691429e-12,0.00046392948271862676,0.03308604394051825,0.0008699485102858334
1619,F00598,Katinyi mártírok parkja,47.532615,19.036517,845,845.0,1.6111312520362975e-06,0.00046392948271862676,0.04496164679161152,0.0017390358985619801
1620,F00599,Katinyi mártírok parkja,47.532318,19.036703,847,847.0,1.6111312520362975e-06,0.00046392948271862676,0.04496164679161152,0.0017390358985619801
1623,F00602,Galagonya utca,47.530133,19.039386,882,882.0,7.787214748652404e-06,0.0006958942240779401,0.04893286145525561,0.017083039513993713
1624,F00603,Nagyszombat utca,47.531833,19.040023,883,883.0,7.766614110731507e-06,0.00046392948271862676,0.04908679814074091,0.018598740753818933
1625,F00604,Tímár utca,47.535152,19.039969,849,849.0,1.7136894023535167e-06,0.00046392948271862676,0.04775090530298333,0.01836888305872769
1626,F00605,Tímár utca,47.534333,19.03973,850,850.0,1.7041650369884467e-06,0.00046392948271862676,0.04701785195966657,0.00932603288560567
1627,F00606,Kiscelli utca,47.538723,19.0405,867,867.0,4.497621732618884e-07,0.0006958942240779401,0.047164651154137115,0.022458056308412643
1628,F00607,Kiscelli utca,47.539244,19.040407,868,868.0,3.8349856229427416e-07,0.00046392948271862676,0.04634205545879797,0.009154064023542033
1629,F00608,Remetehegyi út,47.535342,19.027243,1490,1490.0,1.868594655487757e-08,0.00023196474135931338,0.040325232492617984,0.0
1630,F00609,Mikoviny utca,47.53214,19.029051,1494,1494.0,2.2976127364812383e-08,0.00046392948271862676,0.04078413918169918,0.00043508189539412747
1631,F00610,Kőzet utca,47.532878,19.028453,1495,1495.0,8.959088432219247e-08,0.00046392948271862676,0.042136585381823535,0.00043508189539412747
1632,F00611,Flórián tér,47.542896,19.042252,875,875.0,3.444213691909662e-07,0.0009278589654372535,0.046915460913688506,0.018380755343070165
1633,F00612,Flórián tér,47.541987,19.04119,873,873.0,1.3453815017829e-07,0.00046392948271862676,0.045974569078163656,0.009080039395640494
1634,F00613,Flórián tér,47.541664,19.040088,870,870.0,2.294148234139329e-07,0.00046392948271862676,0.045864458341902135,0.019882034700619226
1635,F00614,Flórián tér,47.541517,19.03996,871,871.0,2.288888151360324e-07,0.00046392948271862676,0.04580738680725096,0.00043508189539412747
1636,F00615,Flórián tér,47.541109,19.040538,874,874.0,2.2936332086050756e-07,0.00046392948271862676,0.04580849364016082,0.0008699485102858334
1637,F00616,Flórián tér,47.541672,19.039184,872,872.0,4.694367155529529e-09,0.00046392948271862676,0.04108286257444651,0.0100433363494697
1638,F00617,ATI,47.570567,19.018314,4956,4956.0,1.4700122024060806e-12,0.00046392948271862676,0.03367072760486095,0.0020848687297775675
1639,F00618,ATI,47.56955,19.018939,4957,4957.0,2.041106526019993e-14,0.00046392948271862676,0.031039749789884913,0.0003929957573482886
1641,F00620,Szentlélek tér H,47.539787,19.046303,862,862.0,1.049630604609771e-06,0.002551612154952447,0.048157856016249535,0.06681868436260571
1642,F00621,Szentlélek tér H,47.54021,19.045904,862,862.0,1.049630604609771e-06,0.002551612154952447,0.048157856016249535,0.06681868436260571
1643,F00622,Szentlélek tér H,47.540165,19.046263,862,862.0,1.049630604609771e-06,0.002551612154952447,0.048157856016249535,0.06681868436260571
1644,F00623,Szentlélek tér H,47.54012,19.046502,862,862.0,1.049630604609771e-06,0.002551612154952447,0.048157856016249535,0.06681868436260571
1647,F00626,Szentlélek tér H,47.539593,19.045207,862,862.0,1.049630604609771e-06,0.002551612154952447,0.048157856016249535,0.06681868436260571
1648,F00627,Szentlélek tér H,47.539694,19.045773,862,862.0,1.049630604609771e-06,0.002551612154952447,0.048157856016249535,0.06681868436260571
1649,F00628,Szentlélek tér H,47.53919,19.04568,862,862.0,1.049630604609771e-06,0.002551612154952447,0.048157856016249535,0.06681868436260571
1650,F00629,Szentlélek tér H,47.539377,19.045937,862,862.0,1.049630604609771e-06,0.002551612154952447,0.048157856016249535,0.06681868436260571
1651,F00630,Bóbita utca,47.572851,19.016226,4916,4916.0,3.229876093913421e-13,0.00046392948271862676,0.032529689735615916,0.0016596897374948347
1652,F00631,Bóbita utca,47.571951,19.016865,4918,4918.0,2.0631146150745035e-14,0.00046392948271862676,0.030811479242510903,0.00038294480200229316
1655,F00634,Szélvész utca,47.531479,19.020342,1486,1486.0,5.031901267222418e-09,0.00046392948271862676,0.03909291208033107,0.002173256671946421
1656,F00635,Szélvész utca,47.531371,19.020382,1487,1487.0,1.962091492042565e-08,0.00046392948271862676,0.04033552796807965,0.0026072621648284403
1657,F00636,Madzsar József utca / Hadrianus utca,47.603002,19.059267,4883,4883.0,3.763497698087854e-10,0.0009278589654372535,0.03567983735222305,0.0030567367216643242
1668,F00653,Boglár utca,47.594809,19.060568,4853,4853.0,1.0887695491500453e-11,0.00046392948271862676,0.03298731228159515,0.00048132930864026413
1669,F00654,Pünkösdfürdő,47.594439,19.065793,4848,4848.0,2.4790846256691413e-12,0.00046392948271862676,0.03186992540814631,0.00013864241680875073
1670,F00655,Pünkösdfürdő,47.594322,19.066352,4849,4849.0,2.4480254176390096e-12,0.00046392948271862676,0.031872604386098125,0.00019283979586602035
1671,F00656,Sinkovits Imre utca,47.589636,19.065606,5056,5056.0,9.982954708924496e-13,0.00046392948271862676,0.03233246613044479,0.00015800703325938943
1672,F00657,Sinkovits Imre utca,47.589969,19.065513,5057,5057.0,8.561728534907611e-13,0.00046392948271862676,0.032331363339018475,0.00020907925702317
1673,F00658,Mátyás király út,47.58478,19.065032,5032,5032.0,2.307190007684366e-12,0.00046392948271862676,0.03318740162436228,0.00047022059265832447
1674,F00659,Mátyás király út,47.585068,19.064953,5033,5033.0,1.6568597637509388e-12,0.00046392948271862676,0.03314591483380444,0.0005122707693664535
1675,F00660,Szent János utca,47.579923,19.0641,5036,5036.0,4.593978504558063e-11,0.00046392948271862676,0.035412913379876634,0.0012576348297542357
1676,F00661,Szent János utca,47.57879,19.063728,5037,5037.0,3.23229803482564e-11,0.00046392948271862676,0.03508392985901689,0.001217782991605165
1677,F00662,Nimród utca,47.575822,19.06269,5038,5038.0,1.4788090933520573e-10,0.00046392948271862676,0.036442156695917105,0.0016375810819013702
1678,F00663,Nimród utca,47.575696,19.062837,5039,5039.0,2.1018919569106309e-10,0.00046392948271862676,0.03679794871490093,0.0016914609222175776
1679,F00664,Nánási út,47.570279,19.061613,4981,4981.0,1.4045568230933228e-10,0.00046392948271862676,0.03642955204149989,0.00043508189539412747
1680,F00665,Silvanus sétány,47.567193,19.061506,4983,4983.0,6.441006362369416e-10,0.00046392948271862676,0.037900688066845836,0.0008699485102858334
1681,F00666,Aquincum H,47.567333,19.049399,4975,4975.0,1.3487791663122926e-08,0.001855717930874507,0.04122804274947146,0.043731824461095796
1682,F00667,Aquincum H,47.567585,19.048854,4975,4975.0,1.3487791663122926e-08,0.001855717930874507,0.04122804274947146,0.043731824461095796
1683,F00668,Aquincum H,47.566424,19.049798,4975,4975.0,1.3487791663122926e-08,0.001855717930874507,0.04122804274947146,0.043731824461095796
1684,F00669,Laborc utca,47.552221,19.027823,5205,5205.0,1.1270128040623635e-11,0.00046392948271862676,0.0352535529648678,0.0020511507241640337
1685,F00670,Csillaghegyi út / Bojtár utca,47.56051,19.031127,5000,5000.0,6.395472121655696e-12,0.00046392948271862676,0.034588185285783016,0.0008387691832018722
1686,F00671,Csillaghegyi út / Bojtár utca,47.56095,19.029878,5001,5001.0,1.688508444256627e-12,0.00046392948271862676,0.03373873838199186,0.0004371227032998221
1687,F00672,Zúzmara utca,47.552215,19.023782,5203,5203.0,1.2101108055331854e-10,0.00046392948271862676,0.03697305401731211,0.006071556009797416
1688,F00673,Zúzmara utca,47.551793,19.024022,5204,5204.0,2.4631444299992543e-12,0.00046392948271862676,0.033780820501798696,0.005206774231569702
1689,F00674,Verhovina utca,47.554504,19.020356,5202,5202.0,6.0693703156309895e-12,0.00046392948271862676,0.03428202596321397,0.0017390358985619801
1690,F00676,Szamos utca,47.582828,19.064793,5034,5034.0,1.0063250022669163e-11,0.00046392948271862676,0.03412835855610613,0.0008390087367646542
1691,F00677,Szamos utca,47.582001,19.064487,5035,5035.0,7.0874441861109375e-12,0.00046392948271862676,0.034073460721100936,0.0008440595419807996
1693,F00679,Óbudai autóbuszgarázs,47.568014,19.026023,4965,4965.0,9.822342816078842e-13,0.0006958942240779401,0.03221927241473613,0.0038818829650962114
1694,F00680,Bécsi út / Vörösvári út,47.550117,19.028768,930,930.0,2.6544537815900607e-09,0.0006958942240779401,0.04015313603286446,0.011569333312436739
1695,F00681,Kisbojtár utca,47.559888,19.026769,5003,5003.0,2.924662482487389e-11,0.00046392948271862676,0.03590587723090333,0.0012718059138229943
1696,F00682,Bercsényi utca,47.585543,19.051486,5018,5018.0,1.3058360552460547e-11,0.00046392948271862676,0.0337537556691568,0.00010233384311243734
1697,F00683,Bercsényi utca,47.585399,19.051925,5019,5019.0,3.9561263985483344e-10,0.00046392948271862676,0.03717788184360155,0.00032920720058947914
1698,F00684,Selmeci utca,47.53623,19.033342,841,841.0,3.520790934524205e-07,0.00046392948271862676,0.04290810636983706,0.0013045998446751176
1699,F00685,Selmeci utca,47.53543,19.033833,843,843.0,3.520790934524205e-07,0.00046392948271862676,0.04290810636983706,0.0013045998446751176
1702,F00688,Kolostor út,47.533228,19.02577,1491,1491.0,4.792123235053323e-09,0.00023196474135931338,0.03908485260004939,0.0
1703,F00690,Magnólia utca,47.564732,19.030742,4959,4959.0,4.903300857062482e-13,0.00046392948271862676,0.03287035019404424,0.0001184078643402738
1704,F00691,Madridi utca,47.546519,19.097433,1007,1007.0,1.6076710326882163e-07,0.00046392948271862676,0.040668654184498956,0.0006350571276937272
1705,F00692,Madridi utca,47.546636,19.097633,1008,1008.0,2.3057152793799014e-07,0.00046392948271862676,0.04193572637125499,0.0012815425013520242
1706,F00693,Angyalföld vasútállomás,47.550146,19.091379,1006,1006.0,0.0002470879667730344,0.00046392948271862676,0.05109021943789519,0.0002755255977359258
1707,F00697,Fóti út,47.582435,19.08161,5062,5062.0,1.2089882461010812e-07,0.00046392948271862676,0.03949934511457493,0.004049405461979397
1708,F00698,Fóti út,47.583613,19.08193,5064,5064.0,1.286688247417511e-07,0.00046392948271862676,0.039855580339342944,0.012336545961531538
1709,F00699,"Újpest, Fóti út",47.582663,19.082353,5063,5063.0,1.9685839192556774e-07,0.00046392948271862676,0.039203257259076814,0.00014978544547186888
1710,F00700,Tímár utca,47.572325,19.080806,1363,1363.0,1.158475829610205e-05,0.0009278589654372535,0.04428578845083267,0.012700425904474667
1711,F00701,Tímár utca,47.572379,19.080952,1364,1364.0,9.17516867781809e-06,0.0009278589654372535,0.044423805365819094,0.016749906820731873
1712,F00702,Zsilip utca,47.567927,19.080019,1372,1372.0,4.585195262785693e-06,0.00046392948271862676,0.04229026562697574,1.3883285829383898e-05
1713,F00703,Zsilip utca,47.568812,19.08047,1373,1373.0,3.622516283618514e-06,0.00046392948271862676,0.0424161069847793,1.6557975214431132e-05
1714,F00704,Károlyi István utca,47.565589,19.079234,1376,1376.0,1.0399249655423594e-05,0.00046392948271862676,0.043968929501749764,0.000197825738685709
1715,F00705,Károlyi István utca,47.564953,19.079213,1377,1377.0,8.193212675329314e-06,0.00046392948271862676,0.04406038667360081,0.00019679328927617873
1716,F00706,"Újpest, Árpád út hajóállomás",47.562108,19.078448,1411,1411.0,3.566034105931299e-05,0.0006958942240779401,0.046230743215755356,0.017452629708175054
1717,F00707,"Megyer, Julianus barát utca",47.584925,19.086158,5066,5066.0,9.84995136051346e-09,0.00023196474135931338,0.036308155085544296,0.0
1718,F00708,Gárdonyi Géza utca,47.58424,19.090438,5081,5081.0,4.72262999073029e-08,0.00046392948271862676,0.03777005852874239,0.0004350818953941275
1719,F00709,Megyeri temető,47.582507,19.090767,5067,5067.0,2.1657986392549382e-07,0.0009278589654372535,0.03935380740216082,0.005323367709605265
1720,F00710,Megyeri temető,47.58141,19.089955,5068,5068.0,1.0548962630583254e-07,0.00046392948271862676,0.039229621797392644,0.002057827189253498
1721,F00711,Fiumei út,47.582551,19.085997,5069,5069.0,8.62159111360984e-09,0.00023196474135931338,0.03596411457552847,0.0
1722,F00712,Megyeri út / Fóti út,47.579636,19.088653,5072,5072.0,1.0824733756222253e-07,0.0006958942240779401,0.03784394597955317,0.0003176069132310139
1723,F00713,Megyeri út / Fóti út,47.579396,19.087494,5074,5074.0,8.356036605512801e-07,0.001159823706796567,0.04087118426645602,0.006999408033819431
1724,F00714,Megyeri út / Fóti út,47.580286,19.088731,5075,5075.0,4.816230886102509e-07,0.0006958942240779401,0.040627256938789984,0.00315203374062688
1725,F00715,Megyeri út,47.579647,19.088983,5073,5073.0,4.133681894987854e-08,0.00046392948271862676,0.037397897517269386,0.00043508189539412747
1727,F00717,"Megyer, Szondi utca",47.5856,19.094053,5079,5079.0,4.7329715515604936e-08,0.00046392948271862676,0.038055890916588626,0.004028009870310851
1728,F00718,"Megyer, Szondi utca",47.586247,19.095104,5080,5080.0,2.4153966826896908e-08,0.0006958942240779401,0.037951521755849295,0.0017507049490630504
1729,F00720,Homoktövis utca,47.594008,19.113778,4750,4750.0,5.565890856618522e-10,0.0006958942240779401,0.03521393671310324,0.004478847918358695
1730,F00721,Megyeri út,47.593838,19.113684,4751,4751.0,4.307324743624281e-12,0.00046392948271862676,0.03217552706213684,0.0005798559952258168
1731,F00722,"Káposztásmegyer, Mogyoródi-patak",47.598483,19.121269,4766,4766.0,8.226087020736249e-11,0.00046392948271862676,0.03439615943741453,0.001397780178097273
1732,F00723,"Káposztásmegyer, Megyeri út",47.593184,19.12007,4753,4753.0,2.8198042607645328e-11,0.00046392948271862676,0.03280295387609021,0.0013045998446751174
1733,F00724,Megyeri út,47.593175,19.12023,4754,4754.0,7.0963453572334985e-12,0.00046392948271862676,0.031862426665182575,0.00043508189539412747
1734,F00725,"Káposztásmegyer, Megyeri út",47.59342,19.120491,4755,4755.0,7.718945779914955e-11,0.00023196474135931338,0.03200902137150834,0.0
1735,F00726,Szíjgyártó utca,47.58923,19.114919,4792,4792.0,2.018203120495379e-11,0.00046392948271862676,0.03285383099890296,0.0006860126091590838
1736,F00727,Szíjgyártó utca,47.588852,19.114108,4793,4793.0,3.6435625524934833e-11,0.00046392948271862676,0.033298152591405915,0.0009977198419492432
1737,F00728,Homoktövis utca,47.589417,19.11831,4794,4794.0,3.254393004201487e-11,0.0006958942240779401,0.032982147298504634,0.0015132161032294588
1738,F00729,Homoktövis utca (Óvoda),47.590047,19.117354,4795,4795.0,8.140850742391241e-12,0.00046392948271862676,0.0326015720624867,0.00073765716255782
1739,F00730,Gimnázium,47.582749,19.106177,4829,4829.0,1.315311133351642e-09,0.00046392948271862676,0.035454636403944036,0.0015922888643980391
1740,F00731,Gimnázium,47.582677,19.105938,4830,4830.0,3.487449059637895e-09,0.00046392948271862676,0.036319284235171084,0.0020144393636264066
1741,F00732,Művelődési Központ,47.579755,19.109307,4843,4843.0,6.018627038084264e-09,0.0006958942240779401,0.03657962120093957,0.002831149219650331
1742,F00733,Művelődési Központ,47.579639,19.109041,4844,4844.0,1.5958703692502475e-08,0.0006958942240779401,0.03753264737320602,0.0035320946329588454
1744,F00735,Járműtelep utca,47.582539,19.117047,4823,4823.0,8.67055433553064e-09,0.00046392948271862676,0.035776458602247464,0.0008699485102858334
1745,F00736,Járműtelep utca,47.582099,19.1169,4820,4820.0,7.767433415551785e-09,0.00046392948271862676,0.03565735626300962,0.0013045998446751176
1748,F00739,Hajló utca,47.578773,19.112377,4833,4833.0,1.8259066676997751e-09,0.0009278589654372535,0.03523782676514741,0.0006467672134253226
1749,F00740,Hajló utca,47.578593,19.112616,4834,4834.0,3.819673688397459e-09,0.0006958942240779401,0.03613824339820809,0.0008169090327880149
1752,F00743,Óceán-árok utca,47.578088,19.116151,4838,4838.0,3.968092154860477e-08,0.00046392948271862676,0.037193563481748716,0.0013045998446751176
1753,F00744,Óceán-árok utca,47.577716,19.115915,4842,4842.0,3.554426290729606e-08,0.00046392948271862676,0.03706413133512602,0.0017390358985619801
1756,F00747,Ugró Gyula utca,47.580363,19.099139,5076,5076.0,2.3271199998744762e-10,0.00046392948271862676,0.03317259372694369,0.00043508189539412747
1757,F00748,Erdősor út,47.578093,19.106953,4845,4845.0,6.920795965243306e-08,0.00046392948271862676,0.03884818585257875,0.003826870023762798
1758,F00749,Erdősor út,47.578003,19.106647,4846,4846.0,2.5715515767151217e-08,0.00046392948271862676,0.03777909046653573,0.003005309950106645
1759,F00750,"Újpest, Erdősor út",47.577842,19.10573,4847,4847.0,4.853652302218194e-11,0.00023196474135931338,0.032039585235995295,0.0
1760,F00751,Iglói utca,47.573661,19.102987,1331,1331.0,1.1727618277082072e-07,0.0006958942240779401,0.03912922091189349,0.0038323983735344376
1761,F00752,Vadgesztenye utca,47.575378,19.104398,1332,1332.0,3.1586339871017605e-07,0.0006958942240779401,0.04033466981100357,0.004995115331645755
1762,F00753,Fóti út,47.577829,19.093501,1348,1348.0,4.884142340290191e-09,0.00046392948271862676,0.03569528854940447,0.0013045998446751176
1763,F00754,Baross utca / Fóti út,47.577577,19.09281,1349,1349.0,1.0556116025025674e-07,0.0006958942240779401,0.03909291208033107,0.0006112859813854262
1764,F00755,Baross utca / Fóti út,47.57702,19.092809,1350,1350.0,1.8957060103293498e-07,0.0006958942240779401,0.038949948489253816,0.000998231000814363
1765,F00756,Baross utca,47.577226,19.09378,1351,1351.0,1.86295802287682e-07,0.00046392948271862676,0.03921258219745997,0.0003785489605118031
1766,F00757,Bucka utca,47.575003,19.098363,1325,1325.0,5.760423941598998e-08,0.00046392948271862676,0.037701706628054006,0.00015469134273294138
1767,F00758,Nádor utca,47.575003,19.098084,1326,1326.0,4.5514211343514256e-08,0.00046392948271862676,0.03777984332300464,0.00025087270180489303
1768,F00759,Nádor utca,47.574485,19.09833,1327,1327.0,2.2350143728218257e-08,0.00046392948271862676,0.037105117437476305,0.0017390358985619801
1769,F00760,Iglói utca,47.572752,19.103172,1330,1330.0,7.060416445660801e-08,0.00046392948271862676,0.03888763048914794,0.0007681011314551718
1770,F00761,Iglói utca,47.573085,19.103,1328,1328.0,1.3746151192672228e-06,0.00046392948271862676,0.04184871126642744,0.0050140633475809085
1771,F00762,Leiningen Károly utca,47.57295,19.102375,1329,1329.0,1.1265985343440991e-07,0.00046392948271862676,0.03907156172028555,0.00043752140997707726
1772,F00764,Szilágyi utca,47.570427,19.112659,1341,1341.0,3.5970805969899164e-07,0.0006958942240779401,0.03929915046934549,0.0013095418536633236
1773,F00767,Szusza Ferenc Stadion,47.576042,19.083943,1344,1344.0,3.1523828217520144e-06,0.0006958942240779401,0.042653249739393564,0.00746128005002195
1774,F00768,Irányi Dániel utca,47.577055,19.086658,1347,1347.0,2.542402741251423e-07,0.00046392948271862676,0.03917288063789108,0.00014223352137316376
1775,F00769,Irányi Dániel utca / Baross utca,47.575653,19.09128,1352,1352.0,3.5235855483915677e-07,0.00046392948271862676,0.04040429904823366,0.0006950296590797497
1776,F00770,Irányi Dániel utca / Baross utca,47.574053,19.08983,1354,1354.0,3.859489207861444e-07,0.0006958942240779401,0.040321801835310166,0.0006843392993967661
1777,F00771,Baross utca,47.574952,19.090429,1353,1353.0,3.833684576740249e-07,0.00046392948271862676,0.04051871845501497,0.0002960270931537438
1778,F00772,Vécsey Károly utca,47.571975,19.095847,1359,1359.0,1.0227514599478354e-07,0.00046392948271862676,0.03863010438380275,0.002173256671946421
1779,F00773,Vécsey Károly utca,47.569777,19.099594,1360,1360.0,6.274814037962929e-06,0.00046392948271862676,0.04372705779573059,0.005427885780788212
1780,F00774,Leiningen Károly utca,47.570038,19.099462,1361,1361.0,4.6801484341672593e-07,0.00046392948271862676,0.040284959101405546,0.0026072621648284403
1781,F00775,Vécsey Károly utca,47.569525,19.099182,1362,1362.0,4.946409890492516e-07,0.0006958942240779401,0.04054818346255364,0.004443701341056934
1782,F00776,Nádor utca,47.569303,19.09364,1355,1355.0,3.7338753007865005e-07,0.00046392948271862676,0.04035441666666728,0.0006817562083141135
1783,F00777,Türr István utca / Nádor utca,47.569258,19.092829,1356,1356.0,5.889819518825314e-06,0.00046392948271862676,0.04363195631331505,0.0013991939265816423
1784,F00778,Türr István utca / Nádor utca,47.56969,19.09287,1357,1357.0,6.2309614022234444e-06,0.00046392948271862676,0.04376137569345127,0.0022572062177445918
1785,F00779,Szent László tér,47.567016,19.097877,1391,1391.0,2.1416523402415248e-06,0.0006958942240779401,0.04208700797619508,0.007644738273039534
1786,F00780,Szent László tér,47.567961,19.097759,1389,1389.0,2.871035934418779e-05,0.0006958942240779401,0.045832857503909086,0.010499605620717719
1787,F00781,Szent László tér,47.567889,19.096828,1390,1390.0,1.7003388572730102e-06,0.00046392948271862676,0.04194546861644329,0.0010643903913057663
1788,F00782,Illek Vince utca,47.565716,19.088322,1387,1387.0,2.8290875448622468e-05,0.00046392948271862676,0.04575321743874157,0.00266238206334415
1789,F00783,Illek Vince utca,47.565968,19.088787,1388,1388.0,2.6930158703800642e-05,0.00046392948271862676,0.045730592736764934,0.001816658700860924
1790,F00784,Csokonai utca,47.565032,19.090527,1385,1385.0,0.000123228399061512,0.00046392948271862676,0.0480553171729917,0.002248269198153531
1791,F00785,Csokonai utca,47.564924,19.090607,1386,1386.0,0.0001294112978967613,0.0006958942240779401,0.04806201766466886,0.004564553426059737
1792,F00786,Kiss Ernő utca,47.565003,19.094022,1382,1382.0,2.7022325249553032e-05,0.00046392948271862676,0.04578249719971735,0.0031900880498090638
1793,F00787,Kiss Ernő utca,47.56486,19.0926,1384,1384.0,0.00012359969465923726,0.00046392948271862676,0.048101649653456875,0.010859058963038513
1794,F00788,Kiss Ernő utca,47.56494,19.09462,1383,1383.0,2.704032861606009e-05,0.00046392948271862676,0.045795768290155095,0.002551126614260777
1795,F00789,Újpesti rendelőintézet,47.565765,19.099843,1392,1392.0,7.778993704016009e-06,0.0009278589654372535,0.04378765515963821,0.004513570133392874
1796,F00790,Újpesti rendelőintézet,47.565181,19.100533,1394,1394.0,6.31249503159363e-06,0.00046392948271862676,0.043731596779619984,0.0027795553077076054
1797,F00791,Újpesti rendelőintézet,47.565478,19.100055,1393,1393.0,9.305631439866464e-06,0.0006958942240779401,0.04400158563302493,0.010379818606001312
1798,F00792,Újpesti rendelőintézet,47.565064,19.099842,1395,1395.0,6.3950584463378774e-06,0.00046392948271862676,0.04376188077032642,0.0021508460935148613
1799,F00793,Újpesti piac,47.563077,19.088375,1380,1380.0,0.0001232283252313756,0.00046392948271862676,0.04805349009040481,0.0016831849602170594
1800,F00794,Templom utca,47.563189,19.086805,1381,1381.0,2.8283564080823927e-05,0.00046392948271862676,0.04572287235259194,0.0010419755717625886
1801,F00795,Szent István tér (Újpesti piac),47.562815,19.090594,1378,1378.0,0.00012324762217924367,0.00046392948271862676,0.04807420516518608,0.0036146032605427355
1802,F00796,Szent István tér (Újpesti piac),47.56317,19.090765,1379,1379.0,0.00012325137712875558,0.00046392948271862676,0.048063845395793926,0.0029739746825320217
1803,F00797,Újpest-központ M,47.560157,19.089739,1426,1426.0,0.0005638953946126457,0.003711435861749014,0.05063987493266633,0.10618781258854455
1804,F00798,Újpest-központ M,47.560643,19.089833,1426,1426.0,0.0005638953946126457,0.003711435861749014,0.05063987493266633,0.10618781258854455
1805,F00799,Újpest-központ M,47.560621,19.088314,1426,1426.0,0.0005638953946126457,0.003711435861749014,0.05063987493266633,0.10618781258854455
1806,F00800,Újpest-központ M,47.560157,19.090922,1426,1426.0,0.0005638953946126457,0.003711435861749014,0.05063987493266633,0.10618781258854455
1807,F00801,Újpest-központ M,47.560184,19.090683,1426,1426.0,0.0005638953946126457,0.003711435861749014,0.05063987493266633,0.10618781258854455
1808,F00803,Újpest-központ M,47.560472,19.090284,1426,1426.0,0.0005638953946126457,0.003711435861749014,0.05063987493266633,0.10618781258854455
1809,F00804,Újpest-központ M,47.56102,19.090218,1426,1426.0,0.0005638953946126457,0.003711435861749014,0.05063987493266633,0.10618781258854455
1810,F00805,Újpest-központ M,47.560391,19.090829,1426,1426.0,0.0005638953946126457,0.003711435861749014,0.05063987493266633,0.10618781258854455
1811,F00806,Újpest-központ M,47.559825,19.089407,1426,1426.0,0.0005638953946126457,0.003711435861749014,0.05063987493266633,0.10618781258854455
1812,F00808,Árpád út,47.56106,19.079522,1409,1409.0,4.148074249551576e-05,0.00046392948271862676,0.04599855192992104,0.0
1813,F00809,Újpest-városkapu M,47.560501,19.083295,1405,1405.0,0.0001536072308914194,0.001159823706796567,0.048340204694001444,0.03223016609006718
1814,F00810,Újpest-városkapu M,47.56069,19.083016,1405,1405.0,0.0001536072308914194,0.001159823706796567,0.048340204694001444,0.03223016609006718
1815,F00811,Újpest-városkapu M (Temesvári utca),47.55967,19.082379,1406,1406.0,5.016752953336601e-05,0.00046392948271862676,0.04780448630268031,0.00013333420051301942
1816,F00812,Csányi László utca,47.558036,19.085353,1452,1452.0,7.589599772347611e-05,0.00023196474135931338,0.04913577870830006,0.0
1817,F00813,Aradi utca,47.556539,19.084371,1453,1453.0,8.6923670903047e-05,0.00046392948271862676,0.04956419131481557,0.00044258045623192977
1818,F00814,Újpest-központ M (Munkásotthon utca),47.559222,19.089566,1423,1423.0,0.00018900743397218836,0.00046392948271862676,0.050057569186272424,0.00035235021161897156
1819,F00815,Újpest-központ M (Munkásotthon utca),47.559096,19.089127,1424,1424.0,0.00022194536866108758,0.00046392948271862676,0.050195406756644224,0.0
1820,F00816,Tél utca / Pozsonyi utca,47.555615,19.090294,1457,1457.0,0.0003638863744352278,0.0009278589654372535,0.05185176937549937,0.005313187190058976
1821,F00817,Tél utca / Pozsonyi utca,47.555408,19.090254,1458,1458.0,0.00036659173180070054,0.0009278589654372535,0.05200966538528444,0.004089182990717213
1822,F00818,Tél utca / Pozsonyi utca,47.556218,19.088846,1456,1456.0,0.0001232281935155508,0.00046392948271862676,0.04806993883698105,0.0015882543619922943
1823,F00819,Tél utca / Pozsonyi utca,47.554968,19.089669,1459,1459.0,0.0001232281712168458,0.00046392948271862676,0.04805958090605731,0.004774060421702212
1824,F00820,Angyalföld kocsiszín,47.553114,19.092696,1451,1451.0,0.0010883262639729758,0.0009278589654372535,0.05402996189041126,0.005621681998021441
1825,F00821,Angyalföld kocsiszín,47.553105,19.091448,1450,1450.0,0.001245956875614102,0.0009278589654372535,0.054807039917657646,0.10196051199781316
1826,F00822,Angyalföld kocsiszín,47.553015,19.091687,1448,1448.0,2.6929066285881297e-05,0.00046392948271862676,0.04572838664668755,0.004341131331332302
1827,F00823,Angyalföld kocsiszín,47.552916,19.091846,1449,1449.0,2.692917319828239e-05,0.00046392948271862676,0.04602535305750518,0.0012113261374600657
1830,F00826,Bőröndös utca,47.585597,19.11749,4778,4778.0,1.8906563141422174e-09,0.00046392948271862676,0.03446274959174884,0.00043508189539412747
1831,F00827,Bőröndös utca,47.58521,19.117197,4780,4780.0,1.6972370419616014e-09,0.00046392948271862676,0.034352842477244565,0.0008699485102858334
1832,F00828,Újpesti Erőmű,47.555171,19.09966,1416,1416.0,2.2093310565595068e-05,0.0009278589654372535,0.04746161092995771,0.00485180813480668
1833,F00829,Újpesti Erőmű,47.554999,19.100842,1417,1417.0,2.7306940597232398e-05,0.0006958942240779401,0.047395165505223574,0.0026360938624018456
1834,F00830,Elem utca,47.55484,19.104552,1412,1412.0,5.293433979753796e-06,0.00046392948271862676,0.04549355852880666,0.000813998453262672
1836,F00832,Munkásotthon utca,47.559074,19.099332,1422,1422.0,3.663311315883929e-05,0.00046392948271862676,0.045960637052818144,0.000495226355616413
1837,F00833,Árpád üzletház,47.561062,19.098868,1442,1442.0,1.129518737962146e-05,0.00046392948271862676,0.044099332816741,0.0004197359572940631
1838,F00834,Árpád üzletház,47.561008,19.099134,1443,1443.0,9.686867911162943e-06,0.00046392948271862676,0.04389867939730461,0.0003892789764603516
1839,F00835,Árpád üzletház,47.560145,19.098017,1445,1445.0,0.0001656850762535974,0.0009278589654372535,0.048330346010775765,0.022058863311727614
1840,F00836,Árpád üzletház,47.560378,19.099824,1444,1444.0,0.00016822006470432278,0.0009278589654372535,0.04832972997658999,0.025584772722423356
1841,F00837,Víztorony,47.562273,19.106656,1264,1264.0,1.0875916460373405e-05,0.00046392948271862676,0.04434016623885714,0.0
1842,F00838,Víztorony,47.562102,19.106882,1265,1265.0,1.0462973913789146e-05,0.001159823706796567,0.044348464104979016,0.009398116886592367
1848,F00845,Rákospalota-Újpest vasútállomás,47.566227,19.111896,1277,1277.0,8.309275831657246e-07,0.0006958942240779401,0.040390956341302076,0.0030421287797201464
1849,F00846,Rákospalota-Újpest vasútállomás,47.565841,19.111604,1279,1279.0,7.44301254725743e-07,0.0006958942240779401,0.04023665169241878,0.0039099244849817635
1851,F00848,Mildenberger utca,47.572435,19.088008,1369,1369.0,1.5838446036764643e-06,0.0009278589654372535,0.04205573144461269,0.0019467824972775223
1852,F00849,Mildenberger utca,47.572093,19.088419,1367,1367.0,1.3089347188570625e-06,0.00046392948271862676,0.04189078514228223,0.0010043156650147611
1853,F00850,Mildenberger utca,47.572003,19.087768,1368,1368.0,3.519515633631324e-07,0.00046392948271862676,0.0402020954841053,2.7652780536059213e-05
1854,F00851,Attila utca,47.564086,19.082303,1374,1374.0,2.6929804719706516e-05,0.00046392948271862676,0.045724526501174464,0.0012505787906007806
1855,F00852,Attila utca,47.563978,19.082316,1375,1375.0,6.195906541204107e-06,0.00046392948271862676,0.043628441979833746,0.0006125199297847267
1857,F00854,Erzsébet utca,47.559705,19.095306,1440,1440.0,0.0001603377597820475,0.0006958942240779401,0.048189682971752,0.0009041606399872485
1858,F00855,Erzsébet utca,47.559931,19.093805,1441,1441.0,0.00015216848006497822,0.00046392948271862676,0.04816948022083963,0.0
1859,F00856,Homoktövis iskola,47.596795,19.116028,4761,4761.0,1.805547109911399e-11,0.00046392948271862676,0.03322084054482316,0.0009778683821071265
1860,F00859,"Káposztásmegyer, Szilas-patak",47.577783,19.114861,4841,4841.0,1.1774940369296452e-09,0.00046392948271862676,0.03504955292645028,4.708722789217244e-05
1861,F00861,Tél utca / Pozsonyi utca,47.556839,19.088873,1454,1454.0,0.0003423102925809343,0.0006958942240779401,0.052021082436969436,0.000678031339693593
1862,F00862,Tél utca / Pozsonyi utca,47.556902,19.088488,1455,1455.0,0.0005002330602993289,0.0009278589654372535,0.0525845371478572,0.09584832473995003
1863,F00863,Brüsszeli utca,47.549334,19.098578,1009,1009.0,7.309809984875113e-07,0.00046392948271862676,0.04221587061974917,0.0009814929814784589
1864,F00864,Brüsszeli utca,47.54896,19.098528,1010,1010.0,1.0550816706460014e-06,0.00046392948271862676,0.04357028676667806,0.001647551647544169
1865,F00867,Béla utca,47.580747,19.081673,5070,5070.0,5.887098085284387e-07,0.00046392948271862676,0.04126124268813406,0.012658713084293473
1866,F00868,Béla utca,47.580321,19.081462,5071,5071.0,5.53233593542484e-07,0.00046392948271862676,0.040906018163200615,0.004404097517188274
1867,F00869,Tungsram,47.576547,19.081338,1345,1345.0,2.693938837849675e-06,0.0006958942240779401,0.042794783756203554,0.013064236454132483
1868,F00870,Tungsram,47.576205,19.081112,1346,1346.0,2.5316156661900732e-06,0.00046392948271862676,0.0424441207122048,0.00476579695275098
1869,F00871,Dunakeszi utca,47.585527,19.109052,4831,4831.0,2.8772763754047955e-10,0.00046392948271862676,0.03441520354696563,0.001245062942042182
1870,F00872,Dunakeszi utca,47.584709,19.107894,4832,4832.0,7.621123031024645e-10,0.00046392948271862676,0.035201840422454236,0.0016578846194989455
1871,F00873,Zombori utca,47.572001,19.10574,1333,1333.0,4.193201859590808e-08,0.00046392948271862676,0.037808474119851145,0.0005481741653548415
1872,F00874,Zombori utca,47.571911,19.106591,1334,1334.0,2.265291271685142e-08,0.00046392948271862676,0.03770433097245897,0.0004378275701173008
1873,F00875,Pajtás utca,47.571451,19.108238,1335,1335.0,8.376979518305003e-08,0.00046392948271862676,0.03789273393345583,0.0005687299934708909
1874,F00876,Deák Ferenc utca / Rózsa utca,47.564173,19.10012,1396,1396.0,3.6428483864205612e-06,0.00046392948271862676,0.0420231040872389,0.00011700123691462961
1875,F00877,Deák Ferenc utca / Rózsa utca,47.563247,19.099588,1397,1397.0,3.885360166455362e-05,0.0006958942240779401,0.04605889841820402,0.01102274347406943
1876,F00878,Nap utca,47.555379,19.094811,1446,1446.0,8.050400679865654e-05,0.00046392948271862676,0.049341670057692646,0.004444972720729217
1877,F00879,Nap utca,47.55519,19.095169,1447,1447.0,8.215564487966028e-05,0.00046392948271862676,0.04938858744833261,0.0026317487842612793
1878,F00880,Szülőotthon,47.565232,19.106008,1280,1280.0,3.6211657007066405e-06,0.0009278589654372535,0.04220177454292224,0.0044970878081478805
1879,F00881,Szülőotthon,47.56534,19.106434,1281,1281.0,3.24331330420711e-06,0.0009278589654372535,0.042031489142926405,0.005621669570774326
1880,F00884,Izzó utca,47.579991,19.095754,5077,5077.0,1.067218241903411e-09,0.00046392948271862676,0.03438804868070661,0.0008699485102858334
1881,F00885,Árpád Kórház,47.561402,19.103785,1267,1267.0,3.946913405386493e-05,0.0006958942240779401,0.04628887521618536,0.01132846681723039
1882,F00886,Árpád Kórház,47.561033,19.102961,1268,1268.0,3.950618233484071e-05,0.0006958942240779401,0.04635395285438998,0.024613558927624485
1883,F00887,Ősz utca,47.557798,19.105858,1418,1418.0,3.2863106602887043e-06,0.00046392948271862676,0.04405117266054083,0.0005068261945269113
1885,F00889,Elem utca,47.554306,19.101519,1414,1414.0,4.828067663689591e-06,0.00046392948271862676,0.045402584485863005,0.002025239760992666
1886,F00890,Berlini utca,47.554603,19.101519,1415,1415.0,3.3439646009556768e-06,0.00046392948271862676,0.04393174022782814,0.0013592707951363369
1887,F00891,Ősz utca,47.557275,19.100685,1420,1420.0,4.28014177009945e-05,0.0006958942240779401,0.04600022608591106,0.0012277983273969006
1888,F00892,Ősz utca,47.557527,19.100273,1421,1421.0,1.5301849896121617e-05,0.0009278589654372535,0.04584116929120442,0.0022528991083614032
1889,F00893,Langlet Waldemár utca,47.56718,19.082637,1370,1370.0,1.423083059034899e-06,0.00046392948271862676,0.041813637357558345,0.0002073440841853382
1890,F00894,Langlet Waldemár utca,47.566928,19.08253,1371,1371.0,5.888196146393801e-06,0.00046392948271862676,0.0436204113430513,0.0008200716058831145
1891,F00895,Perényi Zsigmond utca,47.570093,19.085775,1365,1365.0,1.301505328193061e-06,0.00046392948271862676,0.04179013386365621,0.0004110278872568831
1892,F00896,Tinódi utca,47.570003,19.085536,1366,1366.0,6.271535362031004e-07,0.00046392948271862676,0.04025373840779021,3.092171245080679e-05
1895,F00899,"Káposztásmegyer, Mogyoródi-patak",47.598635,19.121695,4764,4764.0,1.3435304554957546e-12,0.00023196474135931338,0.030659750103772095,0.0
1896,F00900,Kordován tér,47.587783,19.112578,4781,4781.0,6.42204133236712e-11,0.00046392948271862676,0.03354947163332411,0.000941352444385478
1897,F00901,Kordován tér,47.587334,19.111646,4782,4782.0,1.6655246975660006e-10,0.00046392948271862676,0.03416526072790946,0.001306432023278876
1900,F00904,Bőrfestő utca,47.587809,19.11837,4784,4784.0,3.943325660489932e-10,0.00023196474135931338,0.03324151910842502,0.0
1901,F00905,Bőrfestő utca,47.587422,19.118064,4785,4785.0,3.700906174693087e-10,0.00046392948271862676,0.033139831100943866,0.0004350818953941275
1902,F00906,Székpatak utca,47.596181,19.121067,4758,4758.0,6.441668381689656e-12,0.0006958942240779401,0.031695692741466316,0.000870056150537044
1903,F00907,Székpatak utca,47.595848,19.121292,4759,4759.0,1.4800755847595363e-12,0.00023196474135931338,0.030815736251419354,0.0
1904,F00908,Sárpatak utca,47.593332,19.117141,4756,4756.0,1.2875608742143353e-10,0.0006958942240779401,0.03398976841127886,0.003466515132981584
1905,F00909,Sárpatak utca,47.592854,19.118576,4757,4757.0,2.5963036908751936e-12,0.00046392948271862676,0.031977167301291944,0.0005007755213956264
1906,F00910,Újpest-központ M,47.561488,19.089913,1426,1426.0,0.0005638953946126457,0.003711435861749014,0.05063987493266633,0.10618781258854455
1910,F00918,Fővám tér M,47.486754,19.056841,2322,2322.0,0.007387886766135499,0.0016237531895151936,0.06720657654619787,0.09072828820895826
1911,F00919,Fővám tér M,47.486862,19.056602,2322,2322.0,0.007387886766135499,0.0016237531895151936,0.06720657654619787,0.09072828820895826
1912,F00921,Fővám tér M,47.486916,19.05724,2322,2322.0,0.007387886766135499,0.0016237531895151936,0.06720657654619787,0.09072828820895826
1913,F00922,Fővám tér M,47.487186,19.05781,2322,2322.0,0.007387886766135499,0.0016237531895151936,0.06720657654619787,0.09072828820895826
1914,F00923,Fővám tér M,47.486952,19.057611,2322,2322.0,0.007387886766135499,0.0016237531895151936,0.06720657654619787,0.09072828820895826
1915,F00924,Petőfi tér,47.493105,19.050566,2653,2653.0,0.0003528905778086338,0.00046392948271862676,0.05887306123196372,0.0010884316946104598
1916,F00925,Jászai Mari tér,47.513099,19.048177,2621,2621.0,0.0015499716924073583,0.00046392948271862676,0.05974223825899115,0.0002982962421049878
1917,F00926,Jászai Mari tér,47.512847,19.048841,2622,2622.0,0.0015499716924073583,0.00046392948271862676,0.05974223825899115,0.0002982962421049878
1919,F00929,Jászai Mari tér,47.512532,19.050115,2624,2624.0,0.0021124542347956267,0.0006958942240779401,0.06056191917300331,0.05073606040092029
1920,F00930,Jászai Mari tér,47.512478,19.049558,2625,2625.0,0.0020161705548299752,0.00046392948271862676,0.06054547921091243,0.04816225004911145
1921,F00931,Szent István körút,47.511893,19.050513,2626,2626.0,2.17716992764228e-05,0.00046392948271862676,0.051249738262102496,0.002105128785572375
1922,F00932,Szent István körút,47.512046,19.052319,2627,2627.0,2.0866140468109864e-05,0.00046392948271862676,0.05051371713494699,0.0003526838797811852
1923,F00933,Nyugati pályaudvar M,47.510274,19.056168,2616,2616.0,0.006433867923062227,0.0020876826722338203,0.06297498107564303,0.11125540401114536
1925,F00935,Nyugati pályaudvar M,47.509896,19.056659,2616,2616.0,0.006433867923062227,0.0020876826722338203,0.06297498107564303,0.11125540401114536
1928,F00938,Báthory utca / Bajcsy-Zsilinszky út,47.507063,19.05427,2556,2556.0,2.5757955679973828e-102,0.00023196474135931338,0.0005032455405761375,0.0
1929,F00939,Báthory utca / Bajcsy-Zsilinszky út,47.506506,19.055716,2554,2554.0,5.565137243200855e-06,0.00046392948271862676,0.04960958570696574,0.006071556009797416
1930,F00940,Báthory utca / Bajcsy-Zsilinszky út,47.507189,19.05573,2557,2557.0,0.0029262223819455074,0.0006958942240779401,0.060774505691442264,0.004259805030339101
1931,F00941,Báthory utca / Bajcsy-Zsilinszky út,47.506101,19.054854,2555,2555.0,0.0029210806063771355,0.0006958942240779401,0.06077353158492373,0.0033281646243405708
1932,F00942,Arany János utca M,47.503304,19.055105,2570,2570.0,0.006898989638692434,0.0013917884481558802,0.06349807639179729,0.048222516326233596
1933,F00943,Arany János utca M,47.502881,19.054734,2570,2570.0,0.006898989638692434,0.0013917884481558802,0.06349807639179729,0.048222516326233596
1934,F00944,Bajcsy-Zsilinszky út M,47.49995,19.055543,2568,2568.0,0.003161822862292934,0.00046392948271862676,0.06182794631287531,0.0003247521891652653
1935,F00945,Bajcsy-Zsilinszky út M,47.500363,19.055954,2568,2568.0,0.003161822862292934,0.00046392948271862676,0.06182794631287531,0.0003247521891652653
1937,F00950,Deák Ferenc tér M,47.496945,19.055715,2684,2684.0,0.01264404634751953,0.0016237531895151936,0.0661720878810365,0.05576669177809696
1938,F00951,Ferenciek tere M,47.492925,19.055343,2646,2646.0,0.014481740548980234,0.001159823706796567,0.0678172175922624,0.10016481033958143
1953,F00966,Vigadó tér,47.495569,19.048402,2654,2654.0,0.00035306128360993073,0.00046392948271862676,0.0589004976478608,0.0027214392749866116
1954,F00967,Vigadó tér,47.495614,19.048322,2655,2655.0,0.00035306128360993073,0.00046392948271862676,0.0589004976478608,0.002721439274986612
1955,F00968,"Országház, látogatóközpont",47.50915,19.04677,2582,2582.0,5.311474322796245e-06,0.00023196474135931338,0.04959141797566496,0.0
1956,F00969,"Országház, látogatóközpont",47.508853,19.046584,2583,2583.0,5.553049223442397e-06,0.00046392948271862676,0.04959271522945735,0.00043508189539412747
1957,F00970,Kossuth Lajos tér M,47.505975,19.049332,2575,2575.0,2.5465669420582085e-05,0.0020876826722338203,0.052359432108696854,0.009385927124594831
1958,F00971,Kossuth Lajos tér M,47.505732,19.046836,2575,2575.0,2.5465669420582085e-05,0.0020876826722338203,0.052359432108696854,0.009385927124594831
1959,F00972,Kossuth Lajos tér M,47.505679,19.047288,2575,2575.0,2.5465669420582085e-05,0.0020876826722338203,0.052359432108696854,0.009385927124594831
1960,F00973,Széchenyi István tér,47.50066,19.04608,2689,2689.0,2.1611223545403092e-05,0.00046392948271862676,0.05318120868456444,0.0019851948161038746
1961,F00974,Széchenyi István tér,47.500714,19.046173,2690,2690.0,2.1611223545403092e-05,0.00046392948271862676,0.05318120868456444,0.0019851948161038746
1962,F00975,Eötvös tér,47.497827,19.047168,2693,2693.0,7.814771203177779e-05,0.00046392948271862676,0.0555587233769509,0.0023219638750874667
1963,F00976,Eötvös tér,47.497944,19.047022,2694,2694.0,7.814771203177779e-05,0.00046392948271862676,0.0555587233769509,0.0023219638750874663
1964,F00979,József nádor tér,47.498726,19.050221,2696,2696.0,0.002763173995131136,0.00046392948271862676,0.06190769565176077,0.0036511878184279484
1965,F00980,Erzsébet tér,47.498645,19.051535,2698,2698.0,0.0006917852715745391,0.00046392948271862676,0.0593727198581847,0.004751412327593813
1966,F00981,Hild tér,47.498969,19.050911,2697,2697.0,0.0027641365233658875,0.00046392948271862676,0.06194714147796679,0.0031375067689180256
1967,F00982,Szervita tér,47.495371,19.052782,2662,2662.0,0.0031647678750474193,0.00046392948271862676,0.06331041301692088,0.00517895940540319
1968,F00983,Ferenciek tere M,47.492934,19.056007,2646,2646.0,0.014481740548980234,0.001159823706796567,0.0678172175922624,0.10016481033958143
1969,F00985,Deák Ferenc tér M,47.497638,19.053021,2684,2684.0,0.01264404634751953,0.0016237531895151936,0.0661720878810365,0.05576669177809696
1970,F00986,Zrínyi utca,47.499679,19.049464,2699,2699.0,1.802862266135454e-05,0.00046392948271862676,0.05280129000951666,0.0002930958184555928
1971,F00990,Markó utca,47.509123,19.051164,2584,2584.0,5.708212689669458e-06,0.00046392948271862676,0.04973191463476025,0.00022435082332556623
1972,F00991,Markó utca,47.508817,19.049518,2585,2585.0,9.852409926658832e-06,0.00046392948271862676,0.05096660576091661,0.0020880758576367403
1976,F01000,Március 15. tér,47.490694,19.051654,2650,2650.0,0.0016145749780745915,0.00046392948271862676,0.06277583833747337,0.0031468873678973733
1978,F01004,Ferenciek tere M,47.492907,19.054534,2646,2646.0,0.014481740548980234,0.001159823706796567,0.0678172175922624,0.10016481033958143
1979,F01005,Kálvin tér M,47.489219,19.061248,2326,2326.0,0.018254882444982027,0.001855717930874507,0.06888292552608577,0.11959464613835055
1980,F01006,Kálvin tér M,47.489461,19.061486,2326,2326.0,0.018254882444982027,0.001855717930874507,0.06888292552608577,0.11959464613835055
1981,F01007,Kálvin tér M,47.489074,19.062694,2326,2326.0,0.018254882444982027,0.001855717930874507,0.06888292552608577,0.11959464613835055
1982,F01010,Kálvin tér M,47.49001,19.061978,2326,2326.0,0.018254882444982027,0.001855717930874507,0.06888292552608577,0.11959464613835055
1983,F01011,Kálvin tér M,47.490109,19.060783,2326,2326.0,0.018254882444982027,0.001855717930874507,0.06888292552608577,0.11959464613835055
1984,F01012,Astoria M,47.494561,19.059696,2295,2295.0,0.03688189677403794,0.001159823706796567,0.06918709989568804,0.15686714297792453
1985,F01013,Astoria M,47.49412,19.060147,2295,2295.0,0.03688189677403794,0.001159823706796567,0.06918709989568804,0.15686714297792453
1986,F01014,Astoria M,47.493635,19.060134,2295,2295.0,0.03688189677403794,0.001159823706796567,0.06918709989568804,0.15686714297792453
1987,F01015,Astoria M,47.494021,19.06036,2295,2295.0,0.03688189677403794,0.001159823706796567,0.06918709989568804,0.15686714297792453
1988,F01016,Astoria M,47.494408,19.060983,2295,2295.0,0.03688189677403794,0.001159823706796567,0.06918709989568804,0.15686714297792453
1989,F01017,Astoria M,47.494606,19.060718,2295,2295.0,0.03688189677403794,0.001159823706796567,0.06918709989568804,0.15686714297792453
1992,F01020,Széchenyi utca,47.503142,19.048522,2692,2692.0,9.07181508063683e-06,0.00046392948271862676,0.0508129273061296,6.816318907925067e-05
1993,F01021,Hercegprímás utca,47.502261,19.051986,2572,2572.0,0.00015200724791408275,0.00046392948271862676,0.055938223973317665,0.00432966885332889
1994,F01022,Hold utca (Belvárosi piac),47.505148,19.052398,2559,2559.0,3.7015870494181536e-05,0.00046392948271862676,0.053264882146286316,0.003993543139450995
1995,F01023,Nyugati pályaudvar M,47.511524,19.056686,2616,2616.0,0.006433867923062227,0.0020876826722338203,0.06297498107564303,0.11125540401114536
1999,F01028,Nyugati pályaudvar M,47.510769,19.056301,2616,2616.0,0.006433867923062227,0.0020876826722338203,0.06297498107564303,0.11125540401114536
2000,F01029,Nyugati pályaudvar M,47.509806,19.057151,2616,2616.0,0.006433867923062227,0.0020876826722338203,0.06297498107564303,0.11125540401114536
2001,F01030,Nyugati pályaudvar M (Podmaniczky utca),47.509123,19.058664,2586,2586.0,0.0006970227959306464,0.0006958942240779401,0.05719549025663933,0.003932192588559728
2002,F01031,Nyugati pályaudvar M (Podmaniczky utca),47.509276,19.058597,2587,2587.0,0.0006723703698444087,0.0006958942240779401,0.05718858894410931,0.0029293356630569773
2003,F01032,Akácfa utca,47.502054,19.062989,2523,2523.0,5.8081984231327065e-08,0.00046392948271862676,0.042851370141306806,0.004774060421702212
2004,F01033,Akácfa utca,47.502152,19.062963,2524,2524.0,1.3204305009545584e-101,0.00046392948271862676,0.0007516832125061294,4.197969797221913e-06
2005,F01034,Király utca / Erzsébet körút,47.503573,19.06595,2530,2530.0,1.895932029645138e-101,0.00046392948271862676,0.0008483281969712032,5.1667320581192775e-06
2006,F01035,Király utca / Erzsébet körút,47.503249,19.06583,2528,2528.0,0.01459479797338377,0.00046392948271862676,0.06301894120669788,0.020148831566013384
2007,F01036,Király utca / Erzsébet körút,47.503123,19.065419,2529,2529.0,1.2694407189240728e-08,0.00046392948271862676,0.04098826709168477,0.004341131331332302
2008,F01037,Király utca / Erzsébet körút,47.502781,19.066202,2527,2527.0,0.01459479797338377,0.00046392948271862676,0.06301894120669788,0.020148831566013384
2011,F01040,Izabella utca / Király utca,47.505497,19.070171,2497,2497.0,0.0021694006842848334,0.00046392948271862676,0.05628197888618491,0.0008732013768392852
2012,F01041,Izabella utca / Király utca,47.505425,19.069083,2495,2495.0,2.672015702759508e-101,0.00046392948271862676,0.000942586885523559,5.920213816595006e-06
2013,F01042,Izabella utca / Király utca,47.506099,19.069534,2498,2498.0,9.116857438322156e-05,0.00046392948271862676,0.05207037594527989,0.0007173576931754859
2014,F01043,Izabella utca / Király utca,47.505236,19.06903,2496,2496.0,2.780820484497596e-09,0.00046392948271862676,0.03927960878051788,0.003907986960459969
2015,F01044,Lövölde tér,47.506899,19.071765,2493,2493.0,6.381162331292656e-10,0.0006958942240779401,0.03770695568224065,0.003475918992099744
2016,F01045,Lövölde tér,47.507304,19.072123,2494,2494.0,3.730788117460178e-101,0.00046392948271862676,0.0010238443756549005,6.458415072649097e-06
2018,F01047,Reformáció park,47.507843,19.076026,2202,2202.0,5.1842632268196986e-101,0.0006958942240779401,0.001079690432508804,8.718860348076281e-06
2019,F01048,Benczúr utca,47.513212,19.078233,2476,2476.0,0.05711464527861423,0.00046392948271862676,0.06176650814640544,0.0006135431101726191
2021,F01051,Hősök tere M,47.515569,19.075897,2468,2468.0,0.2596504640208592,0.0027835768963117603,0.06610632765980423,0.16321375020202034
2022,F01054,Honvédkórház (Hősök tere M),47.515929,19.074543,2465,2465.0,5.430982874521245e-05,0.00046392948271862676,0.05006483971193492,0.0008651232018319422
2023,F01055,Hősök tere M,47.515668,19.075446,2468,2468.0,0.2596504640208592,0.0027835768963117603,0.06610632765980423,0.16321375020202034
2024,F01056,Honvédkórház (Hősök tere M),47.516046,19.074517,2466,2466.0,5.429757032946711e-05,0.00046392948271862676,0.050054925882289,0.0008528508932267066
2025,F01057,Vágány utca / Dózsa György út,47.518807,19.072898,2459,2459.0,0.0745669578989829,0.0006958942240779401,0.06251810640873537,0.0037050056302503965
2026,F01058,Vágány utca / Dózsa György út,47.518789,19.073164,2460,2460.0,0.0691881282646358,0.00046392948271862676,0.06177959128594179,0.0
2027,F01059,Vágány utca / Dózsa György út,47.518978,19.072009,2461,2461.0,0.059596145836222233,0.0006958942240779401,0.06185114326514838,0.008036363599976356
2028,F01060,Vágány utca / Dózsa György út,47.519635,19.070934,2462,2462.0,0.05675036699788435,0.00046392948271862676,0.0618329876483324,0.004129829782907575
2029,F01061,Dévai utca,47.518494,19.064667,2449,2449.0,6.369035277157929e-12,0.00023196474135931338,0.030764729653325364,0.0
2030,F01062,Dévai utca,47.51871,19.065238,2447,2447.0,0.0004314169121325381,0.00046392948271862676,0.0559547339342029,0.0027865479439212627
2034,F01066,Csanády utca (Lehel tér M),47.515338,19.060178,2430,2430.0,0.00043382423796440504,0.00046392948271862676,0.055753156034339946,0.00075348878436835
2035,F01067,Csanády utca (Lehel tér M),47.515987,19.058625,2424,2424.0,0.0004314288904239314,0.00046392948271862676,0.055727753723355596,0.0010989469373473269
2036,F01068,Ferdinánd híd (Izabella utca),47.510112,19.062341,2505,2505.0,0.00015557375211558457,0.00046392948271862676,0.05395384819260333,0.0006851368923939627
2037,F01069,Ferdinánd híd (Izabella utca),47.511695,19.062594,2503,2503.0,0.00014705100396231053,0.00046392948271862676,0.054180512640155915,0.0014693039761734116
2038,F01070,Ferdinánd híd (Izabella utca),47.511542,19.062713,2504,2504.0,0.0001524383293919542,0.00046392948271862676,0.05418593262712956,0.0014855625497058604
2039,F01071,Ferdinánd híd (Izabella utca),47.511101,19.062753,2501,2501.0,0.00010581998322274713,0.00046392948271862676,0.052730796255992425,0.00036643952257278467
2040,F01072,Ferdinánd híd (Izabella utca),47.511011,19.06266,2502,2502.0,0.00026324155313940597,0.0006958942240779401,0.055804030194321834,0.002261705604744378
2041,F01073,Munkácsy Mihály utca,47.515138,19.069963,2508,2508.0,1.3382078869891268e-05,0.00046392948271862676,0.05037613609660796,0.0008580098575279655
2042,F01074,Rippl-Rónai utca,47.514904,19.072299,2469,2469.0,1.332586212755589e-05,0.00046392948271862676,0.05036944399462506,0.0008459887095088882
2043,F01075,Andrássy út (Opera M),47.503133,19.060919,2547,2547.0,8.846253207104036e-102,0.00046392948271862676,0.0006598108198664914,3.013927033902912e-06
2044,F01076,Andrássy út (Opera M),47.503402,19.060269,2545,2545.0,2.657773199985556e-07,0.00046392948271862676,0.04489084859328698,0.005206774231569702
2045,F01077,Opera M,47.503142,19.060149,2553,2553.0,0.0025154092842956687,0.00046392948271862676,0.06121999895993205,0.00019174008548323773
2046,F01078,Opera M,47.502657,19.059631,2553,2553.0,0.0025154092842956687,0.00046392948271862676,0.06121999895993205,0.00019174008548323773
2049,F01081,Oktogon M,47.505561,19.062871,2542,2542.0,0.00889839004245413,0.001159823706796567,0.061848116588643705,0.05972963255397349
2050,F01082,Oktogon M,47.505939,19.062406,2542,2542.0,0.00889839004245413,0.001159823706796567,0.061848116588643705,0.05972963255397349
2056,F01088,Oktogon M,47.504796,19.062525,2542,2542.0,0.00889839004245413,0.001159823706796567,0.061848116588643705,0.05972963255397349
2057,F01089,Oktogon M,47.50418,19.061935,2542,2542.0,0.00889839004245413,0.001159823706796567,0.061848116588643705,0.05972963255397349
2058,F01090,Andrássy út (Vörösmarty utca M),47.508294,19.066363,2492,2492.0,0.0005073784884896038,0.00046392948271862676,0.054917379540045934,0.0007349230576787666
2059,F01091,Andrássy út (Vörösmarty utca M),47.507449,19.067716,2491,2491.0,7.353413025556136e-05,0.0006958942240779401,0.05283219032972064,0.0008364299028947802
2062,F01094,Kodály körönd M,47.509518,19.069616,2522,2522.0,0.012795647464344806,0.00046392948271862676,0.06004308279756435,0.01918657227628769
2065,F01097,Kodály körönd M,47.509896,19.070413,2522,2522.0,0.012795647464344806,0.00046392948271862676,0.06004308279756435,0.01918657227628769
2066,F01098,Bajza utca M,47.511568,19.072936,2515,2515.0,0.056824376110351474,0.00046392948271862676,0.06279559191771238,0.019443000964420788
2067,F01099,Bajza utca M,47.510921,19.071727,2515,2515.0,0.056824376110351474,0.00046392948271862676,0.06279559191771238,0.019443000964420788
2072,F01104,Bajza utca,47.51441,19.06829,2506,2506.0,9.593692128724375e-06,0.00046392948271862676,0.051032458520079566,0.0009478669936973721
2073,F01105,Bajza utca,47.514851,19.06829,2507,2507.0,9.850967144808508e-06,0.00046392948271862676,0.05103864094202976,0.0009596226290967956
2074,F01106,Szinyei Merse utca,47.513169,19.065037,2499,2499.0,3.2671470884960486e-05,0.00046392948271862676,0.05198399533285884,0.001148245372750486
2075,F01107,Szinyei Merse utca,47.513035,19.065196,2500,2500.0,3.384876916790341e-05,0.00046392948271862676,0.051989697598872786,0.001162111947573721
2077,F01109,Nyár utca,47.498554,19.06551,2313,2313.0,1.6417435883712353e-05,0.00023196474135931338,0.04608745044527709,0.0
2078,F01110,Nagy Diófa utca,47.496278,19.065642,2312,2312.0,0.06067209404774483,0.00046392948271862676,0.06431994292762326,0.00043508189539412747
2079,F01111,Wesselényi utca / Erzsébet körút,47.500325,19.068948,2179,2179.0,0.06107679516985783,0.00046392948271862676,0.06564509410636066,0.020410105380917122
2080,F01112,Wesselényi utca / Erzsébet körút,47.49983,19.06916,2182,2182.0,0.06107679516985783,0.00046392948271862676,0.06564509410636066,0.020410105380917122
2083,F01115,Wesselényi utca / Erzsébet körút,47.500928,19.069307,2183,2183.0,7.871392293361582e-05,0.00046392948271862676,0.048468734556026426,0.00043508189539412747
2084,F01116,Blaha Lujza tér M,47.498319,19.069664,2152,2152.0,0.27823956314962023,0.002319647413593134,0.06905227892156968,0.21328647378677776
2085,F01117,Wesselényi utca / Izabella utca,47.502825,19.073555,2175,2175.0,0.009893877328782196,0.00046392948271862676,0.05863906582922305,0.0011649005475029032
2086,F01118,Almássy tér,47.502546,19.072161,2176,2176.0,0.00036097888879651693,0.00046392948271862676,0.0511081243254848,0.0008699485102858334
2087,F01119,Dob utca,47.503877,19.072507,2177,2177.0,0.0003635765602266584,0.00046392948271862676,0.05212907824988164,0.0007694087229687555
2088,F01120,Rózsa utca,47.503733,19.074444,2178,2178.0,0.0016520099478859237,0.0009278589654372535,0.054049986965023895,0.002337223880744014
2089,F01121,Rottenbiller utca / István utca,47.502824,19.077404,2104,2104.0,0.016686952248578014,0.0006958942240779401,0.05831619427526402,0.0004140453742189566
2090,F01122,Rottenbiller utca / István utca,47.50304,19.076581,2105,2105.0,0.006565856647833023,0.00046392948271862676,0.05640253827569195,0.0023249220387482825
2091,F01123,Bethlen Gábor utca,47.506422,19.076609,2206,2206.0,1.3914807790492143e-10,0.00046392948271862676,0.036250531909283255,0.00043508189539412747
2092,F01124,Nefelejcs utca / Damjanich utca,47.507177,19.077751,2205,2205.0,3.4732085606604404e-101,0.00046392948271862676,0.0008997420270906701,3.013927033902912e-06
2095,F01127,Bethlen Gábor tér,47.504514,19.078414,2199,2199.0,2.9022730000333796e-11,0.00023196474135931338,0.03490178975665413,0.0
2096,F01128,Nefelejcs utca,47.505936,19.079239,2200,2200.0,0.0006301956977507577,0.00046392948271862676,0.052211627980658364,0.00011167018261587234
2097,F01129,Nefelejcs utca / István utca,47.504532,19.080365,2197,2197.0,2.129605686145175e-101,0.00046392948271862676,0.0007516832125061294,1.6146037681622742e-06
2098,F01130,Nefelejcs utca / István utca,47.504532,19.081201,2198,2198.0,0.0049108076985207375,0.00046392948271862676,0.056171085828322,0.00013958145418153844
2099,F01131,Keleti pályaudvar M (Garay utca),47.501824,19.082036,2121,2121.0,1.0113067089347347e-101,0.00023196474135931338,0.0006317337637019598,0.0
2100,F01134,Damjanich utca / Dózsa György út,47.509712,19.0822,2218,2218.0,0.014187349336490266,0.00046392948271862676,0.057980008495678505,0.00018262330449198068
2103,F01137,Damjanich utca / Dózsa György út,47.509397,19.083009,2220,2220.0,0.02561780516709447,0.0009278589654372535,0.05827317435233515,0.00250608549170246
2104,F01138,Dembinszky utca,47.508344,19.083752,2216,2216.0,0.010907019242605046,0.0006958942240779401,0.05696862291845173,0.00036453950733497523
2105,F01139,Dembinszky utca,47.507922,19.083646,2217,2217.0,0.0013694752587699813,0.00046392948271862676,0.053405927512196166,0.00026300151356091836
2106,F01140,Ötvenhatosok tere,47.50641,19.08622,2213,2213.0,0.05053275222137612,0.0006958942240779401,0.06007257257174485,0.0008878887112444601
2107,F01141,Ötvenhatosok tere,47.506239,19.086166,2214,2214.0,0.03534110233697874,0.0006958942240779401,0.05980914624871272,0.0009952226189375352
2108,F01142,Ötvenhatosok tere (István utca),47.506257,19.084998,2215,2215.0,0.006858019912838634,0.0006958942240779401,0.05649245560927607,0.0006599677922450945
2109,F01143,Cserhát utca,47.503703,19.085939,2108,2108.0,0.007371134511631141,0.00023196474135931338,0.056224393303232464,0.0
2110,F01144,Reiner Frigyes park,47.50426,19.088368,2187,2187.0,0.15116566504689,0.0006958942240779401,0.06384879406556186,0.0014198634099642303
2111,F01145,Reiner Frigyes park,47.504241,19.089298,2188,2188.0,0.17656814642927715,0.0006958942240779401,0.06393923602609385,0.0004292854678664249
2112,F01146,Reiner Frigyes park,47.503468,19.088169,2189,2189.0,0.1808860733419356,0.0009278589654372535,0.06406996680607284,0.0016828524664385044
2113,F01149,Reiner Frigyes park,47.503495,19.089549,2190,2190.0,0.03577675034398541,0.00046392948271862676,0.05985918942240486,2.7448264058758663e-06
2114,F01150,Verseny utca,47.501758,19.090822,2193,2193.0,0.12099980671493,0.00046392948271862676,0.0638466438039199,0.0004215662095655058
2115,F01151,Verseny utca,47.501875,19.090278,2194,2194.0,0.14506661596089748,0.00046392948271862676,0.06383804420546159,0.0
2117,F01159,Keleti pályaudvar M,47.500466,19.081955,2126,2126.0,0.5443597118730281,0.003479471120389701,0.06848974251880188,0.28420948105638244
2118,F01160,Keleti pályaudvar M,47.500853,19.082181,2126,2126.0,0.5443597118730281,0.003479471120389701,0.06848974251880188,0.28420948105638244
2119,F01161,Huszár utca,47.499199,19.07772,2099,2099.0,0.171570552866271,0.00046392948271862676,0.06631095899935976,0.0
2120,F01162,Huszár utca,47.499136,19.078384,2100,2100.0,0.171570552866271,0.00046392948271862676,0.06631095899935976,0.0
2121,F01163,Kiss József utca,47.497509,19.074043,2174,2174.0,0.0005626281991313061,0.00046392948271862676,0.054290673476279944,0.00043508189539412747
2122,F01164,Blaha Lujza tér M,47.496754,19.069849,2152,2152.0,0.27823956314962023,0.002319647413593134,0.06905227892156968,0.21328647378677776
2123,F01165,Blaha Lujza tér M,47.496853,19.070168,2152,2152.0,0.27823956314962023,0.002319647413593134,0.06905227892156968,0.21328647378677776
2124,F01166,Blaha Lujza tér M,47.497519,19.071508,2152,2152.0,0.27823956314962023,0.002319647413593134,0.06905227892156968,0.21328647378677776
2126,F01168,Blaha Lujza tér M,47.496781,19.070699,2152,2152.0,0.27823956314962023,0.002319647413593134,0.06905227892156968,0.21328647378677776
2127,F01169,Blaha Lujza tér M,47.496224,19.070672,2152,2152.0,0.27823956314962023,0.002319647413593134,0.06905227892156968,0.21328647378677776
2128,F01170,Uránia,47.495586,19.065257,2310,2310.0,0.06572524528089607,0.00046392948271862676,0.06791317790445078,0.05359546681269594
2129,F01171,Uránia,47.49564,19.064965,2311,2311.0,0.06572524528089607,0.00046392948271862676,0.06791317790445078,0.05359546681269594
2130,F01172,Munkás utca,47.500188,19.079221,2102,2102.0,0.11975910443092519,0.00046392948271862676,0.06386492564566938,0.0032392728089068556
2131,F01173,Szövetség utca,47.500288,19.072996,2184,2184.0,0.06747414693763705,0.00046392948271862676,0.06437235807923995,0.00125925606677669
2132,F01174,Szentkirályi utca,47.488975,19.065852,2376,2376.0,0.003989615129488699,0.00046392948271862676,0.06426325608595287,0.003714843041250436
2133,F01175,Szentkirályi utca,47.489191,19.066807,2377,2377.0,0.004008857384367131,0.00046392948271862676,0.06433631349085248,0.00450101073244255
2134,F01176,Muzsikus cigányok parkja,47.489278,19.079639,2222,2222.0,8.088211709661775e-05,0.00046392948271862676,0.05670366446706034,0.0035013611147963297
2135,F01177,Muzsikus cigányok parkja,47.488963,19.081125,2223,2223.0,7.409228071459788e-05,0.00046392948271862676,0.05571055885370836,0.0027243894003516037
2137,F01180,Kőbányai út 21.,47.488985,19.095841,2253,2253.0,2.0693748911736855e-05,0.00046392948271862676,0.05317524206694329,0.0010901060926495631
2138,F01181,Kőbányai út 21.,47.488949,19.095496,2254,2254.0,0.0015718737388462326,0.00046392948271862676,0.05835029678803637,0.0015813055601252989
2139,F01182,Gumigyár,47.499688,19.095784,2191,2191.0,0.004996845513832727,0.00046392948271862676,0.06073653866187274,0.00043508189539412747
2140,F01183,Gumigyár,47.499481,19.096089,2192,2192.0,0.029754575897850567,0.00046392948271862676,0.06487348598873152,0.11716370652482964
2141,F01184,Magdolna utca,47.491919,19.089102,2251,2251.0,0.0018031489033353933,0.0006958942240779401,0.058581083593408904,0.0031222921413426234
2142,F01185,Üllői út,47.487176,19.068213,2379,2379.0,0.0004024243447043203,0.00046392948271862676,0.05685330527774533,4.1547599249501414e-05
2143,F01186,Orczy tér,47.489419,19.089989,2267,2267.0,3.535765120645285e-05,0.00023196474135931338,0.053483519558543614,0.0
2144,F01187,Orczy tér,47.489445,19.090494,2269,2269.0,0.0006610587235150424,0.0009278589654372535,0.057431130028072756,0.0078245330505666
2148,F01191,Corvin-negyed M,47.485476,19.069898,2362,2362.0,0.012725187196780553,0.0013917884481558802,0.0685120184229874,0.15029728793273503
2149,F01192,Corvin-negyed M,47.485368,19.070946,2362,2362.0,0.012725187196780553,0.0013917884481558802,0.0685120184229874,0.15029728793273503
2151,F01194,Corvin-negyed M,47.486186,19.070057,2362,2362.0,0.012725187196780553,0.0013917884481558802,0.0685120184229874,0.15029728793273503
2154,F01197,Harminckettesek tere,47.489559,19.070589,2287,2287.0,0.016164464605605104,0.00046392948271862676,0.06722683348847346,0.03220152404106975
2156,F01199,Harminckettesek tere,47.490332,19.070815,2284,2284.0,0.016164464605605104,0.00046392948271862676,0.06722683348847346,0.03220152404106975
2157,F01200,Rákóczi tér M,47.492851,19.071188,2276,2276.0,0.06477563618491677,0.0006958942240779401,0.06734265124295594,0.06461173551336029
2158,F01201,Rákóczi tér M,47.492383,19.071016,2276,2276.0,0.06477563618491677,0.0006958942240779401,0.06734265124295594,0.06461173551336029
2161,F01204,Harminckettesek tere,47.489514,19.071306,2285,2285.0,0.0009655951409339576,0.0006958942240779401,0.06051359180924049,0.004186924996000658
2162,F01205,Harminckettesek tere,47.489388,19.071638,2286,2286.0,0.000873338205212266,0.00046392948271862676,0.0603671491097499,0.003304816208329808
2163,F01207,Horváth Mihály tér,47.489594,19.076707,2226,2226.0,0.00021826662813265413,0.00046392948271862676,0.058059912344706324,0.0036651614610231802
2164,F01208,Horváth Mihály tér,47.489377,19.077397,2227,2227.0,0.0001976076387793753,0.00046392948271862676,0.057068943943157605,0.002929092785752214
2165,F01209,Mátyás tér,47.492381,19.078579,2224,2224.0,0.0005638529021721,0.00046392948271862676,0.05430466952512663,0.0020892179547626435
2166,F01210,Mátyás tér,47.492039,19.079017,2225,2225.0,0.0005638529021721,0.00046392948271862676,0.05430466952512663,0.002089217954762644
2167,F01211,Teleki László tér (Szerdahelyi utca),47.492425,19.083516,2238,2238.0,0.00012322056842561027,0.00046392948271862676,0.051346902058168456,0.0016562350442671826
2168,F01212,Teleki László tér (Szerdahelyi utca),47.492263,19.083476,2239,2239.0,0.00012322056842561027,0.00046392948271862676,0.051346902058168456,0.0016562350442671824
2169,F01213,Magdolna utca,47.492234,19.08787,2249,2249.0,0.02946781649906284,0.0009278589654372535,0.06351083961044858,0.030096220260604427
2170,F01214,Magdolna utca,47.491866,19.088027,2250,2250.0,0.003004961531260453,0.00046392948271862676,0.05627446103451262,3.828199905681512e-05
2171,F01215,Magdolna utca,47.492873,19.087298,2247,2247.0,0.000337339822948283,0.0009278589654372535,0.0556533191777982,0.002284790310749722
2174,F01218,Orczy tér,47.48913,19.092218,2264,2264.0,0.0006472818760537643,0.0009278589654372535,0.05636313229253465,0.005624541854854386
2175,F01219,Orczy tér,47.489805,19.09056,2274,2274.0,0.00719287707048618,0.0009278589654372535,0.062162447301190096,0.020259558784861388
2176,F01220,Orczy tér,47.490273,19.090204,2272,2272.0,9.465393559174632e-05,0.0006958942240779401,0.05625692718858427,0.003097011907365625
2177,F01221,Kálvária tér,47.489888,19.085916,2244,2244.0,2.692783618206873e-05,0.00046392948271862676,0.04869468876766999,0.0012297584155143205
2178,F01222,Kálvária tér,47.489492,19.086088,2245,2245.0,2.692783618206873e-05,0.00046392948271862676,0.04869468876766999,0.0012297584155143205
2179,F01223,Kálvária tér,47.48889,19.085146,2242,2242.0,0.00016950989823747844,0.0009278589654372535,0.056717235618730794,0.004013710367210084
2180,F01224,Kálvária tér,47.488791,19.085371,2243,2243.0,0.00015762786978293863,0.0006958942240779401,0.055673748411767,0.0032334260930344427
2181,F01225,Csobánc utca,47.488403,19.08825,2263,2263.0,3.4372098268175094e-05,0.00046392948271862676,0.0525561111037964,0.00043508189539412747
2182,F01226,Golgota tér,47.486423,19.092866,2257,2257.0,1.2873843523625175e-06,0.00046392948271862676,0.04539388750578718,0.0005928296486644564
2183,F01227,Golgota tér,47.486459,19.092561,2258,2258.0,1.2873843523625175e-06,0.00046392948271862676,0.04539388750578718,0.0005928296486644578
2184,F01228,Golgota tér,47.484992,19.092865,2259,2259.0,0.0016435884644342422,0.00046392948271862676,0.062048514688476,0.0168528356240603
2185,F01229,Golgota tér,47.485469,19.092919,2260,2260.0,9.577139737079412e-05,0.00046392948271862676,0.05804035996178348,0.002835316872185389
2188,F01234,Semmelweis Klinikák M,47.482334,19.080113,2864,2864.0,0.002998620200766588,0.00046392948271862676,0.06641898568121274,0.1028071351320742
2189,F01235,Semmelweis Klinikák M,47.482262,19.079741,2864,2864.0,0.002998620200766588,0.00046392948271862676,0.06641898568121274,0.1028071351320742
2190,F01236,Elnök utca,47.481224,19.093419,2810,2810.0,0.0006872905603193115,0.00046392948271862676,0.06349063354962142,0.016977903920470085
2191,F01237,Elnök utca,47.481763,19.09346,2808,2808.0,0.0003644607616637773,0.00046392948271862676,0.0617152354501024,0.0032134164860829852
2193,F01240,Bláthy Ottó utca,47.483497,19.099737,2806,2806.0,9.077386211066784e-08,0.00046392948271862676,0.04466978435455563,0.0004711151370563026
2194,F01241,Bláthy Ottó utca,47.483605,19.098914,2807,2807.0,9.077386211066784e-08,0.00046392948271862676,0.04466978435455563,0.0004711151370563016
2195,F01245,Nagyvárad tér M,47.479344,19.089731,2784,2784.0,0.0016513609261562744,0.001855717930874507,0.06593733715190928,0.13708541798289317
2196,F01246,Nagyvárad tér M,47.479444,19.090234,2784,2784.0,0.0016513609261562744,0.001855717930874507,0.06593733715190928,0.13708541798289317
2198,F01248,Nagyvárad tér M,47.478868,19.090326,2784,2784.0,0.0016513609261562744,0.001855717930874507,0.06593733715190928,0.13708541798289317
2199,F01249,Nagyvárad tér M,47.478554,19.088429,2784,2784.0,0.0016513609261562744,0.001855717930874507,0.06593733715190928,0.13708541798289317
2200,F01250,Arena Mall bevásárlóközpont,47.499708,19.089851,2195,2195.0,0.0010444384898195573,0.00023196474135931338,0.05704318693520974,0.0
2201,F01251,Arena Mall bevásárlóközpont,47.499447,19.091311,2196,2196.0,0.11974599670764843,0.00046392948271862676,0.06602114947647424,0.11726897460869534
2206,F01258,Vajda Péter utca (Villám utca),47.482443,19.10284,2798,2798.0,1.476986416206397e-07,0.00046392948271862676,0.04564196542339831,0.0006601454219872793
2207,F01260,Vajda Péter utca (Villám utca),47.482389,19.102495,2799,2799.0,1.476986416206397e-07,0.00046392948271862676,0.04564196542339831,0.0006601454219872794
2209,F01263,Kőbányai út 31.,47.487614,19.103854,2970,2970.0,0.0003435126919850551,0.00046392948271862676,0.05502497004097335,0.0011584085411682336
2210,F01264,Kőbányai út 31.,47.487632,19.10412,2972,2972.0,4.5591190409332725e-06,0.00046392948271862676,0.05105857227324425,0.0007508760690017466
2211,F01265,Kőbányai út / Könyves Kálmán körút,47.486524,19.108205,2961,2961.0,1.163508860782194e-06,0.00046392948271862676,0.049248741857168356,0.00046046090738209464
2212,F01266,Kőbányai út / Könyves Kálmán körút,47.486343,19.108577,2959,2959.0,7.510715005604555e-05,0.00046392948271862676,0.052447065987736234,0.0007947387764357698
2213,F01267,Kőbányai út / Könyves Kálmán körút,47.48674,19.106971,2966,2966.0,0.00023299728640435626,0.0009278589654372535,0.056175246834428066,0.006482098004355814
2216,F01270,Kőbányai út / Könyves Kálmán körút,47.486155,19.108284,2960,2960.0,0.00019079200436361923,0.0009278589654372535,0.054238640416315834,0.0040501511152934095
2217,F01271,Hidegkuti Nándor Stadion,47.49004,19.108249,2985,2985.0,0.00033890138308690997,0.00046392948271862676,0.05295689374968074,0.0016065169598980537
2220,F01274,Hidegkuti Nándor Stadion,47.490192,19.109669,2992,2992.0,2.236762916853123e-05,0.00046392948271862676,0.049869273931810176,0.0013132952888259583
2221,F01275,Hidegkuti Nándor Stadion,47.491164,19.108967,2988,2988.0,0.0011096405040135456,0.00046392948271862676,0.06222876098510432,0.025170717580190908
2224,F01278,Asztalos Sándor út,47.490096,19.105038,2967,2967.0,0.00010222793230025919,0.00046392948271862676,0.05218073097522007,0.001677264768751438
2225,F01279,Asztalos Sándor út,47.490015,19.105515,2968,2968.0,0.0015507746732569378,0.00046392948271862676,0.056025010130077595,0.0020281492059034067
2226,F01280,"Salgótarjáni utca, temető",47.491026,19.096334,2255,2255.0,0.00046776646249926674,0.0006958942240779401,0.05518674694471213,0.0024067640952261794
2227,F01281,"Salgótarjáni utca, temető",47.490864,19.097037,2256,2256.0,0.007096331627456593,0.0006958942240779401,0.059521846026551625,0.0026610828530439284
2231,F01286,Népliget M,47.475879,19.098907,2772,2772.0,0.0012280492229360296,0.001855717930874507,0.06513649714973788,0.1933814783083096
2237,F01294,Blaha Lujza tér M (Népszínház utca),47.496151,19.071256,2170,2170.0,0.00011734872813522196,0.00023196474135931338,0.05132049261773357,0.0
2239,F01296,Blaha Lujza tér M (Népszínház utca),47.496088,19.071534,2171,2171.0,0.0005381524958761509,0.00023196474135931338,0.054289118805065595,0.0
2242,F01300,II. János Pál pápa tér M,47.494819,19.07655,2232,2232.0,0.0025801702270409586,0.0020876826722338203,0.05762402181737677,0.01368546711678918
2243,F01301,II. János Pál pápa tér M,47.494666,19.077599,2232,2232.0,0.0025801702270409586,0.0020876826722338203,0.05762402181737677,0.01368546711678918
2244,F01302,II. János Pál pápa tér M,47.494099,19.077373,2232,2232.0,0.0025801702270409586,0.0020876826722338203,0.05762402181737677,0.01368546711678918
2245,F01303,II. János Pál pápa tér M,47.494567,19.076855,2232,2232.0,0.0025801702270409586,0.0020876826722338203,0.05762402181737677,0.01368546711678918
2247,F01309,Dologház utca,47.496445,19.08312,2236,2236.0,0.11968394606992165,0.00046392948271862676,0.0654151896137776,0.02881340492422054
2248,F01310,Dologház utca,47.496364,19.083399,2237,2237.0,7.035967379950608e-05,0.00023196474135931338,0.05253644953144421,0.0
2249,F01311,Keleti pályaudvar M,47.499315,19.082552,2126,2126.0,0.5443597118730281,0.003479471120389701,0.06848974251880188,0.28420948105638244
2250,F01314,Keleti pályaudvar M,47.500277,19.080999,2126,2126.0,0.5443597118730281,0.003479471120389701,0.06848974251880188,0.28420948105638244
2251,F01316,Puskás Ferenc Stadion M,47.499819,19.103708,2060,2060.0,0.022861884935386417,0.0027835768963117603,0.06493903945302787,0.19600965543522025
2252,F01317,Puskás Ferenc Stadion M,47.50017,19.103539,2060,2060.0,0.022861884935386417,0.0027835768963117603,0.06493903945302787,0.19600965543522025
2253,F01319,Puskás Ferenc Stadion M,47.500654,19.10785,2060,2060.0,0.022861884935386417,0.0027835768963117603,0.06493903945302787,0.19600965543522025
2255,F01321,Puskás Ferenc Stadion M,47.500113,19.109508,2060,2060.0,0.022861884935386417,0.0027835768963117603,0.06493903945302787,0.19600965543522025
2256,F01322,Puskás Ferenc Stadion M,47.500387,19.108151,2060,2060.0,0.022861884935386417,0.0027835768963117603,0.06493903945302787,0.19600965543522025
2257,F01323,Puskás Ferenc Stadion M,47.50095,19.108089,2060,2060.0,0.022861884935386417,0.0027835768963117603,0.06493903945302787,0.19600965543522025
2262,F01328,Hős utca,47.496282,19.109135,2976,2976.0,0.00501046955847092,0.00046392948271862676,0.06283721906470545,0.02526251846101783
2263,F01329,Hős utca,47.495706,19.109078,2977,2977.0,0.00501046955847092,0.00046392948271862676,0.06283721906470545,0.02526251846101783
2264,F01330,Teleki László tér,47.493604,19.081884,2240,2240.0,0.007311037442756651,0.0006958942240779401,0.059839350981367834,0.009932615205216967
2265,F01331,Teleki László tér,47.493549,19.082787,2241,2241.0,0.000984597145204822,0.0006958942240779401,0.055868988397651156,0.0018018177316629722
2266,F01332,Kőris utca,47.48726,19.088979,2261,2261.0,5.884914013802779e-06,0.00046392948271862676,0.04674598870183686,0.0008595041772156572
2267,F01333,Kőris utca,47.487152,19.089616,2262,2262.0,5.884914013802779e-06,0.00046392948271862676,0.04674598870183686,0.0008595041772156535
2268,F01334,Orczy út,47.488897,19.091276,2265,2265.0,7.1690705045944005e-06,0.00023196474135931338,0.049767816498659766,0.0
2271,F01337,Czuczor utca,47.485108,19.062308,2347,2347.0,0.0011119996991967294,0.00046392948271862676,0.06182189779533345,0.00015944089059666115
2272,F01339,Ráday utca,47.485548,19.06593,2380,2380.0,0.0009638296741640395,0.0006958942240779401,0.06021854420048268,0.0010746976659865594
2273,F01340,Közraktár utca,47.483912,19.062454,2348,2348.0,0.0002101709742227231,0.00046392948271862676,0.05658772682013867,0.00043508189539412747
2274,F01341,Koppány utca,47.466162,19.081204,2837,2837.0,6.73153751901561e-05,0.00046392948271862676,0.053294080279754186,0.0021958616080305863
2275,F01342,Koppány utca,47.465989,19.081497,2838,2838.0,6.977141638114264e-05,0.00046392948271862676,0.05328434401247054,0.0020138500991067395
2276,F01343,Zsil utca,47.482949,19.062719,2350,2350.0,0.002600860074330325,0.00046392948271862676,0.06376825825064567,0.016318159854220072
2277,F01345,Lónyay utca,47.482418,19.064775,2353,2353.0,0.0012918670935131407,0.00046392948271862676,0.06071903141247464,0.00014937782731927197
2278,F01346,Zsil utca,47.483012,19.06244,2352,2352.0,0.002600860074330325,0.00046392948271862676,0.06376825825064567,0.016318159854220072
2279,F01349,Kén utca,47.457031,19.089142,2740,2740.0,7.039758046761911e-07,0.00046392948271862676,0.045666152421816104,0.0009161804815107651
2280,F01350,Kén utca,47.457319,19.089142,2741,2741.0,7.29923180438448e-07,0.00046392948271862676,0.0456513073622138,0.0007330961580831678
2281,F01351,Beöthy utca,47.46037,19.08246,2732,2732.0,0.00031198182568295383,0.0006958942240779401,0.05432567713422725,0.0032204676592055338
2282,F01352,Beöthy utca,47.460343,19.082155,2733,2733.0,0.000311981859565545,0.0006958942240779401,0.0543248987847927,0.002345385473198043
2283,F01355,Földváry utca,47.462763,19.080141,2736,2736.0,0.001268753818236578,0.00046392948271862676,0.05762489757569859,0.002762939947686609
2284,F01356,Koppány utca,47.465426,19.078392,2839,2839.0,0.001268753811165824,0.00046392948271862676,0.05762577336064001,0.003637311708036245
2285,F01357,Fegyvergyár utca,47.449015,19.093684,3766,3766.0,1.8547077293745013e-08,0.00046392948271862676,0.04262879315071382,0.00027803177872530357
2286,F01358,Fegyvergyár utca,47.448322,19.094227,3767,3767.0,4.566436350171842e-08,0.00046392948271862676,0.043908338184489325,0.00033302408200091866
2287,F01359,Soroksári út 158.,47.44863,19.090422,3768,3768.0,0.00016143157543701135,0.00046392948271862676,0.05181846383293324,0.000179941079397728
2288,F01360,Soroksári út 158.,47.447415,19.090792,3769,3769.0,0.00016143157543701135,0.00046392948271862676,0.05181846383293324,0.00017994107939773308
2289,F01363,Börzsöny utca,47.467085,19.111844,3151,3151.0,3.070507845942108e-05,0.0006958942240779401,0.05264586703484201,0.0011607565889738447
2290,F01364,Börzsöny utca,47.466797,19.112003,3152,3152.0,5.7700385114551604e-05,0.00046392948271862676,0.05574495921055296,0.0014467567364407484
2291,F01365,Merényi Gusztáv Kórház,47.467882,19.101154,2753,2753.0,6.405584409367812e-07,0.00046392948271862676,0.04732536146960635,0.00043508189539412747
2292,F01366,Epreserdő utca,47.459683,19.111743,3104,3104.0,1.264728008612724e-05,0.00046392948271862676,0.05278952796457259,0.0037219193521805813
2293,F01367,Epreserdő utca,47.459755,19.111517,3105,3105.0,2.616614398707381e-05,0.00046392948271862676,0.05397074380936874,6.268762215512305e-05
2294,F01368,Aranyvirág sétány,47.467689,19.109816,3155,3155.0,6.164598818200245e-05,0.00046392948271862676,0.05575069673410759,0.0007939186128473187
2295,F01369,Aranyvirág sétány,47.467563,19.109219,3156,3156.0,7.881018546166756e-05,0.0006958942240779401,0.055764635638194414,0.0008006999486735996
2296,F01370,Nagykőrösi út / Határ út,47.454618,19.113036,3096,3096.0,0.0005125655376075821,0.0013917884481558802,0.059071175851925464,0.012767517555152425
2297,F01371,Nagykőrösi út / Határ út,47.454285,19.114295,3097,3097.0,3.4524566676867456e-07,0.00046392948271862676,0.04596955257611832,0.000494547928991069
2299,F01373,Boráros tér H,47.480125,19.066075,2876,2876.0,0.005080900745502484,0.002319647413593134,0.06435160020338064,0.1210111918902928
2300,F01374,Boráros tér H,47.480376,19.066698,2876,2876.0,0.005080900745502484,0.002319647413593134,0.06435160020338064,0.1210111918902928
2302,F01376,Boráros tér H,47.479621,19.067242,2876,2876.0,0.005080900745502484,0.002319647413593134,0.06435160020338064,0.1210111918902928
2303,F01378,Mester utca / Ferenc körút,47.482184,19.068463,2872,2872.0,0.003714062651966665,0.00046392948271862676,0.06578404239535361,0.02935549618816206
2304,F01379,Mester utca / Ferenc körút,47.481608,19.068702,2870,2870.0,1.4655838815775593e-07,0.00023196474135931338,0.04341612718655481,0.0
2305,F01380,Mester utca / Ferenc körút,47.482751,19.068848,2874,2874.0,0.003714062651966665,0.00046392948271862676,0.06578404239535361,0.02935549618816206
2306,F01381,Bokréta utca,47.479503,19.07223,2867,2867.0,0.0001661144023185544,0.00046392948271862676,0.059321630170117365,0.00020326016603433524
2307,F01382,Bokréta utca,47.479116,19.072655,2868,2868.0,7.02249083436879e-07,0.00046392948271862676,0.04552305333809645,0.00043508189539412747
2308,F01384,Haller utca / Soroksári út,47.473981,19.070649,2843,2843.0,0.0033174366486567208,0.001159823706796567,0.06330195725372119,0.05804034937996263
2309,F01386,Haller utca / Soroksári út,47.475627,19.069788,2843,2843.0,0.0033174366486567208,0.001159823706796567,0.06330195725372119,0.05804034937996263
2310,F01387,Haller utca / Soroksári út,47.474925,19.070398,2843,2843.0,0.0033174366486567208,0.001159823706796567,0.06330195725372119,0.05804034937996263
2311,F01388,Haller utca / Soroksári út,47.475294,19.071685,2843,2843.0,0.0033174366486567208,0.001159823706796567,0.06330195725372119,0.05804034937996263
2312,F01390,Haller utca / Mester utca,47.476021,19.076355,2851,2851.0,0.0008582945437653473,0.0006958942240779401,0.06190971729256905,0.00900584945910834
2313,F01391,Haller utca / Mester utca,47.476057,19.076819,2852,2852.0,0.0007988171336590604,0.00046392948271862676,0.061895568579039675,0.008289903266436378
2314,F01393,Haller utca / Mester utca,47.475625,19.077774,2855,2855.0,1.4719534256244743e-05,0.00046392948271862676,0.05041230419719186,0.0013045998446751176
2315,F01394,Haller utca / Mester utca,47.475906,19.077636,2854,2854.0,0.00023799469000526218,0.0006958942240779401,0.05809727622553615,0.0004280071878646994
2316,F01395,Haller utca / Mester utca,47.476219,19.078544,2856,2856.0,7.889330605332093e-05,0.00046392948271862676,0.05782791354903903,0.0014229035422916334
2317,F01396,Müpa - Nemzeti Színház H,47.470958,19.073182,2826,2826.0,0.0033937495924927464,0.0009278589654372535,0.06198258440134359,0.04975465883983993
2318,F01397,Müpa - Nemzeti Színház H,47.471255,19.072969,2826,2826.0,0.0033937495924927464,0.0009278589654372535,0.06198258440134359,0.04975465883983993
2319,F01398,Vágóhíd utca,47.473403,19.079922,2861,2861.0,6.73153579918377e-05,0.00046392948271862676,0.05327086889842774,0.0017390358985619801
2320,F01399,Vágóhíd utca,47.473151,19.080293,2862,2862.0,0.0001162450352315252,0.00046392948271862676,0.055106540644469834,2.90767072877909e-05
2321,F01400,Török Pál utca,47.487779,19.061075,2346,2346.0,0.004039402945891986,0.00046392948271862676,0.06463351690275794,0.0004449296781690823
2322,F01401,Közvágóhíd H,47.467504,19.075899,2823,2823.0,0.005767997846868012,0.003479471120389701,0.06137359397189043,0.13526302075785515
2324,F01403,Közvágóhíd H,47.467873,19.07574,2823,2823.0,0.005767997846868012,0.003479471120389701,0.06137359397189043,0.13526302075785515
2326,F01407,Közvágóhíd H (Kvassay Jenő út),47.466218,19.076257,2835,2835.0,0.0020989817637259937,0.0009278589654372535,0.05972624024294927,0.010740203286537128
2327,F01408,"József Attila ltp., Távíró utca",47.460599,19.114913,3118,3118.0,6.728587664752482e-07,0.00046392948271862676,0.04733245079185828,0.00014549373955330408
2328,F01411,Helyi kikötő út,47.463167,19.072701,2730,2730.0,0.001261251082412002,0.00046392948271862676,0.057617892254370986,0.0011664256279789657
2329,F01412,Helyi kikötő út,47.463464,19.073086,2731,2731.0,0.00045920475163281117,0.00046392948271862676,0.05642939942528822,0.00991324718958702
2330,F01413,Magyar Aszfalt,47.459702,19.087871,2738,2738.0,3.3362286299812986e-06,0.00046392948271862676,0.047930179445610954,0.001158145982064441
2331,F01414,Magyar Aszfalt,47.459828,19.087645,2739,2739.0,3.2187714601836637e-06,0.00046392948271862676,0.047945331304874515,0.0013407315723281278
2334,F01417,Kén utca H (Illatos út),47.454819,19.087509,2742,2742.0,6.821898203029686e-05,0.00046392948271862676,0.051369162677930305,0.002318315645214533
2335,F01418,Kén utca H,47.455179,19.086422,2744,2744.0,0.00015804003995976,0.0009278589654372535,0.05137473084905143,0.0005439455816039873
2336,F01419,Kén utca H,47.454351,19.087283,2744,2744.0,0.00015804003995976,0.0009278589654372535,0.05137473084905143,0.0005439455816039873
2337,F01420,Kén utca H (Illatos út),47.454603,19.087947,2743,2743.0,6.821913732433739e-05,0.00046392948271862676,0.05136359571367368,0.0014420583864645268
2338,F01421,Illatos út,47.454674,19.090479,2749,2749.0,1.544541519598283e-07,0.00046392948271862676,0.04361037720352631,0.0005277861355046172
2339,F01422,Gubacsi út,47.454332,19.090121,2750,2750.0,1.4917268676593174e-05,0.00046392948271862676,0.04874915639932875,0.0018906878372167565
2340,F01423,Gubacsi út,47.453864,19.091924,2751,2751.0,1.4917978968324306e-05,0.00046392948271862676,0.04871470868236749,0.0010099581260289417
2341,F01424,Illatos út,47.453621,19.091248,2752,2752.0,1.6134945443560658e-07,0.00046392948271862676,0.04394854402298918,0.0003880225281789079
2342,F01425,Külső Mester utca,47.45424,19.096221,3777,3777.0,3.2619869462527603e-06,0.00046392948271862676,0.04640444303055222,0.0014682823754068775
2343,F01426,Külső Mester utca,47.454338,19.097441,3778,3778.0,3.2652354299635044e-06,0.00046392948271862676,0.04677136028498781,0.0006630319666583957
2344,F01427,Timót utca,47.452218,19.09187,3762,3762.0,3.610549684888389e-08,0.00046392948271862676,0.042456952898835366,0.0002702620689235254
2345,F01428,Timót utca,47.451831,19.092254,3763,3763.0,4.320298113577791e-08,0.00046392948271862676,0.04315374482818209,0.00024120975750416732
2346,F01429,Timót utca / Soroksári út,47.451661,19.08874,3764,3764.0,6.66716017511888e-05,0.00046392948271862676,0.04913705223331033,1.1728032893992399e-05
2347,F01430,Timót utca / Soroksári út,47.45087,19.088872,3765,3765.0,6.66716017511888e-05,0.00046392948271862676,0.04913705223331033,1.1728032893992399e-05
2348,F01431,Szabadkai út,47.444311,19.092818,3815,3815.0,0.0007068643666706012,0.00046392948271862676,0.05481575567193465,0.0006114080563553901
2349,F01432,Szabadkai út,47.443529,19.092884,3816,3816.0,0.0007068643666706012,0.00046392948271862676,0.05481575567193465,0.0006114080563553758
2350,F01434,Gubacsi út / Határ út,47.444414,19.097235,3809,3809.0,6.572948436400934e-05,0.00023196474135931338,0.05149054340942708,0.0
2351,F01435,Gubacsi út / Határ út,47.444558,19.097501,3807,3807.0,6.572948436400934e-05,0.00023196474135931338,0.05149054340942708,0.0
2352,F01436,Gubacsi út / Határ út,47.444067,19.096928,3812,3812.0,5.2770724294240096e-08,0.0006958942240779401,0.04386160881455928,0.0007892106090975812
2353,F01437,Gubacsi út / Határ út,47.444292,19.09653,3811,3811.0,1.7562512756101363e-07,0.00046392948271862676,0.045345029007909675,0.0006264701157050282
2356,F01440,Határ út,47.442053,19.09499,3813,3813.0,0.001980852113993672,0.0006958942240779401,0.057948994140138335,0.0020463684060120528
2357,F01441,Baross utca,47.441549,19.095056,3814,3814.0,0.001983956229165821,0.0006958942240779401,0.057902092657494825,0.0005273174908165448
2358,F01442,Ősz utca,47.44605,19.10022,3801,3801.0,4.5886545510753015e-08,0.0006958942240779401,0.044123965875150016,0.0006428434887691581
2359,F01443,Ősz utca,47.446197,19.100297,3802,3802.0,7.959780223381565e-07,0.0009278589654372535,0.04756401565015481,0.004438889951252881
2360,F01444,Jókai Mór utca / Határ út,47.44901,19.104503,3770,3770.0,3.1213487935838513e-06,0.00046392948271862676,0.04973256693358418,0.004685727927191364
2361,F01445,Jókai Mór utca / Határ út,47.448642,19.104145,3771,3771.0,1.5757981001380067e-07,0.00046392948271862676,0.04547991646375664,0.0007884402353349002
2362,F01446,Jókai Mór utca / Határ út,47.44856,19.10498,3772,3772.0,3.291472585855621e-07,0.0006958942240779401,0.04651716499102442,0.001599487172293959
2363,F01447,Mártírok útja / Határ út,47.452039,19.109095,3773,3773.0,1.4162583946269582e-05,0.00046392948271862676,0.05238113220213012,0.005099011825901304
2364,F01448,Mártírok útja / Határ út,47.451841,19.108975,3774,3774.0,7.09394979908135e-07,0.0006958942240779401,0.047622560388643306,0.0025120698644740106
2365,F01449,Mártírok útja / Határ út,47.450887,19.110592,3776,3776.0,0.00011271004815198728,0.00046392948271862676,0.056097122924404004,0.005944906209373786
2366,F01450,Mártírok útja / Határ út,47.451814,19.109426,3775,3775.0,1.5436805275447865e-06,0.00046392948271862676,0.0472622421108293,0.0029790253817155643
2367,F01451,Nagykőrösi út / Határ út,47.455418,19.114695,3100,3100.0,6.38995269440714e-07,0.0013917884481558802,0.04736201251087839,0.006028032005461632
2368,F01452,Nagykőrösi út / Határ út,47.455443,19.114062,3102,3102.0,6.475113059073044e-05,0.0006958942240779401,0.05540042716476076,0.005689136395331424
2369,F01453,Nagykőrösi út / Határ út,47.455706,19.113714,3103,3103.0,3.447874051722177e-08,0.00046392948271862676,0.04136612774880692,0.0003839842697584506
2370,F01454,Nagykőrösi út / Határ út,47.455742,19.114682,3101,3101.0,2.9134407715862155e-06,0.0006958942240779401,0.05004303446815794,0.0033034468221902367
2371,F01455,Mészáros Lőrinc utca,47.459749,19.120986,3114,3114.0,1.33358615665998e-07,0.00023196474135931338,0.0450856803955266,0.0
2372,F01456,Mészáros Lőrinc utca,47.4593,19.120044,3113,3113.0,0.0003634275392249344,0.00046392948271862676,0.05884473710845645,0.0
2373,F01457,Mészáros Lőrinc utca,47.459543,19.120283,3111,3111.0,6.078394414989035e-07,0.00023196474135931338,0.047508590848056524,0.0
2374,F01458,Mészáros Lőrinc utca,47.459714,19.120363,3112,3112.0,0.00026998585813832373,0.00046392948271862676,0.058790905132002844,0.0060723818865962825
2375,F01459,Határ út M,47.464405,19.126338,3020,3020.0,0.001229137404061725,0.003479471120389701,0.06263584101071101,0.15946665874397897
2377,F01461,Határ út M,47.465008,19.12618,3020,3020.0,0.001229137404061725,0.003479471120389701,0.06263584101071101,0.15946665874397897
2378,F01462,Határ út M,47.464963,19.126073,3020,3020.0,0.001229137404061725,0.003479471120389701,0.06263584101071101,0.15946665874397897
2379,F01463,Kőér utcai uszoda,47.466517,19.126213,3030,3030.0,0.0002687349570387623,0.00046392948271862676,0.05873353215891988,0.0026838198845530745
2380,F01464,Kőér utcai uszoda,47.466644,19.1265,3031,3031.0,0.0002687349570387623,0.00046392948271862676,0.05873353215891988,0.002683819884553075
2381,F01465,Pöttyös utca M,47.4688,19.117431,3131,3131.0,0.0005083892969145302,0.00046392948271862676,0.060824226564589676,0.0022764320857170074
2382,F01466,Pöttyös utca M,47.468629,19.117178,3131,3131.0,0.0005083892969145302,0.00046392948271862676,0.060824226564589676,0.0022764320857170074
2383,F01467,Friss utca,47.463421,19.117928,3119,3119.0,1.4960427010800278e-06,0.00046392948271862676,0.047344862217908144,0.0002919203612837684
2384,F01468,Valéria tér,47.464933,19.116099,3129,3129.0,6.718179284758991e-06,0.00046392948271862676,0.04985484833911946,0.0007259617342494338
2385,F01469,Valéria tér,47.465339,19.114389,3128,3128.0,1.2616489039128004e-05,0.00046392948271862676,0.05262540784987358,0.0010127153634750638
2386,F01470,Lobogó utca,47.462029,19.114915,3116,3116.0,2.7725762173081467e-06,0.00046392948271862676,0.049836500559703886,0.0005787457506768917
2387,F01471,Lobogó utca,47.461686,19.115565,3117,3117.0,4.5250710758756146e-07,0.00046392948271862676,0.045075496749606404,2.045164773005547e-06
2388,F01474,Táblás utca,47.45537,19.10325,3779,3779.0,7.133348204622526e-07,0.00046392948271862676,0.04430855909018383,0.0010512485138979538
2389,F01475,Táblás utca,47.455477,19.104974,3780,3780.0,7.281916944491292e-07,0.00046392948271862676,0.04569697297446659,0.0004601832935328213
2390,F01476,Aszódi utca,47.463682,19.100792,3123,3123.0,1.2611762167700707e-05,0.00023196474135931338,0.052610803879331085,0.0
2391,F01477,Merényi Gusztáv Kórház,47.468179,19.101048,2754,2754.0,1.343508347595389e-05,0.00046392948271862676,0.052631982282080915,0.0013045998446751176
2392,F01478,Füleki utca,47.466209,19.102134,3125,3125.0,1.336422739599771e-07,0.00023196474135931338,0.04505246652943039,0.0
2393,F01479,Gyáli út,47.464706,19.103857,3126,3126.0,6.0450305513635446e-05,0.0006958942240779401,0.055736764796604214,0.0008700561505370442
2394,F01481,Közterületfenntartó Zrt.,47.468472,19.108092,3148,3148.0,7.86896948519378e-05,0.0006958942240779401,0.05576791639334301,0.0011870496288170769
2395,F01482,Közterületfenntartó Zrt.,47.467691,19.106513,3145,3145.0,0.0002811541874533397,0.0006958942240779401,0.059271554854283835,0.0037832786678963473
2396,F01483,Közterületfenntartó Zrt.,47.468419,19.10727,3150,3150.0,0.0002645264591797899,0.00046392948271862676,0.05925395586159387,0.0013045998446751176
2397,F01484,Közterületfenntartó Zrt.,47.467832,19.107657,3146,3146.0,0.0002645695827632803,0.00046392948271862676,0.05929472735719812,0.0007244024756310865
2398,F01485,Közterületfenntartó Zrt.,47.46814,19.107681,3147,3147.0,0.00026395413765671757,0.00046392948271862676,0.059320702080531175,0.004573486047066954
2399,F01486,Közterületfenntartó Zrt.,47.468103,19.108291,3149,3149.0,0.00026477592023368827,0.00046392948271862676,0.059257660044125145,0.0012271706239706842
2400,F01487,Ifjúmunkás utca,47.468147,19.110997,3153,3153.0,0.0002683569185631727,0.00046392948271862676,0.059262290923608435,0.0012264171422122084
2401,F01488,Ifjúmunkás utca,47.468273,19.110944,3154,3154.0,0.0002639527362990835,0.00046392948271862676,0.059257660044125145,0.0018807981094066204
2404,F01491,Ecseri út M,47.471087,19.10912,3137,3137.0,0.001207483513296001,0.0027835768963117603,0.06324283009613023,0.028858804933450298
2405,F01492,Péceli utca,47.469484,19.099352,2755,2755.0,2.936624112738226e-06,0.00046392948271862676,0.04983846574722842,0.0008699485102858334
2408,F01495,Ecseri út M,47.47126,19.109422,3137,3137.0,0.001207483513296001,0.0027835768963117603,0.06324283009613023,0.028858804933450298
2409,F01496,Ecseri út M,47.470872,19.111862,3137,3137.0,0.001207483513296001,0.0027835768963117603,0.06324283009613023,0.028858804933450298
2410,F01497,Ecseri út M,47.47089,19.111079,3137,3137.0,0.001207483513296001,0.0027835768963117603,0.06324283009613023,0.028858804933450298
2411,F01498,Albert Flórián út,47.47239,19.095534,2756,2756.0,0.00032903574225333246,0.00046392948271862676,0.06205867026062051,0.021739604710550198
2412,F01499,Albert Flórián út,47.472723,19.096118,2758,2758.0,0.00032892395755726455,0.00046392948271862676,0.06206781311829285,0.022559593060643403
2413,F01500,Albert Flórián út,47.472516,19.095415,2757,2757.0,3.799571834920281e-06,0.00046392948271862676,0.04985484833911946,0.00031580943551670225
2415,F01502,Ferencváros vá. - Málenkij Robot Eh.,47.470305,19.089313,2814,2814.0,0.000348385678684228,0.00046392948271862676,0.060169808232566194,0.02236876600008507
2416,F01503,Ferencváros vá. - Málenkij Robot Eh.,47.470172,19.088529,2812,2812.0,0.00034892141333562796,0.00046392948271862676,0.06016217053159736,0.021548661039719714
2417,F01504,Ferencváros vá. - Málenkij Robot Eh.,47.470693,19.090147,2815,2815.0,1.0020591146680155e-06,0.00046392948271862676,0.047344862217908144,9.506428186102106e-06
2419,F01506,Mester utca / Könyves Kálmán körút,47.469814,19.082997,2816,2816.0,0.00030785075870055255,0.0006958942240779401,0.056471421229069174,0.004791731846272535
2420,F01507,Mester utca / Könyves Kálmán körút,47.470226,19.08276,2817,2817.0,0.0003190847732080782,0.0006958942240779401,0.05646048954052343,0.0025392236921519184
2421,F01508,Mester utca / Könyves Kálmán körút,47.469921,19.084469,2819,2819.0,1.0034971828873544e-06,0.00046392948271862676,0.04883894888432417,0.000129855290575638
2423,F01511,Balázs Béla utca,47.476946,19.08259,2859,2859.0,0.0005582204577654928,0.0006958942240779401,0.06330512790021524,0.00914389540447918
2424,F01512,Balázs Béla utca,47.476775,19.081953,2857,2857.0,0.0005111538023937036,0.00046392948271862676,0.0632913907255023,0.008365120028123077
2425,F01513,Balázs Béla utca,47.476668,19.081661,2858,2858.0,0.0003609404641719588,0.00046392948271862676,0.06161695000623035,0.0018569090351736636
2426,F01514,Boráros tér H,47.479945,19.067547,2876,2876.0,0.005080900745502484,0.002319647413593134,0.06435160020338064,0.1210111918902928
2427,F01515,Boráros tér H,47.479495,19.067865,2876,2876.0,0.005080900745502484,0.002319647413593134,0.06435160020338064,0.1210111918902928
2429,F01518,Boráros tér H,47.480043,19.066075,2876,2876.0,0.005080900745502484,0.002319647413593134,0.06435160020338064,0.1210111918902928
2430,F01519,Boráros tér H,47.479693,19.0663,2876,2876.0,0.005080900745502484,0.002319647413593134,0.06435160020338064,0.1210111918902928
2431,F01525,Csengettyű utca,47.46357,19.109479,3120,3120.0,6.065647810318975e-05,0.00046392948271862676,0.05583443484049819,0.0003227224068460016
2432,F01526,Csengettyű utca,47.463444,19.109691,3121,3121.0,5.7707101720086586e-05,0.00046392948271862676,0.055861580464131526,0.004147316614972741
2434,F01530,Népliget M,47.475716,19.099888,2772,2772.0,0.0012280492229360296,0.001855717930874507,0.06513649714973788,0.1933814783083096
2435,F01531,Balkán utca,47.474062,19.116058,3005,3005.0,0.0002646863546031948,0.00046392948271862676,0.0594285545215415,0.007764759300347394
2436,F01532,Balkán utca,47.473748,19.115739,3006,3006.0,0.0002639904105779352,0.00046392948271862676,0.0592975092751887,0.0029068545465298283
2437,F01533,Sporttelep,47.478759,19.113662,2993,2993.0,6.170614835569002e-07,0.00046392948271862676,0.04705870000599942,0.00097827784821096
2438,F01534,Sporttelep,47.478921,19.112867,2994,2994.0,6.170614835569002e-07,0.00046392948271862676,0.04705870000599942,0.0009782778482109599
2439,F01535,Fertő utca / Bihari utca,47.476066,19.119165,3007,3007.0,6.120238879618069e-05,0.00046392948271862676,0.0568788910561248,0.0074382256782439095
2440,F01536,Fertő utca / Bihari utca,47.476327,19.118316,3009,3009.0,2.8094307269880754e-06,0.00046392948271862676,0.04949883990526744,0.0013872195045470498
2441,F01537,Fertő utca / Bihari utca,47.475256,19.120066,3010,3010.0,2.8094307269880754e-06,0.00046392948271862676,0.04949883990526744,0.001387219504547046
2442,F01538,Fertő utca / Bihari utca,47.475742,19.118819,3008,3008.0,5.7880231556452115e-05,0.00046392948271862676,0.056207723851631995,0.0025336373576584233
2443,F01539,Basa utca,47.470602,19.126533,3036,3036.0,5.875597130862939e-05,0.00046392948271862676,0.05528894611445765,0.002250836974057553
2444,F01540,Basa utca,47.470269,19.126824,3037,3037.0,5.875597130862939e-05,0.00046392948271862676,0.05528894611445765,0.002250836974057553
2449,F01545,Felsőcsatári út,47.457379,19.177716,3184,3184.0,0.0001476096371302372,0.001159823706796567,0.05693697083195771,0.025961720956648785
2450,F01546,Hangár utca,47.461699,19.167024,3166,3166.0,9.795184400962763e-06,0.00046392948271862676,0.050913909060900625,1.7972077657520558e-05
2451,F01547,Gyömrői út 105.,47.463169,19.163472,3172,3172.0,1.597593789030436e-05,0.00046392948271862676,0.05121927697065153,0.0005233433583526925
2452,F01548,Gyömrői út 132.,47.463566,19.162107,3173,3173.0,1.4083871289501045e-05,0.00046392948271862676,0.05091869516663387,1.971969402182191e-05
2453,F01549,Árpád utca,47.463657,19.177904,3174,3174.0,3.460628217463523e-06,0.00023196474135931338,0.048256533867656715,0.0
2454,F01550,Árpád utca,47.464098,19.17809,3175,3175.0,2.0632240140712598e-05,0.00046392948271862676,0.05336909376436944,0.004771853308011207
2455,F01551,Álmos utca,47.467524,19.178576,3176,3176.0,1.6530196143284e-05,0.0006958942240779401,0.05087360474947863,0.000454006076702239
2456,F01552,Álmos utca,47.46702,19.178694,3177,3177.0,4.660878570164044e-06,0.00046392948271862676,0.05136220416113613,0.004449874251023388
2457,F01553,Bogáncsvirág utca,47.483628,19.196245,822,822.0,7.811330121081607e-08,0.00046392948271862676,0.03955868747283113,0.0019052258185788776
2458,F01554,Csillagvirág utca,47.483538,19.196298,823,823.0,1.975285063444172e-06,0.00046392948271862676,0.04416662553533986,0.0024402783739748556
2459,F01555,Kőbánya felső vasútállomás,47.492543,19.133824,2891,2891.0,0.0052124877510428096,0.00046392948271862676,0.053359330071959796,0.0007582183397716884
2460,F01556,IV. kapu,47.492023,19.130466,2895,2895.0,0.0011475734148354904,0.00046392948271862676,0.050492863989764575,0.00032399756638724946
2461,F01557,II. kapu,47.491551,19.123909,2915,2915.0,0.00012187695834531761,0.00046392948271862676,0.04919123813678505,0.00015760524957740449
2462,F01558,"Vásárközpont, főbejárat",47.4931,19.121005,2917,2917.0,0.00031602314459350673,0.00046392948271862676,0.051907847597177,0.0005461662244010076
2463,F01559,Pongrácz úti lakótelep,47.490753,19.120923,2920,2920.0,0.00024029227456306523,0.00046392948271862676,0.053808370499012166,0.0018065950208028825
2464,F01560,Pongrácz úti lakótelep,47.49041,19.12136,2921,2921.0,0.00025259004266641876,0.00046392948271862676,0.05401610706721834,0.0022232044228237447
2465,F01561,Őrház,47.489473,19.124517,2913,2913.0,2.968660913664232e-06,0.00046392948271862676,0.045254647437887346,0.0005006240083265653
2466,F01562,Őrház,47.489482,19.125008,2914,2914.0,4.348848787942707e-06,0.00046392948271862676,0.04727049114326275,0.000679408144497234
2467,F01563,Egészségház,47.484126,19.116668,2998,2998.0,5.619414175866973e-05,0.00046392948271862676,0.05260861398281453,7.92446139791226e-05
2469,F01565,Egészségház,47.484081,19.117318,2995,2995.0,3.689716570262366e-06,0.00046392948271862676,0.048328497955330264,0.00032484381343583877
2470,F01566,Egészségház,47.484018,19.117198,2996,2996.0,4.429813086469294e-06,0.00046392948271862676,0.049265379080913045,0.00035358602596936655
2471,F01567,Mázsa utca,47.483195,19.123384,2924,2924.0,1.6601321487743974e-05,0.00046392948271862676,0.05049958892936339,0.0006856063214123968
2472,F01568,Mázsa utca,47.483106,19.123287,2925,2925.0,4.631928153807798e-06,0.00046392948271862676,0.05010784505858849,0.00045601780350303756
2473,F01569,Kőbánya alsó vasútállomás,47.483437,19.126485,2934,2934.0,1.6005987738360938e-05,0.00046392948271862676,0.04907282162378525,0.0014639865184674535
2474,F01570,Kőbánya alsó vasútállomás,47.4835,19.12622,2935,2935.0,1.1563427018696779e-05,0.00046392948271862676,0.04834575197102299,0.0009503832005757431
2475,F01571,Kőbánya alsó vasútállomás (Mázsa tér),47.482879,19.125715,2936,2936.0,0.00020826859372751461,0.0009278589654372535,0.0557326684929871,0.00864278872984107
2477,F01574,Kőbánya alsó vasútállomás (Mázsa tér),47.481718,19.127066,2933,2933.0,6.511400294261149e-06,0.00046392948271862676,0.05226776719440044,0.0020002557422420823
2478,F01575,Kocsis Sándor Sportközpont,47.478717,19.12348,3003,3003.0,2.8600192920271362e-05,0.00046392948271862676,0.054754012846155053,0.007173315492862759
2479,F01576,Kocsis Sándor Sportközpont,47.478878,19.123878,3004,3004.0,1.343735853489789e-05,0.00046392948271862676,0.05400533600511888,0.002230404528402234
2480,F01577,Kőér utca,47.47378,19.135133,3058,3058.0,1.138532040943236e-05,0.00046392948271862676,0.05123242626685121,0.0008699485102858334
2481,F01578,Kőér utca,47.473733,19.135046,3059,3059.0,6.070658165425537e-06,0.00046392948271862676,0.04959401255112082,7.444469050593662e-05
2483,F01580,Kada utca,47.471722,19.14218,3053,3053.0,6.306103470729386e-06,0.00046392948271862676,0.05086473271602532,0.0006762988479798528
2484,F01581,Diósgyőri utca,47.470443,19.143835,3050,3050.0,2.6891119493139247e-05,0.001159823706796567,0.052876396435312535,0.002571309292870551
2485,F01582,Diósgyőri utca,47.47056,19.143822,3051,3051.0,2.85083358312406e-05,0.001159823706796567,0.0537542089340827,0.00508447668106243
2486,F01583,Felüljáró,47.465158,19.152296,3190,3190.0,0.00015004186088345196,0.0009278589654372535,0.05686183131254898,0.0061435619961429785
2487,F01584,Felüljáró (Gyömrői út),47.465382,19.152827,3191,3191.0,0.0001566748611662817,0.0009278589654372535,0.05692671284243749,0.00671470351229927
2488,F01585,Újhegyi út,47.465396,19.157601,3252,3252.0,4.821977253236732e-05,0.0009278589654372535,0.05390245846187099,0.0018887399351100835
2489,F01586,Újhegyi út,47.464675,19.159085,3253,3253.0,5.768629215546662e-05,0.0009278589654372535,0.05374278029798434,0.00045497791439888486
2490,F01587,Hangár utca,47.462465,19.165951,3167,3167.0,2.8329766708001513e-05,0.0006958942240779401,0.05317747939164948,0.000674219344605538
2491,F01588,"Újhegyi út, Sportliget",47.468083,19.168683,3295,3295.0,5.42962259000493e-06,0.0006958942240779401,0.050140976402848335,0.0009299489175875113
2492,F01589,"Újhegyi út, Sportliget",47.468305,19.169341,3296,3296.0,1.6551277865021443e-05,0.00046392948271862676,0.05084767980774037,0.00022900758149761326
2493,F01590,Dolomit utca,47.469565,19.169158,3297,3297.0,1.1357034806461994e-06,0.00023196474135931338,0.04759685465571278,0.0
2494,F01591,Maglódi út,47.470264,19.17333,3293,3293.0,1.6713050926322327e-05,0.0006958942240779401,0.05127954227807835,0.012545794993864554
2495,F01592,Maglódi út,47.47056,19.17418,3294,3294.0,5.9133971662029e-05,0.0006958942240779401,0.05365532194069921,0.0005746531570224448
2496,F01593,Új köztemető,47.47312,19.177277,3310,3310.0,1.7011464572158775e-06,0.0006958942240779401,0.04963751208429957,0.0044877844644294115
2497,F01594,Új köztemető,47.473299,19.177383,3312,3312.0,6.35993321987069e-09,0.00046392948271862676,0.03514897598664545,0.0008699485102858334
2498,F01595,Új köztemető,47.473416,19.178127,3308,3308.0,1.237977788349606e-05,0.0009278589654372535,0.050010032387868206,0.014564309521117343
2499,F01596,Új köztemető,47.473371,19.177835,3309,3309.0,1.883934176844545e-09,0.00046392948271862676,0.03460870621573405,0.00043508189539412747
2500,F01597,Új köztemető,47.473003,19.177104,3311,3311.0,1.3475765943506796e-05,0.00046392948271862676,0.05074288553167554,2.5833660290596388e-06
2501,F01600,Gránátos utca,47.481187,19.177509,3314,3314.0,7.560989433026859e-07,0.00046392948271862676,0.04656515204518638,0.0006223088711119352
2502,F01601,Gránátos utca,47.481736,19.177696,3315,3315.0,1.7363382391830683e-05,0.00046392948271862676,0.050721842785448154,0.0003676510250369499
2503,F01602,Kozma utca,47.487509,19.178599,3286,3286.0,5.211332569561299e-06,0.00046392948271862676,0.04401793189592858,0.0
2504,F01603,Kozma utca,47.486753,19.179234,3287,3287.0,1.6509926505872672e-06,0.00046392948271862676,0.04421864808022801,0.00024967918575448123
2505,F01604,Athenaeum Nyomda,47.48703,19.180522,3288,3288.0,0.00015734531327222213,0.0006958942240779401,0.04977042956543312,0.00025555901456648494
2506,F01605,Kossuth Nyomda,47.486626,19.187221,3282,3282.0,7.376974687147229e-06,0.001159823706796567,0.0451834626545681,0.004253841378031072
2507,F01606,Kossuth Nyomda,47.486537,19.186651,3283,3283.0,0.00018656687778531355,0.0009278589654372535,0.05126844836301352,0.004370504974300732
2508,F01608,Tarkarét utca,47.485909,19.191966,821,821.0,4.096646170286878e-05,0.00046392948271862676,0.04865157677017247,0.003291161745480745
2509,F01609,Túzok utca,47.487051,19.192716,818,818.0,9.796318433360314e-08,0.00046392948271862676,0.03688995880236412,0.003041052377208038
2510,F01610,Túzok utca,47.486916,19.193246,819,819.0,0.007700640987352122,0.00046392948271862676,0.053927757581900035,0.0014801372166321678
2511,F01611,Keresztúri út 102.,47.490929,19.168549,3352,3352.0,9.251468465241778e-06,0.00046392948271862676,0.04180211273450627,0.004341131331332302
2512,F01612,Keresztúri út 102.,47.490712,19.169225,3353,3353.0,9.357455745595101e-05,0.00046392948271862676,0.04609417371452839,0.00019480873578981358
2513,F01613,Rákos vasútállomás,47.488296,19.174156,3289,3289.0,1.749975447349433e-05,0.0006958942240779401,0.04504711403670374,0.001960202425013866
2514,F01614,Rákos vasútállomás,47.488234,19.173558,3290,3290.0,0.0005279627501600543,0.0006958942240779401,0.05119991135874732,0.0023577419918151283
2515,F01615,Maglódi út,47.490455,19.149107,3323,3323.0,0.0002922322593348992,0.0006958942240779401,0.04790293021848055,0.0031555488807336607
2516,F01616,Maglódi út,47.490344,19.149684,3324,3324.0,0.008973487975707897,0.0009278589654372535,0.05399456923776243,0.0033265706426664847
2517,F01617,Jászberényi út / Maglódi út,47.490048,19.14908,3328,3328.0,0.000258370863821878,0.00046392948271862676,0.04760402555660253,0.003907986960459969
2518,F01618,Jászberényi út / Maglódi út,47.490237,19.148629,3326,3326.0,7.670526327552609e-05,0.00046392948271862676,0.04662642198208794,0.003474627309085214
2519,F01619,Sörgyár,47.491733,19.14477,3332,3332.0,0.00034932977907348075,0.0006958942240779401,0.04905504483638305,0.00492130275272767
2520,F01620,Sörgyár,47.491941,19.144346,3330,3330.0,0.0011766657513370966,0.0006958942240779401,0.050136998328397527,0.0057050368314926405
2521,F01621,Sörgyár,47.4913,19.14601,3333,3333.0,0.008238731580462979,0.00046392948271862676,0.05362800214394568,0.0
2522,F01622,Sörgyár,47.492051,19.144505,3331,3331.0,0.001256810175094088,0.0006958942240779401,0.05021335481695901,0.003704297795764237
2523,F01623,Élessarok,47.491037,19.138015,2902,2902.0,0.005100422254476654,0.0013917884481558802,0.052939887682323744,0.013161800312270109
2524,F01624,Élessarok,47.491495,19.138759,2906,2906.0,0.0015141876649810194,0.001159823706796567,0.051735033914359276,0.008668785854586476
2525,F01625,Élessarok,47.491828,19.138287,2904,2904.0,0.0002583731806321843,0.00046392948271862676,0.04761179647128083,0.0009433424806503337
2526,F01626,Élessarok,47.491801,19.138666,2905,2905.0,7.674041061982765e-05,0.00046392948271862676,0.04663387697963756,0.0005926935706194625
2528,F01628,Élessarok,47.491948,19.1402,2907,2907.0,0.03035741453440483,0.001159823706796567,0.05686268405667868,0.012829033246736544
2530,F01630,Kőrösi Csoma Sándor út,47.488852,19.137427,2898,2898.0,0.000646717038119561,0.0006958942240779401,0.051421411714382075,0.0031542180196463695
2531,F01631,Harmat utca,47.488384,19.137877,2899,2899.0,0.0016761807519432145,0.0006958942240779401,0.051212358999208396,0.000906995346125263
2534,F01637,Hízlaló tér,47.472267,19.12424,3034,3034.0,1.2846599224010352e-05,0.00046392948271862676,0.05222601115113279,0.0018180370519890548
2535,F01638,Hízlaló tér,47.472511,19.123644,3035,3035.0,1.2846599224010352e-05,0.00046392948271862676,0.05222601115113279,0.0018180370519890552
2536,F01639,Liget tér,47.481743,19.128809,2929,2929.0,5.212704685403036e-07,0.00023196474135931338,0.04618850587254865,0.0
2537,F01640,Vaspálya utca,47.481833,19.128438,2930,2930.0,5.023581847155203e-05,0.001159823706796567,0.05296577081849206,0.0031684131652207075
2538,F01641,Liget tér,47.482795,19.130358,2951,2951.0,0.0006541242356343228,0.0006958942240779401,0.054230107205346136,0.005998846831350071
2540,F01644,Kápolna utca,47.482004,19.130543,2949,2949.0,2.6763499622548263e-06,0.00046392948271862676,0.046135115902749754,0.0005473727180298785
2541,F01645,Kőbánya alsó vasútállomás,47.482464,19.128487,2931,2931.0,7.557180624416868e-05,0.0006958942240779401,0.05335332342132623,0.007546116260191187
2542,F01646,Kőbánya alsó vasútállomás,47.482355,19.129429,2932,2932.0,1.770057235219145e-05,0.0006958942240779401,0.051866664417588526,0.002223428406614833
2543,F01647,Kápolna utca,47.482256,19.130424,2950,2950.0,2.0388412142348172e-05,0.00046392948271862676,0.04804435676106679,0.0013014590877665872
2544,F01648,Szent László tér,47.485277,19.131424,2957,2957.0,0.0004367992664400342,0.00046392948271862676,0.051834048333334125,0.0007962301327349071
2545,F01649,Szent László tér,47.484998,19.131569,2955,2955.0,0.000315611979144823,0.00046392948271862676,0.05300130887464727,0.006901073644235998
2546,F01650,Szent László tér,47.485304,19.131729,2958,2958.0,7.337026160964009e-05,0.00046392948271862676,0.051128109972807326,0.0017336284157457179
2551,F01658,Gyula utca,47.461508,19.169172,3168,3168.0,2.5571259438420684e-05,0.00046392948271862676,0.053059160039509536,0.0
2552,F01659,Ihász utca,47.479562,19.135307,3045,3045.0,1.78998863111208e-05,0.00046392948271862676,0.04676443803136891,0.0005479312532359872
2554,F01661,Kápolna tér,47.481424,19.135663,3048,3048.0,8.134893461143907e-05,0.0009278589654372535,0.04858736302292974,0.002680355641095598
2555,F01662,Kápolna tér,47.481127,19.136631,3049,3049.0,1.2387949313083814e-06,0.00046392948271862676,0.044726164972968344,0.00026953887762126146
2556,F01664,Kőér utca,47.477175,19.139032,3039,3039.0,4.100804559990776e-06,0.00046392948271862676,0.046125574925287294,0.00043409025966536314
2558,F01666,Óhegy park,47.480143,19.140716,3041,3041.0,1.7862593613607623e-05,0.00046392948271862676,0.04621552887611852,0.001238956550341193
2559,F01667,Óhegy park,47.479441,19.141683,3042,3042.0,3.242957656674863e-06,0.00046392948271862676,0.044209367763255736,0.00016725142233136952
2560,F01668,Ihász utca,47.485907,19.142079,3322,3322.0,0.00014200602458970857,0.00046392948271862676,0.048770475729415286,0.0014547243337089222
2561,F01669,Ihász utca,47.484287,19.143855,3321,3321.0,0.00042353078197979383,0.00046392948271862676,0.04859857261706474,0.00010949869808715953
2562,F01670,Csősztorony,47.48371,19.144981,3319,3319.0,3.118239915553275e-05,0.00046392948271862676,0.04648693830100769,0.0010532193779234063
2563,F01671,Csősztorony,47.482972,19.145882,3320,3320.0,0.0003456543955415815,0.00046392948271862676,0.04905377555867563,0.00010071383158177345
2564,F01672,Téglavető utca,47.483671,19.149068,3341,3341.0,6.849164674056323e-06,0.00046392948271862676,0.04481762411743684,0.000725477218623158
2565,F01673,Gitár utca,47.487031,19.153055,3334,3334.0,5.673335154379439e-05,0.00046392948271862676,0.04531359811156594,0.003474627309085214
2566,F01674,Gitár utca,47.487085,19.152889,3335,3335.0,1.684299042073766e-05,0.00046392948271862676,0.04442588737385049,0.003041052377208038
2568,F01676,Kada utca / Maglódi út,47.482897,19.158401,3351,3351.0,8.121208619455477e-07,0.00046392948271862676,0.04059159228758582,0.002173256671946421
2569,F01677,Kada utca / Maglódi út,47.482529,19.158114,3348,3348.0,4.544282301282073e-08,0.00046392948271862676,0.04268446060546427,0.00046113670354653365
2570,F01678,Kada utca / Maglódi út,47.482305,19.157968,3349,3349.0,1.4719566108770698e-05,0.00046392948271862676,0.04835993413153997,0.0003539397416120657
2571,F01679,Kada utca / Maglódi út,47.482709,19.158738,3346,3346.0,2.7355309769723735e-06,0.00046392948271862676,0.04133320944887818,0.0026072621648284403
2573,F01681,Kada utca / Mádi utca,47.479359,19.153464,3277,3277.0,1.8998179671867324e-07,0.00046392948271862676,0.042236091425967626,0.00038574144234944146
2574,F01682,Kada utca / Mádi utca,47.479529,19.153902,3278,3278.0,6.48512323422838e-05,0.00046392948271862676,0.04846935413897059,0.000375778076322673
2575,F01683,Kada utca,47.479367,19.154831,3279,3279.0,3.739767714988623e-07,0.0006958942240779401,0.04463507834891217,0.0009209608485169322
2576,F01684,Kada utca / Harmat utca,47.478038,19.151591,3275,3275.0,0.00029486702726073206,0.0006958942240779401,0.05002784810311767,0.0018437108388823843
2577,F01685,Kada utca,47.477831,19.152307,3276,3276.0,0.005509798167061365,0.0006958942240779401,0.0542192506375249,0.004746142471302124
2578,F01686,Márga utca,47.47782,19.144082,3062,3062.0,1.424336323178734e-05,0.00046392948271862676,0.04522226293259456,0.0003671460322739814
2579,F01687,Márga utca,47.477683,19.144512,3063,3063.0,3.922344769255143e-06,0.00046392948271862676,0.044180520560967954,0.0008326052666554178
2580,F01688,Kemence utca,47.475865,19.148071,3066,3066.0,8.614641866859674e-07,0.00046392948271862676,0.04266140817281432,0.0005011410797281888
2581,F01689,Kemence utca,47.475757,19.147607,3067,3067.0,6.475152829832124e-05,0.00046392948271862676,0.04750382915612257,0.0008006133238999462
2583,F01691,Gergely utca,47.473429,19.144517,3070,3070.0,1.6689244631561134e-06,0.00046392948271862676,0.048330346010775765,0.00026837166602818345
2584,F01692,Noszlopy utca,47.471852,19.148362,3055,3055.0,3.471377050819549e-05,0.0009278589654372535,0.052526988094249376,0.0014096332936588127
2585,F01693,Gergely utca (Sibrik Miklós út),47.468581,19.155923,3256,3256.0,7.56935627023294e-05,0.0009278589654372535,0.0544044054808648,0.003485573300786084
2586,F01694,Gergely utca (Sibrik Miklós út),47.467854,19.154808,3255,3255.0,5.3221223041758624e-05,0.0009278589654372535,0.05372983371711929,0.0015819216716022098
2587,F01695,Mélytó utca,47.467837,19.163416,3245,3245.0,5.782131172029762e-06,0.0006958942240779401,0.04919634414032841,0.00037919056361920047
2588,F01696,Mélytó utca,47.468555,19.164824,3246,3246.0,3.0950950160492495e-05,0.00046392948271862676,0.053939265034261205,0.002838522164953114
2589,F01697,Szövőszék utca,47.471843,19.159273,3261,3261.0,3.136550938934193e-06,0.00046392948271862676,0.04896255986032272,8.089268169643144e-05
2590,F01698,Szövőszék utca,47.472265,19.159897,3262,3262.0,3.104482318802811e-05,0.00046392948271862676,0.053167040153449314,0.002379635722740797
2591,F01699,Sibrik Miklós út,47.47356,19.160391,3263,3263.0,0.00029657340905898033,0.0006958942240779401,0.05246375685719769,0.003264788914941165
2592,F01700,Sibrik Miklós út,47.472668,19.16206,3258,3258.0,2.4637107239002197e-06,0.0006958942240779401,0.04913195852932232,0.0016844511956937364
2593,F01701,Lavotta utca,47.475218,19.157091,3273,3273.0,0.0012780443733395779,0.0006958942240779401,0.052819678701447256,0.00451640459665401
2594,F01703,Lavotta utca,47.476907,19.158952,3274,3274.0,1.9419290912891618e-07,0.00046392948271862676,0.04521309574757806,0.000912457918370294
2595,F01704,Mádi utca,47.473537,19.163953,3260,3260.0,6.49758450896493e-05,0.00046392948271862676,0.04968629619959366,0.00043508189539412747
2596,F01705,Mádi utca,47.475069,19.162039,3264,3264.0,5.549439418887821e-07,0.00046392948271862676,0.04677309116861027,0.0012161786424106807
2597,F01706,Venyige utca,47.477675,19.165189,3272,3272.0,1.1149754412736169e-05,0.00046392948271862676,0.05067100503258618,0.0007120624233527026
2598,F01707,Venyige utca,47.477458,19.165653,3271,3271.0,3.915953984107012e-08,0.00046392948271862676,0.037363624710124076,0.0013045998446751176
2599,F01708,Venyige utca,47.477404,19.165878,3269,3269.0,1.3190537636768912e-07,0.00046392948271862676,0.03799259153891174,0.0017390358985619801
2600,F01709,Venyige utca,47.477251,19.165944,3270,3270.0,8.358709569371564e-08,0.00046392948271862676,0.04500327152247862,0.0009663761771786292
2601,F01710,Sírkert út,47.474486,19.169334,3304,3304.0,4.783958407603337e-05,0.0006958942240779401,0.053536380825474295,0.0015573279988906332
2602,F01711,Sírkert út,47.47372,19.171309,3301,3301.0,3.7296792376979426e-07,0.00046392948271862676,0.04717110555458866,0.0013850747137658243
2603,F01712,Sírkert út,47.473701,19.171773,3303,3303.0,8.598198937867274e-09,0.00046392948271862676,0.035933780355800825,0.0008699485102858334
2604,F01713,Sírkert út,47.473828,19.171309,3302,3302.0,2.8965256941888657e-08,0.00046392948271862676,0.03651585804136707,0.0013045998446751176
2605,F01714,Tavas utca,47.469975,19.165304,3298,3298.0,1.9919892511127087e-05,0.0006958942240779401,0.05020670589085673,0.0006641834601771823
2606,F01715,Legényrózsa utca,47.486386,19.199309,806,806.0,9.232698227642276e-06,0.00046392948271862676,0.047259296725497515,0.0031384466116597754
2607,F01716,Legényrózsa utca,47.486197,19.199613,807,807.0,0.00016435183877163884,0.00046392948271862676,0.05299834554859862,0.0032316298900137972
2608,F01717,Határmalom utca,47.488923,19.218437,834,834.0,4.724106750050272e-09,0.00046392948271862676,0.034206871176718764,0.002173256671946421
2609,F01718,Határmalom utca,47.488875,19.220507,835,835.0,0.015014269351928355,0.00046392948271862676,0.05453037601690408,0.0
2610,F01719,501. utca,47.485734,19.215879,833,833.0,1.7885694656219437e-05,0.0006958942240779401,0.04710898201676533,9.708881922711861e-05
2611,F01720,501. utca,47.485004,19.216899,830,830.0,0.00011613163506171729,0.00023196474135931338,0.05124142704448066,0.0
2612,F01721,Jászberényi út,47.484779,19.21719,831,831.0,2.6315216934515862e-06,0.00046392948271862676,0.04485898248525142,0.0008699485102858334
2613,F01722,501. utca,47.485534,19.217391,832,832.0,0.0019324274060713233,0.0006958942240779401,0.05581142287094501,0.02114151650453426
2614,F01723,Gyömrői út 156.,47.460265,19.170482,3169,3169.0,3.284993861816496e-05,0.00046392948271862676,0.05368266958677339,0.0004331189985274045
2615,F01724,III. kapu,47.491422,19.12805,2894,2894.0,0.000265912358353085,0.00046392948271862676,0.04791867043592442,4.652092057052447e-05
2616,F01725,Kistorony park,47.486055,19.124366,2922,2922.0,5.264385867873796e-05,0.00046392948271862676,0.050913225404957387,0.0013756231890008212
2617,F01726,Kistorony park,47.48664,19.124062,2923,2923.0,5.614491410998566e-05,0.00046392948271862676,0.051298968186697755,0.0018225907298714628
2618,F01727,Kőbánya felső vasútállomás,47.490942,19.133158,2889,2889.0,5.674445956688023e-05,0.00046392948271862676,0.04533743824831873,0.0005145539519436757
2619,F01728,Kőbánya felső vasútállomás,47.490825,19.132932,2890,2890.0,1.701150571144964e-05,0.00046392948271862676,0.045383020964994865,0.00036732128939728504
2620,F01729,Halom utca,47.490163,19.128618,2892,2892.0,1.2508639315808216e-05,0.00046392948271862676,0.044400396215129236,0.00034897647811260054
2621,F01730,Halom utca,47.490046,19.128353,2893,2893.0,4.471238046982298e-06,0.00046392948271862676,0.04592945993632521,0.00045360435523062
2622,F01731,Eiffel Műhelyház,47.485009,19.113882,3001,3001.0,1.01562395966052e-06,0.00046392948271862676,0.047755716659110437,0.0002500625244796348
2623,F01732,Eiffel Műhelyház,47.485136,19.1131,2999,2999.0,1.658988727536223e-05,0.00046392948271862676,0.050509006854805465,0.0004985917412878117
2624,F01733,Eiffel Műhelyház,47.485136,19.112914,3000,3000.0,6.038872116224565e-05,0.00046392948271862676,0.05300279066194265,0.0001154633547540918
2626,F01735,Őrnagy utca,47.500696,19.11219,2056,2056.0,0.005260235104302848,0.0006958942240779401,0.06083398529687126,0.00940621323164122
2627,F01736,Őrnagy utca,47.500498,19.1128,2057,2057.0,0.00500782386425353,0.00046392948271862676,0.060749189066464655,0.0026731528631755742
2628,F01737,Várna utca,47.501747,19.115376,2036,2036.0,0.0011522514278406528,0.00046392948271862676,0.05720843470809908,0.005967799494190792
2629,F01738,Várna utca,47.501684,19.115642,2037,2037.0,0.005008046759116537,0.00046392948271862676,0.06074432290264965,0.0017316532810428618
2630,F01739,Kerepesi út,47.500442,19.115547,2039,2039.0,0.0063093265049175,0.00046392948271862676,0.05835299079047357,0.001414607771169897
2632,F01741,Pillangó utca M,47.501223,19.11953,2043,2043.0,0.028744330879316167,0.0006958942240779401,0.062215486931993164,0.15515336913440028
2635,F01744,Hős utca,47.497564,19.116008,2033,2033.0,0.001152290669152471,0.00046392948271862676,0.05717996464513265,0.0026402494001233168
2636,F01745,Hős utca,47.496862,19.116366,2034,2034.0,0.0010969600338255076,0.00046392948271862676,0.05706722608565954,0.0022396855715496114
2637,F01746,Expó tér,47.495295,19.119695,2035,2035.0,0.0013873108467630344,0.00046392948271862676,0.05494204827542154,0.0009803869977854489
2643,F01756,Örs vezér tere M+H,47.504287,19.136192,3455,3455.0,0.10810537311696447,0.004407330085826954,0.060193688552069205,0.18927343085082782
2644,F01757,Örs vezér tere M+H,47.504098,19.136457,3455,3455.0,0.10810537311696447,0.004407330085826954,0.060193688552069205,0.18927343085082782
2645,F01769,Gyakorló köz,47.501657,19.141556,3457,3457.0,0.0001826349982149595,0.00023196474135931338,0.04584227775729215,0.0
2646,F01770,Gyakorló köz,47.501683,19.142684,3458,3458.0,0.023921824768036434,0.00046392948271862676,0.05657506170670533,0.0013640780674841393
2647,F01771,Gyakorló köz,47.503832,19.143306,3459,3459.0,0.009556603704288031,0.00046392948271862676,0.05354847807568907,0.0
2649,F01773,Halas utca,47.502519,19.153245,3368,3368.0,0.003979267565862814,0.0009278589654372535,0.0508067994423534,0.007353492199580094
2650,F01774,Halas utca,47.502501,19.153019,3369,3369.0,0.005184739440296654,0.0009278589654372535,0.050794548147727187,0.0015586188352167008
2651,F01775,Egyenes utcai lakótelep,47.505716,19.159025,3362,3362.0,0.005524012136110455,0.0006958942240779401,0.050993337936190646,0.000571435513681137
2652,F01776,Egyenes utcai lakótelep,47.505572,19.158799,3363,3363.0,0.01283549328282213,0.0009278589654372535,0.05377936905116577,0.034271304366846535
2653,F01777,Nagyicce H,47.506581,19.166593,3488,3488.0,0.006957209090160708,0.001855717930874507,0.05102765100507888,0.005828079048563844
2654,F01778,Nagyicce H,47.506832,19.167151,3488,3488.0,0.006957209090160708,0.001855717930874507,0.05102765100507888,0.005828079048563844
2655,F01779,Albertirsai köz,47.49387,19.13859,2912,2912.0,0.023736532366837093,0.00046392948271862676,0.0565708412619678,0.0011924391131561218
2656,F01780,Terebesi utca,47.4934,19.141283,2908,2908.0,0.01272937424015877,0.0006958942240779401,0.05387335553037597,0.006292415859129872
2657,F01781,Terebesi utca,47.494246,19.140449,2910,2910.0,0.0006071016755637884,0.0006958942240779401,0.04914533175528037,0.0005883865583194078
2658,F01782,Terebesi utca,47.494129,19.141032,2909,2909.0,0.006078521871454372,0.00046392948271862676,0.053841990224409865,0.003081129210327081
2659,F01783,Terebesi utca,47.494687,19.140349,2911,2911.0,0.0052928116879070826,0.00046392948271862676,0.053693312312663964,0.006767852547467001
2660,F01784,EGIS Gyógyszergyár,47.500495,19.153719,3366,3366.0,0.0008737724282943945,0.00046392948271862676,0.04821235470256712,0.00563927276093477
2661,F01785,EGIS Gyógyszergyár,47.499236,19.153835,3367,3367.0,0.0011392844787253887,0.00046392948271862676,0.04819152042582381,0.0006925812540580522
2662,F01786,MÁV-telep,47.493596,19.163631,3360,3360.0,4.213103357049962e-05,0.00046392948271862676,0.04374168678499119,0.004774060421702212
2663,F01787,MÁV-telep,47.493758,19.163101,3361,3361.0,7.279134486428358e-05,0.00046392948271862676,0.044083438578593336,1.654806547701807e-05
2664,F01788,Dömsödi utca,47.502919,19.167734,3482,3482.0,0.0017622732916886443,0.00046392948271862676,0.04840500224152825,2.503994158107279e-05
2665,F01789,Heves utca,47.503162,19.16792,3483,3483.0,0.0017069495261425147,0.00046392948271862676,0.048417364332201854,4.291873102087727e-05
2666,F01790,Rákosfalva H,47.504985,19.151458,3370,3370.0,0.016059263853702006,0.0016237531895151936,0.05368875062774721,0.010468120884421842
2667,F01791,Rákosfalva H,47.504662,19.150966,3370,3370.0,0.016059263853702006,0.0016237531895151936,0.05368875062774721,0.010468120884421842
2669,F01794,Kelemen utca,47.47691,19.132424,3043,3043.0,2.491282812762923e-06,0.00046392948271862676,0.04858051526071303,0.00043508189539412747
2670,F01795,Kelemen utca,47.477217,19.131894,3044,3044.0,1.1744448697791875e-05,0.00046392948271862676,0.05013633537735718,0.00012535091682968412
2671,F01796,Gyógyszergyár,47.472399,19.138559,3060,3060.0,1.735675003016594e-05,0.0006958942240779401,0.052360878222213816,0.002331312410337265
2672,F01797,Gyógyszergyár,47.472327,19.139023,3061,3061.0,5.1923205642057105e-05,0.0006958942240779401,0.0541890302494375,0.004895225758317101
2673,F01798,Kőbányai garázs,47.490712,19.114248,2984,2984.0,5.013612196230963e-06,0.00046392948271862676,0.048119352711186864,0.0010154103994923353
2674,F01799,Kőbányai garázs,47.490586,19.113995,2981,2981.0,7.409790061233966e-05,0.00046392948271862676,0.05059190131005512,0.0012464253365162229
2677,F01803,Kőbánya alsó vasútállomás,47.483922,19.127534,2939,2939.0,1.0478075791485106e-05,0.00023196474135931338,0.05013500952787147,0.0
2678,F01804,Vasgyár utca,47.469009,19.147985,3056,3056.0,1.6862536657423224e-05,0.00046392948271862676,0.05252844347815124,0.0
2679,F01805,Vasgyár utca,47.469127,19.147388,3057,3057.0,1.65525778463802e-05,0.00046392948271862676,0.05184397062436271,0.0
2680,F01806,Sibrik Miklós út,47.467152,19.153022,3192,3192.0,5.224165171604193e-05,0.0009278589654372535,0.05470108828529331,0.0043977872492158565
2681,F01807,Sibrik Miklós út,47.4672,19.152406,3193,3193.0,5.242007473193092e-05,0.0009278589654372535,0.05422622936063086,0.0023308218905629934
2682,F01808,Izraelita temető,47.479379,19.177889,3316,3316.0,2.919387391861241e-10,0.00023196474135931338,0.032699132736412014,0.0
2683,F01810,Izraelita temető,47.478911,19.177808,3318,3318.0,4.6320159067890896e-05,0.00046392948271862676,0.05352202243811515,0.0007197963204450692
2684,F01811,Izraelita temető,47.479496,19.177664,3317,3317.0,3.106645298485007e-06,0.0006958942240779401,0.048885544926425196,0.0030886917828536037
2685,F01812,Meténg utca,47.484712,19.178751,3284,3284.0,3.65968808933053e-05,0.00046392948271862676,0.04997575636725176,0.00018584847746044934
2686,F01813,Meténg utca,47.484442,19.178459,3285,3285.0,5.041892467754275e-07,0.00046392948271862676,0.044506715758141996,0.00034154080871256256
2687,F01814,Fővárosi Kertészet,47.489354,19.177754,3291,3291.0,2.0315319823130555e-06,0.00046392948271862676,0.040026397782974496,0.003907986960459969
2688,F01815,Fővárosi Kertészet,47.489382,19.176958,3292,3292.0,0.0003739106105857056,0.00046392948271862676,0.048380914312480275,0.0006136152543433595
2689,F01816,Díszítő üzem,47.488331,19.18363,3280,3280.0,4.461090921249094e-07,0.00046392948271862676,0.03839461936695247,0.003474627309085214
2690,F01817,Díszítő üzem,47.488214,19.183709,3281,3281.0,0.0016914071937842979,0.00046392948271862676,0.051002940942985006,0.0010461317237501723
2691,F01818,Tárna utca,47.489377,19.163789,3354,3354.0,0.0021764702655919996,0.0006958942240779401,0.05214126480814356,0.002655898135971998
2692,F01819,Tárna utca,47.489412,19.164691,3355,3355.0,7.094914831663008e-05,0.0006958942240779401,0.04617163253715117,0.002335499680379727
2695,F01822,Téglavető utca,47.489596,19.160418,3356,3356.0,0.0008886717692441567,0.00046392948271862676,0.04939695196111715,2.7081005773079857e-05
2696,F01823,Téglavető utca,47.489787,19.158965,3357,3357.0,2.8957346834549332e-05,0.00046392948271862676,0.044006692535873436,1.7290278105297802e-05
2697,F01824,Orion,47.489843,19.156703,3337,3337.0,0.002065873145205693,0.00046392948271862676,0.051057197198919935,0.00016134658569351917
2698,F01825,Orion,47.490106,19.154852,3338,3338.0,6.728320000261421e-05,0.00046392948271862676,0.045576678754022465,0.00018091189104454952
2699,F01826,Ónodi utca,47.489231,19.136141,2901,2901.0,0.00033255543986271754,0.00046392948271862676,0.05110123634527947,0.0017364201121845874
2700,F01827,Ónodi utca,47.488602,19.135237,2896,2896.0,0.0014310924260475322,0.001159823706796567,0.052876396435312535,0.009347544057491296
2702,F01829,Kocka utca,47.484879,19.15597,3342,3342.0,1.245769835854547e-05,0.00046392948271862676,0.04323247098859107,0.003041052377208038
2703,F01830,Kocka utca,47.484933,19.155718,3344,3344.0,3.6984325930018825e-06,0.00046392948271862676,0.04242275096313848,0.0026072621648284403
2704,F01831,Kocka utca,47.484915,19.155466,3345,3345.0,0.023798812112549424,0.00046392948271862676,0.05664605945355849,0.004865821918302814
2705,F01832,Kocka utca,47.484708,19.155969,3343,3343.0,7.832482172151487e-08,0.00023196474135931338,0.042607715873507035,0.0
2706,F01833,Bajcsy-Zsilinszky Kórház,47.480034,19.16201,3267,3267.0,5.417700955478771e-06,0.00046392948271862676,0.04896192760402618,0.00043286590862101295
2707,F01834,Bajcsy-Zsilinszky Kórház,47.479656,19.162725,3265,3265.0,2.6987009748462074e-08,0.00046392948271862676,0.04323690786913041,0.0006381867049979407
2708,F01835,Bajcsy-Zsilinszky Kórház,47.480034,19.162209,3268,3268.0,1.7833146192287635e-07,0.00046392948271862676,0.038911176014771474,0.0017390358985619801
2709,F01836,Bajcsy-Zsilinszky Kórház,47.479773,19.162739,3266,3266.0,6.006893087822761e-07,0.00046392948271862676,0.03959297282525522,0.002173256671946421
2710,F01837,Kocka utca,47.481834,19.151492,3339,3339.0,1.513122351311668e-06,0.00046392948271862676,0.04424702876061512,0.000595660327662372
2711,F01838,Szlávy utca,47.480649,19.148929,3340,3340.0,0.0012265588604446684,0.00046392948271862676,0.05143815386137304,0.0004636761467994657
2713,F01840,Szlávy utca,47.475329,19.142199,3065,3065.0,1.6781802091069343e-06,0.0006958942240779401,0.04681929537054259,0.0005575180642609593
2714,F01841,Újhegyi sétány,47.471669,19.163159,3259,3259.0,7.278727897207601e-05,0.0006958942240779401,0.05272639664566958,0.0030253365873539476
2715,F01842,Újhegyi sétány,47.470813,19.16451,3299,3299.0,8.109751210733233e-06,0.0006958942240779401,0.05171316042584514,0.002795732476480149
2716,F01843,Bányató utca,47.468748,19.160964,3249,3249.0,0.00014018969902723118,0.0006958942240779401,0.056876331442036916,0.00487802892360063
2717,F01844,Bányató utca,47.469234,19.160501,3250,3250.0,3.832290170735469e-06,0.00046392948271862676,0.04946913298085237,0.00020618383043552097
2718,F01845,Tavas utca,47.471483,19.166562,3300,3300.0,1.3610927817369834e-05,0.00023196474135931338,0.047186955665970476,0.0
2719,F01846,Rézvirág utca,47.486265,19.202373,810,810.0,3.6696999886069675e-05,0.001159823706796567,0.04959530994066069,0.015963241540281434
2720,F01847,Rézvirág utca,47.486075,19.203793,811,811.0,0.0005980387380790786,0.0009278589654372535,0.05609214366885203,0.024581718972063616
2721,F01848,Dombhát utca,47.486012,19.209442,828,828.0,1.1985351679233997e-05,0.0006958942240779401,0.04710956732330332,0.0013045998446751176
2722,F01849,Dombhát utca,47.485832,19.209909,829,829.0,0.0005543925387300169,0.0006958942240779401,0.05420219909631174,0.00043508189539412747
2723,F01850,Gépmadár utca,47.502309,19.147517,3461,3461.0,0.0008718386426381212,0.00046392948271862676,0.0481976462848567,0.00043508189539412747
2724,F01851,Gépmadár utca,47.502183,19.147304,3462,3462.0,0.006097011817155203,0.00046392948271862676,0.05347899344969522,0.0009455368906928276
2725,F01852,Pilisi utca,47.502234,19.160697,3364,3364.0,0.0011911603735276035,0.00046392948271862676,0.048322954636887676,2.6498210698666996e-05
2726,F01853,Pilisi utca,47.502251,19.161773,3365,3365.0,0.0014552652124927264,0.00046392948271862676,0.048311871814066626,8.248062392185158e-06
2728,F01855,Gépmadár park,47.504233,19.146983,3466,3466.0,0.012338017945324064,0.0006958942240779401,0.05357193206244106,1.5966637262938042e-06
2729,F01856,Pongrácz úti lakótelep,47.491221,19.120286,2918,2918.0,1.6362488555831445e-05,0.00046392948271862676,0.04881065686053722,0.000952295146503763
2730,F01857,Pongrácz úti lakótelep,47.491293,19.119782,2919,2919.0,1.6674965651778429e-06,0.00046392948271862676,0.04657945303043404,0.0007374234940251854
2731,F01858,Hungaropharma,47.481836,19.20452,814,814.0,2.0946868211958633e-08,0.00046392948271862676,0.039096136803186035,0.001241798490105376
2732,F01859,Hungaropharma,47.482334,19.20337,815,815.0,8.361095373787577e-10,0.00046392948271862676,0.03535512737734525,0.0006780719386471621
2733,F01860,Fehér úti ipari park,47.499537,19.137445,3411,3411.0,0.00012717515021169257,0.00023196474135931338,0.04669877867309642,0.0
2734,F01861,Fehér úti ipari park,47.499448,19.13714,3413,3413.0,0.025311125992331693,0.00046392948271862676,0.056701120599114585,0.0032539144384799183
2735,F01862,Fehér úti ipari park,47.499897,19.137353,3414,3414.0,0.02391794829748693,0.00046392948271862676,0.056701120599114585,0.0034308395996266007
2736,F01863,Fehér úti ipari park,47.49951,19.137564,3412,3412.0,0.023753358926058066,0.00046392948271862676,0.056675694467696915,0.007166162482756978
2737,F01864,Aluljáró (Rézvirág utca),47.486714,19.203211,808,808.0,2.1512412085436954e-08,0.00046392948271862676,0.03549811947593824,0.0026072621648284403
2738,F01865,Aluljáró (Rézvirág utca),47.486625,19.202759,809,809.0,0.03507077058034104,0.0009278589654372535,0.05720843470809908,0.0020826013888492717
2739,F01866,Új köztemető (Kozma utca),47.475097,19.178223,3305,3305.0,3.946723495635319e-10,0.00023196474135931338,0.033377294327318584,0.0
2740,F01867,Új köztemető (Kozma utca),47.47463,19.178129,3306,3306.0,1.3935289514318229e-09,0.00046392948271862676,0.03388012791593001,0.00043508189539412747
2741,F01868,Tűzoltóság,47.478982,19.200279,812,812.0,9.525337061601096e-08,0.00046392948271862676,0.04059202684520112,0.0016269429975270364
2742,F01869,Tűzoltóság,47.479054,19.200332,813,813.0,3.76879792596607e-09,0.00046392948271862676,0.0365926830819297,0.0010713804465505195
2743,F01870,Felsőcsatári út,47.458019,19.176418,3181,3181.0,9.42137513861783e-05,0.001855717930874507,0.0561336644941062,0.028455653578676368
2744,F01872,Kollégium,47.483957,19.192531,816,816.0,3.557170455745403e-07,0.00046392948271862676,0.0412616917021252,0.0023311152365196332
2745,F01873,Kollégium,47.483849,19.19277,817,817.0,8.995531941704788e-06,0.00046392948271862676,0.04629735323919255,0.0028645834299322716
2746,F01874,Ezüstfa utca,47.479824,19.195969,824,824.0,4.3374905902222096e-07,0.00046392948271862676,0.042263396707165925,0.002025251907671805
2747,F01875,Csillagvirág utca,47.479941,19.196129,825,825.0,1.7153769599649496e-08,0.00046392948271862676,0.037995256536865224,0.0014827270685512418
2753,F01885,Kamaraerdei Ifjúsági Park,47.44116,18.97949,4165,4165.0,4.294851806944553e-16,0.00023196474135931338,0.026746098371131035,0.0
2755,F01888,Repülőtér,47.444609,18.986738,4155,4155.0,2.0589233888997805e-15,0.00046392948271862676,0.027531063334253477,0.00043508189539412747
2756,F01889,Repülőtér,47.444777,18.986905,4156,4156.0,1.8659911075086526e-15,0.00023196474135931338,0.027516677931589618,0.0
2757,F01890,Fülőke utca,47.44543,18.991497,4153,4153.0,8.945475481956938e-15,0.00046392948271862676,0.02834822871698871,0.00043508189539412747
2758,F01891,Fülőke utca,47.44534,18.991471,4154,4154.0,9.440890918664398e-15,0.00046392948271862676,0.028363072608958442,0.0008699485102858334
2759,F01892,Balatoni út,47.444573,19.005406,4097,4097.0,1.8769596430113544e-13,0.00046392948271862676,0.030170365113056624,0.0013045998446751176
2760,F01893,Balatoni út,47.444402,19.005671,4098,4098.0,1.9766119947429352e-13,0.00046392948271862676,0.030186217831392588,0.0017390358985619801
2761,F01894,Kelenvölgy-Péterhegy,47.443568,19.012407,4130,4130.0,8.587967859389199e-13,0.00046392948271862676,0.0311714222871233,0.0017390358985619801
2762,F01895,Kelenvölgy-Péterhegy,47.443505,19.012062,4132,4132.0,9.04387726820617e-13,0.00046392948271862676,0.031187831672493452,0.002173256671946421
2763,F01896,Kelenvölgy-Péterhegy,47.44373,19.012447,4131,4131.0,2.766728380198107e-08,0.00046392948271862676,0.038602574097547325,5.4847598789040336e-05
2764,F01897,Kelenvölgy-Péterhegy,47.444464,19.012602,4133,4133.0,2.7502519316721206e-07,0.00046392948271862676,0.04191162218224556,0.00022302508253373716
2765,F01898,Kápolna út,47.446617,19.013771,4128,4128.0,1.2791747348859083e-07,0.00046392948271862676,0.04015058489965047,4.991626078028372e-05
2766,F01899,Kápolna út,47.447166,19.014208,4129,4129.0,6.321186946330125e-08,0.00046392948271862676,0.040081402927973776,0.0002579860244735805
2767,F01900,Olajfa utca,47.449628,19.015542,4141,4141.0,2.753592675710738e-07,0.00046392948271862676,0.041725290910108626,0.0006582776936742595
2768,F01901,Olajfa utca,47.449313,19.015184,4142,4142.0,3.381913150058722e-07,0.00046392948271862676,0.04177125804855452,0.00029206041971567575
2769,F01902,Budafoki elágazás,47.435406,19.035717,4028,4028.0,3.7639107255275944e-10,0.00046392948271862676,0.03593480202419932,0.003474627309085214
2770,F01903,Budafoki elágazás,47.435415,19.036207,4026,4026.0,3.9637180679773316e-10,0.00046392948271862676,0.03595388383716318,0.003907986960459969
2777,F01913,Budaörsi repülőtér,47.447127,18.985794,4158,4158.0,2.2174249617293946e-07,0.001159823706796567,0.04170463868785146,0.009366435439281728
2778,F01914,Bolygó utca,47.450923,19.01647,4144,4144.0,1.3086178030081315e-06,0.00046392948271862676,0.043545267652610326,0.0002194185789714311
2779,F01915,Alabástrom utca,47.451643,19.017994,4146,4146.0,1.550784140122771e-06,0.00046392948271862676,0.04365506459712615,0.0008366922955128658
2780,F01916,Őrmezei út,47.454972,19.018841,4514,4514.0,5.749665771079553e-06,0.0006958942240779401,0.045584349842909766,0.0021074714703379596
2781,F01917,Őrmezei út,47.454972,19.018655,4515,4515.0,6.820684952410143e-06,0.0006958942240779401,0.04565185700712039,0.0023352952212574696
2782,F01918,Igmándi utca,47.456684,19.020053,4525,4525.0,2.4997831464531406e-05,0.0006958942240779401,0.047855167553304115,0.002559813148247622
2783,F01919,Péterhegyi út / Neszmélyi út,47.458266,19.01936,4523,4523.0,3.1836913095119146e-05,0.0006958942240779401,0.04790595638024197,0.00014467914241161366
2784,F01920,Menyecske utca,47.459766,19.017273,4501,4501.0,4.1112756998710903e-05,0.0006958942240779401,0.04957196730968768,0.0013695475292980995
2785,F01921,Menyecske utca,47.460251,19.017379,4502,4502.0,2.1145982992134764e-05,0.0006958942240779401,0.047377991198093106,0.0003787192537877739
2786,F01922,Kérő utca,47.461924,19.015866,4503,4503.0,0.00013560389763397654,0.0006958942240779401,0.052243281419504684,0.0022190481446822596
2787,F01923,Kérő utca,47.46205,19.016317,4504,4504.0,4.304237592487156e-05,0.0006958942240779401,0.049840431089744355,0.0010546807606635414
2788,F01924,Neszmélyi út,47.460127,19.015088,4500,4500.0,1.856947757243281e-05,0.00046392948271862676,0.0474129451374047,7.149119498900792e-05
2789,F01925,Sasadi út,47.466954,19.015972,4468,4468.0,8.495959161748239e-05,0.00046392948271862676,0.05039689291806305,0.004774060421702212
2790,F01926,Sasadi út,47.467215,19.016596,4469,4469.0,0.0004097426392811672,0.0016237531895151936,0.05528088520875638,0.0788454911426324
2791,F01927,Sasadi út,47.465281,19.015483,4466,4466.0,6.580490467480363e-05,0.001159823706796567,0.05193771074986838,0.014707611034726327
2792,F01928,Nagyszeben út,47.464794,19.011477,4498,4498.0,0.000179609061113833,0.0009278589654372535,0.05227641471347963,0.001067350465241783
2793,F01929,Jégvirág utca,47.46223,19.008853,4380,4380.0,5.718294772657055e-05,0.001159823706796567,0.049902090436990225,0.007972668887784648
2794,F01930,Gazdagréti út,47.462111,19.004888,4379,4379.0,5.7239085980883483e-05,0.001159823706796567,0.04993823851309009,0.010853273243986411
2795,F01931,Gazdagréti út,47.46275,19.005922,4378,4378.0,0.00020765672759078628,0.0016237531895151936,0.05233919490342045,0.023501589735484475
2796,F01932,Poprádi út,47.461354,18.999172,4371,4371.0,5.807850913200009e-05,0.0006958942240779401,0.049652462359009365,0.008753075161373415
2797,F01933,Poprádi út,47.461183,18.999464,4372,4372.0,1.6010081972652964e-05,0.0006958942240779401,0.0474877654904301,0.003259876711575859
2798,F01934,Keserűvíz-forrás,47.458538,18.997345,4373,4373.0,3.5011126924684445e-06,0.00046392948271862676,0.04524924679973019,0.002834769479460586
2799,F01935,Keserűvíz-forrás,47.458268,18.996894,4374,4374.0,1.2694410867163684e-05,0.00046392948271862676,0.047213984105984354,0.008328878386382958
2800,F01936,Vitorlázó út,47.452427,18.990774,4151,4151.0,2.0764253477696128e-07,0.00046392948271862676,0.04144570842852261,0.0020702180393429204
2801,F01937,Vitorlázó út,47.452769,18.990932,4152,4152.0,6.258448690643084e-07,0.00046392948271862676,0.043095377920545914,0.007503682805541488
2802,F01938,Torma utca,47.45037,19.019682,4138,4138.0,6.136151697648031e-07,0.0006958942240779401,0.042068796578091545,0.001240152763875634
2803,F01939,Torma utca,47.45028,19.019589,4139,4139.0,5.236754303162525e-07,0.00046392948271862676,0.04194500459736483,3.276265974720957e-05
2804,F01940,Kecskeméti József utca,47.449183,19.02073,4140,4140.0,1.8899969364093854e-07,0.0006958942240779401,0.040397411389247614,0.001195460465120051
2805,F01941,Duránci utca,47.451036,19.022625,4136,4136.0,2.511069708918918e-07,0.0006958942240779401,0.04193758168808777,0.0009688478704169196
2806,F01942,Duránci utca,47.44993,19.022997,4137,4137.0,4.1311655124904966e-08,0.00046392948271862676,0.03879135132828678,0.0006939318330592538
2807,F01943,Narancs utca,47.447709,19.025411,4528,4528.0,9.040735884854075e-09,0.00046392948271862676,0.03737835800062492,0.000293508511551308
2808,F01944,Narancs utca,47.448086,19.025159,4529,4529.0,5.627195854361046e-08,0.00046392948271862676,0.04031408499020118,0.000263596204631872
2809,F01945,Gépész utca,47.45332,19.021537,4516,4516.0,1.201802632581744e-06,0.0006958942240779401,0.04388496105999295,0.0010421403484929194
2810,F01946,Gépész utca,47.452988,19.023234,4517,4517.0,9.58497983200943e-07,0.0006958942240779401,0.04372352812628595,0.0016272716198834243
2811,F01947,Hajtány sor,47.455281,19.024042,4519,4519.0,4.623990943805481e-06,0.0006958942240779401,0.04594559994648156,0.00168924105315705
2812,F01948,Hajtány sor,47.456334,19.02379,4521,4521.0,4.074097032757806e-06,0.00046392948271862676,0.045700277644192835,0.0019769670295888713
2813,F01951,Than Károly utca,47.460921,19.025339,4511,4511.0,8.496030215076007e-05,0.00046392948271862676,0.05041699645750859,0.002812479629508171
2814,F01952,Borszéki utca,47.45851,19.023749,4513,4513.0,1.8572337720168076e-05,0.00046392948271862676,0.047915642667737346,0.0023901127387883276
2815,F01955,Bikás park M,47.463558,19.032845,4460,4460.0,0.00012005731705994451,0.0027835768963117603,0.05081360827112922,0.01639153968488101
2816,F01956,Bikás park M,47.463783,19.032872,4460,4460.0,0.00012005731705994451,0.0027835768963117603,0.05081360827112922,0.01639153968488101
2817,F01958,Bikás park M,47.464277,19.033826,4460,4460.0,0.00012005731705994451,0.0027835768963117603,0.05081360827112922,0.01639153968488101
2818,F01959,Bikás park M,47.464205,19.033561,4460,4460.0,0.00012005731705994451,0.0027835768963117603,0.05081360827112922,0.01639153968488101
2819,F01960,Bornemissza tér,47.458413,19.033576,4588,4588.0,5.75282752962285e-06,0.00046392948271862676,0.046024235720326656,0.003507364687497662
2820,F01962,Bornemissza tér,47.458278,19.033324,4589,4589.0,6.27163927693106e-06,0.0006958942240779401,0.04609473407551109,0.0031705472738821875
2821,F01964,Csurgói út,47.455157,19.033232,4578,4578.0,1.439771977907764e-06,0.0006958942240779401,0.04407319031027643,0.0022003466735099507
2822,F01965,Csurgói út,47.453979,19.033445,4579,4579.0,3.0646635787573057e-07,0.0006958942240779401,0.04218064806914364,0.0022798971884846835
2828,F01972,Vegyész utca,47.442548,19.045261,4538,4538.0,3.755065287019483e-07,0.00046392948271862676,0.0456491089149347,0.0
2829,F01973,Vegyész utca,47.443025,19.045685,4539,4539.0,5.611140778694934e-07,0.00046392948271862676,0.04610314112548656,0.0
2830,F01974,Építész utca,47.448017,19.046334,4576,4576.0,1.356817518802412e-06,0.0009278589654372535,0.04777858384787347,0.01851081249689
2831,F01975,Építész utca,47.447081,19.045923,4577,4577.0,2.0508909648743345e-06,0.0009278589654372535,0.048282342458180735,0.02050285310428666
2832,F01976,Kondorosi út,47.449438,19.049052,4574,4574.0,5.303705708449988e-07,0.00046392948271862676,0.04546410191469191,1.3864361863141222e-05
2833,F01977,Kondorosi út,47.449168,19.049119,4575,4575.0,8.033327218123268e-07,0.00046392948271862676,0.045920003821964026,1.3134502653302299e-05
2834,F01980,Galvani utca,47.455407,19.051598,4556,4556.0,1.1859896366437385e-06,0.00046392948271862676,0.04742243306339055,0.00019976406786351692
2835,F01981,Galvani utca,47.455374,19.05197,4557,4557.0,1.8005167556637914e-06,0.00046392948271862676,0.047941693985047114,0.0002007279633256331
2838,F01984,Budafoki út / Dombóvári út,47.468595,19.052979,4340,4340.0,0.00010116453990281202,0.00046392948271862676,0.05521165832666023,0.020206010948652063
2839,F01985,Budafoki út / Dombóvári út,47.469765,19.053311,4342,4342.0,0.00015365584075953197,0.0006958942240779401,0.055944826788393826,0.02262797893764833
2840,F01986,Budafoki út / Szerémi sor,47.474361,19.052621,4283,4283.0,0.0004628484948478497,0.0006958942240779401,0.05838983377093785,0.020713948576754848
2841,F01988,Budafoki út / Szerémi sor,47.473623,19.053178,4281,4281.0,0.0003142711962071063,0.00046392948271862676,0.05460891270121399,0.0017390358985619801
2842,F01989,Budafoki út / Szerémi sor,47.473677,19.052807,4279,4279.0,0.0002421918413209106,0.00023196474135931338,0.05659110514146641,0.0
2843,F01990,Budafoki út / Szerémi sor,47.473901,19.052912,4280,4280.0,0.0005570146312463427,0.00046392948271862676,0.05903071110324124,0.015333213570583192
2844,F01991,Budafoki út / Szerémi sor,47.472823,19.052568,4284,4284.0,0.0006709423491876323,0.0006958942240779401,0.0592197141140986,0.02647187180612458
2845,F01992,Budafoki út / Szerémi sor,47.474091,19.053736,4282,4282.0,0.0005773845817066915,0.00046392948271862676,0.059026116343904464,0.015102057116824531
2846,F01995,Újbuda-központ M,47.473785,19.047381,4286,4286.0,0.0014379913335463756,0.002319647413593134,0.05797734882159347,0.04517890509008067
2847,F01997,Újbuda-központ M,47.474467,19.046478,4286,4286.0,0.0014379913335463756,0.002319647413593134,0.05797734882159347,0.04517890509008067
2848,F01998,Újbuda-központ M,47.474045,19.046863,4286,4286.0,0.0014379913335463756,0.002319647413593134,0.05797734882159347,0.04517890509008067
2849,F01999,Újbuda-központ M,47.4748,19.046664,4286,4286.0,0.0014379913335463756,0.002319647413593134,0.05797734882159347,0.04517890509008067
2850,F02000,Újbuda-központ M,47.474037,19.048469,4286,4286.0,0.0014379913335463756,0.002319647413593134,0.05797734882159347,0.04517890509008067
2852,F02003,Hauszmann Alajos utca,47.467039,19.043919,4333,4333.0,6.86837685386409e-05,0.00046392948271862676,0.051662428781810134,0.009522071902611407
2853,F02004,Hauszmann Alajos utca,47.467345,19.043933,4334,4334.0,6.868376853646807e-05,0.00046392948271862676,0.05165398318348057,0.008229743046574322
2858,F02009,Etele út / Fehérvári út,47.463398,19.042572,4565,4565.0,1.501082663667451e-05,0.00046392948271862676,0.048992294336482514,0.009091510897768133
2859,F02010,Etele út / Fehérvári út,47.462639,19.042274,4563,4563.0,1.5010826626711292e-05,0.00046392948271862676,0.048980902398669326,0.007798536200223785
2862,F02013,Andor utca,47.456129,19.039889,4598,4598.0,7.169832981512211e-07,0.00046392948271862676,0.044383764712022745,0.006935476666015444
2863,F02014,Andor utca,47.455715,19.039836,4595,4595.0,7.169835067480815e-07,0.00046392948271862676,0.04439935638102778,0.008229743046574322
2865,F02016,Albertfalva kitérő,47.452172,19.038418,4585,4585.0,1.5669867203962555e-07,0.00046392948271862676,0.04239286944000392,0.006503623978157641
2866,F02017,Albertfalva kitérő,47.452666,19.038776,4583,4583.0,1.5669962646240078e-07,0.00046392948271862676,0.042409939439442886,0.007798536200223785
2867,F02019,Albertfalva utca,47.448058,19.037555,4537,4537.0,3.425512990287787e-08,0.00046392948271862676,0.04059028867056396,0.007367114073370825
2868,F02020,Albertfalva utca,47.447737,19.037424,4534,4534.0,3.4250762981832315e-08,0.00046392948271862676,0.040572046820217124,0.006071556009797416
2869,F02021,Albertfalva utca,47.447545,19.037489,4535,4535.0,7.339362139205184e-08,0.00046392948271862676,0.04188893396360232,0.00037464601863813386
2870,F02022,Albertfalva utca,47.447342,19.037597,4536,4536.0,2.1296818138793545e-08,0.00046392948271862676,0.04123207772576247,0.0003637649498000081
2871,F02024,Fonyód utca,47.44392,19.03688,4543,4543.0,7.523557817416271e-09,0.00046392948271862676,0.03891956350742013,0.006935476666015444
2872,F02025,Fonyód utca,47.443609,19.036742,4541,4541.0,7.503577083172256e-09,0.00046392948271862676,0.03890039740623766,0.00563927276093477
2873,F02026,Fonyód utca,47.443717,19.037001,4544,4544.0,3.372118411457616e-08,0.00046392948271862676,0.04235309282975025,0.0006036040577031338
2874,F02027,Fonyód utca,47.443407,19.0368,4542,4542.0,3.617904072247647e-08,0.00046392948271862676,0.042538403944392116,0.0005088631844763374
2875,F02028,Budafok kocsiszín,47.44083,19.036498,4548,4548.0,1.4036963559243774e-07,0.00046392948271862676,0.044169712563440135,0.0009853374566608853
2876,F02029,Budafok kocsiszín,47.441711,19.036537,4551,4551.0,1.8136079715006235e-09,0.0009278589654372535,0.037380200478960825,0.006509436551723024
2877,F02030,Budafok kocsiszín,47.441294,19.036456,4549,4549.0,1.0005242740371418e-07,0.00046392948271862676,0.043888008838384514,0.0008098060364209315
2878,F02031,Budafok kocsiszín,47.441333,19.036378,4550,4550.0,1.7221863210515386e-09,0.0006958942240779401,0.037360311320275015,0.005209680518352394
2879,F02032,Tétényi út 30.,47.466355,19.034157,4447,4447.0,3.4782092871592856e-05,0.00046392948271862676,0.0502053763169285,0.0006508959330348736
2880,F02033,Tétényi út 30.,47.466337,19.033866,4448,4448.0,3.4330183470181876e-05,0.00046392948271862676,0.050202717380319506,0.0006730545223776996
2881,F02034,Szent Imre Kórház,47.469422,19.033719,4449,4449.0,4.668545161776181e-05,0.00046392948271862676,0.051132936436602584,0.0008285077315143524
2882,F02035,Szent Imre Kórház,47.468064,19.033839,4450,4450.0,4.4518914804318e-05,0.00046392948271862676,0.05094332364513014,0.0008320877555309886
2884,F02038,Szent Gellért-templom,47.468566,19.023744,4435,4435.0,8.092376490100067e-06,0.00023196474135931338,0.04787450297453777,0.0
2885,F02039,Szent Gellért-templom,47.46862,19.024102,4436,4436.0,8.99492044013975e-05,0.00046392948271862676,0.050387516751938755,0.00015294653237518928
2886,F02040,Csóka utca,47.470851,19.029195,4441,4441.0,4.2490437541522925e-05,0.00046392948271862676,0.05176611194581808,0.00018695929675812323
2888,F02042,Csóka utca,47.470698,19.028585,4440,4440.0,3.879663861039292e-05,0.00046392948271862676,0.05044919550258644,0.00043508189539412747
2890,F02044,Karolina út,47.471473,19.033466,4172,4172.0,0.00017910126943484323,0.00046392948271862676,0.05338261862340755,0.0011729522712429611
2892,F02046,Karolina út,47.472838,19.033676,4171,4171.0,0.00011375497517276621,0.00046392948271862676,0.05365684052336222,0.0004848143093207266
2893,F02047,Karolina út,47.472696,19.033201,4170,4170.0,0.00017790758344413463,0.00046392948271862676,0.05331506279118354,0.0008699485102858334
2894,F02048,Karolina út,47.473371,19.035389,4168,4168.0,0.00018903615608045939,0.0006958942240779401,0.05364241745774703,0.001194816683380514
2897,F02051,Ajnácskő utca,47.47434,19.025042,4443,4443.0,2.7887486911266747e-05,0.00046392948271862676,0.050554801077097526,0.00014109081842799328
2898,F02052,Ajnácskő utca,47.474475,19.024776,4444,4444.0,3.0109686398593128e-05,0.00046392948271862676,0.050376805404610196,6.713601683788074e-05
2899,F02053,Dayka Gábor utca,47.470616,19.019684,4433,4433.0,9.635987182215032e-05,0.0006958942240779401,0.053228242631094574,0.003996679969877923
2900,F02054,Dayka Gábor utca,47.470427,19.020056,4434,4434.0,0.00011053148780158018,0.0009278589654372535,0.05252771577611924,0.016442706382467424
2901,F02055,Nagyszeben tér,47.466609,19.005401,4387,4387.0,4.538482602483414e-05,0.00046392948271862676,0.04958817513808497,0.00356265885087839
2902,F02056,Nagyszeben tér,47.466303,19.005481,4388,4388.0,2.8687329347975264e-06,0.00046392948271862676,0.04513989184960822,0.003771300557917843
2903,F02057,Frankhegy utca,47.470681,19.001312,4356,4356.0,1.3707825905518387e-07,0.00046392948271862676,0.04120205850067798,0.0029071646211972705
2904,F02058,Frankhegy utca,47.471032,19.001179,4357,4357.0,2.1679281183717363e-06,0.00046392948271862676,0.04487119247799898,0.00269744651164589
2905,F02059,Kaptárkő utca,47.471841,18.999401,4358,4358.0,3.010550889293997e-08,0.00046392948271862676,0.03948001494776542,0.002475096652837054
2906,F02060,Kaptárkő utca,47.47256,18.998419,4359,4359.0,4.738212417803876e-07,0.00046392948271862676,0.04283394301382051,0.002264840342029624
2908,F02062,Regős utca,47.465248,19.003555,4390,4390.0,4.538481527512759e-05,0.00046392948271862676,0.04957844916947869,0.0017390358985619801
2910,F02064,Törökugrató utca,47.46683,19.000662,4384,4384.0,9.9191553237204e-06,0.00046392948271862676,0.04709318423607561,0.0013045998446751176
2912,F02066,Szent Angyalok-templom,47.46924,18.996233,4363,4363.0,4.7274003309076794e-07,0.00046392948271862676,0.04279913124868375,0.00043508189539412747
2914,F02068,Tűzkő utca,47.470506,18.994675,4361,4361.0,9.861163438427502e-08,0.00023196474135931338,0.04093163023925763,0.0
2917,F02071,Telekes utca,47.473611,18.996136,4364,4364.0,7.240480137065653e-09,0.0009278589654372535,0.0378961424389169,0.0020458273310083107
2918,F02072,Telekes utca,47.473935,18.995871,4365,4365.0,1.0355855054958455e-07,0.00046392948271862676,0.040973650413159764,0.0018322341724133285
2919,F02073,Szent Pio atya tér,47.47458,18.989847,4398,4398.0,4.946980475015216e-09,0.00046392948271862676,0.03769908264894948,0.0009670218331807679
2920,F02074,Szent Pio atya tér,47.474966,18.989051,4399,4399.0,3.460961476492061e-10,0.00046392948271862676,0.03509464588057674,0.00031970646858748376
2921,F02075,Irhás árok,47.47653,18.987351,4396,4396.0,1.0815169956925594e-09,0.00046392948271862676,0.03626127897081616,0.0005382620085411069
2922,F02076,Irhás árok,47.476728,18.98747,4397,4397.0,7.646421686071386e-11,0.00046392948271862676,0.034556977047295816,0.00016077016316645473
2923,F02077,Oltvány köz,47.478133,18.99113,4400,4400.0,2.377027936194079e-10,0.00046392948271862676,0.034951012910387526,0.0001698945974762508
2924,F02078,Oltvány köz,47.478151,18.990865,4401,4401.0,2.0447548467129873e-11,0.00046392948271862676,0.0351779991240283,0.0003330539656430072
2925,F02079,Eper utca,47.480589,18.992547,4402,4402.0,5.800166545161655e-11,0.00046392948271862676,0.035321204266343026,0.00012297499732559676
2926,F02080,Eper utca,47.480895,18.99268,4403,4403.0,2.1556833147759087e-11,0.00046392948271862676,0.03619723757120182,0.0006290175344017546
2927,F02081,Márton Áron tér,47.481887,18.998171,4414,4414.0,2.024309924882742e-09,0.00046392948271862676,0.03665848707927326,0.0017390358985619801
2928,F02082,Márton Áron tér,47.48168,18.999021,4410,4410.0,8.465500623155938e-11,0.00023196474135931338,0.035428465241895586,0.0
2929,F02083,Márton Áron tér,47.4815,18.998888,4411,4411.0,9.759926186846223e-09,0.00046392948271862676,0.039170452541693525,0.0013045998446751172
2930,F02084,Márton Áron tér,47.481923,18.998861,4412,4412.0,8.290222347303387e-11,0.00046392948271862676,0.03747477871478658,0.001012779377167969
2931,F02085,Márton Áron tér,47.481977,18.999233,4413,4413.0,4.0350649317486803e-11,0.00046392948271862676,0.036136176919033154,0.0003983091829242879
2932,F02086,Zajzon utca,47.479837,19.000721,4406,4406.0,4.465617603904678e-08,0.00046392948271862676,0.04087470904976544,0.0017390358985619801
2933,F02087,Zajzon utca,47.479379,19.001132,4407,4407.0,9.261682899657205e-09,0.00046392948271862676,0.03814624676133716,0.002173256671946421
2934,F02088,Tömös utca,47.477895,19.002354,4404,4404.0,4.2374541540117815e-08,0.00046392948271862676,0.03975904028252618,0.0026072621648284403
2935,F02089,Tömös utca,47.477581,19.002766,4405,4405.0,2.043224619824728e-07,0.00046392948271862676,0.04273304822080032,0.002173256671946421
2936,F02090,Nagyszalonta köz,47.475252,19.004373,4352,4352.0,1.9387523443753962e-07,0.00046392948271862676,0.04151332043863746,0.003041052377208038
2937,F02091,Nagyszalonta köz,47.475512,19.003882,4353,4353.0,9.348720506017659e-07,0.00046392948271862676,0.04476735463574142,0.0026072621648284403
2938,F02092,Bereck utca,47.473104,19.008248,4354,4354.0,8.870371490860352e-07,0.00046392948271862676,0.043428559073434174,0.003474627309085214
2939,F02093,Bereck utca,47.473805,19.007505,4355,4355.0,4.277497461388913e-06,0.00046392948271862676,0.04700386323506999,0.003041052377208038
2940,F02094,Sümegvár utca,47.469885,19.012708,4350,4350.0,8.955076531643576e-05,0.00046392948271862676,0.05221738029806496,0.003907986960459969
2941,F02095,Sümegvár utca,47.46913,19.013398,4351,4351.0,1.8568931612907026e-05,0.00046392948271862676,0.04783946901995245,0.004341131331332302
2942,F02096,Süveg utca,47.48135,19.004766,4427,4427.0,1.3544160099742027e-10,0.00046392948271862676,0.037496643943664865,0.0007792833703462892
2943,F02097,Süveg utca,47.481431,19.004925,4428,4428.0,4.0587200367525226e-10,0.00046392948271862676,0.03681903104051613,0.00043508189539412747
2944,F02098,Süveg utca,47.481296,19.004593,4425,4425.0,3.759118580703992e-10,0.00046392948271862676,0.03899962596899284,0.0014359580547823603
2945,F02099,Süveg utca,47.481197,19.0047,4426,4426.0,8.042459435635928e-10,0.00023196474135931338,0.03759144039640501,0.0
2946,F02100,Farkasréti temető,47.483923,19.005374,4431,4431.0,3.855923621830567e-09,0.00046392948271862676,0.03916074316622488,0.0004350818953941275
2947,F02101,Farkasréti temető,47.484282,19.005679,4432,4432.0,1.861270006496588e-09,0.00046392948271862676,0.038322441006088385,0.0008699485102858334
2948,F02102,Farkasréti temető,47.48377,19.006223,4429,4429.0,1.7193837403954947e-09,0.00046392948271862676,0.0406738893123158,0.0018670034407561441
2949,F02103,Farkasréti temető,47.483662,19.005852,4430,4430.0,6.08976317641192e-10,0.00046392948271862676,0.03904259478956497,0.0012102175280604495
2950,F02104,Hegytető utca,47.484428,19.009288,4423,4423.0,2.7840910977494893e-09,0.00046392948271862676,0.040728064659262826,0.001642823697676726
2951,F02105,Hegytető utca,47.484644,19.009871,4424,4424.0,7.867570838303123e-09,0.00046392948271862676,0.04250407070726951,0.002298748488362741
2952,F02106,Sion lépcső,47.485203,19.015961,1688,1688.0,5.828640180752919e-08,0.00046392948271862676,0.04457683061855173,0.0025080360369093115
2953,F02107,Sion lépcső,47.485392,19.016943,1689,1689.0,1.6473833801764363e-07,0.00046392948271862676,0.04670740752637248,0.0031628844250831895
2954,F02108,Breznó lépcső,47.484179,19.020632,4225,4225.0,7.538279055315718e-07,0.00046392948271862676,0.04913705223331033,0.0035949523934433697
2955,F02109,Breznó lépcső,47.483792,19.021017,4226,4226.0,2.6669805879645626e-07,0.00046392948271862676,0.04678752018242092,0.0029406422065256176
2956,F02110,Zólyomi út,47.483244,19.022835,4223,4223.0,3.4494505562437113e-06,0.00046392948271862676,0.051833339743590535,0.004027128002054736
2957,F02111,Zólyomi út,47.483442,19.022848,4224,4224.0,1.2203193592030056e-06,0.00046392948271862676,0.04922891984761807,0.003373248376141869
2958,F02112,BAH-csomópont,47.486761,19.023152,4215,4215.0,5.583777612298178e-06,0.00046392948271862676,0.05193913366186394,0.0038058545457581123
2959,F02113,Fehérló utca,47.478154,19.025717,4227,4227.0,4.746569224678854e-05,0.001159823706796567,0.05410706273932091,0.03402004890839656
2960,F02114,Fehérló utca,47.478271,19.025398,4228,4228.0,2.210563804893739e-05,0.00046392948271862676,0.052443438943062116,0.0036684703488905814
2961,F02115,Alsóhegy utca,47.482941,19.03009,4236,4236.0,4.839806755411964e-06,0.00046392948271862676,0.04964531110420152,0.0009285140331779803
2962,F02116,Alsóhegy utca,47.482702,19.030463,4233,4233.0,4.839806755411964e-06,0.00046392948271862676,0.04964531110420152,0.0009285140331779969
2965,F02119,Alsóhegy utca,47.482184,19.030171,4231,4231.0,1.0132760576602215e-05,0.00046392948271862676,0.050449866753374824,0.0004983537910157045
2966,F02120,Alsóhegy utca,47.482031,19.029932,4232,4232.0,6.615877566238172e-06,0.00046392948271862676,0.05114328192807186,0.0006602030743173828
2967,F02121,Diószegi út (Vérellátó Szolgálat),47.478443,19.031832,4184,4184.0,4.382240803464938e-05,0.00046392948271862676,0.05210973483203539,0.0007430703141351297
2968,F02122,Diószegi út (Vérellátó Szolgálat),47.478605,19.031448,4185,4185.0,1.8722432844193903e-05,0.00046392948271862676,0.051356638704908454,0.0007045792873164482
2969,F02123,Vincellér utca,47.476663,19.03572,4186,4186.0,0.00019996103718069864,0.0006958942240779401,0.0543412488080744,0.001586588537361301
2970,F02124,Vincellér utca,47.476285,19.035932,4187,4187.0,8.314240823142701e-05,0.0006958942240779401,0.05306732869955761,0.0014191801189319118
2972,F02126,Szüret utca,47.480283,19.036129,4195,4195.0,0.00010069024126275362,0.00046392948271862676,0.05357193206244106,0.0015306498395853824
2973,F02127,Szüret utca,47.480185,19.036537,4196,4196.0,0.00010069024126275362,0.00046392948271862676,0.05357193206244106,0.0015306498395853832
2974,F02128,Szüret utca,47.479955,19.037364,4198,4198.0,0.00010068877680474968,0.00046392948271862676,0.05318717664132463,0.003474627309085214
2976,F02130,Iglói utca,47.483526,19.039739,4250,4250.0,4.8090721919297456e-06,0.00046392948271862676,0.0477858096157812,0.0026072621648284403
2978,F02132,Balogh Tihamér utca,47.481853,19.042897,4256,4256.0,1.050999611544774e-06,0.00046392948271862676,0.0454750073229877,0.002173256671946421
2980,F02134,Kelenhegyi lépcső,47.481241,19.045152,4254,4254.0,2.2969128617707853e-07,0.00046392948271862676,0.043376392934499346,0.0017390358985619801
2982,F02136,Rezeda utca,47.483418,19.043467,4258,4258.0,5.019786737825304e-08,0.00046392948271862676,0.04146202403069898,0.0013045998446751176
2985,F02142,Szent Gellért tér - Műegyetem M,47.482896,19.053776,4240,4240.0,0.007120345613621625,0.002551612154952447,0.0652474641310468,0.1409874824642677
2986,F02143,Szent Gellért tér - Műegyetem M,47.482895,19.053922,4240,4240.0,0.007120345613621625,0.002551612154952447,0.0652474641310468,0.1409874824642677
2987,F02144,Szent Gellért tér - Műegyetem M,47.482482,19.05294,4240,4240.0,0.007120345613621625,0.002551612154952447,0.0652474641310468,0.1409874824642677
2988,F02145,Szent Gellért tér - Műegyetem M,47.482393,19.052569,4240,4240.0,0.007120345613621625,0.002551612154952447,0.0652474641310468,0.1409874824642677
2989,F02146,Tas vezér utca,47.478854,19.040156,4191,4191.0,0.00046072558521616084,0.00046392948271862676,0.056368997778687153,0.001928313140929319
2990,F02147,Tas vezér utca,47.478818,19.040577,4189,4189.0,0.00046072558521616084,0.00046392948271862676,0.056368997778687153,0.0019283131409293303
2991,F02148,Gárdonyi tér,47.479991,19.051428,4237,4237.0,0.0019248443326716504,0.00046392948271862676,0.06184509020834447,0.03148079431612987
2992,F02149,Gárdonyi tér,47.480522,19.051932,4238,4238.0,0.0019248443326716504,0.00046392948271862676,0.06184509020834447,0.03148079431612987
2994,F02152,Budafoki út / Karinthy Frigyes út,47.476872,19.053383,4277,4277.0,0.0015816601056654475,0.00046392948271862676,0.06119924842764852,0.020183818262680363
2995,F02153,Budafoki út / Karinthy Frigyes út,47.475827,19.054107,4274,4274.0,0.0007171632382282701,0.00046392948271862676,0.05958732454713652,0.012367210278162486
2996,F02154,Budafoki út / Karinthy Frigyes út,47.476025,19.053457,4275,4275.0,0.0002421918413209106,0.00023196474135931338,0.05659110514146641,0.0
2997,F02155,Budafoki út / Karinthy Frigyes út,47.475412,19.053165,4276,4276.0,0.001625066295111037,0.00046392948271862676,0.0616269647885998,0.023120752503442893
2998,F02156,Budafoki út / Karinthy Frigyes út,47.476169,19.052582,4278,4278.0,0.0005362625694178988,0.00046392948271862676,0.05649582256434412,0.0009250700843563789
3003,F02163,BAH-csomópont,47.486986,19.023046,4216,4216.0,5.627569923761067e-06,0.00046392948271862676,0.05246520873921948,0.00776002342457456
3004,F02164,BAH-csomópont,47.48731,19.02355,4217,4217.0,1.5784390305571635e-05,0.0009278589654372535,0.05484588598185224,0.013953460495322402
3005,F02165,BAH-csomópont,47.488299,19.024345,4210,4210.0,8.214049705062187e-06,0.0009278589654372535,0.052591101371532674,0.015891194216480078
3006,F02166,BAH-csomópont,47.48719,19.024696,4214,4214.0,8.732554892840711e-07,0.00046392948271862676,0.04691720247950148,0.00046046223759662946
3007,F02167,BAH-csomópont,47.486852,19.024596,4212,4212.0,8.732554892840711e-07,0.00046392948271862676,0.04691720247950148,0.00046046223759662946
3008,F02168,BAH-csomópont,47.487715,19.025553,4211,4211.0,2.554957349661037e-05,0.0009278589654372535,0.05496514555156185,0.02162551168195912
3009,F02169,BAH-csomópont,47.486707,19.024943,4213,4213.0,1.2667313352939168e-05,0.0009278589654372535,0.0522569618179028,0.013313217339337432
3010,F02170,Budaörsi út / Villányi út,47.4841,19.027041,4220,4220.0,4.755913378859833e-06,0.00046392948271862676,0.05028594248936887,0.0004651111659158559
3011,F02171,Budaörsi út / Villányi út,47.484109,19.026812,4218,4218.0,1.1916400699680068e-06,0.00046392948271862676,0.0481909079255642,0.0006772500782067305
3012,F02172,Budaörsi út / Villányi út,47.484134,19.026586,4219,4219.0,1.1916400699680068e-06,0.00046392948271862676,0.0481909079255642,0.0006772500782067477
3013,F02173,Budaörsi út / Villányi út,47.483838,19.027065,4221,4221.0,1.2994555689169189e-05,0.0006958942240779401,0.05266414761147536,0.012474882486911375
3014,F02174,Muskotály köz,47.48311,19.026325,4222,4222.0,9.616575319113534e-06,0.0006958942240779401,0.053979964061151325,0.005598441420430366
3016,F02180,Kosztolányi Dezső tér,47.474864,19.042062,4183,4183.0,0.00035671713263740734,0.0006958942240779401,0.055124166020926256,0.0019137126108856408
3017,F02181,Kosztolányi Dezső tér,47.47499,19.039382,4181,4181.0,0.0008141345310766139,0.0009278589654372535,0.056524457894803086,0.0028760287162212053
3018,F02182,Kosztolányi Dezső tér,47.475665,19.039952,4179,4179.0,0.0008668452664648612,0.0009278589654372535,0.05741895412407649,0.0772085299396993
3019,F02184,Kosztolányi Dezső tér,47.47517,19.040178,4180,4180.0,0.0005028807244187204,0.0006958942240779401,0.056425200684297024,0.002138788902923749
3021,F02194,Móricz Zsigmond körtér M,47.477248,19.047328,4329,4329.0,0.0021081607044541165,0.002551612154952447,0.059957631138749676,0.07724270595188074
3022,F02196,Móricz Zsigmond körtér M,47.478057,19.04571,4329,4329.0,0.0021081607044541165,0.002551612154952447,0.059957631138749676,0.07724270595188074
3023,F02197,Móricz Zsigmond körtér M,47.478074,19.044899,4329,4329.0,0.0021081607044541165,0.002551612154952447,0.059957631138749676,0.07724270595188074
3024,F02198,Móricz Zsigmond körtér M,47.478111,19.045272,4329,4329.0,0.0021081607044541165,0.002551612154952447,0.059957631138749676,0.07724270595188074
3026,F02200,Móricz Zsigmond körtér M,47.477815,19.046253,4329,4329.0,0.0021081607044541165,0.002551612154952447,0.059957631138749676,0.07724270595188074
3028,F02202,Móricz Zsigmond körtér M,47.477374,19.046161,4329,4329.0,0.0021081607044541165,0.002551612154952447,0.059957631138749676,0.07724270595188074
3029,F02203,Móricz Zsigmond körtér M,47.477491,19.046864,4329,4329.0,0.0021081607044541165,0.002551612154952447,0.059957631138749676,0.07724270595188074
3033,F02213,Puskás Tivadar utca,47.46038,19.033388,4586,4586.0,2.635240632111592e-05,0.00046392948271862676,0.048311871814066626,0.0035302184068036796
3034,F02214,Puskás Tivadar utca,47.460437,19.033642,4587,4587.0,2.6244180222959665e-05,0.00046392948271862676,0.048266362457621746,0.003921529853167183
3035,F02215,Bártfai utca,47.464034,19.029304,4454,4454.0,0.00010613026891964369,0.00046392948271862676,0.05143466501510338,0.0031321521597581156
3036,F02216,Bártfai utca,47.464286,19.029131,4452,4452.0,0.00010613026891964369,0.00046392948271862676,0.05143466501510338,0.0031321521597581156
3042,F02222,"Petőfi híd, budai hídfő",47.47659,19.059228,4268,4268.0,6.868341183782753e-05,0.00046392948271862676,0.05160898658731426,0.0013045998446751176
3043,F02224,"Petőfi híd, budai hídfő",47.476672,19.058963,4267,4267.0,0.0011609735296928617,0.0006958942240779401,0.06022428303472723,0.0008700561505370442
3044,F02225,"Petőfi híd, budai hídfő",47.476933,19.059586,4269,4269.0,0.0013299605654126152,0.0006958942240779401,0.061365647627102206,0.02796922023249039
3048,F02229,Gazdagréti tér,47.473484,18.992979,4367,4367.0,2.2633905062440158e-08,0.00046392948271862676,0.03926821843434404,0.001399628002797049
3049,F02232,Örsöddűlő,47.45492,18.993158,4149,4149.0,7.736554251001287e-07,0.00046392948271862676,0.043225078210916576,0.0024146890470768696
3050,F02233,Örsöddűlő,47.455118,18.993184,4150,4150.0,2.7785346172747134e-06,0.00046392948271862676,0.045035343028320546,0.007909887213541342
3051,F02234,Kelenföldi Erőmű,47.464485,19.052793,4344,4344.0,2.2175892572563173e-05,0.00046392948271862676,0.05240936922862581,0.01981149123163623
3052,F02235,Kelenföldi Erőmű,47.464422,19.053098,4345,4345.0,3.368258233894452e-05,0.00046392948271862676,0.0530643579867242,0.021814788362967023
3053,F02236,Hengermalom út,47.459233,19.052095,4572,4572.0,5.155739267809002e-06,0.0006958942240779401,0.049946132326725824,0.019440450585636593
3054,F02237,Hengermalom út,47.45943,19.052474,4573,4573.0,7.828874965013598e-06,0.0006958942240779401,0.0505224671292541,0.021440928739882004
3055,F02238,Csonka János tér,47.469783,19.044821,4338,4338.0,0.0003142712706112767,0.00046392948271862676,0.0546340922405065,0.008660734612422439
3056,F02239,Csonka János tér,47.470259,19.045087,4336,4336.0,0.00031427127061172994,0.00046392948271862676,0.054638815989385275,0.009952417626952259
3057,F02240,Kalotaszeg utca,47.459178,19.041003,4592,4592.0,3.280622073492976e-06,0.00046392948271862676,0.04656972740494714,0.007367114073370825
3058,F02241,Kalotaszeg utca,47.458827,19.040976,4594,4594.0,3.2806221190834775e-06,0.00046392948271862676,0.046583458880562575,0.008660734612422439
3059,F02242,Regős köz,47.468218,19.003437,4385,4385.0,6.270188488474223e-07,0.00046392948271862676,0.04308117797099704,0.003339232589557494
3060,F02243,Regős köz,47.468587,19.003357,4386,4386.0,9.919206856072022e-06,0.00046392948271862676,0.047111908694905585,0.00313005268126215
3062,F02245,Torbágy utca,47.467971,18.998565,4382,4382.0,2.167691829317261e-06,0.00046392948271862676,0.04484412711211315,0.0008699485102858334
3063,F02246,Előpatak utca,47.471521,19.010544,4348,4348.0,1.9571712112756034e-05,0.00046392948271862676,0.04947429684081723,0.003474627309085214
3064,F02247,Előpatak utca,47.471081,19.010942,4349,4349.0,4.0584795174872535e-06,0.00046392948271862676,0.0455279728582814,0.003907986960459969
3065,F02252,Pető Intézet (Villányi út),47.481864,19.032616,4229,4229.0,2.2011687207246505e-05,0.00046392948271862676,0.051362899927979724,0.0012027731921011476
3066,F02253,Pető Intézet (Villányi út),47.481659,19.032915,4230,4230.0,2.2011687207246505e-05,0.00046392948271862676,0.051362899927979724,0.0012027731921011513
3067,F02254,Ménesi út,47.481529,19.038107,4192,4192.0,2.200497135100741e-05,0.00046392948271862676,0.05034269335718883,0.003041052377208038
3071,F02261,Hollókő utca,47.47534,19.02983,4173,4173.0,2.3159665257069995e-05,0.00046392948271862676,0.05073338019432666,0.0001888045295945781
3072,F02262,Hollókő utca,47.475655,19.030401,4174,4174.0,4.7989418482893626e-05,0.00046392948271862676,0.051644133474759824,0.00016000538505693128
3073,F02263,Albertfalva vasútállomás,47.441854,19.032096,4553,4553.0,6.798864067363625e-10,0.00046392948271862676,0.0376822229292142,0.00037913965978072443
3074,F02264,Állvány utca,47.445272,19.028449,4526,4526.0,2.0277558412066296e-09,0.00046392948271862676,0.03692049149529096,0.00016755068862796355
3075,F02265,Állvány utca,47.445586,19.028223,4527,4527.0,1.8651814310199533e-08,0.00046392948271862676,0.04113857993645724,0.0002799201495690023
3084,F02274,Mindszenty József bíboros tér,47.487243,18.989793,4395,4395.0,4.39936513359208e-12,0.00023196474135931338,0.03170602933056319,0.0
3085,F02275,Hó utca,47.486417,18.992156,4391,4391.0,2.108923932641861e-11,0.00046392948271862676,0.03281516136935412,0.00043508189539412747
3086,F02276,Hó utca,47.486489,18.992236,4392,4392.0,9.702926530989216e-11,0.00023196474135931338,0.03481174667030905,0.0
3087,F02277,Hajnalka utca,47.485024,18.994161,4393,4393.0,9.669663683199132e-11,0.00046392948271862676,0.034004095166030444,0.0008699485102858334
3088,F02278,Hajnalka utca,47.485258,18.994028,4394,4394.0,4.651532702404534e-10,0.00046392948271862676,0.0361534048035641,0.0004350818953941274
3089,F02279,Tamási Áron utca,47.493446,19.002553,1609,1609.0,1.3290568679799375e-09,0.00046392948271862676,0.03993659956166282,0.0013045998446751176
3090,F02280,Tamási Áron utca,47.493752,19.002473,1610,1610.0,1.9662718436580628e-10,0.0006958942240779401,0.037462930270261055,0.00043831110293045207
3091,F02281,Mártonhegyi út,47.490631,19.002303,4415,4415.0,6.081681445194213e-09,0.00046392948271862676,0.04170968512071141,0.0017390358985619801
3092,F02282,Mártonhegyi út,47.490181,19.002158,4416,4416.0,6.266001050750832e-10,0.00046392948271862676,0.03899401087634739,0.0008586821639924346
3093,F02283,Kempelen Farkas utca,47.488014,19.003938,4417,4417.0,2.807523198283611e-09,0.00046392948271862676,0.04067694375934292,0.0012917188946135565
3094,F02284,Kempelen Farkas utca,47.487942,19.004163,4418,4418.0,2.7829294250329905e-08,0.00046392948271862676,0.04364652172832893,0.002173256671946421
3095,F02285,Boldog Teréz anya tér,47.488582,19.00679,4419,4419.0,1.2833715292250495e-08,0.00046392948271862676,0.04251169552514705,0.0017247556252346784
3096,F02286,Boldog Teréz anya tér,47.489203,19.007081,4420,4420.0,1.2734475383002252e-07,0.00046392948271862676,0.04577089130351752,0.0026072621648284403
3097,F02287,Bürök utca,47.491236,19.009429,1695,1695.0,5.827205436442768e-07,0.00046392948271862676,0.04811141524658535,0.003041052377208038
3098,F02288,Bürök utca,47.491425,19.009959,1696,1696.0,5.872219711509354e-08,0.00046392948271862676,0.04451978014727822,0.0021577923558558005
3099,F02289,Szendi árok,47.491444,19.011724,1692,1692.0,2.6870327227618274e-07,0.00046392948271862676,0.04672697807114907,0.0025908290864769226
3100,F02290,Németvölgyi út,47.492487,19.012188,1697,1697.0,4.6135206033663746e-07,0.0006958942240779401,0.04679213934721334,0.0035869271017419002
3101,F02291,Németvölgyi út,47.493513,19.011935,1698,1698.0,5.993956825440395e-07,0.00046392948271862676,0.04817988558265002,0.001685809566871469
3102,F02292,Apor Vilmos tér,47.491022,19.014087,1701,1701.0,2.6664901481284103e-06,0.0009278589654372535,0.05070285142926628,0.008658297433520664
3104,F02294,Apor Vilmos tér,47.490905,19.014007,1702,1702.0,2.312508510131154e-09,0.00023196474135931338,0.03950716481113001,0.0
3105,F02295,Apor Vilmos tér,47.490833,19.014339,1703,1703.0,1.2295472509489775e-06,0.0009278589654372535,0.04916636153974236,0.008339621940282038
3106,F02296,Vas Gereben utca,47.489078,19.009536,1693,1693.0,8.092388908513164e-08,0.00046392948271862676,0.04272534380059036,0.0013045998446751176
3107,F02297,Vas Gereben utca,47.489321,19.009762,1694,1694.0,3.897716392254634e-08,0.00046392948271862676,0.0417275868641354,0.0017390358985619801
3108,F02298,Zólyomi lépcső,47.490383,19.011818,1690,1690.0,3.7030459716651977e-07,0.00046392948271862676,0.04476101282724848,0.0017390358985619801
3109,F02299,Zólyomi lépcső,47.490257,19.012216,1691,1691.0,1.7835612495110607e-07,0.00046392948271862676,0.04366612503982807,0.002173256671946421
3110,F02300,Apor Vilmos tér,47.4905,19.014857,1699,1699.0,1.6944933494707504e-06,0.00046392948271862676,0.04699920217642877,0.002173256671946421
3111,F02301,Apor Vilmos tér,47.490402,19.015268,1700,1700.0,8.16142981618073e-07,0.00046392948271862676,0.045792449796299456,0.0026072621648284403
3112,F02302,Sirály utca,47.489656,19.018105,1741,1741.0,3.84838090129087e-06,0.00046392948271862676,0.05240574739583413,0.007942733946646787
3113,F02303,Sirály utca,47.489422,19.018318,1742,1742.0,1.4302791490516258e-06,0.00046392948271862676,0.05067371380666076,0.007491773667104688
3115,F02305,Kiss János altábornagy utca,47.492039,19.016843,1748,1748.0,1.1087339544893062e-08,0.00046392948271862676,0.041244187394850446,0.00043508189539412747
3116,F02306,Kiss János altábornagy utca,47.492273,19.016461,1747,1747.0,7.75391364919726e-06,0.0013917884481558802,0.04947171477608381,0.005578690526951184
3118,F02309,Nagy Jenő utca,47.492148,19.019086,1749,1749.0,5.0845823366727094e-08,0.00046392948271862676,0.04313999721912565,0.0008699485102858334
3119,F02310,Tartsay Vilmos utca,47.492329,19.023906,1734,1734.0,1.4624961701915956e-05,0.00046392948271862676,0.05099745306769861,0.013990676647095414
3120,F02311,Tartsay Vilmos utca,47.492401,19.024264,1735,1735.0,1.404893436381665e-05,0.00046392948271862676,0.049467196811264075,0.010976963404843155
3139,F02332,Széll Kálmán tér M (Csaba utca),47.506728,19.022811,1800,1800.0,2.8029104337845413e-05,0.00046392948271862676,0.05137821156903741,0.0011275253117586067
3140,F02333,Széll Kálmán tér M (Csaba utca),47.505973,19.023169,1801,1801.0,1.4961056483529242e-07,0.00046392948271862676,0.04611379445883673,0.010634472806320211
3141,F02335,Maros utca,47.505738,19.021762,1797,1797.0,0.00011348525599008747,0.0006958942240779401,0.051070263396145024,0.0025597306962512776
3142,F02337,Barabás Villa,47.504902,19.018826,1620,1620.0,2.4866892061210974e-05,0.00046392948271862676,0.048637223063487924,0.005502034786408132
3143,F02338,Barabás Villa,47.505118,19.01864,1621,1621.0,2.4907583616877547e-05,0.00046392948271862676,0.048579892832586694,0.0020321281690105974
3144,F02339,Temes utca,47.506826,19.015122,1634,1634.0,5.9344267208069774e-06,0.00046392948271862676,0.04635565298103052,0.0016298980782860025
3145,F02340,Temes utca,47.506709,19.015148,1635,1635.0,5.748204245174473e-06,0.0006958942240779401,0.04642091865307776,0.00524129421789176
3146,F02341,Szent János Kórház,47.508712,19.009721,1651,1651.0,3.5450725869787877e-06,0.0006958942240779401,0.04437026078735465,0.0026443859206107226
3147,F02342,Szent János Kórház,47.509116,19.00903,1652,1652.0,1.4367490275793123e-06,0.00046392948271862676,0.0444076764178278,0.001510521041299033
3153,F02348,Pető Intézet,47.511961,19.003999,1684,1684.0,1.424782359515538e-06,0.00046392948271862676,0.044094717179911286,0.004341131331332302
3154,F02349,Pető Intézet,47.512084,19.003502,1685,1685.0,2.3528657371016814e-08,0.00046392948271862676,0.039252770669421004,0.00563927276093477
3155,F02350,Virányos út,47.512586,19.000156,5321,5321.0,3.113617170305719e-07,0.00046392948271862676,0.04212347811519882,0.003907986960459969
3156,F02351,Virányos út,47.512623,19.001085,5322,5322.0,5.1418383238902735e-09,0.00046392948271862676,0.03768521911049547,0.005206774231569702
3159,F02355,Fészek utca,47.511829,18.997249,5323,5323.0,1.4869607842870588e-08,0.00046392948271862676,0.03866398111070382,0.003041052377208038
3160,F02356,Fészek utca,47.51174,18.997209,5324,5324.0,2.461483906613702e-10,0.00046392948271862676,0.03489600791105315,0.004341131331332302
3161,F02357,"Kútvölgyi lejtő, Traumatológia",47.511417,19.000608,5319,5319.0,6.804280367524902e-08,0.00046392948271862676,0.04032008672554357,0.003474627309085214
3162,F02358,"Kútvölgyi lejtő, Traumatológia",47.511318,19.000847,5320,5320.0,1.123790414392124e-09,0.00046392948271862676,0.036237366779281986,0.004774060421702212
3163,F02359,Zirzen Janka utca,47.51136,18.992669,5318,5318.0,3.2495048138336837e-09,0.00046392948271862676,0.03713782614164365,0.0026072621648284403
3164,F02360,György Aladár utca,47.511457,18.989841,5271,5271.0,7.101257049552614e-10,0.00046392948271862676,0.03572690438601505,0.002173256671946421
3165,F02361,György Aladár utca,47.51152,18.989403,5272,5272.0,2.6916682053432925e-12,0.00046392948271862676,0.03140403713481581,0.0026072621648284403
3166,F02362,Kiss Áron utca,47.512878,18.989733,5273,5273.0,1.2316849869015905e-11,0.00046392948271862676,0.03248843811549672,0.003041052377208038
3167,F02364,Orvosi rendelő,47.483316,18.99622,4408,4408.0,4.4245023328750397e-10,0.00046392948271862676,0.0352817642050042,0.0013045998446751176
3168,F02365,Orvosi rendelő,47.483703,18.995861,4409,4409.0,2.1328990353239834e-09,0.00046392948271862676,0.037601878631686694,0.0008699485102858332
3177,F02374,Galgóczy utca,47.511814,18.986952,5276,5276.0,1.5518637850288166e-10,0.00046392948271862676,0.03441863997515855,0.0017390358985619801
3178,F02375,Galgóczy utca,47.511373,18.985943,5277,5277.0,5.882258244355041e-13,0.00046392948271862676,0.030389201214902548,0.002173256671946421
3179,F02376,Zalai út,47.511536,18.984889,5274,5274.0,3.391332413661321e-11,0.00046392948271862676,0.033202222747864614,0.0013045998446751176
3180,F02377,Zalai út,47.511607,18.983946,5275,5275.0,1.2854858197739522e-13,0.00046392948271862676,0.029437444765561562,0.0017390358985619801
3181,F02378,Béla király út,47.510424,18.975876,5268,5268.0,3.370387916012145e-13,0.00023196474135931338,0.030016550444378055,0.0
3182,F02379,Csillagvölgyi út,47.510395,18.975073,5269,5269.0,1.3385991325426165e-15,0.00046392948271862676,0.02690685814149641,0.00043508189539412747
3183,F02380,Fácános tér,47.511005,18.972058,5270,5270.0,2.792002923716402e-16,0.00023196474135931338,0.026156599307280568,0.0
3202,F02399,Szent Orbán tér,47.499223,19.009011,1603,1603.0,3.944657446634663e-07,0.0009278589654372535,0.04471877997833907,0.0025782354096735766
3204,F02401,Szent Orbán tér,47.49934,19.008295,1602,1602.0,2.2033928241992397e-08,0.00046392948271862676,0.04256562378570906,0.002615299303585515
3205,F02402,Istenhegyi út,47.498515,19.016948,1710,1710.0,1.4150294454432915e-05,0.00046392948271862676,0.04828295728490247,0.0008699485102858334
3206,F02403,Tóth Lőrinc utca,47.499657,19.017611,1711,1711.0,3.0855948924254497e-06,0.00046392948271862676,0.04592055995619948,0.00043508189539412747
3207,F02404,Goldmark Károly utca,47.501797,19.015553,1622,1622.0,6.435709811202793e-07,0.00023196474135931338,0.043777543938292515,0.0
3208,F02405,Határőr út,47.503497,19.016043,1623,1623.0,2.8043009930380196e-06,0.00023196474135931338,0.04589221427462015,0.0
3209,F02406,Ráth György utca,47.500027,19.020717,1718,1718.0,6.165870477136064e-05,0.00046392948271862676,0.05086814467035231,0.0008699485102858334
3210,F02407,Kék Golyó utca,47.497814,19.021129,1712,1712.0,6.187226551406927e-05,0.00046392948271862676,0.05094332364513014,0.0038994503477040076
3211,F02408,Kék Golyó utca,47.497571,19.020891,1716,1716.0,6.18838202431731e-05,0.00046392948271862676,0.05090844032738173,0.0012821363027994805
3212,F02409,Kék Golyó utca,47.497293,19.020652,1714,1714.0,6.18838202431731e-05,0.00046392948271862676,0.05090844032738173,0.0012821363027994805
3214,F02411,Kék Golyó utca,47.497994,19.020837,1713,1713.0,6.475795182481209e-05,0.0006958942240779401,0.05090023942951446,0.010121061825930857
3216,F02413,Királyhágó tér,47.495745,19.018994,1723,1723.0,3.765221848650529e-06,0.0009278589654372535,0.04911668375174413,0.0033090693551253037
3217,F02414,Királyhágó tér,47.495521,19.019711,1724,1724.0,1.4524515810020529e-05,0.00046392948271862676,0.04864034271398652,0.0009552572559681497
3218,F02415,Márvány utca,47.494621,19.020478,1725,1725.0,2.3269332991779409e-07,0.00046392948271862676,0.045217409253981815,0.0013045998446751176
3219,F02416,Csörsz utca,47.490224,19.024424,1740,1740.0,2.9951198048950192e-06,0.00046392948271862676,0.04675117610425497,0.00043736080764824795
3220,F02417,Csörsz utca,47.490782,19.024447,1739,1739.0,2.9951198048950192e-06,0.00046392948271862676,0.04675117610425497,0.0004373608076482479
3221,F02420,Királyhágó tér,47.494783,19.018848,1721,1721.0,1.4524515810020529e-05,0.00046392948271862676,0.04864034271398652,0.0009552572559681497
3222,F02421,Királyhágó tér,47.494972,19.01926,1720,1720.0,1.4469113753415993e-05,0.0006958942240779401,0.04892907276248682,0.004081162844836946
3223,F02422,Agárdi út,47.495169,19.015235,1709,1709.0,8.815498200870304e-07,0.00046392948271862676,0.04699337715292051,0.0005347167137644951
3224,F02423,Galántai utca,47.497192,19.014146,1707,1707.0,8.675980354794888e-07,0.00046392948271862676,0.04674137864377948,0.0016335263230727174
3226,F02425,Nárcisz utca,47.495806,19.011071,1607,1607.0,2.0729328977923952e-07,0.00046392948271862676,0.04590554905848144,0.0013094916161382982
3227,F02426,Nárcisz utca,47.496264,19.010752,1608,1608.0,1.0082255294926133e-07,0.00046392948271862676,0.04457892699527825,0.0030483360342066367
3230,F02429,Vöröskő utca,47.496929,19.007367,1605,1605.0,8.227501595539968e-08,0.00023196474135931338,0.0426839800923483,0.0
3231,F02430,Vöröskő utca,47.496668,19.007341,1606,1606.0,4.817292532736752e-09,0.00046392948271862676,0.04072631481491489,0.002182262572964393
3232,F02431,Szendrő utca,47.49539,19.004237,1611,1611.0,4.101220266053019e-11,0.00023196474135931338,0.03602425237839673,0.0
3233,F02433,Szendrő utca,47.495255,19.004316,1612,1612.0,1.0621514609016953e-09,0.00046392948271862676,0.03903937889279057,0.001749225842343271
3234,F02434,Pagony utca,47.494931,19.003096,1614,1614.0,2.9041634863469543e-10,0.00046392948271862676,0.038307341236445656,0.0008699485102858334
3235,F02435,Sólyom utca,47.49698,19.000117,1615,1615.0,6.332858102102461e-11,0.00046392948271862676,0.03680509256050661,0.00043508189539412747
3236,F02436,Sólyom utca,47.497142,18.999957,1616,1616.0,6.011171381630807e-11,0.00046392948271862676,0.0360475413374853,0.0008699485102858334
3237,F02437,Tamási Áron utca / Thomán István utca,47.497159,18.998126,1617,1617.0,1.320876716186028e-11,0.00023196474135931338,0.03541555954104529,0.0
3238,F02438,Tamási Áron utca / Thomán István utca,47.496728,18.998166,1618,1618.0,1.3108238976577652e-11,0.00046392948271862676,0.034714219597925304,0.00043508189539412747
3239,F02439,Thomán István utca,47.494641,18.998513,1619,1619.0,2.7340919364227314e-12,0.00023196474135931338,0.033475422105144405,0.0
3259,F02460,Széll Kálmán tér M,47.506863,19.024178,1823,1823.0,0.0004366747451700118,0.003479471120389701,0.05399533815020067,0.09933699162021552
3260,F02461,Széll Kálmán tér M,47.506611,19.02439,1823,1823.0,0.0004366747451700118,0.003479471120389701,0.05399533815020067,0.09933699162021552
3261,F02462,Széll Kálmán tér M,47.506441,19.024775,1823,1823.0,0.0004366747451700118,0.003479471120389701,0.05399533815020067,0.09933699162021552
3262,F02464,Széll Kálmán tér M,47.507403,19.024974,1823,1823.0,0.0004366747451700118,0.003479471120389701,0.05399533815020067,0.09933699162021552
3263,F02465,Széll Kálmán tér M,47.507421,19.024722,1823,1823.0,0.0004366747451700118,0.003479471120389701,0.05399533815020067,0.09933699162021552
3264,F02466,Széll Kálmán tér M,47.507376,19.025598,1823,1823.0,0.0004366747451700118,0.003479471120389701,0.05399533815020067,0.09933699162021552
3265,F02469,Széll Kálmán tér M,47.506512,19.023912,1823,1823.0,0.0004366747451700118,0.003479471120389701,0.05399533815020067,0.09933699162021552
3266,F02470,Széll Kálmán tér M,47.506441,19.024213,1823,1823.0,0.0004366747451700118,0.003479471120389701,0.05399533815020067,0.09933699162021552
3267,F02473,Széll Kálmán tér M,47.506647,19.023912,1823,1823.0,0.0004366747451700118,0.003479471120389701,0.05399533815020067,0.09933699162021552
3269,F02477,Széll Kálmán tér M,47.507232,19.025186,1823,1823.0,0.0004366747451700118,0.003479471120389701,0.05399533815020067,0.09933699162021552
3272,F02482,Rendelőintézet,47.511176,19.00568,1682,1682.0,6.5197677245394965e-06,0.00046392948271862676,0.046258380025905446,0.004774060421702212
3273,F02483,Rendelőintézet,47.510969,19.005852,1683,1683.0,1.0766597552699851e-07,0.00046392948271862676,0.040955504812955186,0.006071556009797416
3274,F02484,Hunyad köz,47.511435,18.981716,5264,5264.0,7.410452119336033e-12,0.00046392948271862676,0.03206830886764203,0.0008699485102858334
3275,F02485,Hunyad köz,47.511282,18.981504,5265,5265.0,2.809242525018039e-14,0.00046392948271862676,0.028543064104060458,0.0013045998446751176
3276,F02486,Hunyad lejtő,47.510875,18.97865,5266,5266.0,1.615921490859253e-12,0.00046392948271862676,0.03100878035594095,0.00043508189539412747
3277,F02487,Cinege út,47.510849,18.979088,5267,5267.0,6.138596944732606e-15,0.00046392948271862676,0.027701023068596786,0.0008699485102858334
3278,F02488,Csemegi utca,47.501645,19.018128,1624,1624.0,1.344520565852085e-05,0.00046392948271862676,0.04825284917832234,0.00043508189539412747
3281,F02492,Hajós Alfréd uszoda,47.519853,19.044234,1500,1500.0,0.00010088186377334197,0.00046392948271862676,0.05433424045029507,0.0018025083226022342
3282,F02493,Hajós Alfréd uszoda,47.519862,19.044101,1501,1501.0,0.0001543823530100494,0.00046392948271862676,0.05339389457681539,0.02101576896687905
3283,F02494,Palatinus fürdő,47.528074,19.047606,878,878.0,4.81972363566705e-06,0.00046392948271862676,0.0496388117507808,0.0010933649659931317
3284,F02495,Palatinus fürdő,47.527732,19.047247,879,879.0,7.386114332698441e-06,0.00046392948271862676,0.04900052514323328,0.020389434853599644
3285,F02496,Szabadtéri Színpad,47.530844,19.048934,880,880.0,1.0621834523499153e-06,0.00046392948271862676,0.04769804430054711,0.0008276240467588288
3286,F02497,Szabadtéri Színpad,47.52999,19.048349,881,881.0,1.6730670933688465e-06,0.00046392948271862676,0.04832541817697189,0.02023804361217044
3287,F02498,Szállodák (Hotels),47.533317,19.050873,884,884.0,2.729651371818994e-07,0.00046392948271862676,0.047073305800061964,0.0006855935532788715
3288,F02499,Szállodák (Hotels),47.533254,19.05066,885,885.0,6.354849551372868e-07,0.0006958942240779401,0.047986592869498086,0.02021850283730882
3289,F02500,Zenélőkút,47.535692,19.052506,1055,1055.0,2.4655206473981093e-07,0.0006958942240779401,0.04675463501218777,0.0006250969057801101
3290,F02501,Zenélőkút,47.535944,19.052374,1056,1056.0,3.241088121819789e-07,0.00046392948271862676,0.047662668890579636,0.0007725368814963602
3291,F02502,Margitsziget / Árpád híd,47.537185,19.054392,1057,1057.0,4.4717774469429065e-07,0.0006958942240779401,0.04732654287583648,0.0004730978478404457
3292,F02503,Margitsziget / Árpád híd,47.537679,19.053728,1058,1058.0,4.619193882924436e-07,0.0006958942240779401,0.04732713360107084,0.00037406914380589486
3293,F02504,Tisza utca,47.524161,19.058109,2409,2409.0,0.00010139552941204509,0.00046392948271862676,0.05284102563664908,0.0020310998138844943
3294,F02505,Parkmozi köz,47.522785,19.045282,1502,1502.0,2.2046211784538276e-05,0.00046392948271862676,0.05184326176331257,0.0014417773930141197
3295,F02506,Parkmozi köz,47.522623,19.045096,1503,1503.0,3.374005418761574e-05,0.00046392948271862676,0.051053759837122195,0.020665479762659863
3296,F02507,Viza utca,47.530106,19.057645,876,876.0,7.790342389743034e-05,0.00046392948271862676,0.04939309106472209,0.003474627309085214
3297,F02508,Viza utca,47.530718,19.057765,877,877.0,8.179494758601081e-05,0.00046392948271862676,0.05022200105411258,0.003214758427604261
3298,F02509,Dráva utca,47.525897,19.057817,2411,2411.0,0.00035644578000873663,0.0009278589654372535,0.05212692827208776,0.004764136639918719
3299,F02510,Dráva utca,47.525726,19.057844,2412,2412.0,0.0003742494479745518,0.001159823706796567,0.05255683959280594,0.005349608557399679
3300,F02511,Jászai Mari tér,47.51389,19.049372,2623,2623.0,3.184771140820902e-07,0.00023196474135931338,0.04398116986908157,0.0
3301,F02512,Szent István park,47.518335,19.051456,2383,2383.0,0.00010289228024225599,0.0006958942240779401,0.05266195327199155,0.000944270756492341
3302,F02513,Szent István park,47.51774,19.052625,2384,2384.0,7.00256093546087e-06,0.0006958942240779401,0.04853077135997377,0.001156582654812432
3303,F02514,Victor Hugo utca,47.517793,19.054762,2387,2387.0,0.00043147007687988206,0.00046392948271862676,0.055753156034339946,0.002705941581941765
3304,F02515,Hegedűs Gyula utca,47.517164,19.054815,2388,2388.0,1.3499224622011676e-05,0.00046392948271862676,0.050182784329491525,0.0010705640267069248
3305,F02516,Victor Hugo utca,47.518468,19.056767,2385,2385.0,0.00043491445048730214,0.00046392948271862676,0.05573594548770953,0.0022559435918631104
3306,F02517,Victor Hugo utca,47.518227,19.055824,2386,2386.0,0.00043321360396243887,0.00046392948271862676,0.055716289297803055,0.0012987024750600448
3307,F02519,Gogol utca,47.520132,19.05759,2390,2390.0,0.00011104704922455942,0.00046392948271862676,0.053065843301564566,0.0019354943165364078
3308,F02521,Ipoly utca,47.520564,19.054072,2391,2391.0,3.864752222829803e-05,0.00046392948271862676,0.051240734564690346,0.0003212297728884868
3309,F02522,Ipoly utca,47.519853,19.053886,2392,2392.0,1.8547887421201828e-05,0.00046392948271862676,0.04828049807196108,0.0005403268663700713
3310,F02523,Radnóti Miklós utca,47.515644,19.053195,2617,2617.0,9.453285735022132e-05,0.00046392948271862676,0.05268170891283386,0.0023225584576033144
3311,F02524,Radnóti Miklós utca,47.514538,19.054124,2618,2618.0,9.433539071593616e-05,0.00046392948271862676,0.05265610259392555,0.0006717227802915932
3312,F02525,Népfürdő utca / Árpád híd,47.536348,19.059466,1065,1065.0,9.184108627512491e-07,0.0006958942240779401,0.04826759131288131,0.0013026500012060713
3313,F02526,Népfürdő utca / Árpád híd,47.535889,19.059638,1063,1063.0,8.477340431417575e-07,0.00046392948271862676,0.047674055242269135,0.0004217103396402686
3314,F02527,Népfürdő utca / Árpád híd,47.536294,19.058868,1066,1066.0,9.733927499230202e-07,0.00046392948271862676,0.04850221471804786,0.02310955075928278
3315,F02528,Népfürdő utca / Árpád híd,47.536087,19.059532,1064,1064.0,9.733927499230202e-07,0.00046392948271862676,0.04850221471804786,0.02310955075928278
3316,F02532,Kámfor utca,47.552433,19.084485,955,955.0,2.800296209866912e-09,0.00046392948271862676,0.039375876332724685,0.0006885931015786632
3317,F02533,Szekszárdi utca,47.552281,19.08317,956,956.0,1.0489297861064425e-07,0.00046392948271862676,0.04229970141662455,0.0010090880820617114
3318,F02534,Gyöngyösi utca M,47.549306,19.073723,971,971.0,9.415286700001477e-08,0.00046392948271862676,0.04113902628471569,0.00031403359068544193
3319,F02535,Gyöngyösi utca M,47.549342,19.074214,971,971.0,9.415286700001477e-08,0.00046392948271862676,0.04113902628471569,0.00031403359068544193
3322,F02538,Gyöngyösi utca,47.547613,19.080524,961,961.0,4.7272965625971925e-07,0.00046392948271862676,0.04390528758202167,0.0013635671633449714
3323,F02539,Gyöngyösi utca,47.548445,19.081336,962,962.0,2.3290647282448923e-09,0.00046392948271862676,0.04017015187608212,0.0008861749342535879
3325,F02541,Cziffra György park,47.548324,19.079302,960,960.0,3.8989545869156027e-07,0.00046392948271862676,0.04215719900360671,0.0005524030978493457
3326,F02542,Gyöngyösi utca,47.547062,19.089251,992,992.0,0.00010975471038444125,0.00046392948271862676,0.049077903072605955,2.713162231978015e-05
3327,F02543,Gyöngyösi utca,47.546207,19.0901,996,996.0,9.634609307374587e-05,0.00046392948271862676,0.04845386931598011,2.7718902404660143e-05
3328,F02544,Gyöngyösi utca,47.546217,19.089038,994,994.0,1.2882510021917252e-06,0.00046392948271862676,0.04337093516177928,0.0007057383965522828
3329,F02545,Gyöngyösi utca,47.545902,19.088745,995,995.0,1.2860071510995423e-06,0.00046392948271862676,0.04168171573849188,0.003474627309085214
3331,F02547,Reitter Ferenc utca,47.545459,19.095294,997,997.0,3.982665507272303e-08,0.00046392948271862676,0.039555385997719426,0.0004867592236869929
3332,F02548,Reitter Ferenc utca,47.545499,19.09507,998,998.0,5.040483488488754e-08,0.00046392948271862676,0.04059376516871036,0.0009630464454745227
3333,F02549,Futár utca,47.53823,19.089988,990,990.0,0.004262028675533951,0.0009278589654372535,0.05641260820947423,0.006922392313476317
3334,F02550,Futár utca,47.537978,19.089589,991,991.0,0.004826904014047053,0.0009278589654372535,0.057282762804921915,0.10320793689022205
3336,F02552,Fiastyúk utca,47.540123,19.084877,979,979.0,3.7163398736199315e-05,0.00046392948271862676,0.04709552397942356,0.001568832818850124
3337,F02553,Fiastyúk utca,47.540159,19.085595,982,982.0,6.14136348286612e-08,0.00046392948271862676,0.038289933204578554,0.0026072621648284403
3338,F02554,Fiastyúk utca,47.540537,19.085874,980,980.0,1.0840005412667668e-07,0.00046392948271862676,0.04407728904575975,0.0008453552404943412
3342,F02558,Násznagy utca,47.543335,19.082024,964,964.0,8.121452838322406e-06,0.00046392948271862676,0.04517484941064172,0.0011991908141796327
3343,F02559,József Attila tér,47.547445,19.08378,957,957.0,1.7752169868195408e-06,0.00046392948271862676,0.043485837573926704,0.0008479822025290183
3345,F02561,Fiastyúk utca,47.543621,19.078675,965,965.0,2.1616286253493763e-06,0.00046392948271862676,0.04569752371956409,0.0017283563866900636
3346,F02562,Fiastyúk utca,47.544978,19.079712,966,966.0,8.366052158156674e-09,0.00046392948271862676,0.04161492471528093,0.001238976621622188
3347,F02563,Fiastyúk utca,47.545889,19.072008,976,976.0,6.152451825547489e-08,0.00046392948271862676,0.040512657444903316,0.0003096323937629375
3348,F02564,Fiastyúk utca,47.546095,19.072459,977,977.0,8.504041854564282e-09,0.00023196474135931338,0.03754900162987741,0.0
3349,F02565,Dagály fürdő,47.539882,19.062375,1053,1053.0,8.557302151614448e-07,0.00046392948271862676,0.042670530116064684,0.0013045998446751176
3350,F02566,Cserhalom utca,47.541932,19.066613,1054,1054.0,1.8698406276094768e-07,0.00046392948271862676,0.04081574900786238,0.0008699485102858334
3351,F02567,Népfürdő utca / Árpád híd,47.536878,19.060542,1061,1061.0,4.1207773075944295e-06,0.0006958942240779401,0.04630074531802119,0.002861140468330688
3352,F02568,Népfürdő utca / Árpád híd,47.536887,19.060834,1062,1062.0,3.915850447412648e-06,0.0006958942240779401,0.044700855140508956,0.002608123286838127
3353,F02569,Sporttelep,47.533641,19.059107,1059,1059.0,1.791949652089549e-05,0.00046392948271862676,0.04814379211477572,0.0028647876788425474
3354,F02570,Sporttelep,47.533605,19.059359,1060,1060.0,1.7065097661953333e-05,0.00046392948271862676,0.04693055878087695,0.003041052377208038
3355,F02571,Karikás Frigyes utca,47.537112,19.066054,1112,1112.0,3.6870772243975565e-07,0.00046392948271862676,0.04530493518596032,0.0015039970291774389
3356,F02572,Lomb utca,47.53524,19.069958,1115,1115.0,8.313652213421878e-07,0.00046392948271862676,0.04708148900567948,0.0017953581990301558
3357,F02573,Vág utca,47.523891,19.055785,2407,2407.0,8.240487782788233e-05,0.00046392948271862676,0.0508640503800844,0.0002490065115805924
3358,F02574,Vág utca,47.523954,19.056011,2408,2408.0,8.192601131719442e-05,0.00046392948271862676,0.04978872871884172,0.0007679615193686659
3359,F02575,Pap Károly utca,47.533557,19.073742,1071,1071.0,9.893036837844553e-06,0.00046392948271862676,0.047789423319385835,0.0023634157879340516
3360,F02576,Pap Károly utca,47.533737,19.075415,1069,1069.0,0.00018703350006759833,0.00046392948271862676,0.05187234097055094,0.014835118800253826
3361,F02577,Röppentyű utca,47.534295,19.074619,1070,1070.0,7.904970248703199e-07,0.00046392948271862676,0.04702543266257462,0.002371563756854013
3362,F02578,Göncz Árpád városközpont M,47.532219,19.0673,1094,1094.0,3.617108129505661e-06,0.0020876826722338203,0.049416909545190686,0.051964437717923376
3363,F02579,Göncz Árpád városközpont M,47.532515,19.06734,1094,1094.0,3.617108129505661e-06,0.0020876826722338203,0.049416909545190686,0.051964437717923376
3365,F02581,Göncz Árpád városközpont M,47.532084,19.067991,1094,1094.0,3.617108129505661e-06,0.0020876826722338203,0.049416909545190686,0.051964437717923376
3367,F02583,Hajdú utca,47.531039,19.07556,1085,1085.0,5.112776310586593e-07,0.00046392948271862676,0.04410087157708912,0.0016771088608690666
3368,F02584,Béke utca,47.532665,19.0807,1045,1045.0,0.0008514762422321188,0.00046392948271862676,0.05420917343031512,0.015154011307758
3369,F02585,Béke tér,47.529376,19.080195,1037,1037.0,2.9328201697754233e-09,0.00046392948271862676,0.03540596908781682,0.0017390358985619801
3370,F02586,Béke tér,47.529167,19.079928,1038,1038.0,0.0007781944237666803,0.00046392948271862676,0.05214628445900802,0.0024063977595593137
3371,F02587,Béke tér,47.529745,19.080488,1039,1039.0,9.868257769247837e-07,0.00046392948271862676,0.047036516549644476,0.0014022687635762887
3373,F02589,Béke tér,47.529688,19.081203,1035,1035.0,2.813023286895913e-07,0.00046392948271862676,0.04371697453746474,0.0016406742413278773
3374,F02590,Béke tér,47.529373,19.081416,1036,1036.0,0.0038953982901800605,0.00046392948271862676,0.056869506930592464,0.015503389522565454
3375,F02591,Lehel utca / Róbert Károly körút,47.526244,19.078506,1023,1023.0,4.502950843771921e-06,0.00046392948271862676,0.048872942635964416,0.0017291312006935578
3377,F02593,Lehel utca / Róbert Károly körút,47.525833,19.078188,1028,1028.0,6.409046100463987e-10,0.00046392948271862676,0.03412006655073376,0.0013045998446751176
3379,F02595,Lehel utca / Róbert Károly körút,47.524888,19.078639,1030,1030.0,0.003561019592065244,0.00046392948271862676,0.05519719091586321,0.002839111569426838
3380,F02596,Lehel utca / Róbert Károly körút,47.525797,19.077524,1029,1029.0,7.247935256037793e-07,0.00046392948271862676,0.04901636139336037,0.01764865409594162
3381,F02597,Lehel utca / Róbert Károly körút,47.5262,19.076952,1027,1027.0,7.247935256037793e-07,0.00046392948271862676,0.04901636139336037,0.01764865409594162
3384,F02600,Göncz Árpád városközpont M,47.532974,19.066119,1094,1094.0,3.617108129505661e-06,0.0020876826722338203,0.049416909545190686,0.051964437717923376
3385,F02601,Göncz Árpád városközpont M,47.533748,19.066902,1094,1094.0,3.617108129505661e-06,0.0020876826722338203,0.049416909545190686,0.051964437717923376
3386,F02602,Göncz Árpád városközpont M,47.533703,19.065561,1094,1094.0,3.617108129505661e-06,0.0020876826722338203,0.049416909545190686,0.051964437717923376
3387,F02603,Göncz Árpád városközpont M,47.534197,19.067673,1094,1094.0,3.617108129505661e-06,0.0020876826722338203,0.049416909545190686,0.051964437717923376
3388,F02604,Göncz Árpád városközpont M,47.533559,19.067434,1094,1094.0,3.617108129505661e-06,0.0020876826722338203,0.049416909545190686,0.051964437717923376
3389,F02605,Göncz Árpád városközpont M,47.533388,19.067367,1094,1094.0,3.617108129505661e-06,0.0020876826722338203,0.049416909545190686,0.051964437717923376
3390,F02606,Tisza utca,47.523837,19.059397,2410,2410.0,9.750527911110675e-05,0.00046392948271862676,0.05245432158239457,0.0017989058668755314
3391,F02608,Dózsa György út M,47.524817,19.062438,2398,2398.0,0.001451178504940816,0.001159823706796567,0.05374963689640916,0.007142702734775944
3393,F02610,Dózsa György út M,47.52399,19.063752,2398,2398.0,0.001451178504940816,0.001159823706796567,0.05374963689640916,0.007142702734775944
3395,F02612,Lehel tér M (Gogol utca),47.519601,19.060817,2451,2451.0,0.0004350913794701184,0.00046392948271862676,0.05578925071484008,0.0024361332017900665
3398,F02615,Lehel tér M,47.517354,19.060723,2425,2425.0,0.0019741681392260466,0.001855717930874507,0.05921231569584432,0.01588092891233684
3399,F02616,Lehel tér M,47.517676,19.060152,2425,2425.0,0.0019741681392260466,0.001855717930874507,0.05921231569584432,0.01588092891233684
3400,F02617,Lehel tér M,47.517271,19.06063,2425,2425.0,0.0019741681392260466,0.001855717930874507,0.05921231569584432,0.01588092891233684
3401,F02618,Lehel tér M,47.517093,19.061082,2425,2425.0,0.0019741681392260466,0.001855717930874507,0.05921231569584432,0.01588092891233684
3403,F02620,Lehel utca / Dózsa György út,47.521309,19.068598,2419,2419.0,0.013061349337572935,0.00046392948271862676,0.05811953947153377,0.00375926595908583
3404,F02621,Lehel utca / Dózsa György út,47.521014,19.069289,2420,2420.0,3.0536819342263004e-11,0.00046392948271862676,0.03180789929603114,0.00043508189539412747
3405,F02623,Lehel utca / Dózsa György út,47.520427,19.06966,2422,2422.0,0.012440808103207081,0.00046392948271862676,0.058103508214956114,0.003719546706389054
3406,F02624,Lehel utca / Dózsa György út,47.520751,19.069009,2417,2417.0,9.427796130723877e-05,0.00046392948271862676,0.05329707677016939,0.0024227260239765304
3409,F02627,Vágány utca / Róbert Károly körút,47.522187,19.081531,1014,1014.0,0.08156777795241806,0.001159823706796567,0.0633305045110887,0.14333203606266395
3410,F02628,Vágány utca / Róbert Károly körút,47.522052,19.082008,1015,1015.0,0.07207403148523374,0.0006958942240779401,0.06218181667814736,0.00797937626798029
3411,F02629,Vágány utca / Róbert Károly körút,47.522783,19.080709,1018,1018.0,0.01629522894476502,0.00046392948271862676,0.058629998540047176,0.0032720406597967484
3412,F02630,Vágány utca / Róbert Károly körút,47.524516,19.08197,1013,1013.0,3.73362869834466e-06,0.00046392948271862676,0.046789252262341784,0.002189992310100262
3413,F02631,Vágány utca / Róbert Károly körút,47.523617,19.080987,1016,1016.0,2.563303059179681e-06,0.00046392948271862676,0.0499007769475599,0.01779250088946948
3414,F02632,Vágány utca / Róbert Károly körút,47.52323,19.081478,1017,1017.0,2.563303059179681e-06,0.00046392948271862676,0.0499007769475599,0.01779250088946948
3417,F02635,Petneházy utca,47.531279,19.08568,1046,1046.0,0.004346464046864353,0.00046392948271862676,0.056475626851907886,0.00019101890237134322
3418,F02636,Petneházy utca,47.531288,19.085945,1047,1047.0,0.0038402836188255345,0.00046392948271862676,0.05560435013320709,0.00018990431319868613
3421,F02639,Kassák Lajos utca,47.522532,19.06654,2415,2415.0,0.003026891358224384,0.00046392948271862676,0.05559619700268902,0.0034308959798659004
3422,F02640,Kassák Lajos utca,47.522235,19.066752,2416,2416.0,0.0028974645674391415,0.00046392948271862676,0.05558152739135406,0.003391661108299555
3424,F02642,Honvédkórház,47.530449,19.070169,1082,1082.0,9.058888890044969e-07,0.00046392948271862676,0.04882385572474107,0.017616884168543675
3425,F02643,Honvédkórház,47.530041,19.070699,1080,1080.0,9.058888890044969e-07,0.00046392948271862676,0.04882385572474107,0.017616884168543675
3427,F02645,Szegedi út,47.528653,19.084137,1033,1033.0,0.01892596799728527,0.0006958942240779401,0.06009161361031081,0.1039627728655726
3428,F02646,Szegedi út,47.528167,19.083593,1034,1034.0,0.017825137593626406,0.00046392948271862676,0.0598705315814276,0.01586282219112371
3429,F02647,Szegedi út,47.527655,19.083818,1031,1031.0,0.016722458493534563,0.0006958942240779401,0.059106167351260966,0.007663192128212409
3430,F02648,Szegedi út,47.527502,19.083725,1032,1032.0,8.374167533309583e-07,0.00046392948271862676,0.04500433983671875,0.0018552315099783646
3431,F02649,Radnóti Miklós utca,47.515491,19.051044,2381,2381.0,1.5269524312350843e-06,0.00046392948271862676,0.04614466082809078,0.00043508189539412747
3432,F02650,Radnóti Miklós utca,47.51586,19.049783,2382,2382.0,2.146028585804014e-05,0.00023196474135931338,0.04986271580946571,0.0
3433,F02653,Angyalföld vasútállomás,47.549176,19.089824,1001,1001.0,1.1097001557257487e-08,0.00046392948271862676,0.03953847458323835,0.0007453845527419375
3434,F02654,Angyalföld vasútállomás,47.548968,19.090355,1002,1002.0,3.018420183934788e-08,0.00046392948271862676,0.04084344782712575,0.0006663166721018025
3435,F02655,Rokolya utca,47.541746,19.092049,988,988.0,0.0009337456727177395,0.00046392948271862676,0.053215542737412684,0.0005942076320474864
3436,F02656,Rokolya utca,47.541719,19.091757,989,989.0,0.0010575302334577903,0.00046392948271862676,0.05398918746381021,0.0005960370037454446
3437,F02657,Kucsma utca,47.54447,19.093632,999,999.0,0.00021484701843144284,0.00046392948271862676,0.050361415818823356,0.00018705991956044024
3438,F02658,Kucsma utca,47.54456,19.093433,1000,1000.0,0.00024346147951637292,0.00046392948271862676,0.051053759837122195,0.00018830201117351966
3439,F02659,Rokolya utca,47.542539,19.087016,984,984.0,2.912989295231713e-07,0.00046392948271862676,0.04366763371626617,0.0007035908594303534
3440,F02660,Rokolya utca,47.542701,19.086976,985,985.0,2.8103096672527104e-07,0.00046392948271862676,0.03991431797024466,0.003041052377208038
3443,F02663,Rozsnyay utca,47.540215,19.077492,1072,1072.0,3.778023459092166e-08,0.00046392948271862676,0.04319750083262194,0.0015995589051491176
3444,F02664,Rozsnyay utca,47.539484,19.076826,1073,1073.0,9.891283579687128e-06,0.00046392948271862676,0.047753310859855555,0.0021172998261205435
3445,F02665,Frangepán utca,47.536336,19.075377,1067,1067.0,4.526250363942263e-05,0.0009278589654372535,0.050228654032208976,0.01720029193533748
3446,F02666,Fáy utca,47.537128,19.075962,1068,1068.0,1.7276331162258474e-07,0.00046392948271862676,0.04495205201701729,0.0019744788701373446
3447,F02667,Hun utca,47.524185,19.075211,1021,1021.0,1.400419960373163e-10,0.00046392948271862676,0.03292372366242688,0.0008699485102858334
3448,F02668,Hun utca,47.523961,19.074946,1019,1019.0,2.0602775828084844e-05,0.00046392948271862676,0.05095153843319929,0.0020697741528289348
3451,F02671,Fáy utca,47.534435,19.087515,1048,1048.0,0.0019132969337742453,0.00046392948271862676,0.05398765001115434,2.406566916445866e-05
3452,F02672,Fáy utca,47.534003,19.087514,1049,1049.0,0.0016899061033092363,0.00046392948271862676,0.053214049030684905,2.5222033006037773e-05
3453,F02673,Frangepán utca,47.534365,19.082521,1041,1041.0,2.284314524477512e-07,0.00046392948271862676,0.04542434152270691,0.0010953432658449532
3454,F02674,Frangepán utca,47.533945,19.082177,1043,1043.0,1.3420702606134475e-08,0.00046392948271862676,0.03679187862623006,0.002173256671946421
3455,F02675,Frangepán utca,47.534419,19.082534,1042,1042.0,0.0001700598258834271,0.00046392948271862676,0.0494162655004417,0.001973970990361589
3457,F02677,Forgách utca M,47.537767,19.070291,1079,1079.0,1.0194893287551313e-05,0.00046392948271862676,0.049157437615331846,0.014373793137041608
3466,F02687,Árvavár utca,47.535232,19.115591,1201,1201.0,5.011498948549887e-13,0.00046392948271862676,0.0293025389737273,0.002349337746182966
3467,F02688,Árvavár utca,47.535465,19.116149,1202,1202.0,3.7333232235675963e-06,0.00046392948271862676,0.042694553880613356,0.002257542270135231
3469,F02692,Állatkert,47.517763,19.077678,2463,2463.0,0.0002470053768283175,0.00046392948271862676,0.051564068317400236,0.0010592081511449046
3470,F02693,Állatkert,47.517718,19.077863,2464,2464.0,0.0002470079335715801,0.00046392948271862676,0.051568977444487546,0.0010709422584941025
3471,F02694,Széchenyi fürdő M,47.519237,19.082445,2482,2482.0,0.0011299763299530436,0.0009278589654372535,0.05378852402518571,0.006791871615776886
3472,F02695,Széchenyi fürdő M,47.519039,19.08117,2482,2482.0,0.0011299763299530436,0.0009278589654372535,0.05378852402518571,0.006791871615776886
3475,F02698,Kós Károly sétány,47.518741,19.085166,2483,2483.0,0.00025113595895001064,0.00046392948271862676,0.051070263396145024,0.004414680727616694
3476,F02699,Bethesda utca,47.517265,19.087661,1973,1973.0,0.004672550931683817,0.0006958942240779401,0.056872918981586515,0.007125317871443303
3477,F02700,Bethesda utca,47.517049,19.087608,1974,1974.0,7.410009704492576e-05,0.0006958942240779401,0.05065205171972416,0.0062719617320857474
3478,F02701,Közlekedési Múzeum,47.515511,19.089943,1965,1965.0,8.706792310347585e-05,0.0006958942240779401,0.05104757375208195,0.002546464075741742
3479,F02702,Közlekedési Múzeum,47.515691,19.09001,1966,1966.0,0.0011620797751392636,0.00046392948271862676,0.0556525023202858,0.0014421026043461198
3486,F02709,Ötvenhatosok tere,47.507147,19.086459,2212,2212.0,0.0027655218905945954,0.00046392948271862676,0.055412571764875795,0.00013058781256036994
3487,F02711,Zichy Géza utca,47.510421,19.090419,1994,1994.0,0.001471740833484231,0.0006958942240779401,0.05570482958824968,0.0037780304785218176
3488,F02712,Zichy Géza utca,47.510348,19.090696,1995,1995.0,0.002352180944774046,0.0009278589654372535,0.05563045622793203,0.0008431757672503875
3489,F02713,Vakok Intézete,47.513549,19.093168,2011,2011.0,0.0008988979722860045,0.0006958942240779401,0.05501778422716298,0.0014865078168881545
3490,F02714,Vakok Intézete,47.51255,19.09326,2009,2009.0,0.00032515366916571726,0.00046392948271862676,0.05298575510876735,0.0027493815367390846
3491,F02715,Vakok Intézete,47.512424,19.094614,2010,2010.0,1.8161357125975616e-05,0.00023196474135931338,0.04841303688228133,0.0
3492,F02716,Cházár András utca,47.505814,19.091582,2185,2185.0,0.04957624903534785,0.00046392948271862676,0.05997565067357468,1.6056337472280393e-06
3493,F02717,Cházár András utca,47.505868,19.09133,2186,2186.0,0.052935723864299455,0.00046392948271862676,0.059862024559257834,5.382012560540914e-08
3494,F02718,Stefánia út / Thököly út,47.508835,19.094491,1996,1996.0,0.0007947078225296346,0.0009278589654372535,0.055907706216210426,0.004754434226372272
3495,F02720,Stefánia út / Thököly út,47.507936,19.09526,1998,1998.0,0.000754356921836745,0.00046392948271862676,0.05537291910307983,0.0006290376541296425
3496,F02722,Stefánia út / Thököly út,47.50808,19.094252,1999,1999.0,0.077233643439708,0.0006958942240779401,0.05996426865484867,5.6887872764917455e-06
3497,F02723,Stefánia út / Thököly út,47.5087,19.095394,1997,1997.0,0.05680859210376447,0.00046392948271862676,0.06017649281187436,1.1679864258467214e-05
3498,F02724,Zugló vasútállomás (Hermina út),47.510642,19.097241,2000,2000.0,0.0001658822102577573,0.00023196474135931338,0.05276308251347571,0.0
3499,F02725,Zugló vasútállomás,47.511145,19.098662,2002,2002.0,0.2227941142282198,0.0016237531895151936,0.06429921883673441,0.03810077629684413
3500,F02726,Zugló vasútállomás (Hermina út),47.510813,19.097825,2001,2001.0,0.06809817673613353,0.00046392948271862676,0.05996332034828952,0.0
3503,F02730,Zugló vasútállomás,47.51172,19.099153,2005,2005.0,0.2492650136582674,0.001855717930874507,0.06405589572387599,0.022707158672936302
3504,F02731,Zugló vasútállomás,47.510921,19.09958,2008,2008.0,0.0010969597699287518,0.00046392948271862676,0.05824184565118416,0.01896273734963208
3505,F02732,Zugló vasútállomás,47.511344,19.099156,2007,2007.0,0.0010969597699287518,0.00046392948271862676,0.05824184565118416,0.01896273734963208
3506,F02733,Egressy út / Stefánia út,47.504768,19.099664,2052,2052.0,0.0012707775077567427,0.00046392948271862676,0.05782085878344808,0.004697967030774121
3507,F02734,Egressy út / Stefánia út,47.504785,19.100806,2054,2054.0,0.001157488289262888,0.00046392948271862676,0.05712827342639694,0.003396496484262704
3508,F02735,Egressy út / Stefánia út,47.504902,19.10139,2055,2055.0,0.0011579119288892294,0.00046392948271862676,0.05724038942019884,0.0023595934796764037
3509,F02736,Egressy út / Stefánia út,47.504516,19.099837,2053,2053.0,0.0012619448518721565,0.00046392948271862676,0.05733386714020824,0.0008197676484442682
3510,F02737,Szobránc köz,47.503336,19.103698,2050,2050.0,0.005286132030247831,0.0006958942240779401,0.06093468277353783,0.007733150359040906
3511,F02738,Szobránc köz,47.503138,19.103897,2051,2051.0,0.0052841984978549,0.0006958942240779401,0.06079886850720594,0.004999502195991519
3513,F02740,Egressy út / Hungária körút,47.50704,19.10568,2093,2093.0,0.0002535471515900143,0.00046392948271862676,0.05388560556503079,0.0029670477620152764
3514,F02741,Egressy út / Hungária körút,47.506906,19.105547,2094,2094.0,0.0002536416650472126,0.00046392948271862676,0.05397842713375365,0.0019287095540795021
3516,F02743,Egressy út / Hungária körút,47.507177,19.10405,2098,2098.0,0.005007823808890485,0.00046392948271862676,0.06135472476226786,0.019318202364359188
3517,F02744,Egressy út / Hungária körút,47.506744,19.104445,2096,2096.0,0.005007823808890485,0.00046392948271862676,0.06135472476226786,0.019318202364359188
3519,F02746,Róna utca,47.506194,19.12332,2018,2018.0,5.528998817307419e-05,0.00046392948271862676,0.05120129413108531,0.005131058001403502
3520,F02747,Róna utca,47.506167,19.123638,2019,2019.0,0.00024514853735949234,0.00046392948271862676,0.05386264131803951,0.000874696949078165
3521,F02748,Pongrátz Gergely tér,47.509482,19.128993,2032,2032.0,0.005211816570804492,0.00046392948271862676,0.053534869053502826,0.0021638179334792017
3523,F02750,Pongrátz Gergely tér,47.509096,19.128501,2028,2028.0,2.6561564093345977e-06,0.00046392948271862676,0.04653314968255208,0.004333244391894677
3524,F02751,Pongrátz Gergely tér,47.508916,19.128567,2029,2029.0,0.00011229272538522121,0.00046392948271862676,0.04947236026699971,0.00020855386242643424
3525,F02752,Pongrátz Gergely tér,47.509167,19.129536,2030,2030.0,0.005211784051016704,0.00046392948271862676,0.05366139678715225,0.004226187674336502
3526,F02753,Pongrátz Gergely tér,47.50933,19.129449,2031,2031.0,0.005211860433849082,0.00046392948271862676,0.053494838183148624,0.002188360968955769
3528,F02755,Örs vezér tere M+H,47.504404,19.136551,3455,3455.0,0.10810537311696447,0.004407330085826954,0.060193688552069205,0.18927343085082782
3529,F02756,Örs vezér tere M+H,47.504674,19.136485,3455,3455.0,0.10810537311696447,0.004407330085826954,0.060193688552069205,0.18927343085082782
3531,F02758,Örs vezér tere M+H,47.505123,19.136353,3455,3455.0,0.10810537311696447,0.004407330085826954,0.060193688552069205,0.18927343085082782
3532,F02759,Örs vezér tere M+H,47.504898,19.136843,3455,3455.0,0.10810537311696447,0.004407330085826954,0.060193688552069205,0.18927343085082782
3533,F02760,Örs vezér tere M+H,47.505132,19.136777,3455,3455.0,0.10810537311696447,0.004407330085826954,0.060193688552069205,0.18927343085082782
3534,F02761,Örs vezér tere M+H,47.504727,19.136883,3455,3455.0,0.10810537311696447,0.004407330085826954,0.060193688552069205,0.18927343085082782
3535,F02762,Örs vezér tere M+H,47.504556,19.136936,3455,3455.0,0.10810537311696447,0.004407330085826954,0.060193688552069205,0.18927343085082782
3536,F02763,Örs vezér tere M+H,47.504277,19.137042,3455,3455.0,0.10810537311696447,0.004407330085826954,0.060193688552069205,0.18927343085082782
3537,F02764,Örs vezér tere M+H,47.504008,19.136656,3455,3455.0,0.10810537311696447,0.004407330085826954,0.060193688552069205,0.18927343085082782
3539,F02766,Álmos vezér útja,47.507108,19.140723,3473,3473.0,0.024031817815734477,0.00046392948271862676,0.05656662144686545,0.00041391802800189387
3540,F02767,Füredi utca / Ond vezér útja,47.506343,19.141213,3474,3474.0,2.3372252100283792e-07,0.00023196474135931338,0.038440551066875425,0.0
3541,F02768,Füredi utca / Ond vezér útja,47.50636,19.142155,3475,3475.0,0.023736385037403128,0.00046392948271862676,0.05661476469000032,0.004448723141499757
3542,F02769,Ond vezér park,47.506339,19.146124,3463,3463.0,1.1156916501266045e-06,0.00046392948271862676,0.040083097791462456,0.00043508189539412747
3543,F02770,Ond vezér park,47.506087,19.1455,3464,3464.0,0.00521178419476038,0.00046392948271862676,0.05345788173335483,0.00402297006787723
3544,F02771,Ond vezér útja / Szentmihályi út,47.507477,19.150348,3467,3467.0,0.0011443609540048335,0.00046392948271862676,0.050654758467708595,0.003600392381665385
3545,F02772,Ond vezér útja / Szentmihályi út,47.50746,19.150188,3468,3468.0,5.092158594508053e-06,0.00046392948271862676,0.041871355922736365,0.0008699485102858334
3546,F02773,Vezér utca,47.509822,19.143197,3470,3470.0,0.006622129646874177,0.00046392948271862676,0.05347974774797093,1.0764025121081828e-07
3548,F02775,Füredi utca / Szentmihályi út,47.510889,19.147261,3383,3383.0,5.5187468399299773e-05,0.00046392948271862676,0.04595618058787714,0.002778499360609373
3549,F02776,Füredi utca / Szentmihályi út,47.510637,19.147247,3384,3384.0,2.3192531589308452e-05,0.00046392948271862676,0.04382561387453785,0.0013045998446751176
3550,F02777,Csertő utca,47.513309,19.14623,3382,3382.0,0.00010562208678614664,0.00046392948271862676,0.04597010991117217,0.0017390358985619801
3551,F02778,Csertő utca,47.513003,19.146468,3380,3380.0,1.2179363781422925e-05,0.00046392948271862676,0.04408395111711884,0.0023997642437952825
3553,F02780,Zsálya utca,47.515938,19.142916,3377,3377.0,6.187870051530615e-07,0.00023196474135931338,0.04061333157222999,0.0
3554,F02781,Zsálya utca,47.516136,19.143195,3378,3378.0,0.0021906702113074755,0.0006958942240779401,0.05095290782212446,0.003041698218715303
3555,F02782,Zsálya utca,47.51583,19.143725,3379,3379.0,6.842077080838308e-07,0.00046392948271862676,0.041117166604313686,0.0011733886817221673
3556,F02783,Fischer István utca,47.515329,19.139861,3387,3387.0,0.009517986836926128,0.001159823706796567,0.05386876320319649,0.005239464615330876
3557,F02784,Fischer István utca,47.515051,19.139038,3389,3389.0,3.12654760975308e-07,0.0013917884481558802,0.04228083404606917,0.0051310426213661536
3558,F02785,Fischer István utca,47.515032,19.139741,3388,3388.0,0.00045889480299707676,0.00023196474135931338,0.04832788196825511,0.0
3559,F02786,Vezér utca / Fogarasi út,47.513883,19.137323,3392,3392.0,0.0020904333165203235,0.00046392948271862676,0.05095016911787838,0.00044106518964751555
3560,F02787,Fogarasi út,47.513523,19.137123,3393,3393.0,0.029572392787382665,0.001159823706796567,0.056898522420555396,0.02812475812405824
3561,F02788,Fogarasi út,47.51312,19.137195,3394,3394.0,1.3331105622288133e-07,0.0009278589654372535,0.04099314163558453,0.0023237051159488327
3562,F02789,Vezér utca / Fogarasi út,47.513353,19.136061,3395,3395.0,1.897773570432417e-07,0.00046392948271862676,0.0430939085261677,0.003663083492016023
3563,F02790,Mogyoródi út,47.517405,19.130359,1897,1897.0,0.0014261121967786975,0.00046392948271862676,0.05092963821654275,0.005679074223173841
3564,F02791,Mogyoródi út,47.517513,19.129947,1898,1898.0,3.681196463246419e-08,0.00046392948271862676,0.04094312192881167,0.0012066695227774368
3565,F02792,Gvadányi utca,47.520944,19.135954,1893,1893.0,3.904876693552133e-08,0.00046392948271862676,0.03718517398357696,0.0008699485102858334
3566,F02793,Öv utca / Mogyoródi út,47.52452,19.141019,1895,1895.0,1.7923679618382099e-09,0.00023196474135931338,0.03445429431965208,0.0
3568,F02795,Egressy tér,47.515317,19.119097,1911,1911.0,0.00025127186171994666,0.00046392948271862676,0.048767966605144646,0.0034622631953046545
3569,F02796,Egressy tér,47.514875,19.119827,1912,1912.0,0.00025195437429718025,0.00046392948271862676,0.04860791789735775,0.001404330617844839
3570,F02797,Egressy tér,47.51456,19.12061,1916,1916.0,0.00025287495515906723,0.00046392948271862676,0.0484885690702123,0.001487878300182257
3571,F02798,Egressy tér,47.5143,19.119229,1913,1913.0,5.904116411034203e-07,0.00046392948271862676,0.044518212015631976,0.0013776243445769451
3572,F02799,Egressy tér,47.51412,19.119215,1914,1914.0,1.3938729395640406e-06,0.00046392948271862676,0.04461827059994577,0.0003430855315501566
3573,F02800,Turán utca,47.517303,19.123964,1903,1903.0,3.816020334686285e-06,0.00046392948271862676,0.04359683843560947,0.0001311405100557224
3574,F02801,Turán utca,47.516627,19.12291,1904,1904.0,1.5808714525411298e-07,0.00046392948271862676,0.043193072035717116,0.0011117001787782307
3575,F02802,Egressy út / Vezér utca,47.519116,19.127308,1901,1901.0,1.4084534210674387e-07,0.00046392948271862676,0.04202450136418278,0.0014540228468480196
3576,F02803,Egressy út / Vezér utca,47.519009,19.126232,1900,1900.0,1.68239014530705e-05,0.00046392948271862676,0.04418566908571518,0.0002530184056372124
3577,F02804,Egressy út / Vezér utca,47.519395,19.127215,1902,1902.0,0.0003147601775101704,0.00046392948271862676,0.04849849241610355,0.005277579674165861
3578,F02805,Kála utca,47.52272,19.130858,1892,1892.0,1.7784528692604566e-07,0.00046392948271862676,0.03871846578218292,0.0013045998446751176
3579,F02806,Rákosmezei tér,47.524158,19.132719,1890,1890.0,8.099117727191878e-07,0.00046392948271862676,0.04038278290802713,0.0017390358985619801
3580,F02807,Rákosmezei tér,47.524769,19.133504,1891,1891.0,6.648208518505995e-09,0.00046392948271862676,0.038357720137414175,0.00043508189539412747
3581,F02808,Öv utca / Egressy út,47.526763,19.136628,1896,1896.0,1.3866542430770215e-09,0.00023196474135931338,0.03685087893697655,0.0
3582,F02809,Szugló utca / Cinkotai út,47.526716,19.127133,1888,1888.0,3.6883776647917687e-06,0.00046392948271862676,0.042195669165953235,0.002173256671946421
3583,F02810,Szugló utca / Cinkotai út,47.526862,19.127523,1889,1889.0,3.0487672649664526e-08,0.00046392948271862676,0.039992201619907096,0.0008699485102858334
3584,F02811,Komócsy utca,47.521304,19.123275,1907,1907.0,7.649691237739993e-05,0.0009278589654372535,0.04635451954941369,0.0052228439657093775
3585,F02812,Komócsy utca,47.52161,19.122439,1908,1908.0,6.384424819613132e-07,0.0009278589654372535,0.04371495844382253,0.00392077431303276
3586,F02813,Szugló utca / Nagy Lajos király útja,47.517486,19.116193,1919,1919.0,3.6885639858397072e-06,0.00046392948271862676,0.04320143830350122,0.0011758138640362713
3587,F02814,Szugló utca / Nagy Lajos király útja,47.51736,19.115688,1920,1920.0,5.82970641136847e-05,0.00046392948271862676,0.04766206975957401,0.0012358491864511503
3589,F02816,Szugló utca / Nagy Lajos király útja,47.516875,19.115541,1922,1922.0,1.1896384502499141e-05,0.00046392948271862676,0.046067852107785474,0.0036037109372708256
3590,F02817,Szugló utca / Nagy Lajos király útja,47.517054,19.116192,1917,1917.0,5.517386696680809e-05,0.00046392948271862676,0.046900952891784066,0.0031361049347887943
3591,F02818,Szugló utca / Nagy Lajos király útja,47.517144,19.116219,1918,1918.0,6.25096695921452e-05,0.00046392948271862676,0.04840500224152825,0.001409037319274289
3592,F02819,Szugló utca / Róna utca,47.514206,19.111038,2082,2082.0,5.442327628210673e-05,0.00046392948271862676,0.04823320700135339,0.003999654196608944
3593,F02820,Szugló utca / Róna utca,47.514503,19.111157,2083,2083.0,8.107646907578321e-07,0.00046392948271862676,0.04208840950607618,0.0009274368035167585
3594,F02821,Tisza István tér,47.516386,19.10803,2084,2084.0,0.00024903805352989166,0.00046392948271862676,0.05067235938342298,0.004406539471912105
3595,F02823,Tisza István tér,47.516394,19.107097,2085,2085.0,0.09036565799707777,0.0006958942240779401,0.06007066913154929,5.151354879374873e-06
3596,F02824,Tisza István tér,47.516951,19.108478,2087,2087.0,0.07942526816467102,0.0006958942240779401,0.060381569162885444,1.1157401311870457e-05
3597,F02826,Bosnyák tér,47.520474,19.113209,1923,1923.0,0.00034837930491531056,0.00023196474135931338,0.048278039109518854,0.0
3598,F02827,Bosnyák tér,47.520258,19.11293,1925,1925.0,0.00034837930491531056,0.00023196474135931338,0.048278039109518854,0.0
3599,F02828,Bosnyák tér,47.520096,19.112731,1926,1926.0,0.00034837930491531056,0.00023196474135931338,0.048278039109518854,0.0
3600,F02829,Bosnyák tér,47.519782,19.112319,1927,1927.0,0.11315868694033868,0.0016237531895151936,0.060245334788493116,0.012555944872527373
3602,F02831,Bosnyák tér,47.519458,19.111761,1929,1929.0,2.6409198405494986e-05,0.00046392948271862676,0.04801758567933984,0.0013002608585157708
3603,F02832,Bosnyák tér,47.519152,19.112637,1932,1932.0,4.568610918549247e-05,0.00046392948271862676,0.0489815351451155,0.001505347554044655
3605,F02835,Bosnyák tér,47.519781,19.11289,1928,1928.0,0.0949783941584479,0.0013917884481558802,0.06065977627439152,0.03309888813662588
3606,F02836,Bosnyák tér,47.5205,19.11382,1924,1924.0,0.02360160958296371,0.00023196474135931338,0.056609693121476755,0.0
3607,F02837,Bosnyák tér,47.519701,19.111681,1930,1930.0,1.211743088118589e-05,0.00046392948271862676,0.045542737800533195,0.0028595325158955304
3608,F02844,Rákospatak utca / Csömöri út,47.524356,19.118207,1852,1852.0,0.03412886573785447,0.00046392948271862676,0.05661053831979741,0.0
3609,F02845,Rákospatak utca / Csömöri út,47.524617,19.118844,1853,1853.0,0.030193568895211586,0.0006958942240779401,0.05702860161510357,0.006512469789792048
3610,F02846,Miskolci utca / Csömöri út,47.527214,19.122035,1864,1864.0,0.042822396968266924,0.0009278589654372535,0.05725854176356677,0.00019407363359138374
3611,F02847,Miskolci utca / Csömöri út,47.525992,19.12028,1863,1863.0,0.05047330252038556,0.0009278589654372535,0.05682092965058281,1.2215801652095052e-05
3612,F02848,Cinkotai út,47.528472,19.123842,1858,1858.0,0.03761169834218792,0.0006958942240779401,0.057233477268840156,0.0
3613,F02849,Cinkotai út,47.528466,19.123409,1859,1859.0,0.04458346525314951,0.0006958942240779401,0.05682007815832808,0.0
3614,F02850,Telepes utca,47.530392,19.12126,1856,1856.0,5.9467489359212626e-15,0.00046392948271862676,0.02680471270427621,0.0008699485102858334
3615,F02851,Öv utca,47.530473,19.121512,1857,1857.0,0.0003325940110542143,0.00046392948271862676,0.04850841982451726,0.0035458403948432186
3616,F02852,Fűrész utca,47.522938,19.113451,1850,1850.0,2.704540371007521e-16,0.00023196474135931338,0.025356003100124994,0.0
3617,F02853,Fűrész utca,47.523632,19.113841,1851,1851.0,0.006963259934300451,0.0006958942240779401,0.05381295253453578,0.006099510528884866
3618,F02854,Telepes utca,47.520756,19.110611,1934,1934.0,0.0016703175931787962,0.0009278589654372535,0.05089750638401245,0.0013049227654287501
3619,F02855,Szuglói körvasút sor,47.535071,19.113227,1887,1887.0,1.7083728432989538e-05,0.0006958942240779401,0.04471930739707731,0.003082417007695328
3620,F02857,Öv utca,47.534361,19.112482,1884,1884.0,3.133923076360954e-06,0.00046392948271862676,0.043439007361730744,0.0029133912334775454
3621,F02858,Öv utca,47.534721,19.112695,1885,1885.0,1.883271457693421e-06,0.00046392948271862676,0.04367165736314979,0.0026375552590784074
3622,F02859,Öv utca,47.534217,19.113239,1886,1886.0,1.245398386280571e-13,0.0006958942240779401,0.028427292009981866,0.0019616713814473905
3623,F02861,Rákospatak utca,47.529228,19.107563,1871,1871.0,3.359077939214848e-05,0.00046392948271862676,0.04678290192951573,0.003270401000013803
3624,F02863,Rákospatak utca,47.528617,19.107111,1872,1872.0,6.54394258342562e-05,0.00046392948271862676,0.04737621525599929,0.0036941813236854573
3625,F02865,Nagy Lajos király útja / Czobor utca,47.5228,19.101992,1935,1935.0,0.0007031038782602345,0.0006958942240779401,0.05147796018767502,0.004505494640899393
3626,F02866,Nagy Lajos király útja / Czobor utca,47.522352,19.101636,1936,1936.0,0.0006667136201841178,0.0006958942240779401,0.05210973483203539,0.0031177261629378302
3628,F02868,Nagy Lajos király útja / Czobor utca,47.522818,19.101156,1937,1937.0,6.376557390794494e-07,0.00046392948271862676,0.04419287903661381,0.0025953840858761483
3629,F02869,Nagy Lajos király útja / Czobor utca,47.522386,19.102443,1940,1940.0,0.000703559126650923,0.0006958942240779401,0.05185886118557603,0.0035602365990226024
3630,F02873,Korong utca,47.514581,19.097364,2012,2012.0,0.048699942681882435,0.00046392948271862676,0.06040561790000624,0.0034615727777027056
3631,F02875,Korong utca,47.51468,19.097072,2013,2013.0,0.05448666468426502,0.00046392948271862676,0.06005069028972286,0.007832916844824357
3632,F02876,"Erzsébet királyné útja, aluljáró",47.517407,19.094034,1991,1991.0,0.010699104374734085,0.00046392948271862676,0.057087847203821124,0.003069560309681153
3633,F02879,"Erzsébet királyné útja, aluljáró",47.517542,19.093251,1989,1989.0,0.00108665188622521,0.00046392948271862676,0.052782179347171214,0.0012379950670350314
3634,F02880,"Erzsébet királyné útja, aluljáró",47.517821,19.093052,1990,1990.0,0.0006085044264892191,0.00023196474135931338,0.050722521311297085,0.0
3635,F02881,"Erzsébet királyné útja, aluljáró",47.516849,19.093967,1992,1992.0,0.011972844365642762,0.00046392948271862676,0.05658012707170727,0.007417117931575709
3636,F02882,Mexikói út M,47.519927,19.090478,1980,1980.0,0.002612765561414312,0.001159823706796567,0.05370395925928631,0.01562162740063937
3637,F02884,Mexikói út M,47.519944,19.091261,1980,1980.0,0.002612765561414312,0.001159823706796567,0.05370395925928631,0.01562162740063937
3639,F02886,Mexikói út M,47.520133,19.091527,1980,1980.0,0.002612765561414312,0.001159823706796567,0.05370395925928631,0.01562162740063937
3644,F02893,Kacsóh Pongrác út,47.519064,19.088114,1977,1977.0,1.1538563964803597e-05,0.00046392948271862676,0.05123311852209749,0.01800198776379852
3645,F02894,Kacsóh Pongrác út,47.518677,19.088565,1978,1978.0,1.1538563964803597e-05,0.00046392948271862676,0.05123311852209749,0.01800198776379852
3646,F02895,Mexikói út,47.521761,19.092006,1959,1959.0,9.32359152159721e-07,0.00046392948271862676,0.04518453954100448,0.001008120173360705
3647,F02898,Kassai tér,47.524799,19.09655,1952,1952.0,0.0005997485677673034,0.00046392948271862676,0.05079727014701166,0.00019785759107173465
3648,F02899,Kassai tér,47.524016,19.098116,1948,1948.0,2.3137504085129178e-07,0.00046392948271862676,0.043784115700913305,0.002173256671946421
3649,F02900,Kassai tér,47.524142,19.098475,1949,1949.0,0.004965767898566472,0.0006958942240779401,0.05641848399820539,0.009196616847450757
3650,F02901,Kassai tér,47.523539,19.098753,1950,1950.0,3.7313223184406087e-07,0.0006958942240779401,0.04467820606112449,0.004093304395771093
3651,F02902,Kassai tér,47.523512,19.097863,1951,1951.0,0.00521480697340466,0.0009278589654372535,0.05651434799355201,0.016118680798665044
3652,F02903,Pándorfalu utca,47.529512,19.102706,1865,1865.0,1.1078709495134315e-08,0.00046392948271862676,0.04005176600136678,0.0013045998446751176
3653,F02904,Pándorfalu utca,47.52977,19.103062,1866,1866.0,0.0002371190505022589,0.00046392948271862676,0.050367436710725175,0.0008699485102858334
3654,F02905,Rákospatak utca,47.530967,19.101071,1868,1868.0,0.0006600200311397025,0.0009278589654372535,0.05121927697065153,0.014011806774120344
3655,F02906,Róna park,47.535636,19.105701,1876,1876.0,1.0784219611269864e-05,0.00023196474135931338,0.045484281034324885,0.0
3656,F02907,Csáktornya park,47.536523,19.106801,1873,1873.0,5.280627667522611e-10,0.00023196474135931338,0.036902165817510546,0.0
3657,F02908,Csáktornya park,47.536399,19.107149,1874,1874.0,5.280627667522611e-10,0.00023196474135931338,0.036902165817510546,0.0
3658,F02909,Miskolci utca,47.532527,19.110648,1882,1882.0,7.398855094946593e-06,0.00046392948271862676,0.04510928125136388,0.0029372490405037547
3659,F02911,Miskolci utca,47.532177,19.110421,1883,1883.0,1.4302428251462009e-05,0.00046392948271862676,0.04522010561346458,0.0032836055254836603
3660,F02913,Szentes utca,47.526877,19.117377,1854,1854.0,1.2967143961705644e-15,0.00046392948271862676,0.02606041881565271,0.00043508189539412747
3661,F02914,Szentes utca,47.526374,19.116978,1855,1855.0,0.00152170185851611,0.00046392948271862676,0.05098236749829763,0.003954101927644189
3662,F02915,Róna utca,47.511865,19.115416,1909,1909.0,2.666538185593965e-06,0.00046392948271862676,0.046299049216477095,0.0017272329965356357
3663,F02916,Róna utca,47.512197,19.116159,1910,1910.0,2.8439000633799996e-06,0.00046392948271862676,0.04622679779553773,0.0006602618837763266
3664,F02917,Törökőr utca,47.50793,19.107672,2091,2091.0,5.554001453267752e-05,0.00046392948271862676,0.051018725165615675,0.0025410794078903364
3665,F02918,Törökőr utca,47.50819,19.108442,2092,2092.0,5.556880112260755e-05,0.00046392948271862676,0.051069575534829166,0.0014980767890687547
3670,F02923,"Erzsébet királyné útja, aluljáró",47.5164,19.091909,1967,1967.0,5.2638390412458974e-05,0.00046392948271862676,0.05302280290285822,0.018286252014175372
3671,F02924,"Erzsébet királyné útja, aluljáró",47.51681,19.091387,1968,1968.0,5.2638390412458974e-05,0.00046392948271862676,0.05302280290285822,0.018286252014175372
3672,F02925,Amerikai út (Mexikói út M),47.521347,19.092471,1960,1960.0,0.02011060166122648,0.0009278589654372535,0.05973000371114353,0.031134486392078085
3673,F02928,Pillangó utca,47.503499,19.118511,2040,2040.0,0.0002524027247515049,0.00046392948271862676,0.05401687659320442,0.005546549371077259
3674,F02929,Pillangó utca,47.503472,19.11883,2041,2041.0,0.0010980240397447931,0.00046392948271862676,0.057058638349235406,0.0012981859894168966
3675,F02930,Kaffka Margit utca,47.507946,19.126455,2024,2024.0,1.2112255549722383e-05,0.00046392948271862676,0.04871283111609378,0.0047247523603102595
3676,F02931,Kaffka Margit utca,47.507865,19.126667,2025,2025.0,7.47620096672616e-05,0.00046392948271862676,0.05111777061790888,0.0004977685964027744
3677,F02932,Tihamér utca,47.511875,19.139829,3390,3390.0,0.007581733304909658,0.00046392948271862676,0.05364697127229678,2.1056227141022902e-05
3679,F02934,Újváros park,47.51465,19.145197,3375,3375.0,2.953901054977811e-06,0.0009278589654372535,0.042451248746987066,0.002134346193791207
3680,F02935,Újváros park,47.51483,19.144719,3376,3376.0,0.00048102060509943646,0.00046392948271862676,0.048334042545711005,0.002173256671946421
3681,F02936,Mályva utca,47.511593,19.133297,3398,3398.0,0.00046141480772240713,0.00046392948271862676,0.04833157812626214,0.0001566527145891095
3682,F02937,Mályva utca,47.511224,19.132301,3399,3399.0,5.949013642547464e-07,0.00046392948271862676,0.044679258997730384,0.003970154389515232
3683,F02938,Gödöllői utca,47.515352,19.133728,3396,3396.0,0.006493311317877647,0.00046392948271862676,0.05370167741528186,0.006092966109971871
3684,F02939,Gödöllői utca,47.515633,19.13307,3397,3397.0,3.556305735494209e-08,0.00046392948271862676,0.04065775199536116,0.001104230701925583
3685,F02940,Cinkotai út / Mogyoródi út,47.522633,19.138347,1894,1894.0,8.555800850532942e-09,0.00046392948271862676,0.03576802131541682,0.00043508189539412747
3686,F02941,Miskolci utca / Szugló utca,47.524595,19.124514,1860,1860.0,1.3952258344137372e-07,0.00046392948271862676,0.04177125804855452,0.0013045998446751176
3687,F02942,Miskolci utca / Szugló utca,47.524739,19.124833,1861,1861.0,1.679722005682992e-05,0.00046392948271862676,0.04417794674849862,0.0026072621648284403
3688,F02943,Fűrész utca / Szugló utca,47.520074,19.119223,1905,1905.0,1.6797258982694064e-05,0.00046392948271862676,0.0446140706403656,0.0014745091539884814
3689,F02944,Fűrész utca / Szugló utca,47.519688,19.118944,1906,1906.0,2.614399413766211e-06,0.00046392948271862676,0.0444191215611742,0.0032959430990559513
3690,F02945,Kerékgyártó utca,47.532562,19.116747,1880,1880.0,2.7215447888941065e-14,0.00046392948271862676,0.027592369470905282,0.0013045998446751176
3691,F02946,Kerékgyártó utca,47.532298,19.117487,1881,1881.0,7.293250884534704e-05,0.00046392948271862676,0.046361887845830375,0.0031573705725180617
3692,F02947,Fűrész utca,47.526272,19.104973,1869,1869.0,0.00015365317321497157,0.00046392948271862676,0.04895813440912355,0.003647856405490637
3693,F02948,Fűrész utca,47.525785,19.104691,1870,1870.0,0.0002994484390713497,0.0006958942240779401,0.04985812615002684,0.0042578258251709305
3694,F02951,Fűrész utca,47.527397,19.098651,1955,1955.0,0.0002627507844743162,0.00046392948271862676,0.04856869185304339,1.3428164052934978e-05
3695,F02952,Nezsider park,47.527477,19.101107,1953,1953.0,5.057708936449948e-08,0.00046392948271862676,0.04183532086087177,0.0017390358985619801
3696,F02953,Nezsider park,47.526722,19.100628,1954,1954.0,0.0010851704321780049,0.00046392948271862676,0.05322226545553734,0.0013045998446751176
3697,F02954,Sárrét park,47.534238,19.10644,1877,1877.0,2.5313928451017155e-09,0.0006958942240779401,0.038413290198095286,0.0008700561505370442
3698,F02955,Sárrét park,47.533231,19.105788,1878,1878.0,5.170535818794185e-05,0.00046392948271862676,0.047802075587284304,0.00043508189539412747
3699,F02956,Posta Járműtelep,47.510213,19.112523,2088,2088.0,1.2209742325132773e-05,0.00046392948271862676,0.04846068141897435,0.0010693193564346567
3700,F02957,Posta Járműtelep,47.510203,19.112214,2089,2089.0,1.2166567931290024e-05,0.00046392948271862676,0.04849353023549849,0.002125650828363128
3701,F02960,Amerikai út,47.514264,19.103391,2080,2080.0,0.07083713017501583,0.00046392948271862676,0.05996237207172393,0.0
3702,F02961,Amerikai út,47.513581,19.102501,2081,2081.0,0.06303422834254861,0.00046392948271862676,0.06017553778104097,0.0
3703,F02962,Laky Adolf utca,47.519618,19.097435,1957,1957.0,0.0025972239340200107,0.0006958942240779401,0.054608126214583504,0.0038292619180104524
3704,F02963,Laky Adolf utca,47.519951,19.097727,1958,1958.0,0.0029174936892862324,0.0009278589654372535,0.05362193485572812,0.0071698227410095725
3705,F02966,Kerékgyártó utca,47.521296,19.105828,1945,1945.0,6.807106328416088e-05,0.00046392948271862676,0.04886286548085506,0.001471547748774208
3706,F02967,Kerékgyártó utca,47.521278,19.106266,1947,1947.0,0.00015628228576815569,0.00046392948271862676,0.05013567244384873,0.001700171280882978
3707,F02968,Tihamér utca,47.50706,19.133051,3426,3426.0,0.023736391789955177,0.00046392948271862676,0.05661645541478239,0.0025787540588571413
3708,F02969,Tihamér utca,47.506942,19.133449,3424,3424.0,0.02373640093849097,0.00046392948271862676,0.05661814624054998,0.0026086841899061112
3709,F02970,Tihamér utca,47.506826,19.133475,3425,3425.0,0.023736385007286247,0.00046392948271862676,0.056697729130218935,0.004633622171207129
3710,F02971,Jeszenák János utca,47.511733,19.125199,2023,2023.0,0.0011445094328065481,0.00046392948271862676,0.05090433954814853,0.0017660836172468434
3711,F02972,Jeszenák János utca,47.511553,19.125703,2020,2020.0,0.0011447105874458337,0.00046392948271862676,0.05080339571218735,0.0017854025125312754
3712,F02973,Jeszenák János utca,47.511436,19.12573,2021,2021.0,0.001144360298047597,0.00046392948271862676,0.051004313096359846,0.003829656366054584
3713,F02974,Amerikai út (Mexikói út M),47.522264,19.092857,1961,1961.0,1.7063168210863413e-05,0.0006958942240779401,0.048761694923846646,0.007193915306177366
3716,F02979,Ajtósi Dürer sor,47.513431,19.096261,2016,2016.0,0.00024029107201666667,0.00046392948271862676,0.055491235574695826,0.018615431465946745
3717,F02980,Ajtósi Dürer sor,47.513809,19.095757,2015,2015.0,0.00024029107201666667,0.00046392948271862676,0.055491235574695826,0.018615431465946745
3718,F02981,Besztercebányai utca,47.541466,19.171846,3611,3611.0,5.807155804487505e-07,0.00046392948271862676,0.04152013924051851,0.001175747118250921
3719,F02982,Besztercebányai utca,47.541494,19.171607,3612,3612.0,2.342840544258386e-06,0.00046392948271862676,0.04294455483603714,0.0013664897821351319
3720,F02983,György utca,47.537885,19.164173,3591,3591.0,1.0658312240029858e-05,0.0006958942240779401,0.044887128548062545,0.003540517583615913
3721,F02984,Rákospalotai határút,47.537837,19.16479,3592,3592.0,8.281031840248827e-07,0.00046392948271862676,0.04255177074285287,0.0008308641976942036
3722,F02985,Szentmihályi út,47.5372,19.162956,3593,3593.0,2.5920937510836937e-06,0.0009278589654372535,0.04331692773677803,0.0027033544416750826
3723,F02986,Rákospalotai határút,47.536736,19.162205,3594,3594.0,4.642414384171198e-05,0.00046392948271862676,0.04694915411626145,0.003913500024082432
3724,F02987,János utca,47.534423,19.161051,3589,3589.0,5.4115590951583207e-05,0.0006958942240779401,0.04809615824929779,0.004463462616765825
3725,F02988,Rákospalotai határút,47.528875,19.152547,3525,3525.0,8.518082624351836e-06,0.00046392948271862676,0.043865160813792284,0.0028256009063359643
3726,F02989,Rákospalotai határút,47.528479,19.153104,3526,3526.0,3.331287228486905e-05,0.00046392948271862676,0.04647269405904462,0.001353395545185457
3727,F02990,Rákóczi út,47.529711,19.152654,3527,3527.0,0.00011034141802539516,0.00046392948271862676,0.047327724341052126,0.0024725304291829827
3728,F02991,Rigó utca,47.528508,19.150301,3530,3530.0,9.030554275351853e-06,0.0006958942240779401,0.043872266538425124,0.001557005121407766
3729,F02992,Rákospalotai határút,47.527278,19.148241,3531,3531.0,0.0004924295544371712,0.0006958942240779401,0.049186133193018254,0.004376378419698744
3730,F02993,Pálya utca,47.525514,19.148795,3512,3512.0,1.9763935805750924e-06,0.00046392948271862676,0.042205062785465014,0.0007339527233238486
3731,F02994,József utca,47.532493,19.156637,3588,3588.0,3.440260986872396e-05,0.00046392948271862676,0.04737266377120393,0.0024035047276040307
3739,F03003,"Rákospalota, MEDIMPEX",47.586765,19.133245,4775,4775.0,6.093737591558719e-10,0.00023196474135931338,0.03374234131211248,0.0
3740,F03004,Károlyi Sándor út,47.585818,19.132624,4776,4776.0,4.055451944307376e-10,0.00023196474135931338,0.03276525324124532,0.0
3741,F03005,Hulladékhasznosító Mű,47.583733,19.13056,4774,4774.0,2.9216897569307416e-09,0.00046392948271862676,0.035001344382237363,0.0004350818953941276
3742,F03008,Szántóföld utca,47.57614,19.132116,4808,4808.0,9.447540372036071e-09,0.00046392948271862676,0.03516299241946557,0.0008699485102858334
3743,F03009,Régi Fóti út,47.572808,19.138504,4817,4817.0,4.2966808450645837e-10,0.00023196474135931338,0.0327112630643965,0.0
3744,F03010,Vághó Ferenc utca,47.574352,19.13,4813,4813.0,4.323688444455471e-08,0.0006958942240779401,0.036530986054776254,0.0013091989025512557
3745,F03011,Kosd utca,47.572103,19.130754,4814,4814.0,4.292840205048501e-08,0.0006958942240779401,0.03657962120093957,0.00010476812936500315
3746,F03012,"Rákospalota, Bogáncs utca",47.570292,19.134406,4815,4815.0,1.2193504442264286e-08,0.00046392948271862676,0.03648669286255055,6.980478176754253e-05
3747,F03013,Közvágóhíd utca,47.57189,19.126953,4800,4800.0,1.0110723668805878e-07,0.0009278589654372535,0.03784961254163522,0.00043298103106255886
3748,F03014,Esthajnal utca,47.571827,19.127032,4801,4801.0,1.403284944405162e-07,0.001159823706796567,0.03798383774864902,0.0017587577924888615
3749,F03015,Közvágóhíd tér,47.572287,19.124481,4802,4802.0,1.3328095255453524e-07,0.0009278589654372535,0.03795798055463847,0.0002785472108352921
3750,F03016,Közvágóhíd tér,47.572224,19.12492,4803,4803.0,1.677336216588764e-07,0.001159823706796567,0.03807538069332508,0.0003166082744146771
3751,F03017,Kovácsi Kálmán tér,47.573971,19.121692,4798,4798.0,2.0904048114892697e-07,0.0006958942240779401,0.039317488470020756,0.0038542979762352047
3752,F03018,Kovácsi Kálmán tér,47.574411,19.122238,4799,4799.0,7.598427752828943e-08,0.0006958942240779401,0.03676084537717551,0.0003812210280312976
3753,F03019,Géza fejedelem tér,47.568337,19.118105,1283,1283.0,1.8118799229228954e-07,0.00046392948271862676,0.03872439728316064,0.00043508189539412747
3754,F03020,Géza fejedelem tér,47.56858,19.117919,1284,1284.0,1.6263508049968284e-07,0.00046392948271862676,0.03858332623314262,0.0008699485102858335
3755,F03021,Pozsony utca,47.568176,19.116776,1286,1286.0,8.105858667278775e-07,0.0009278589654372535,0.04093472352104021,0.009378517774036173
3756,F03022,Pozsony utca,47.568581,19.117162,1285,1285.0,1.595733876516143e-07,0.001159823706796567,0.038099483878450476,0.002321753205746534
3757,F03023,Dal utca,47.567292,19.120974,1287,1287.0,3.546339565457748e-08,0.00046392948271862676,0.037059784146369845,0.0004350818953941275
3758,F03024,Fő út,47.566437,19.122501,1288,1288.0,3.779026523446255e-08,0.00023196474135931338,0.03718918588002071,0.0
3759,F03025,Csobogós utca,47.569542,19.126896,4805,4805.0,2.1657755210852084e-07,0.0006958942240779401,0.03932523632084664,0.0010926262915729379
3760,F03026,"Rákospalota, Kossuth utca",47.568755,19.126318,1293,1293.0,2.809292789789245e-07,0.0009278589654372535,0.03946809725908869,0.002845175601549847
3762,F03028,"Rákospalota, Kossuth utca",47.567577,19.12536,1291,1291.0,7.3965757246266214e-09,0.00023196474135931338,0.03565132139443172,0.0
3764,F03030,"Rákospalota, Kossuth utca",47.567236,19.124562,1290,1290.0,8.040079057668688e-07,0.0006958942240779401,0.04094887019367559,0.0017633104753806321
3765,F03032,Sportcentrum,47.574654,19.135052,4819,4819.0,2.060078321538288e-09,0.00046392948271862676,0.03389315046422568,0.00043508189539412747
3768,F03035,"Kossuth utca, lakótelep",47.566693,19.128827,1299,1299.0,2.267379100570456e-07,0.00046392948271862676,0.039529818238132085,0.00017940538380629425
3770,F03037,Juhos utca,47.564939,19.128917,1298,1298.0,2.8310193246338595e-07,0.0009278589654372535,0.04076177849476877,0.0016472017830184023
3772,F03039,Epres sor,47.561723,19.123305,1311,1311.0,9.120993286578428e-07,0.0006958942240779401,0.042465512001426745,0.002978855367247932
3773,F03040,Régi Fóti út,47.562074,19.123199,1310,1310.0,6.269614387498636e-07,0.00046392948271862676,0.04119937234422148,0.00043508189539412747
3774,F03041,Cserba Elemér út,47.559441,19.127692,1317,1317.0,2.077684464545857e-06,0.00046392948271862676,0.04385450654156131,0.0007894148934793354
3775,F03042,Telek utca,47.559231,19.131279,1315,1315.0,4.659272127059717e-07,0.00046392948271862676,0.04198029933108272,0.0003750393944097958
3776,F03043,Rákosmező utca 39.,47.56086,19.130219,1316,1316.0,1.56225047133315e-07,0.00046392948271862676,0.04050962761977576,2.049111582216611e-05
3777,F03045,Széchenyi tér,47.564833,19.121135,1312,1312.0,3.411553810800254e-06,0.0009278589654372535,0.04274220082948249,0.004488291963195834
3778,F03046,Széchenyi tér,47.564491,19.120815,1313,1313.0,9.160274612069482e-07,0.0006958942240779401,0.04111449150510064,0.003444936554142091
3779,F03047,"Rákospalota, Széchenyi tér",47.563349,19.120694,1314,1314.0,1.3076503203070879e-07,0.00023196474135931338,0.0394660432123508,0.0
3780,F03048,Hubay Jenő tér,47.562905,19.117925,1308,1308.0,2.373313420442341e-06,0.00046392948271862676,0.042589051158424686,0.003396286432936281
3781,F03049,Deák utca,47.563941,19.115667,1306,1306.0,1.965395532557866e-06,0.0006958942240779401,0.041081972323347864,0.0005417233056504747
3782,F03050,Hubay Jenő tér,47.563496,19.115618,1307,1307.0,1.737711327502232e-06,0.0009278589654372535,0.041230732645912344,0.003101840436178322
3783,F03051,Fő út,47.563645,19.112916,1271,1271.0,3.0943146104349557e-06,0.0006958942240779401,0.04268157768903813,0.009506274798766996
3784,F03052,Sződliget utca,47.563825,19.113289,1272,1272.0,3.9571555523102323e-07,0.00046392948271862676,0.039560751174652464,0.0020550587452529403
3785,F03053,Hubay Jenő tér,47.562673,19.114669,1303,1303.0,1.2676117372370966e-05,0.001159823706796567,0.044588363131147515,0.011519112334666144
3786,F03054,Hubay Jenő tér,47.56243,19.114682,1304,1304.0,3.293606426084296e-06,0.0006958942240779401,0.04270080449100625,0.0004390933547690201
3787,F03055,Hubay Jenő tér,47.5618,19.115399,1305,1305.0,2.718057895875727e-06,0.0006958942240779401,0.04250216493014753,0.0044724472081350925
3788,F03056,Beller Imre utca,47.561556,19.117498,1301,1301.0,1.0731697750260718e-05,0.001159823706796567,0.044575258465394556,0.01695613716546173
3789,F03057,Beller Imre utca,47.561159,19.118853,1302,1302.0,3.859338486774701e-06,0.0009278589654372535,0.04298252698645783,0.008545394053145151
3790,F03058,Illyés Gyula utca,47.55864,19.120697,1323,1323.0,2.6844439683927848e-06,0.0009278589654372535,0.04268638276612018,0.003955206126805735
3791,F03059,Illyés Gyula utca,47.559099,19.121056,1324,1324.0,1.11432583333784e-06,0.0009278589654372535,0.04113857993645724,0.003692007070095849
3792,F03060,Szentmihályi út,47.55917,19.122185,1322,1322.0,2.8752413423340535e-06,0.0006958942240779401,0.04309097003799654,0.0039665684190421015
3794,F03062,Bezerédj Pál utca,47.556833,19.126292,1320,1320.0,2.426862964737432e-06,0.0009278589654372535,0.04308117797099704,0.00384066269450802
3795,F03063,Fazekas sor,47.557364,19.125602,1319,1319.0,9.495622684709425e-06,0.001159823706796567,0.04599687789578677,0.012117253939536058
3796,F03064,Pöltenberg Ernő utca,47.553852,19.131656,1116,1116.0,3.2893229243503677e-06,0.0006958942240779401,0.04457997525758517,0.002862127160815937
3797,F03065,Aulich Lajos utca,47.553393,19.132213,1117,1117.0,1.8354484433347732e-06,0.00046392948271862676,0.04238813021188574,0.0
3798,F03066,Szerencs utca,47.553307,19.111792,1220,1220.0,3.837774108698347e-08,0.00046392948271862676,0.03775539083696009,0.003720926580599976
3799,F03067,Szerencs utca,47.552911,19.111738,1221,1221.0,1.617413046953268e-07,0.00046392948271862676,0.03917085720348965,0.0006749980982196538
3800,F03068,Eötvös utca 74.,47.555811,19.112973,1218,1218.0,7.393352348467427e-07,0.0006958942240779401,0.04086149424615425,0.0014993353762008466
3801,F03069,Arany János utca,47.555614,19.112747,1219,1219.0,1.7561806146161516e-07,0.0006958942240779401,0.039326459944857034,0.004188099366601785
3802,F03070,Rákos úti szakrendelő,47.554621,19.118951,1224,1224.0,6.052723652321303e-07,0.00046392948271862676,0.04090337046736058,0.00021088500942853316
3803,F03071,Rákos úti szakrendelő,47.553326,19.118391,1225,1225.0,7.837861499347971e-07,0.0009278589654372535,0.04137064118867651,0.004041956608772372
3804,F03072,Rákos úti szakrendelő,47.553838,19.118777,1222,1222.0,3.277527967284339e-07,0.0009278589654372535,0.039547547202463514,0.0013821150977695578
3805,F03073,Rákos úti szakrendelő,47.553973,19.119415,1223,1223.0,2.4351430740635786e-07,0.00046392948271862676,0.03942008853246201,0.0016500910152134143
3806,F03074,Istvántelek vasútállomás,47.55085,19.107401,1251,1251.0,1.8327336272367277e-09,0.00046392948271862676,0.034961970250005914,0.0028572212048843634
3807,F03075,Istvántelek vasútállomás,47.550985,19.107614,1252,1252.0,1.155549818372684e-08,0.00046392948271862676,0.03742410513229294,0.00019089922442970097
3808,F03076,Dugonics utca,47.550825,19.110726,1253,1253.0,8.38666827754059e-09,0.00046392948271862676,0.036305026240996095,0.0032890738927421645
3809,F03077,Eötvös utca,47.550582,19.110367,1254,1254.0,3.614439657546022e-08,0.00046392948271862676,0.037663881709562745,0.00025777192649721294
3810,F03078,Pázmány Péter utca,47.548826,19.107013,1249,1249.0,1.9259177929386358e-08,0.00046392948271862676,0.03841445772798865,0.00047183011406621146
3811,F03079,Wysocki utca,47.548493,19.107332,1250,1250.0,4.005060295372098e-10,0.00046392948271862676,0.03371473849695803,0.0024253685170265425
3812,F03080,Patyolat utca,47.547116,19.109615,1261,1261.0,8.078359284901014e-08,0.00046392948271862676,0.03955332285559858,0.0007805144115645329
3813,F03081,Patyolat utca,47.547143,19.109416,1262,1262.0,8.752228521898439e-11,0.00046392948271862676,0.0325534289382562,0.0019935158291685268
3814,F03082,Széchenyi út,47.546089,19.113148,1260,1260.0,3.9469070704155874e-07,0.0006958942240779401,0.04116180289616778,0.0016222215260032573
3815,F03083,Széchenyi út,47.545109,19.112482,1259,1259.0,5.510090023944375e-06,0.00046392948271862676,0.04322458544896707,0.0019688994711132943
3816,F03084,Wysocki utca,47.546216,19.111009,1263,1263.0,3.6806150157723016e-07,0.00046392948271862676,0.04088308284722884,0.0011144600820178498
3817,F03085,Rákos út,47.54564,19.111712,1258,1258.0,1.912622412763065e-11,0.00046392948271862676,0.03146945841114304,0.0015616631413106308
3818,F03086,Széchenyi út,47.544217,19.114885,1183,1183.0,2.1849572295467013e-07,0.00046392948271862676,0.0429513654090871,0.002097122758854843
3819,F03087,Széchenyi út,47.54374,19.114925,1184,1184.0,0.00014435351373656672,0.00046392948271862676,0.049203366626223266,0.008426768430278972
3820,F03088,Rákos út,47.541955,19.107457,1244,1244.0,7.310796771296568e-06,0.00046392948271862676,0.044128074060604615,0.0032186784287896856
3821,F03089,Rekettye utca,47.541568,19.107856,1245,1245.0,9.145688661626717e-13,0.00046392948271862676,0.029504560975973974,0.0006979577655951845
3822,F03090,Perczel Mór utca,47.538768,19.11266,1246,1246.0,8.053076429651976e-06,0.00046392948271862676,0.04414914052354239,0.0005205074121368213
3823,F03091,Perczel Mór utca,47.539257,19.111735,1247,1247.0,2.0508962642901315e-13,0.00046392948271862676,0.02861134018686108,0.00027425077316331665
3824,F03092,Rekettye utca,47.537247,19.115023,1200,1200.0,5.242795597088087e-06,0.00046392948271862676,0.04350379929992303,0.00040678989019741476
3825,F03094,Pestújhelyi tér,47.534087,19.124333,1193,1193.0,1.7828880034018503e-07,0.00046392948271862676,0.03961820840691073,0.0015146087903032525
3826,F03095,Pestújhelyi tér,47.534293,19.124758,1194,1194.0,1.042213114649534e-11,0.00046392948271862676,0.031239737302228593,0.003212935481647328
3827,F03096,Sztárai Mihály tér,47.540083,19.128765,1210,1210.0,2.1823741295478474e-10,0.00046392948271862676,0.0334512050003387,0.004076640857363159
3828,F03097,Sztárai Mihály tér,47.539634,19.128578,1212,1212.0,8.540757916497534e-09,0.00046392948271862676,0.03725752081265799,0.0008653419677844527
3829,F03098,Sztárai Mihály tér,47.539949,19.12834,1213,1213.0,0.0004990411050193936,0.0006958942240779401,0.04792290995428958,0.0042236963294414774
3830,F03099,Sztárai Mihály tér,47.539822,19.128991,1211,1211.0,0.0001752102350292771,0.00046392948271862676,0.04792048728051402,0.0012928546999867855
3831,F03100,Vág utca,47.540104,19.119755,1205,1205.0,1.7565989825607376e-07,0.00046392948271862676,0.040714507297304685,0.0006509635834238784
3832,F03101,Vág utca,47.539969,19.119303,1206,1206.0,5.5781836422512825e-06,0.00046392948271862676,0.042581876775340186,0.0009445544809726785
3833,F03102,"Rákospalota, MÁV-telep",47.541542,19.12159,1188,1188.0,1.580526049206437e-07,0.00046392948271862676,0.040143783462323626,0.0017390358985619801
3834,F03103,"Rákospalota, MÁV-telep",47.541389,19.120939,1189,1189.0,3.5632695267506654e-07,0.00046392948271862676,0.04058073137029369,0.002173256671946421
3835,F03104,Vasutastelep utca,47.542678,19.122233,1190,1190.0,3.8335584255650036e-05,0.00046392948271862676,0.04621552887611852,0.0009829927591167055
3837,F03106,Bánkút utca,47.546443,19.127499,1173,1173.0,2.630143265516513e-09,0.00046392948271862676,0.035048257002730454,0.00039919892277516853
3838,F03107,Bánkút utca,47.546362,19.12742,1174,1174.0,2.0912077808948553e-08,0.00046392948271862676,0.037425213305137456,0.005372198920936934
3839,F03108,Szerencs utca,47.546902,19.127354,1171,1171.0,2.854739475402893e-06,0.00046392948271862676,0.04384487142061531,0.0005249831873308482
3840,F03109,Szerencs utca,47.546435,19.126583,1175,1175.0,6.351968155954244e-06,0.00046392948271862676,0.043316432878463124,0.0006880172820002683
3841,F03110,Szerencs utca / Bánkút utca,47.546848,19.127101,1172,1172.0,7.786833923640548e-08,0.00046392948271862676,0.03890119561689759,0.0017390358985619801
3842,F03111,Szerencs utca / Bánkút utca,47.546521,19.126857,1176,1176.0,3.4539300475360533e-08,0.00046392948271862676,0.038498706802690595,0.0013045998446751176
3843,F03112,Szerencs utca,47.549694,19.12223,1234,1234.0,5.517447013522066e-07,0.00046392948271862676,0.04231150207652228,0.001976897829385001
3844,F03113,Szerencs utca,47.549649,19.122575,1235,1235.0,3.2088405052072804e-05,0.00046392948271862676,0.04748122414825926,0.00812332326960536
3845,F03114,Damjanich János utca,47.549997,19.120937,1236,1236.0,4.3790006916476115e-07,0.0009278589654372535,0.04064424139591368,0.006788750691476664
3846,F03115,Klapka György utca,47.550789,19.119782,1228,1228.0,1.590054386725471e-07,0.00046392948271862676,0.04027255056381722,0.00032401333764010246
3847,F03116,Szerencs utca,47.551519,19.117777,1229,1229.0,7.553863936606014e-08,0.00046392948271862676,0.0379853598571754,0.0007655339549476865
3848,F03117,Klapka György utca,47.552158,19.122379,1239,1239.0,2.175740002765595e-07,0.00046392948271862676,0.03944018052969608,2.0335635459306043e-05
3849,F03118,Klapka György utca,47.551817,19.122406,1240,1240.0,5.321915783801414e-08,0.00046392948271862676,0.037844323697571555,0.0012185458709305086
3850,F03119,Kozák tér,47.55012,19.125228,1237,1237.0,4.368552761237695e-06,0.00046392948271862676,0.04301178205848165,0.005605678174781853
3851,F03120,Kozák tér,47.550236,19.125747,1238,1238.0,1.924742265894375e-06,0.00046392948271862676,0.04291247691871015,0.0009549688257942511
3852,F03121,Szerencs utca,47.548835,19.12338,1232,1232.0,4.3460775089565686e-07,0.00046392948271862676,0.041531053984067284,0.0006114313760465105
3853,F03122,Bercsényi Miklós utca,47.548997,19.123765,1233,1233.0,1.0024827962743599e-06,0.00046392948271862676,0.04166156437774984,0.005284378777504761
3854,F03123,Bercsényi Miklós utca,47.548479,19.123796,1230,1230.0,1.1648454131022236e-08,0.00046392948271862676,0.0363903932624085,0.0007876414424287509
3855,F03124,Bercsényi Miklós utca,47.548254,19.123982,1231,1231.0,9.569432487870266e-08,0.00046392948271862676,0.03896836245859129,0.005804051608794735
3856,F03125,Bánkút utca,47.549432,19.131591,1136,1136.0,8.793657042351504e-06,0.0006958942240779401,0.044931809823591205,0.002719239359300505
3857,F03126,Páskomliget utca,47.548595,19.132453,1137,1137.0,1.9942746404400492e-05,0.0006958942240779401,0.04500006688405264,0.008020497461462368
3858,F03127,Rákospalotai köztemető,47.552016,19.133739,1120,1120.0,6.373286773755907e-06,0.0009278589654372535,0.043730083680291916,0.002579921398300917
3859,F03129,Rákospalotai köztemető,47.551827,19.133686,1121,1121.0,5.096072070301014e-06,0.0009278589654372535,0.04431891712349383,0.002089658681832278
3860,F03130,Szerencs utca,47.543796,19.131441,1177,1177.0,9.61948759396021e-10,0.00046392948271862676,0.03549911652076951,0.0003277731876818794
3861,F03131,Pestújhelyi út,47.544084,19.131308,1178,1178.0,4.5699139496752245e-09,0.00046392948271862676,0.03599962625761587,0.004940346233079131
3862,F03133,Templom tér,47.5418,19.130069,1180,1180.0,1.9819804382382043e-09,0.00046392948271862676,0.0362956429420423,0.0005710278747194397
3863,F03134,Thököly út,47.538251,19.133897,1163,1163.0,0.0008017158903130306,0.00046392948271862676,0.04990406080079221,0.0016320560416148717
3864,F03135,Thököly út,47.538152,19.133897,1164,1164.0,0.0021742417576892333,0.0006958942240779401,0.049850915534885507,0.004540084592295944
3865,F03136,Apolló utca,47.537242,19.13525,1165,1165.0,0.013970567165725034,0.0009278589654372535,0.05458218485875871,0.007957885441159234
3866,F03137,Apolló utca,47.536946,19.134639,1166,1166.0,0.015980781634623378,0.0009278589654372535,0.0542045236749066,0.0039741446800658576
3867,F03138,Madách utca,47.538752,19.136408,1169,1169.0,0.006697277229385871,0.00046392948271862676,0.051424898762862686,0.0
3868,F03139,Madách utca,47.539093,19.137697,1170,1170.0,0.006397282394771531,0.0006958942240779401,0.051929174914859634,0.0026953673582470502
3869,F03140,Nyírpalota út,47.537591,19.137376,1167,1167.0,0.0036686428917079668,0.0006958942240779401,0.05231247686405253,0.004025088211953111
3870,F03141,Késmárk utca,47.537214,19.136858,1168,1168.0,0.003528164093170932,0.0006958942240779401,0.051960486701521015,0.007091971842715669
3871,F03142,Késmárk utca,47.529885,19.148963,3528,3528.0,0.00015186872500002225,0.0006958942240779401,0.04888491465754794,0.002710375625662919
3872,F03143,Késmárk utca 11.,47.530129,19.148166,3529,3529.0,3.8896686149637625e-05,0.0006958942240779401,0.045308183394873594,0.004783326600153298
3873,F03144,"Újpalota, Szentmihályi út",47.542035,19.15135,1144,1144.0,4.420106387272106e-05,0.00023196474135931338,0.04680138041354043,0.0
3874,F03145,"Újpalota, Szentmihályi út",47.541267,19.151727,1146,1146.0,0.00017206192432721106,0.00023196474135931338,0.04797323577037832,0.0
3877,F03148,Erdőkerülő utca,47.541151,19.151023,1147,1147.0,8.59339542735984e-06,0.00046392948271862676,0.044388960718146915,0.0025429741516190285
3878,F03149,"Újpalota, Erdőkerülő utca",47.539546,19.145362,1150,1150.0,1.6910533113191527e-10,0.00023196474135931338,0.033369950588192664,0.0
3879,F03150,Erdőkerülő utca,47.539636,19.14495,1151,1151.0,0.0035713002441863785,0.0006958942240779401,0.05234280754266888,0.011451028244484265
3880,F03151,Fő tér,47.540945,19.139162,1161,1161.0,0.016129568170998258,0.0009278589654372535,0.0543194509631877,0.006380972029337883
3881,F03152,Fő tér,47.541511,19.140106,1162,1162.0,0.014527202656717754,0.001159823706796567,0.05476508464769829,0.01764241692087485
3882,F03153,Fő tér,47.541599,19.141633,1160,1160.0,0.0017705743742538705,0.0006958942240779401,0.050185441154995715,0.009166841303085625
3883,F03154,Fő tér,47.54231,19.14097,1157,1157.0,0.0007305005065341005,0.0006958942240779401,0.04988239535314676,0.006415500280262623
3884,F03155,Fő tér,47.541941,19.141235,1159,1159.0,3.4324586901561954e-10,0.00023196474135931338,0.03428016631331723,0.0
3885,F03156,Fő tér,47.542184,19.140997,1158,1158.0,8.107846557904352e-10,0.00046392948271862676,0.0346008106693866,0.00043508189539412747
3887,F03158,Vásárcsarnok,47.545153,19.139873,1129,1129.0,0.004530797344322519,0.0013917884481558802,0.051994688107939654,0.00619483822366612
3888,F03159,Vásárcsarnok,47.545487,19.138293,1125,1125.0,0.00015969021786827137,0.00046392948271862676,0.04793926941174809,0.003140446870566696
3889,F03160,Vásárcsarnok,47.5452,19.138212,1126,1126.0,0.00038699194641929617,0.00046392948271862676,0.0482289124066167,0.008552993468487516
3890,F03161,Vásárcsarnok,47.544821,19.139035,1127,1127.0,1.6457043929488266e-09,0.00046392948271862676,0.03558039745869594,0.00043508189539412747
3891,F03162,Vásárcsarnok,47.545028,19.138863,1128,1128.0,3.718244365087248e-09,0.00046392948271862676,0.03592526871117357,0.0008699485102858334
3895,F03166,Nyírpalota út,47.547923,19.14021,1135,1135.0,0.0009879692459604343,0.00046392948271862676,0.049265379080913045,0.00043508189539412747
3896,F03167,"Újpalota, Sárfű utca",47.549908,19.13812,1119,1119.0,0.00020606123924734853,0.00023196474135931338,0.04680715793377517,0.0
3897,F03168,Opál utca,47.542237,19.117128,1181,1181.0,1.1895831045266184e-07,0.00046392948271862676,0.03998081587970298,0.0005678153029973251
3898,F03169,Opál utca,47.54203,19.117154,1182,1182.0,2.5114298374419346e-05,0.0006958942240779401,0.044522916742013946,0.0027875420961541966
3899,F03170,Árokhát út,47.577072,19.124421,4809,4809.0,5.8392246340238765e-08,0.0006958942240779401,0.037818656036698865,0.0032740319269357163
3900,F03171,Árokhát út,47.57736,19.124861,4810,4810.0,3.700517715188372e-08,0.0006958942240779401,0.03659621492146737,0.0026173563429576618
3901,F03172,Karatna tér,47.542988,19.109119,1243,1243.0,1.6743187429573203e-07,0.00046392948271862676,0.04254795080046447,0.001701177878504451
3902,F03173,Karatna tér,47.542997,19.108694,1241,1241.0,1.683903716629284e-06,0.0006958942240779401,0.04253363212275945,0.0028713246622783274
3903,F03174,Karatna tér,47.543051,19.108548,1242,1242.0,4.1798853015242745e-12,0.00046392948271862676,0.03045535012798007,0.0011298104534528633
3904,F03175,"Rákospalota, Székely Elek út",47.57961,19.126786,4825,4825.0,1.3398889680089757e-08,0.0006958942240779401,0.03635724415406602,0.002608123286838127
3905,F03176,Székely Elek út,47.579733,19.127057,4826,4826.0,8.91712618725718e-09,0.0009278589654372535,0.03522538680400772,0.0021741177939561076
3906,F03177,Kolozsvár utca,47.541985,19.123096,1192,1192.0,0.00010910793298078814,0.00046392948271862676,0.04611940345419748,0.0012638820017455527
3907,F03179,Rädda Barnen utca,47.557205,19.11356,1214,1214.0,3.1604883429286254e-06,0.0006958942240779401,0.04263886011339209,0.0022804719827415054
3908,F03180,Rädda Barnen utca,47.557313,19.113493,1215,1215.0,6.03532466509454e-07,0.00046392948271862676,0.04077449038706317,0.003912230394791955
3909,F03181,Wesselényi utca,47.549828,19.116898,1226,1226.0,4.3546619338024725e-07,0.00046392948271862676,0.04127606531154017,0.002183668249031532
3910,F03182,Wesselényi utca,47.549235,19.116805,1227,1227.0,3.442212284154255e-08,0.00046392948271862676,0.03891317270890907,0.0007755852583305836
3911,F03183,Beller Imre utca,47.554902,19.115457,1216,1216.0,2.0010241296568732e-07,0.00046392948271862676,0.039643890672431764,0.0007109265200044665
3912,F03184,Beller Imre utca,47.554883,19.115895,1217,1217.0,2.2256191936693298e-07,0.00046392948271862676,0.039383647214576906,6.339147965732092e-05
3913,F03185,Emlék tér,47.536982,19.126595,1208,1208.0,4.76913750820933e-11,0.00046392948271862676,0.03230767150572499,0.003644788169505132
3914,F03186,Emlék tér,47.536829,19.126608,1209,1209.0,3.896709578648373e-08,0.00046392948271862676,0.038378685732047765,0.0011815837391153327
3915,F03187,Ady Endre utca,47.535421,19.120297,1195,1195.0,8.158465953631296e-07,0.00046392948271862676,0.04099668748671047,0.0018626148015965331
3916,F03188,Ady Endre utca,47.535294,19.120908,1196,1196.0,2.278260102274581e-12,0.00046392948271862676,0.03024014543672203,0.002781082793789524
3917,F03189,Wesselényi utca,47.544098,19.12367,1185,1185.0,8.591094301880359e-06,0.00046392948271862676,0.04488978566030582,0.0007197393033072196
3918,F03190,Wesselényi utca,47.544152,19.123577,1186,1186.0,2.4081518164708263e-05,0.00046392948271862676,0.0445579720968728,0.0009565538937499732
3919,F03191,Sárfű utca,47.54782,19.134139,1138,1138.0,1.701652771630699e-08,0.00046392948271862676,0.03735442230021567,0.0013045998446751176
3920,F03192,Sárfű utca,47.548045,19.133581,1139,1139.0,7.547139527180099e-09,0.00046392948271862676,0.036982430169746124,0.0008699485102858334
3921,F03193,Sárfű utca,47.547307,19.135187,1140,1140.0,3.514076245217725e-05,0.00046392948271862676,0.046236380698770715,0.0028364983946403094
3922,F03194,Sárfű utca,47.546524,19.135943,1141,1141.0,8.48745527130201e-05,0.00046392948271862676,0.04649149830280288,0.008236597508082498
3923,F03195,Molnár Viktor utca,47.533522,19.130463,1203,1203.0,0.042529739022127526,0.001159823706796567,0.05752348684796164,0.02564651690785075
3924,F03196,Molnár Viktor utca,47.533558,19.130251,1204,1204.0,0.05012495128914161,0.001159823706796567,0.05709386450412419,0.01062367268241912
3925,F03197,Késmárk utca 20.,47.531552,19.145593,1155,1155.0,0.0002000825760114132,0.00046392948271862676,0.0494323716570634,0.0020989762495160205
3926,F03198,Késmárk utca 9.,47.532273,19.14412,1156,1156.0,0.0001689430921321311,0.00046392948271862676,0.047258707692484185,0.005068234649214542
3927,F03199,Fázis utca,47.534138,19.141055,1153,1153.0,0.000806925784999059,0.00046392948271862676,0.05058312725067559,0.002289471044251462
3928,F03200,Fázis utca,47.533741,19.141546,1154,1154.0,0.0007711078800287565,0.00046392948271862676,0.04945880849410265,0.00545172482848964
3929,F03201,Erdőkerülő utca 28.,47.540011,19.14778,1148,1148.0,3.860899182638045e-05,0.0009278589654372535,0.04577862791373954,0.0035391075932394186
3930,F03202,Erdőkerülő utca 27.,47.540155,19.148538,1149,1149.0,0.0008249564893083915,0.0006958942240779401,0.05055884573082728,0.0072271046085779864
3931,F03203,Szent Korona útja,47.547779,19.115076,1255,1255.0,1.3040800979776777e-06,0.0006958942240779401,0.04257040278869394,0.0029799428098758324
3932,F03204,Szent Korona útja,47.547212,19.11457,1256,1256.0,8.95001818932634e-08,0.00046392948271862676,0.03995932716026675,0.0010533597348275406
3933,F03205,Tóth István utca,47.53828,19.117003,1197,1197.0,1.6305577372057636e-06,0.0006958942240779401,0.04241088817582622,0.002925228614450481
3934,F03206,Tóth István utca,47.537902,19.116604,1198,1198.0,7.232485743140519e-07,0.0006958942240779401,0.0419347987743966,0.0028434465982407537
3935,F03209,Zsókavár utca,47.54095,19.143279,1152,1152.0,0.00016041359090445992,0.00046392948271862676,0.04757774281104464,0.0037255739734146937
3936,F03210,Gusztáv utca,47.5395,19.174171,3613,3613.0,1.915483757135138e-07,0.00046392948271862676,0.0408932241410618,0.0009752657038695336
3937,F03211,Gusztáv utca,47.538744,19.174873,3614,3614.0,5.739006092583144e-07,0.00046392948271862676,0.04203475090167058,0.001122020669241128
3938,F03212,Csömöri út,47.534814,19.181876,3599,3599.0,1.41377725238948e-06,0.0006958942240779401,0.04149015325575182,0.003921610646082739
3939,F03213,Csömöri út (Szlovák út),47.534589,19.182048,3600,3600.0,1.3729897121838466e-06,0.0006958942240779401,0.0415624658611763,0.002747166991532062
3940,F03214,"Kisszentmihály, Baross utca",47.536717,19.177697,3609,3609.0,3.3617776478734394e-07,0.00046392948271862676,0.040732439928060755,0.0009286092920134067
3941,F03215,Baross utca,47.536302,19.178334,3610,3610.0,4.0733668985888474e-07,0.00046392948271862676,0.041542429612404584,0.0010114050450848427
3942,F03216,Szlovák út,47.532188,19.189147,3606,3606.0,8.398020834220547e-08,0.00046392948271862676,0.038238575158669914,0.002173256671946421
3943,F03217,Timur utca,47.531586,19.189238,3603,3603.0,3.279089552209538e-07,0.0006958942240779401,0.03968372251963318,0.0011306004946311009
3944,F03218,Timur utca,47.531487,19.189132,3604,3604.0,1.562146170163995e-07,0.0009278589654372535,0.03848424902901183,0.0023251588272483322
3945,F03219,Gusztáv utca,47.535883,19.166698,3595,3595.0,1.3724756393904845e-06,0.00046392948271862676,0.042344578979745945,0.0007750935922037241
3946,F03220,Gusztáv utca,47.535337,19.167103,3596,3596.0,2.333116106080857e-06,0.00046392948271862676,0.042970836097638104,0.0014232992940021256
3947,F03221,György utca,47.530832,19.172291,3633,3633.0,1.4106000797256248e-06,0.0006958942240779401,0.0414924234048652,0.0016812040688905991
3948,F03222,Csömöri út,47.530736,19.171661,3632,3632.0,1.9547760151520438e-07,0.00046392948271862676,0.04101486960586063,0.0009825566815283445
3949,F03223,Diófa utca,47.530347,19.171573,3634,3634.0,2.644827521656876e-05,0.0006958942240779401,0.04539606143842957,0.003331689570991927
3950,F03224,Mátyás király utca,47.53268,19.176306,3637,3637.0,6.030348655564089e-06,0.0006958942240779401,0.04309684741513289,0.005385597955651097
3951,F03225,"Rákosszentmihály, Csömöri út",47.532113,19.176398,3638,3638.0,2.9549025518422965e-07,0.00023196474135931338,0.039734874199188794,0.0
3952,F03226,Mátyás király utca,47.532114,19.175441,3639,3639.0,5.827558432963667e-06,0.00046392948271862676,0.043381355738171354,0.0022997249402721613
3953,F03227,Mátyás király utca,47.527539,19.181273,3628,3628.0,1.1586406840362638e-06,0.0006958942240779401,0.041024632515184276,0.002334797885042971
3954,F03228,Mátyás király utca 71.,47.528034,19.180465,3629,3629.0,4.055886850798787e-06,0.00046392948271862676,0.04224079671561101,0.00043508189539412747
3956,F03230,Mátyásföldi tér,47.523226,19.185246,3619,3619.0,2.153967884332168e-06,0.0006958942240779401,0.03930485379175883,0.00037691238729970335
3957,F03231,Mátyásföldi tér,47.523361,19.184967,3620,3620.0,2.4907721611935878e-06,0.00046392948271862676,0.04082234055665674,0.00021174480722197948
3958,F03232,Sasvár utca,47.520363,19.187536,3621,3621.0,7.24717954061296e-06,0.0006958942240779401,0.040769667701591274,0.0022108715535502158
3959,F03233,Sasvár utca,47.519886,19.188251,3622,3622.0,6.719921107190595e-06,0.00046392948271862676,0.04074557137650463,0.0004128807664504988
3960,F03234,Olga utca,47.521404,19.181829,3618,3618.0,2.0644836213793023e-06,0.0006958942240779401,0.03917449953593271,0.0017506528950113891
3961,F03235,Fuvallat utca,47.509879,19.185065,3545,3545.0,0.0008276502955083138,0.00046392948271862676,0.0462905705723769,6.29412455416295e-05
3962,F03236,Fuvallat utca,47.510085,19.185597,3546,3546.0,0.0007389782041434743,0.00046392948271862676,0.04627644639755161,4.1769611897504684e-05
3963,F03237,Ballada utca,47.504084,19.187732,3547,3547.0,3.387735524879216e-05,0.00046392948271862676,0.04220553257623045,5.2625318816969066e-05
3964,F03238,Ballada utca,47.50428,19.188582,3548,3548.0,4.269357273265741e-05,0.00046392948271862676,0.04216188673075348,2.380251360225427e-05
3965,F03239,Galgahévíz utca,47.503486,19.183071,3541,3541.0,0.00012402505675685393,0.00046392948271862676,0.044065507235471625,0.00046014430474192126
3966,F03240,Galgahévíz utca,47.503693,19.183629,3542,3542.0,0.00012595673841048904,0.00046392948271862676,0.0440348017046825,0.000237189849984897
3967,F03241,Sashalom H,47.508708,19.178465,3537,3537.0,0.0025403632593915064,0.001855717930874507,0.048561227402451224,0.006115710442419189
3968,F03242,Sashalom H,47.508284,19.180243,3537,3537.0,0.0025403632593915064,0.001855717930874507,0.048561227402451224,0.006115710442419189
3969,F03243,Sashalom H,47.509165,19.180364,3537,3537.0,0.0025403632593915064,0.001855717930874507,0.048561227402451224,0.006115710442419189
3970,F03244,Sashalom H,47.509373,19.17921,3537,3537.0,0.0025403632593915064,0.001855717930874507,0.048561227402451224,0.006115710442419189
3971,F03245,Futórózsa utca,47.515223,19.185301,3563,3563.0,2.1813152361855526e-08,0.00046392948271862676,0.03481686120293648,0.00043508189539412747
3972,F03246,Budapesti út,47.520301,19.179396,3617,3617.0,4.533611108949337e-07,0.00046392948271862676,0.03760635393586304,0.0013045998446751176
3973,F03247,Margit utca,47.511868,19.176216,3532,3532.0,0.0005580709543360243,0.00046392948271862676,0.04630809652760038,0.0007159452725720035
3974,F03248,Margit utca,47.511417,19.176932,3533,3533.0,0.0005578364283275549,0.00046392948271862676,0.04627757601434576,0.0016978792315599592
3975,F03249,Budapesti út,47.516452,19.17077,3491,3491.0,3.2010711309599384e-05,0.00046392948271862676,0.042684941129399086,0.00015711894838312833
3976,F03250,Budapesti út,47.5161,19.171354,3492,3492.0,2.69010543104137e-05,0.00046392948271862676,0.042582354992345174,0.0009331236944877757
3977,F03251,Rákosi út,47.523639,19.171685,3575,3575.0,2.6233806371806432e-08,0.00046392948271862676,0.03776065485129805,0.0004006695497159026
3978,F03252,János utca,47.523216,19.171803,3576,3576.0,7.526245582483637e-05,0.00046392948271862676,0.04610426229719229,0.009023660314665234
3979,F03253,Rákosi út,47.521348,19.166998,3571,3571.0,2.918691319947427e-05,0.00046392948271862676,0.04457630655517742,0.00037267393344535277
3980,F03254,József utca,47.520919,19.166593,3569,3569.0,3.434401620296668e-08,0.0006958942240779401,0.03709858260929887,0.0005604884371947309
3981,F03255,József utca,47.520955,19.166978,3570,3570.0,0.0003407748956666477,0.00046392948271862676,0.048273121935978804,0.009419786729545363
3982,F03256,Rákosi út,47.520853,19.167647,3572,3572.0,5.914701753565396e-06,0.00046392948271862676,0.04107663162689061,0.000579869918064099
3983,F03257,János utca,47.528956,19.16821,3581,3581.0,4.080872445563268e-07,0.0009278589654372535,0.04089190107829031,0.002143723950059804
3984,F03258,Csömöri út,47.528796,19.166603,3580,3580.0,8.257788586084818e-06,0.00046392948271862676,0.04536184616726753,0.0015185966724935356
3985,F03259,János utca,47.528139,19.166747,3579,3579.0,0.00011218172220604584,0.0006958942240779401,0.04709376915011726,0.009667864116340175
3986,F03260,József utca,47.5263,19.162467,3584,3584.0,2.5212031141851493e-07,0.00046392948271862676,0.040823659121904755,0.0008214884743892203
3987,F03261,Csömöri út,47.525967,19.162533,3585,3585.0,4.457896372563291e-07,0.00046392948271862676,0.04066516484790372,0.0005198838609630189
3988,F03262,József utca,47.52594,19.161989,3586,3586.0,0.00048311824564098297,0.0006958942240779401,0.049025868057711294,0.010766385803070082
3989,F03263,Rákóczi út,47.524083,19.157935,3522,3522.0,0.002086807450610877,0.00046392948271862676,0.05126013107630752,0.01090167851683158
3990,F03264,Batthyány utca,47.523661,19.156633,3524,3524.0,7.977612552567227e-07,0.001159823706796567,0.04212347811519882,0.0032417876106188266
3991,F03265,Rákóczi út,47.52449,19.157026,3523,3523.0,1.7730716550272404e-06,0.00046392948271862676,0.042453149960626456,0.0005222316114150703
3992,F03266,Batthyány utca,47.518424,19.161236,3499,3499.0,8.284543716160665e-09,0.00046392948271862676,0.03663192475468704,0.0002630066816621367
3993,F03267,Rákosi út,47.517974,19.161209,3501,3501.0,3.6291679108121998e-06,0.00046392948271862676,0.04073769149162924,0.00018643508760114125
3994,F03268,Batthyány utca,47.518468,19.161582,3500,3500.0,0.001551539294939216,0.0006958942240779401,0.05072455699777112,0.010233205437875969
3995,F03269,Rákosi út,47.518406,19.160612,3502,3502.0,3.5821106371229514e-06,0.00046392948271862676,0.04122176768914995,0.00064136112571826
3996,F03270,Budapesti út,47.515435,19.163752,3495,3495.0,1.6192814709716496e-05,0.00046392948271862676,0.04228649248972176,0.00046949569707812185
3997,F03271,Budapesti út,47.514904,19.164004,3496,3496.0,1.618247823169202e-05,0.00046392948271862676,0.04270272812396828,0.0008980413074727528
3998,F03272,Veres Péter út,47.508131,19.171959,3478,3478.0,0.001527695806150202,0.00046392948271862676,0.048492910034318853,0.002041247805851738
3999,F03273,Thököly út,47.508374,19.171854,3479,3479.0,0.001527695910421388,0.00046392948271862676,0.04840500224152825,0.0016879887227971475
4000,F03274,Lándzsa utca,47.507394,19.171042,3481,3481.0,0.004973826451484406,0.0009278589654372535,0.0510723270912756,0.028228509588452744
4001,F03275,Thököly út,47.507869,19.17306,3480,3480.0,0.0033535815404951114,0.0009278589654372535,0.04857242493893817,0.0006900663330742104
4002,F03276,Pálya utca,47.521462,19.152154,3519,3519.0,0.009478970849473188,0.001159823706796567,0.05406231746750397,0.01652043864286454
4003,F03277,Pálya utca,47.52192,19.152858,3517,3517.0,2.5998086233099436e-07,0.0006958942240779401,0.04159620681027044,0.0012028024897638538
4004,F03278,Csömöri út,47.522181,19.152142,3518,3518.0,1.5830402236706825e-07,0.00046392948271862676,0.04134718205056968,0.0005112633129306233
4005,F03279,Csömöri út,47.520781,19.151243,3515,3515.0,6.865490100770722e-08,0.00046392948271862676,0.040522182703680576,0.0020371932354794975
4006,F03280,Rózsa utca,47.520565,19.151282,3516,3516.0,0.0021053174054382743,0.00046392948271862676,0.05098922346875274,0.0004971488074246492
4008,F03282,Rákosi út,47.516487,19.155324,3509,3509.0,0.00043654850313102565,0.00046392948271862676,0.048307563200196094,5.632968664098508e-05
4009,F03283,Rózsa utca,47.516126,19.156159,3508,3508.0,5.208154595474819e-09,0.0006958942240779401,0.0375456552816512,0.00131986245537292
4011,F03286,Cinkotai autóbuszgarázs,47.497948,19.238905,718,718.0,1.2520144152939701e-06,0.00046392948271862676,0.041466104938576026,0.0026287350415827447
4012,F03287,Cinkotai autóbuszgarázs,47.499019,19.23851,719,719.0,3.0688421310396105e-07,0.00046392948271862676,0.040186330290649816,0.0021366056736051202
4014,F03290,Injekcióüzem,47.495937,19.231557,707,707.0,2.783759578547918e-07,0.00046392948271862676,0.03972030542519188,0.0007996543394117288
4015,F03291,Injekcióüzem,47.496224,19.231997,708,708.0,7.11004810397455e-08,0.00046392948271862676,0.03869515283078939,0.0006919013766451556
4016,F03292,"Árpádföld, Dezsőfia utca",47.536428,19.200793,742,742.0,8.891439295629929e-10,0.00046392948271862676,0.03407744176642812,0.0008699485102858334
4019,F03295,Állás utca,47.529388,19.194076,740,740.0,8.61993054611605e-08,0.0006958942240779401,0.038193124577777016,0.0017841533098569944
4020,F03296,Állás utca,47.529171,19.194832,738,738.0,1.4085188823266543e-07,0.0006958942240779401,0.038221614842275264,0.0013708958217658572
4021,F03297,Állás utca,47.529447,19.19493,739,739.0,3.429725817159533e-08,0.00046392948271862676,0.03696908861464067,0.0008699485102858333
4022,F03298,Menyhért utca,47.531616,19.200938,744,744.0,7.514252812449154e-09,0.00046392948271862676,0.03556804813732626,0.00043508189539412747
4023,F03299,"Árpádföld, Bekecs utca",47.533585,19.208036,752,752.0,4.081375004429548e-11,0.00023196474135931338,0.031769787810297545,0.0
4024,F03300,Ostoros út 61.,47.523693,19.208176,754,754.0,1.8816302340207478e-07,0.00046392948271862676,0.03680687895533069,0.000909480571202182
4025,F03301,Ostoros út 40.,47.523187,19.209688,755,755.0,9.105906573534079e-10,0.00046392948271862676,0.034039506558787964,0.00043508189539412747
4026,F03302,Csókakő utca,47.521966,19.214996,783,783.0,1.9076057744508548e-10,0.00023196474135931338,0.032847569439872756,0.0
4027,F03303,Csókakő utca,47.521794,19.215712,784,784.0,8.504529587605455e-07,0.00046392948271862676,0.03805054427167019,0.0012669716457226457
4028,F03304,Cinkota H,47.520403,19.218485,790,790.0,3.871295051402289e-06,0.001159823706796567,0.039426646933382464,0.005746029417766081
4029,F03305,Vidámvásár utca,47.519943,19.21924,797,797.0,8.577941661650097e-07,0.00046392948271862676,0.03803947385639005,0.0016951520874950194
4030,F03306,Vidámvásár utca,47.520116,19.219146,798,798.0,8.504841192927802e-07,0.00046392948271862676,0.03784167982977096,0.002278197285624615
4031,F03308,"Mátyásföld, repülőtér H",47.511604,19.193566,3555,3555.0,0.0006198242776514811,0.0013917884481558802,0.046377198717949424,0.01839742851211756
4032,F03309,"Mátyásföld, repülőtér H",47.511514,19.193831,3555,3555.0,0.0006198242776514811,0.0013917884481558802,0.046377198717949424,0.01839742851211756
4033,F03311,Pilóta utca,47.505294,19.197889,3551,3551.0,8.27590299493895e-06,0.00046392948271862676,0.04047244100531986,0.0016922016354308446
4034,F03313,Pilóta utca,47.505527,19.198553,3552,3552.0,1.7093056405412907e-05,0.00046392948271862676,0.04212067047604829,0.002212115165257755
4035,F03314,Diósy Lajos utca,47.506823,19.204942,760,760.0,3.7535548097159434e-06,0.00046392948271862676,0.04036043041762085,0.0017906976017534402
4036,F03315,Diósy Lajos utca,47.506473,19.204436,761,761.0,1.8174057070321572e-06,0.00046392948271862676,0.03885216652577456,0.0012775797170719234
4037,F03316,Újszász utca,47.509139,19.208291,764,764.0,1.600203601478818e-06,0.00046392948271862676,0.039153464292844886,0.0008411333780084968
4038,F03317,Újszász utca,47.508905,19.20841,765,765.0,1.6868517200026649e-06,0.00046392948271862676,0.039195962574257684,0.0006660658445068153
4039,F03318,Bökényföldi út,47.508696,19.209381,766,766.0,3.9921332465442795e-07,0.00046392948271862676,0.037460339421677875,0.0008811687352136947
4040,F03319,Bökényföldi út,47.508769,19.209142,767,767.0,8.242729132359102e-07,0.00046392948271862676,0.038783812401123025,0.0013801106978114381
4041,F03320,Hunyadvár utca,47.512176,19.204251,778,778.0,7.28624842272046e-06,0.00046392948271862676,0.04063770723209499,0.0012226911584880722
4042,F03321,Hunyadvár utca,47.511879,19.20429,779,779.0,7.678726498175092e-06,0.00046392948271862676,0.040722815577263115,0.0010554272869128544
4043,F03322,Bökényföldi út,47.514479,19.202973,780,780.0,3.328419635607824e-05,0.00046392948271862676,0.042386708650070326,0.003057698080549414
4044,F03323,Veres Péter út,47.514093,19.202932,781,781.0,3.317994124046991e-05,0.00046392948271862676,0.04234694359471276,0.0016278849441293288
4045,F03324,Bökényföldi út,47.514192,19.202521,782,782.0,3.4966707551662575e-05,0.0006958942240779401,0.04239334342110232,0.004519104958002389
4046,F03325,Anilin utca,47.513547,19.220096,791,791.0,1.498156730789873e-08,0.00046392948271862676,0.03440739603429606,0.0001404680076813793
4047,F03326,Anilin utca,47.513233,19.219099,792,792.0,8.894978935090459e-09,0.00046392948271862676,0.03518322185028525,0.0002992177735092449
4048,F03327,Vidámvásár utca (Georgina utca),47.518485,19.225994,731,731.0,3.856987501356712e-09,0.0006958942240779401,0.03574947328528023,0.0008973159533507804
4049,F03328,Georgina utca,47.51824,19.227321,732,732.0,2.2320426786847694e-07,0.0009278589654372535,0.0371120178097192,0.0026471374613586235
4050,F03329,Batthyány Ilona utca,47.519171,19.230258,722,722.0,5.133947015241464e-08,0.00046392948271862676,0.03570436396458804,0.0007621016098251445
4051,F03330,"Cinkota, Lassú utca",47.520786,19.227037,733,733.0,8.080261623805852e-10,0.00023196474135931338,0.03443708344459231,0.0
4052,F03331,Rózsalevél utca,47.52255,19.231438,723,723.0,2.184938959494334e-08,0.0006958942240779401,0.034399592063283774,0.0006108869718624865
4053,F03332,Ilonatelep H (Georgina utca),47.524712,19.229467,730,730.0,4.577597430788502e-09,0.00023196474135931338,0.03318275458652085,0.0
4054,F03333,Ilonatelep H,47.525882,19.229179,727,727.0,4.8373391852747794e-08,0.0009278589654372535,0.03519693888796115,0.0015997183275075595
4055,F03334,Ilonatelep H,47.525883,19.228515,727,727.0,4.8373391852747794e-08,0.0009278589654372535,0.03519693888796115,0.0015997183275075595
4056,F03335,Simongát utca,47.517201,19.235933,720,720.0,1.0637553293453074e-07,0.00046392948271862676,0.03838723384274598,0.0018422219149275148
4057,F03336,Nagytarcsai út,47.516993,19.23661,721,721.0,1.493131344037706e-08,0.00046392948271862676,0.037068479543870166,0.0012839962137851677
4058,F03337,Erdei bekötőút,47.507803,19.235276,711,711.0,2.8456618965577254e-07,0.00046392948271862676,0.039844272247151084,0.0022287837167217967
4059,F03338,Erdei bekötőút,47.507587,19.235395,712,712.0,6.741702329639755e-08,0.00046392948271862676,0.038548022972117194,0.001705904736435278
4060,F03339,Margit utca,47.517715,19.190874,3565,3565.0,2.9922930518918008e-05,0.00046392948271862676,0.04238481338263086,0.0008001214223493497
4061,F03340,Margit utca,47.517175,19.19066,3566,3566.0,3.003845953211982e-05,0.00046392948271862676,0.04238813021188574,0.0025531957286611786
4062,F03341,Centenáriumi lakótelep,47.516207,19.187936,3564,3564.0,4.569938154397561e-09,0.00023196474135931338,0.03357085869744913,0.0
4064,F03343,Szent Korona utca,47.530195,19.178319,3636,3636.0,8.49642078805873e-07,0.00023196474135931338,0.0404206666551185,0.0
4065,F03344,Garat utca,47.505836,19.181299,3543,3543.0,0.0005581566667905045,0.00046392948271862676,0.04618231755113628,0.0008837409853318545
4066,F03345,Garat utca,47.506484,19.181114,3544,3544.0,0.0005585613376993538,0.00046392948271862676,0.04618681798405963,0.0006672540787597025
4067,F03346,Vörösmarty utca,47.532271,19.163171,3590,3590.0,1.3019909294218451e-05,0.00046392948271862676,0.0458955472442461,0.00168073806145912
4068,F03347,Péterke utca,47.533149,19.185692,3601,3601.0,3.824469548675288e-07,0.0006958942240779401,0.03985935112990551,0.003209967438016099
4069,F03348,Péterke utca,47.533227,19.185219,3602,3602.0,3.202992895532421e-07,0.00046392948271862676,0.039931131963386775,0.002007106868952698
4070,F03349,Baross utca,47.5335,19.168879,3597,3597.0,5.27481246581937e-07,0.00046392948271862676,0.041610814463942755,0.0011280824394411639
4071,F03350,Baross utca,47.532939,19.1696,3598,3598.0,5.726101655320289e-06,0.00046392948271862676,0.04315521830599915,0.0009521358415870761
4072,F03351,Szilas-patak,47.530095,19.187017,3608,3608.0,3.04951326490084e-07,0.0006958942240779401,0.039669606256299804,0.0018252405828508176
4073,F03352,Ida utca,47.526315,19.182014,3625,3625.0,4.6424205820426135e-06,0.0006958942240779401,0.042543176836840293,0.0029090443199396993
4074,F03353,Ida utca,47.526017,19.182451,3626,3626.0,1.497284082622444e-06,0.0006958942240779401,0.04086942210275819,0.001145047688766073
4075,F03354,Sasvár utca,47.518122,19.181077,3616,3616.0,9.954909331052663e-08,0.00046392948271862676,0.03615823155529969,0.0008699485102858334
4076,F03355,Sasvár utca,47.51429,19.173527,3489,3489.0,0.00012249645832715855,0.00046392948271862676,0.04430597033832355,0.0013047447420626902
4077,F03356,Sasvár utca,47.514543,19.173036,3490,3490.0,0.0001236159847164544,0.00046392948271862676,0.04437805051010524,0.00033117622459799924
4078,F03357,Szent Korona utca,47.526079,19.169273,3574,3574.0,9.093495570167574e-08,0.00046392948271862676,0.03924058364812154,0.0008066375763069434
4079,F03358,Diófa utca,47.525109,19.17607,3624,3624.0,1.85118725081628e-05,0.0009278589654372535,0.044231543874845625,0.008731829362215828
4080,F03359,Szent Korona utca,47.523824,19.16452,3582,3582.0,0.00010731727092544392,0.00046392948271862676,0.046671762233150636,0.0007836037484733542
4081,F03360,Szent Korona utca,47.523509,19.164984,3583,3583.0,1.3323913420055338e-06,0.00046392948271862676,0.04038837489969527,0.00041608176465519095
4082,F03361,Baross utca,47.526651,19.15472,3520,3520.0,1.9433124537038283e-06,0.00046392948271862676,0.042701285382998944,0.002586777284255337
4083,F03362,Baross utca,47.526273,19.155264,3521,3521.0,7.341448179057773e-06,0.00046392948271862676,0.044337573792457625,0.0009301684294580135
4084,F03363,Szent Korona utca,47.520306,19.158691,3497,3497.0,9.17085410705365e-07,0.00046392948271862676,0.04129899396126121,0.0006012257224140812
4085,F03364,Szent Korona utca,47.520603,19.158559,3498,3498.0,1.1313166685580738e-06,0.00046392948271862676,0.04076134029502361,0.00020812517885241254
4086,F03365,Őrmester utca,47.511995,19.167383,3493,3493.0,7.366518573175553e-05,0.00046392948271862676,0.04437181851312306,0.001257757086977427
4087,F03366,Sasvár utca,47.512067,19.167476,3494,3494.0,7.366745600549028e-05,0.00046392948271862676,0.044068067962754864,0.0008593991850348855
4088,F03367,Sashalmi tér,47.509591,19.170457,3476,3476.0,0.00033546265432221606,0.00046392948271862676,0.04608464966191102,0.001264777753107386
4089,F03368,Sashalmi tér,47.50969,19.170165,3477,3477.0,0.00033546215673329113,0.00046392948271862676,0.04627870568628958,0.0016385141707701317
4090,F03369,Baross utca,47.524101,19.150359,3510,3510.0,0.002088749105281117,0.00046392948271862676,0.051429781425342706,0.004538344341129629
4091,F03370,Baross utca,47.524515,19.149789,3511,3511.0,4.452838645901899e-07,0.00046392948271862676,0.04150332357958133,0.0005517778776877175
4092,F03371,Szent Korona utcai lakótelep,47.518791,19.153204,3505,3505.0,1.5455917904510846e-08,0.00046392948271862676,0.03892755495809566,0.0016270569683034754
4093,F03372,Szent Korona utcai lakótelep,47.518179,19.153654,3506,3506.0,0.0005324622976461678,0.00046392948271862676,0.04842540307773268,7.329737824018373e-05
4094,F03373,Szabadságtelep H,47.535325,19.204853,753,753.0,1.9481977228315153e-10,0.00046392948271862676,0.032883463441480854,0.00043508189539412747
4095,F03374,Mazsola utca,47.535424,19.198027,743,743.0,4.0494813297000414e-09,0.00046392948271862676,0.03536073260326959,0.0013045998446751176
4096,F03375,Rozsos utca,47.53399,19.194119,741,741.0,1.8441108564280602e-08,0.00046392948271862676,0.03674374598402387,0.0017390358985619801
4097,F03376,Muzsika utca,47.532061,19.204538,745,745.0,1.5740832097656955e-09,0.00023196474135931338,0.03426870292903783,0.0
4098,F03377,Felsőmalom utca,47.526356,19.201305,758,758.0,3.9499538126739927e-08,0.00046392948271862676,0.03691509970094722,0.0009445219563828413
4099,F03378,Felsőmalom utca,47.525968,19.201941,759,759.0,1.8928109131150437e-08,0.00046392948271862676,0.03670106701625553,0.0013045998446751176
4100,F03379,Cinkota H,47.51937,19.217473,790,790.0,3.871295051402289e-06,0.001159823706796567,0.039426646933382464,0.005746029417766081
4101,F03380,Cinkota H,47.518939,19.216914,790,790.0,3.871295051402289e-06,0.001159823706796567,0.039426646933382464,0.005746029417766081
4102,F03382,Papír utca,47.510508,19.21305,804,804.0,1.8101770054307738e-07,0.00046392948271862676,0.03738093752115575,0.0009870161824074568
4103,F03383,Papír utca,47.510328,19.212917,805,805.0,8.816237993897633e-08,0.00046392948271862676,0.0362027673495082,0.0005035233361505718
4104,F03384,Farkashalom utca,47.511951,19.21652,802,802.0,2.1608927128309866e-08,0.00046392948271862676,0.03508392985901689,0.0001622318087872569
4105,F03385,Farkashalom utca,47.512023,19.216334,803,803.0,3.978646775309319e-08,0.00046392948271862676,0.0361675439313155,0.000614857695863979
4106,F03386,Cinke utca,47.51725,19.222881,793,793.0,2.6715449252596503e-09,0.00046392948271862676,0.03455855187057057,0.00022342758263009746
4107,F03387,Cinke utca,47.516745,19.222655,794,794.0,4.990060398323714e-08,0.00046392948271862676,0.03570604510347761,0.000491776176393716
4108,F03388,Jókai Mór utca (Újszász utca),47.504902,19.194795,3549,3549.0,3.7686750697261486e-05,0.0006958942240779401,0.04224785661611837,0.00214364638672685
4109,F03389,Jókai Mór utca,47.504984,19.194371,3550,3550.0,7.78396966869732e-05,0.0006958942240779401,0.04405936270402974,0.0028576965986273403
4110,F03390,Alsómalom utca,47.524957,19.204501,756,756.0,4.7695642505059764e-08,0.00046392948271862676,0.03573666951539483,0.0007482047255561123
4111,F03391,Alsómalom utca,47.524579,19.205111,757,757.0,4.155956709839576e-09,0.00046392948271862676,0.03532054620944007,0.0008699485102858334
4112,F03392,Jókai Mór utca (Rendőrség),47.510773,19.189515,3560,3560.0,0.0009871830663229669,0.0006958942240779401,0.046336392178608944,0.00029464609465804315
4113,F03393,Jókai Mór utca (Rendőrség),47.510906,19.191015,3559,3559.0,0.0014104774439921805,0.0009278589654372535,0.04858798564249511,0.021950440180286822
4114,F03394,Csinszka utca,47.515626,19.206694,771,771.0,7.783882810877393e-06,0.00046392948271862676,0.04079247590729845,0.0026769104455165037
4115,F03395,Csinszka utca,47.515347,19.206268,772,772.0,8.136366121596292e-06,0.00046392948271862676,0.04079774296394791,0.0027108110360477733
4116,F03396,"Mátyásföld, Imre utca H",47.513449,19.200089,773,773.0,0.00015109618686447044,0.0009278589654372535,0.04428992682611133,0.010356476839234052
4117,F03397,"Mátyásföld, Imre utca H",47.513745,19.200581,773,773.0,0.00015109618686447044,0.0009278589654372535,0.04428992682611133,0.010356476839234052
4118,F03398,Műkő utca,47.522796,19.223777,737,737.0,1.8831165004871435e-07,0.00046392948271862676,0.03637922049760512,0.0018571114420372233
4119,F03399,Nebántsvirág utca,47.505996,19.211401,762,762.0,3.732015319514729e-07,0.00046392948271862676,0.0378179016325729,0.0003021490508341646
4120,F03400,Petőfi tér,47.506482,19.211007,763,763.0,3.520860983805633e-07,0.00046392948271862676,0.03783979157892869,0.000493018526578069
4121,F03401,Zsemlékes út,47.502798,19.21442,800,800.0,9.45526484126566e-08,0.00046392948271862676,0.03689103556706939,0.00016724225427101197
4122,F03402,Zsemlékes út,47.503122,19.214395,801,801.0,8.041184593756691e-08,0.00046392948271862676,0.03691689679074066,0.0002168259088854485
4123,F03403,EGIS Gyógyszergyár,47.497081,19.224542,709,709.0,3.174141003670834e-08,0.00046392948271862676,0.03730554158467691,0.0002990277866139018
4124,F03404,EGIS Gyógyszergyár,47.496377,19.225878,710,710.0,7.812562137668942e-08,0.00046392948271862676,0.03823356258970254,0.0003990870342820395
4127,F03407,Gida utca,47.514557,19.191994,3567,3567.0,0.00013611566448141108,0.00046392948271862676,0.044261491105858766,0.0012070583286438808
4128,F03408,Gida utca,47.515025,19.191292,3568,3568.0,0.0001361398675555861,0.00046392948271862676,0.04425167634077997,0.002957580480544186
4147,F03427,Frangepán utca,47.456343,19.201531,347,347.0,7.18214429505737e-07,0.00046392948271862676,0.04594170304346667,0.0034534572815778505
4148,F03428,Frangepán utca,47.456019,19.201172,348,348.0,4.3697675500126194e-07,0.00046392948271862676,0.044217616741497275,0.002951186930141691
4149,F03429,Lőrinci út,47.453141,19.220537,693,693.0,3.4343685710058166e-08,0.00046392948271862676,0.04221916105939707,0.002665481692028996
4150,F03430,Lőrinci út,47.452889,19.220815,694,694.0,2.0896923980806118e-08,0.00046392948271862676,0.04077010608040119,0.002165359959607339
4151,F03431,Bélatelepi út,47.450886,19.22468,606,606.0,7.51135187098399e-09,0.00046392948271862676,0.04062551574576127,0.0022850505461788277
4152,F03432,Baross utca,47.451072,19.226497,607,607.0,4.570375088282707e-09,0.00046392948271862676,0.039280829566684876,0.0017851076161744753
4157,F03437,Sági utca,47.473827,19.273136,105,105.0,8.858831927152208e-08,0.00046392948271862676,0.03860021618446071,0.003041052377208038
4158,F03438,Sági utca,47.473502,19.273745,106,106.0,2.734884336706107e-07,0.00046392948271862676,0.03964140383677186,0.009880793953656458
4162,F03442,Rákoscsaba vasútállomás,47.491708,19.281891,145,145.0,9.935875118875117e-11,0.00046392948271862676,0.031934614388567456,5.624984799018094e-05
4163,F03443,Aranykút utca,47.493839,19.278065,122,122.0,3.79666393409277e-10,0.00046392948271862676,0.03301258661428228,0.0004325064065468567
4166,F03446,Hősök tere,47.48917,19.259374,89,89.0,4.4203292047662274e-07,0.00046392948271862676,0.0399947326651132,0.0005369428745783186
4167,F03447,Hősök tere,47.490033,19.259736,90,90.0,4.6542612138316543e-07,0.0009278589654372535,0.03994333096921171,0.0024700006156508384
4168,F03448,Tura utca,47.489182,19.277089,124,124.0,2.0626811943062594e-10,0.00046392948271862676,0.03291172095083972,0.0008360315396758602
4169,F03449,Vidor utca,47.495319,19.240607,552,552.0,1.3975100374887902e-06,0.0009278589654372535,0.041971470080290806,0.00500150719800596
4170,F03450,Vidor utca,47.494842,19.240698,553,553.0,5.692055605319638e-06,0.0009278589654372535,0.04327292957913984,0.01394450848769511
4171,F03451,Cinkotai út,47.491456,19.243393,556,556.0,3.12793561818861e-07,0.00046392948271862676,0.040249465368597845,0.0006263518990971781
4172,F03452,Gyöngytyúk utca,47.491034,19.243007,554,554.0,2.330363105833855e-05,0.0006958942240779401,0.04518723198168742,0.014775328910377356
4173,F03453,Gyöngytyúk utca,47.491025,19.243153,555,555.0,5.7438119154194415e-06,0.0006958942240779401,0.04383676091778012,0.008278980656286822
4174,F03454,Rétsár utca,47.485502,19.243318,557,557.0,0.00010042019855987426,0.00046392948271862676,0.047334814371289356,0.015158076628205671
4175,F03455,Rétsár utca,47.485718,19.243545,558,558.0,2.4684276253437172e-05,0.00046392948271862676,0.04583839836049459,0.008567913616170087
4176,F03456,Liszt Ferenc utca,47.487308,19.249429,549,549.0,1.1967470197638775e-06,0.00046392948271862676,0.04134943658076939,0.00021207840143428781
4177,F03457,Rákosliget vasútállomás,47.485035,19.258549,87,87.0,5.827574470589206e-06,0.00046392948271862676,0.04338085940670211,0.004723882335531407
4178,F03458,IV. utca,47.487282,19.259049,86,86.0,1.5737876429450054e-06,0.0009278589654372535,0.04161538145999859,0.004568349108362252
4179,F03459,Rákosliget vasútállomás,47.4865,19.2587,85,85.0,1.6857445873506035e-06,0.00046392948271862676,0.04165103846456699,0.0009438337881803329
4180,F03460,Harsona utca,47.490687,19.270701,133,133.0,4.257526581574529e-09,0.00046392948271862676,0.03537293835847591,0.0016993512044912982
4181,F03461,Rákoscsaba-Újtelep vasútállomás,47.488118,19.273595,130,130.0,9.351481917387237e-10,0.00046392948271862676,0.03409705432980874,0.001267166625858925
4182,F03462,Bártfai utca,47.492805,19.268439,136,136.0,1.9387726046481952e-08,0.00046392948271862676,0.03675336243477333,0.0021325135154055
4183,F03463,Bártfai utca,47.493235,19.269317,137,137.0,2.7491376684447377e-08,0.00046392948271862676,0.03687775986056188,0.0034759728272718946
4184,F03464,Ároktő út,47.491445,19.264758,81,81.0,1.247467205735072e-07,0.0006958942240779401,0.03837169465443552,0.003953774062935846
4185,F03465,Ároktő út,47.491534,19.265209,82,82.0,8.828868151249247e-08,0.00046392948271862676,0.03824590358570685,0.0025659269869058596
4186,F03466,XVII. utca,47.492156,19.259771,92,92.0,1.4366867656030097e-07,0.0006958942240779401,0.03841990713935952,0.00027217837154754597
4187,F03468,XVIII. utca,47.491956,19.260752,93,93.0,4.020571610460131e-07,0.0006958942240779401,0.039864799087226684,0.0031219089174564845
4188,F03469,XVIII. utca,47.492532,19.260383,94,94.0,1.022075860002976e-07,0.00046392948271862676,0.038318180891577645,0.0013059581194164863
4189,F03471,Tarack utca,47.492692,19.251572,550,550.0,9.562460627248283e-08,0.00046392948271862676,0.03874814147181915,0.00023307030125658458
4190,F03472,Tarack utca,47.492628,19.251838,551,551.0,1.3655176305209766e-06,0.0006958942240779401,0.04148198277537762,0.009481894041202518
4191,F03473,Egészségház,47.478132,19.255934,595,595.0,7.5114104703323265e-06,0.0006958942240779401,0.0435282710610207,0.003680015559338598
4192,F03474,Szárny utca,47.480964,19.265353,75,75.0,3.5942830481475777e-06,0.0006958942240779401,0.04213377599519275,0.011102506917170506
4193,F03475,Szárny utca,47.480552,19.264476,76,76.0,5.685767719395341e-06,0.00046392948271862676,0.04320980781291614,0.01238483845030741
4194,F03476,Szabadság sugárút,47.482998,19.274225,112,112.0,8.292622014700387e-07,0.0006958942240779401,0.04036515676521165,0.010650598543935484
4195,F03477,Szabadság sugárút,47.482578,19.273226,110,110.0,1.3119533706613442e-06,0.0006958942240779401,0.041342222949423114,0.011959641517982811
4196,F03478,Lemberg utca,47.483566,19.278314,113,113.0,2.8813421362788743e-07,0.00046392948271862676,0.03962359064063235,0.003839048120856219
4197,F03479,Péceli út,47.484007,19.278131,114,114.0,1.8210088666846316e-07,0.00046392948271862676,0.038725583801446126,0.0019077966442009417
4198,F03480,Lemberg utca,47.484249,19.27857,115,115.0,2.888403995356073e-07,0.00046392948271862676,0.03962980272775475,0.007265237316896566
4199,F03481,Lemberg utca,47.484553,19.279181,116,116.0,1.8212484781627128e-07,0.00046392948271862676,0.038736661479351786,0.007889609388554488
4200,F03482,Csaba vezér tér,47.486806,19.286317,153,153.0,1.5554950424637154e-08,0.00046392948271862676,0.03662201801886696,0.0030231565447284563
4201,F03483,Csaba vezér tér,47.486869,19.286224,154,154.0,9.330058119947624e-09,0.0006958942240779401,0.035862746844073805,0.007072781342241163
4202,F03484,Csaba vezér tér,47.4863,19.287337,156,156.0,1.7053237357950916e-09,0.0006958942240779401,0.03401202579461241,0.0017489388016733755
4204,F03486,Lemberg utca,47.480628,19.280849,103,103.0,3.999398145625915e-08,0.00046392948271862676,0.03722898696656152,0.0014831199730905241
4205,F03487,Csabagyöngye utca,47.480693,19.280239,104,104.0,6.347171017486309e-08,0.00046392948271862676,0.03805474508047604,0.003414195637335493
4206,F03488,Alsódabas utca,47.483508,19.289563,1,1.0,2.3787996531310544e-09,0.0009278589654372535,0.03458408401969601,0.004360186015586783
4207,F03489,Alsódabas utca,47.482969,19.289322,2,2.0,2.0505659981065433e-09,0.00046392948271862676,0.034575253826081405,0.0006410861679517734
4208,F03490,Alsódabas utca,47.482733,19.290051,3,3.0,7.4082873878621815e-09,0.001159823706796567,0.03528668939520899,0.00566018956832184
4209,F03491,Óvónő utca,47.485009,19.281039,149,149.0,6.684260092781593e-08,0.0006958942240779401,0.03806544223497266,0.006873538030748771
4210,F03492,Óvónő utca,47.4856,19.282567,150,150.0,4.01083530288884e-08,0.00046392948271862676,0.03724288260942934,0.007466224400458576
4211,F03493,Regélő utca,47.477458,19.292508,18,18.0,1.6268770435582619e-09,0.00046392948271862676,0.0340382842485537,0.0013747979470748763
4212,F03494,Regélő utca,47.477178,19.292758,19,19.0,9.799707988139786e-10,0.0006958942240779401,0.03339052120631757,0.0009437226820297433
4213,F03495,Nagyszentmiklósi út,47.472074,19.294818,30,30.0,7.903401738468738e-11,0.00046392948271862676,0.03179056456429438,0.0005277229901713435
4214,F03496,Nagyszentmiklósi út,47.471786,19.294975,31,31.0,2.0535513308839012e-10,0.0006958942240779401,0.03299879581545644,0.006279420658336887
4215,F03498,Kucorgó tér,47.469017,19.294153,32,32.0,6.833302748797461e-10,0.0006958942240779401,0.034057545837039016,0.00828917058206451
4216,F03499,Kucorgó tér,47.469134,19.294512,33,33.0,2.0600891259783506e-10,0.00046392948271862676,0.0331551895802187,0.0013045998446751176
4217,F03500,Nyomdász utca,47.465497,19.308356,58,58.0,5.52515035952926e-13,0.0006958942240779401,0.028955468091023853,0.001732111042400751
4218,F03501,Nyomdász utca,47.465099,19.309083,59,59.0,7.235908093682613e-12,0.00046392948271862676,0.030716877450266054,0.0008699485102858334
4219,F03502,Pesti út,47.464147,19.312607,47,47.0,1.6560724631471223e-13,0.0006958942240779401,0.028096989496649783,0.00043669649916228977
4220,F03503,Sáránd utca,47.464039,19.312513,48,48.0,1.5855360343435546e-12,0.00046392948271862676,0.029743413704087663,0.00043508189539412747
4221,F03504,Rákoskert sugárút,47.461105,19.31348,45,45.0,3.321771760726583e-13,0.00023196474135931338,0.028829317261755853,0.0
4222,F03505,Sáránd utca,47.461284,19.313561,46,46.0,2.032407748818262e-13,0.00046392948271862676,0.02810302872504737,8.539459929391583e-06
4223,F03506,Zrínyi utca,47.459624,19.29976,51,51.0,9.911951413014546e-12,0.00046392948271862676,0.03096775239575128,0.00043508189539412747
4224,F03507,Rákoskert sugárút,47.459614,19.300555,52,52.0,3.636587165149634e-12,0.0006958942240779401,0.029888072358810296,0.0013102330178218172
4225,F03508,Vecsey Ferenc utca,47.470547,19.289664,14,14.0,9.38109857437496e-10,0.00046392948271862676,0.034368100027948253,0.0017390358985619801
4226,F03509,Vecsey Ferenc utca,47.470502,19.289425,15,15.0,2.9063782287733596e-09,0.00046392948271862676,0.03529095900580223,0.008611661571754848
4227,F03510,Tápióbicske utca,47.47236,19.278304,99,99.0,1.9453504596707524e-08,0.00046392948271862676,0.03707899192817641,0.0026072621648284403
4228,F03511,Tápióbicske utca,47.471981,19.279098,100,100.0,6.005602326999037e-08,0.00046392948271862676,0.038071939870505576,0.009456368443132015
4229,F03512,Oroszvár utca,47.474461,19.270897,107,107.0,4.0342191030425306e-07,0.00046392948271862676,0.040250747185097725,0.003474627309085214
4230,F03513,Oroszvár utca,47.474508,19.270141,108,108.0,1.2454579603592933e-06,0.00046392948271862676,0.0413476329369413,0.010305650025185735
4231,F03514,Mezőtárkány utca,47.477037,19.264182,73,73.0,1.8371597504203622e-06,0.00046392948271862676,0.04204780300064753,0.003907986960459969
4232,F03515,Mezőtárkány utca,47.477192,19.263453,74,74.0,5.671837510299162e-06,0.00046392948271862676,0.04321177758055514,0.010731474858975895
4233,F03516,Széchenyi utca,47.473459,19.253634,602,602.0,1.2661337308015704e-06,0.00046392948271862676,0.04144480238267067,0.003598773105451595
4234,F03517,Széchenyi utca,47.473818,19.25402,603,603.0,1.6497948755781805e-06,0.00046392948271862676,0.04165241110812131,0.0031212980714037876
4235,F03518,Ferihegyi út,47.467379,19.248464,584,584.0,8.792355930666076e-08,0.0006958942240779401,0.03845224614462859,0.0023819941841367216
4236,F03519,Szabadság utca,47.467515,19.247948,585,585.0,6.835722669204419e-08,0.0009278589654372535,0.038305019251039456,0.002867723575328194
4237,F03520,Kerülő utca,47.463664,19.247058,586,586.0,1.497759221240408e-08,0.00046392948271862676,0.03680294911559598,0.00043508189539412747
4238,F03521,"Rákoshegy, Ferihegyi út",47.460535,19.246303,587,587.0,3.137706864071397e-09,0.00023196474135931338,0.03541357488309664,0.0
4239,F03522,Baross utca,47.462996,19.239562,610,610.0,6.245008771514448e-10,0.00023196474135931338,0.03435408748376725,0.0
4240,F03523,Melczer utca,47.462925,19.238991,612,612.0,2.4390000246190428e-09,0.00046392948271862676,0.03673982961331929,0.0012557636060303349
4241,F03524,Melczer utca,47.463329,19.239536,611,611.0,1.0929959482798682e-09,0.00046392948271862676,0.0361076148517607,0.0008292486781953702
4242,F03525,Rákoshegy vasútállomás,47.46754,19.243703,582,582.0,2.261803893043173e-08,0.0006958942240779401,0.037053627374286774,0.001222665574519105
4243,F03526,Rákoshegy vasútállomás,47.468017,19.243665,583,583.0,3.3053112099088754e-08,0.0006958942240779401,0.03734632792836774,0.0011381268424633744
4244,F03528,Rákoshegy vasútállomás,47.468302,19.245138,581,581.0,1.4320257820827066e-08,0.00023196474135931338,0.03680223468943774,0.0
4245,F03529,Lőrinci út (Szabadság utca),47.469986,19.237304,574,574.0,1.5075043335401593e-08,0.00046392948271862676,0.036863776887915055,8.351563619450607e-05
4246,F03530,Lőrinci út (Szabadság utca),47.469527,19.238405,575,575.0,5.876363498026021e-08,0.0006958942240779401,0.03825284889764421,0.0019575237521957784
4247,F03531,Lőrinci út,47.469467,19.237012,572,572.0,1.3604996335930834e-08,0.0006958942240779401,0.037068479543870166,0.001355308171299477
4248,F03532,Lőrinci út,47.469683,19.236813,573,573.0,3.833056246149087e-09,0.00046392948271862676,0.03584240630307497,0.0007408800433575432
4249,F03533,Bánya part,47.471046,19.239047,570,570.0,2.3385111128569182e-07,0.00046392948271862676,0.03956818228438411,0.0020248354300020557
4250,F03534,Bánya part,47.471574,19.239725,571,571.0,4.934217828395809e-08,0.00046392948271862676,0.038026502949357555,0.0004254861087137662
4251,F03535,Bulyovszky utca,47.473864,19.241802,566,566.0,1.0575426414966343e-06,0.00046392948271862676,0.041108250960399315,0.002410732906609603
4252,F03536,Bulyovszky utca,47.474125,19.242228,567,567.0,2.2046160867651244e-07,0.00046392948271862676,0.039410255021134925,0.0007995742964750645
4253,F03537,Árpád fejedelem utca,47.476846,19.244745,568,568.0,4.8144585593977814e-06,0.00046392948271862676,0.04289160343868725,0.0028208655857772484
4254,F03538,Árpád fejedelem utca,47.476055,19.244172,569,569.0,1.003049698584469e-06,0.00046392948271862676,0.04101398229905884,0.0012020447837606878
4255,F03541,Bakancsos utca,47.482272,19.243864,560,560.0,0.00011209149361264033,0.0006958942240779401,0.048095548170675725,0.025684077491535486
4256,F03542,Bakancsos utca,47.482201,19.2432,561,561.0,0.0004560778503683316,0.0006958942240779401,0.04975606109288618,0.05282323774830267
4257,F03543,"Rákoskeresztúr, Kis utcai lakótelep",47.482087,19.241621,562,562.0,0.00010128512182787731,0.00023196474135931338,0.04786725036084673,0.0
4258,F03544,Kis utca,47.483315,19.238918,630,630.0,0.00048351025689246995,0.0009278589654372535,0.050441141886169896,0.029873884624029803
4259,F03545,Kis utca,47.483226,19.238334,631,631.0,0.0019648581353492135,0.0006958942240779401,0.05221306594119158,0.05596887868509291
4260,F03546,Borsó utca,47.484232,19.233694,634,634.0,0.00012369877279522112,0.0009278589654372535,0.04958493272458272,0.012672706024939194
4261,F03547,Borsó utca,47.483971,19.233839,635,635.0,0.008492427436868653,0.0006958942240779401,0.05496992672315977,0.08190484440416411
4263,F03549,509. utca,47.48481,19.2258,837,837.0,0.008072732734075445,0.00046392948271862676,0.05626110092268438,0.02122734130112849
4264,F03550,Pesti út,47.483931,19.230747,627,627.0,1.0374198812581525e-09,0.00046392948271862676,0.03300568977431377,0.0017390358985619801
4265,F03551,501. utca,47.482212,19.219238,839,839.0,5.765694373427714e-07,0.00046392948271862676,0.04281266243150028,0.00043508189539412747
4266,F03552,"Akadémiaújtelep, 525. tér",47.480709,19.21983,840,840.0,1.207842222273963e-07,0.00023196474135931338,0.04094400617220689,0.0
4267,F03553,513. utca,47.480427,19.227923,622,622.0,2.278199026864175e-10,0.00046392948271862676,0.031885469752204444,0.0013045998446751176
4268,F03554,Uszoda,47.479302,19.233982,633,633.0,0.000433815918933925,0.00046392948271862676,0.04951435333825289,0.004518476133660714
4269,F03556,Szürkebegy utca,47.475445,19.23893,565,565.0,2.0916527602860836e-05,0.00023196474135931338,0.04483405228250099,0.0
4270,F03557,"Rákoskeresztúr, Aranylúd utca",47.471763,19.235335,576,576.0,2.2965189988474e-12,0.00023196474135931338,0.028936243260070906,0.0
4271,F03558,Barátka utca,47.473344,19.230883,621,621.0,1.0961608912383776e-11,0.00046392948271862676,0.029857241230488225,0.00043508189539412747
4272,F03559,Vadkacsa utca,47.477055,19.227527,623,623.0,5.0025215253214485e-11,0.00046392948271862676,0.030838292970349575,0.0008699485102858334
4273,F03561,Melczer utca,47.465476,19.234145,577,577.0,2.980982952939859e-09,0.00046392948271862676,0.03566003908268181,0.00043508189539412747
4274,F03562,Bocskai István utca,47.456181,19.232336,615,615.0,3.8493433098544843e-10,0.00046392948271862676,0.038045580875000165,0.0016096223517346117
4275,F03563,Bocskai István utca,47.456728,19.233014,616,616.0,2.3010306431868312e-10,0.00046392948271862676,0.03688816433419651,0.0011002871987026964
4276,F03564,Orgoványi utca,47.452885,19.229036,604,604.0,1.6479713915468243e-09,0.00046392948271862676,0.039157912171676044,0.0019263590298567506
4277,F03565,Orgoványi utca,47.453433,19.229595,605,605.0,1.0019008575358727e-09,0.00046392948271862676,0.037906371635492334,0.0014185969625899707
4278,F03566,Óvónő utca,47.481629,19.284317,151,151.0,8.808095314445822e-09,0.00046392948271862676,0.03584986182180675,0.0010612778285951836
4279,F03567,Óvónő utca,47.481789,19.28522,152,152.0,1.4848764516917263e-08,0.00046392948271862676,0.03661742028415219,0.0029924790731333736
4280,F03568,Nyomdok utca,47.466726,19.30547,60,60.0,2.35053792701588e-12,0.00046392948271862676,0.029874414084331793,0.002164394291263397
4281,F03569,Nyomdok utca,47.466573,19.305562,61,61.0,3.295323271261692e-11,0.00046392948271862676,0.031755685761286685,0.0013045998446751176
4282,F03570,Erzsébet körút,47.460256,19.306991,56,56.0,2.076589213137084e-12,0.00023196474135931338,0.02997810450252126,0.0
4283,F03571,Erzsébet körút,47.460131,19.306526,57,57.0,8.044721703988347e-13,0.00046392948271862676,0.028968077526975812,0.0004422220320577785
4284,F03572,Ároktő út,47.495779,19.260729,79,79.0,9.31795876976011e-08,0.00046392948271862676,0.038311598940914744,0.0012910066749513781
4285,F03573,Ananász utca,47.495993,19.261234,80,80.0,2.2459363609768797e-08,0.00046392948271862676,0.03682618307498365,0.0008740516114330784
4286,F03574,Olcsva utca,47.468084,19.30163,62,62.0,1.0666984133900866e-11,0.00046392948271862676,0.030853851263179494,0.0025980768633917842
4287,F03575,Olcsva utca,47.467749,19.302358,63,63.0,1.5005940666762588e-10,0.00046392948271862676,0.03286664617157189,0.0017390358985619801
4288,F03576,Bártfai utca,47.497256,19.264093,77,77.0,5.000661749017994e-09,0.00046392948271862676,0.03544800713869518,0.00044353545669447797
4289,F03577,Bártfai utca,47.497472,19.264359,78,78.0,2.0476829914697625e-08,0.00046392948271862676,0.03681903104051613,0.000859153987093575
4290,F03578,"Rákoscsaba-Újtelep, Naplás út",47.498956,19.269208,134,134.0,1.410726450233243e-09,0.00046392948271862676,0.03418066019637061,2.3576803023542924e-05
4291,F03579,Almásháza utca,47.498784,19.269831,135,135.0,4.565326337347054e-09,0.00046392948271862676,0.03544237421208805,0.00042859298225030203
4292,F03580,Diadal utca,47.495861,19.274398,126,126.0,1.7332008309070269e-09,0.0006958942240779401,0.03421088345950079,0.001356106812765198
4293,F03581,Jászágó utca,47.496591,19.273432,128,128.0,1.3152694209880152e-09,0.00046392948271862676,0.03418497453553492,5.1667320581192775e-06
4297,F03585,Rózsaszál utca,47.462875,19.297918,53,53.0,4.523541144188915e-11,0.00046392948271862676,0.032024431250123664,0.0008699485102858334
4298,F03586,Rózsaszál utca,47.462749,19.297865,54,54.0,1.5791599030520157e-11,0.0009278589654372535,0.03086842001403036,0.002297758255936788
4299,F03587,Bulyovszky utca,47.471258,19.251994,600,600.0,2.7955895889456084e-07,0.00046392948271862676,0.03976946576586559,0.0031875442897257946
4300,F03588,Bulyovszky utca,47.470836,19.25182,601,601.0,3.640311511617491e-07,0.00046392948271862676,0.03994669752400379,0.002704541587063222
4301,F03589,Ady Endre utca,47.465717,19.24176,578,578.0,1.1090345604671112e-08,0.0006958942240779401,0.03683691633796807,0.00139691106836034
4302,F03590,Ady Endre utca,47.466193,19.242372,579,579.0,4.9673249861086656e-09,0.00046392948271862676,0.036342608003214684,0.0009128524875379204
4303,F03591,Vörösmarty utca,47.461721,19.237939,608,608.0,2.499740849345337e-10,0.00046392948271862676,0.0361751353405403,0.0008469200388134142
4304,F03592,Vörösmarty utca,47.461371,19.23746,609,609.0,5.519572033553798e-10,0.00046392948271862676,0.03692624447890956,0.0012859631864345787
4305,F03593,Szent kereszt tér,47.480668,19.250836,588,588.0,0.00011194652964993723,0.0009278589654372535,0.047486576021433385,0.038042682438946845
4306,F03594,Szent kereszt tér,47.481165,19.249511,589,589.0,2.6901593583151956e-05,0.0006958942240779401,0.04597679898608436,0.016590960094216452
4307,F03595,"Újlak utca, lakótelep",47.482101,19.233395,637,637.0,0.0019711033222108956,0.0006958942240779401,0.05222744990403988,0.026017700673666582
4308,F03596,Rákóczi Ferenc utca,47.458884,19.235011,613,613.0,1.9597920475098423e-10,0.00046392948271862676,0.0371797046104547,0.0013905442127636286
4309,F03597,Rákóczi Ferenc utca,47.459261,19.235516,614,614.0,1.0039567293937194e-10,0.00046392948271862676,0.03639563285867009,0.0009187293432435176
4312,F03600,Homokiszőlők,47.456108,19.21507,695,695.0,1.5705302548332656e-07,0.00046392948271862676,0.043977088989473216,0.0030523712529518486
4313,F03601,Homokiszőlők,47.455603,19.215824,696,696.0,9.555787178321489e-08,0.00046392948271862676,0.04239998026953449,0.0025520907084452243
4314,F03602,Császárfa utca,47.474451,19.293807,26,26.0,3.5738477247937453e-10,0.00046392948271862676,0.03287576526738567,0.0009507671174717268
4315,F03603,Császárfa utca,47.474171,19.294045,27,27.0,2.483263676501494e-10,0.00046392948271862676,0.03227741855933287,0.000576091831110591
4316,F03604,Rákosliget vasútállomás,47.486313,19.258103,88,88.0,5.803925128977849e-07,0.00046392948271862676,0.03987528011508699,3.1750734599864424e-05
4317,F03605,Városközpont (Ferihegyi út),47.480073,19.256804,590,590.0,7.605012758956797e-06,0.0006958942240779401,0.043505296780221116,0.0015807106565235735
4318,F03610,Városközpont (Ferihegyi út),47.479911,19.256936,591,591.0,2.6244989675438956e-05,0.0006958942240779401,0.04539171378134597,0.008377455652970892
4319,F03620,Szent Lőrinc-telep,47.433395,19.174344,392,392.0,3.02040210273797e-06,0.0006958942240779401,0.05007674149244412,0.013080872097444607
4320,F03621,Szent Lőrinc-telep,47.433089,19.174369,393,393.0,7.728392952905907e-07,0.0006958942240779401,0.04773948221675302,0.006448413570320252
4322,F03623,Ipacsfa utca,47.430145,19.169047,544,544.0,8.753066900616703e-07,0.0013917884481558802,0.047755716659110437,0.012545768116092933
4323,F03624,Ipacsfa utca,47.42992,19.168981,545,545.0,1.7867175767334293e-07,0.0006958942240779401,0.04557558309493829,0.005971210862431879
4324,F03625,Besence utca,47.428152,19.164921,542,542.0,1.913861967914867e-07,0.00046392948271862676,0.04553781508915487,0.004665282056293929
4325,F03626,Besence utca,47.428089,19.165106,543,543.0,4.093612383583095e-08,0.0006958942240779401,0.04356377903171515,0.002808146976760684
4330,F03631,Szentlőrinci út,47.425254,19.158248,537,537.0,2.886537039661252e-07,0.001159823706796567,0.04630526886306716,0.002428645406739681
4331,F03632,Szentlőrinci út,47.425416,19.157758,534,534.0,0.000502824623406146,0.0016237531895151936,0.06122889635344429,0.03700756282700001
4332,F03633,Varjú utca,47.43375,19.182943,397,397.0,2.4768579439040774e-08,0.0009278589654372535,0.042115056320416205,0.005191333338633056
4333,F03634,Varjú utca,47.434083,19.182904,398,398.0,8.530493128271966e-08,0.0009278589654372535,0.04402253147083933,0.004438269505771208
4334,F03635,Obszervatórium,47.430206,19.182735,401,401.0,5.4218765706232555e-09,0.00046392948271862676,0.04037031404339123,0.0008504883620456478
4335,F03636,Obszervatórium,47.429918,19.182827,402,402.0,1.9403776087798913e-08,0.00046392948271862676,0.04212628612867212,0.00023312723236600745
4336,F03637,Gilice tér,47.432034,19.184812,403,403.0,5.416757011740232e-09,0.00046392948271862676,0.040332095558853656,0.003390312898845073
4337,F03638,Gilice tér,47.432101,19.185643,404,404.0,1.865594704720933e-08,0.00046392948271862676,0.04206926334013904,0.003215172253935303
4338,F03639,Dalmady Győző utca,47.433488,19.194506,356,356.0,2.770587508837626e-10,0.0006958942240779401,0.03721254500435158,0.002579899186358818
4339,F03640,Dalmady Győző utca,47.433381,19.194267,357,357.0,9.392473001371457e-10,0.0006958942240779401,0.038686861773749255,0.002396371703481897
4340,F03641,Péterhalmi út,47.423128,19.189609,199,199.0,7.67327720140874e-09,0.00046392948271862676,0.041651953550217405,0.00014366877639458809
4341,F03642,Péterhalmi út,47.423353,19.189477,200,200.0,1.2127529275738396e-09,0.00046392948271862676,0.03879333574364018,0.0004389115095075853
4342,F03643,Kettős-Körös utca,47.418773,19.182732,201,201.0,3.895127448299896e-10,0.00046392948271862676,0.037402693349215685,0.00023132974289506738
4343,F03644,Kettős-Körös utca,47.419583,19.18284,202,202.0,1.736665405591529e-08,0.00046392948271862676,0.04283636260050151,0.00043186695257896573
4344,F03645,Szálfa utca,47.415402,19.186532,219,219.0,7.555443771754302e-08,0.00046392948271862676,0.04459832783155792,0.0007966065736814606
4345,F03646,Szálfa utca,47.415131,19.186915,220,220.0,6.537800121802734e-10,0.00046392948271862676,0.038312760297308075,0.0003831388295927904
4346,F03647,Vezér utca,47.411011,19.19016,213,213.0,1.5765452216938247e-06,0.00046392948271862676,0.04892275957812461,0.0016060321957137107
4347,F03648,Vezér utca,47.410723,19.190543,214,214.0,1.2494198567232586e-08,0.00046392948271862676,0.041034400073411734,0.0010940257838707272
4348,F03649,Kisfaludy utca (Nemes utca),47.408894,19.19295,217,217.0,5.7133205183513244e-08,0.00046392948271862676,0.04277450713066335,0.0015008903226454752
4349,F03650,Kisfaludy utca,47.408991,19.193891,215,215.0,2.49417182816326e-07,0.00046392948271862676,0.04472563739246239,0.003329681908435781
4350,F03651,Kisfaludy utca,47.409027,19.194103,216,216.0,6.867046160058116e-06,0.00046392948271862676,0.05151782817135275,0.003628789861644882
4351,F03652,Kisfaludy utca,47.40817,19.193681,218,218.0,7.210942677214445e-06,0.0006958942240779401,0.05151642824939051,0.0028850324976445537
4352,F03653,Damjanich utca,47.411541,19.198019,207,207.0,1.5015238256222578e-06,0.00046392948271862676,0.04888932688100716,0.00320278665258153
4353,F03654,Damjanich utca,47.411182,19.197263,208,208.0,5.7139858410492166e-08,0.0006958942240779401,0.04274653764425871,0.0029131887892361636
4354,F03655,Szigeti Kálmán utca,47.405035,19.198018,240,240.0,2.61311434632537e-07,0.0006958942240779401,0.04472880306220822,0.0027794381125366766
4355,F03656,Szigeti Kálmán utca,47.404215,19.198943,241,241.0,1.5731057944926925e-06,0.00046392948271862676,0.04883580370659048,0.00043508189539412747
4358,F03659,"Pestszentimre, Ültetvény utca",47.396787,19.175078,253,253.0,1.4046044738497585e-07,0.00046392948271862676,0.0445061933420592,0.0018019942686748334
4359,F03661,Vásáros tér,47.410317,19.184076,225,225.0,6.86629362143681e-06,0.00046392948271862676,0.051469574789371114,0.0008699485102858334
4360,F03662,Törvény utca,47.408881,19.180932,223,223.0,1.4979174022759802e-06,0.00046392948271862676,0.04879369737457394,0.00043508189539412747
4361,F03663,Ady Endre utca,47.405855,19.189024,242,242.0,1.1381804513339534e-06,0.0009278589654372535,0.04691778303017251,0.006971950629319581
4362,F03664,Ady Endre utca,47.406313,19.189953,243,243.0,3.1409408454315425e-05,0.0009278589654372535,0.05445441096629888,0.008612953853671198
4363,F03665,Pestszentimre vasútállomás (Vasút utca),47.404504,19.185823,249,249.0,3.125533930443994e-07,0.00023196474135931338,0.04638116985423109,0.0
4365,F03672,Pestszentimre vasútállomás (Dózsa Gy.u.),47.403503,19.185428,245,245.0,1.3437643306882255e-05,0.0006958942240779401,0.05163569385659178,0.007899385588810346
4366,F03674,Pestszentimre felső vasútállomás,47.413951,19.172628,205,205.0,5.11767555919742e-08,0.00046392948271862676,0.04293045408887344,1.295271022903512e-05
4367,F03675,Pestszentimre felső vasútállomás,47.413069,19.173792,206,206.0,9.949007435447026e-06,0.00046392948271862676,0.05137264264342666,5.1860334325765916e-06
4368,F03676,Lajos utca,47.399113,19.178607,254,254.0,6.423234772419224e-07,0.00046392948271862676,0.04664076063206091,0.0022220890530919904
4369,F03677,Lajos utca,47.398951,19.178541,255,255.0,1.4495250801574914e-06,0.00046392948271862676,0.04909251810168177,0.0026120147075267878
4371,F03679,Közdűlő út,47.420175,19.164532,518,518.0,3.169796297196175e-05,0.00046392948271862676,0.05416658050833416,0.0
4372,F03680,Közdűlő út,47.419841,19.165194,519,519.0,1.386442893576173e-07,0.00046392948271862676,0.044986185389848624,0.0
4373,F03681,Kamiontelep,47.421742,19.162402,515,515.0,0.00011850123358503434,0.0006958942240779401,0.05748337101595475,0.0012838372115957554
4374,F03682,Kamiontelep,47.422291,19.162006,516,516.0,5.169497291108968e-07,0.0009278589654372535,0.047250462771769204,0.0029471578414141677
4375,F03683,Wlassics Gyula utca,47.437446,19.183973,387,387.0,2.886246004578253e-07,0.00046392948271862676,0.045809600526560246,0.003378253943738896
4376,F03684,Wlassics Gyula utca,47.438151,19.183979,388,388.0,7.304349363735927e-07,0.00046392948271862676,0.0464004679081623,0.0017056646866148086
4377,F03685,Dobozi utca,47.435611,19.183464,399,399.0,6.539919973213552e-08,0.00046392948271862676,0.04384081579408918,0.0029770224801684364
4378,F03686,Dobozi utca,47.435953,19.183412,400,400.0,1.702477747300582e-07,0.00046392948271862676,0.044385323386128245,0.0013061533112435667
4379,F03687,Törvény utca,47.413163,19.188416,221,221.0,3.447254447472799e-07,0.00046392948271862676,0.0466201157686908,0.001193620773776795
4380,F03688,Törvény utca,47.413772,19.188025,222,222.0,2.7435530268352386e-09,0.00046392948271862676,0.03955456071504388,0.000716905816248462
4381,F03689,Iparvasút,47.436341,19.197042,358,358.0,9.412191224668311e-08,0.00046392948271862676,0.04417331464168171,0.0011251510043612074
4382,F03690,Iparvasút,47.436417,19.196966,359,359.0,3.658944853330607e-108,0.00046392948271862676,0.0006535354452210221,6.027854067805824e-06
4383,F03691,Iparvasút,47.436522,19.196233,360,360.0,1.7727402105029025e-06,0.00046392948271862676,0.04833342641728777,0.001451900760113864
4384,F03692,Iparvasút,47.436689,19.195933,361,361.0,1.5343371196399124e-13,0.00046392948271862676,0.03137103905666149,0.0013045998446751176
4385,F03693,Csévéző utca,47.452922,19.196787,354,354.0,7.540706310171073e-06,0.0006958942240779401,0.050339351525230225,0.002878873447915942
4386,F03694,Gyömrői út,47.453471,19.19647,352,352.0,3.2844846196150627e-06,0.0006958942240779401,0.04824057094343937,0.003881901874053265
4387,F03695,Csévéző utca,47.45357,19.196908,353,353.0,1.998276677425621e-06,0.0006958942240779401,0.0463199764907937,0.003375699748869695
4388,F03696,Csévéző utca,47.452779,19.19623,355,355.0,8.704602782480983e-06,0.0006958942240779401,0.051017352236694756,0.0029562093337941026
4389,F03697,Fedezék utca,47.452025,19.194795,351,351.0,7.368685410987531e-06,0.0013917884481558802,0.048685935228343497,0.0014652499320685223
4390,F03698,Fedezék utca,47.45216,19.19514,349,349.0,5.181971730182711e-06,0.0009278589654372535,0.04866406514257064,0.0028821628866157103
4391,F03699,"Pestszentlőrinc, Fedezék utca",47.452177,19.195339,350,350.0,1.5378249328897903e-06,0.00023196474135931338,0.04628378989262215,0.0
4392,F03700,Lőrinci temető,47.447406,19.191614,344,344.0,3.767108165598403e-05,0.0009278589654372535,0.053941567114086826,0.010548072623213037
4393,F03701,Lőrinci temető,47.447215,19.190999,345,345.0,3.329266676649133e-06,0.00046392948271862676,0.048565581386438225,0.001135690108535702
4394,F03702,Lőrinci temető,47.446552,19.191346,346,346.0,2.5854239912863478e-05,0.001159823706796567,0.05319165348797598,0.011247289625309485
4395,F03703,Gárdonyi Géza utca,47.443488,19.189071,374,374.0,8.272629732355852e-06,0.00046392948271862676,0.05114259209840153,0.004135933074205294
4396,F03704,Gárdonyi Géza utca,47.443151,19.18896,375,375.0,1.1885232811885424e-05,0.0009278589654372535,0.05082927550516638,0.0008791201420737065
4397,F03705,Regény utca,47.443505,19.186521,376,376.0,1.5223692957803648e-05,0.0013917884481558802,0.051208900714225396,0.005129974958626751
4398,F03706,Regény utca,47.444119,19.187428,377,377.0,5.67009043557715e-06,0.00046392948271862676,0.050473371789667355,0.004719039732874474
4399,F03707,Thököly út,47.44305,19.178755,372,372.0,7.261195643404072e-07,0.0009278589654372535,0.04646870723544526,0.0027266750130440884
4400,F03708,Thököly út,47.442726,19.17951,370,370.0,1.4674716667807302e-11,0.00046392948271862676,0.03486167755195601,0.0026072621648284403
4401,F03709,Thököly út,47.442776,19.179174,371,371.0,3.277260428366059e-07,0.00046392948271862676,0.04574824912324165,3.6370359452573425e-05
4402,F03710,Thököly út,47.44259,19.180066,369,369.0,4.921269938398445e-108,0.00046392948271862676,0.0007995380446852928,8.288299343233008e-06
4403,F03711,"Pestszentlőrinc, Szarvas csárda tér",47.441585,19.18607,382,382.0,1.3393908851556107e-05,0.0006958942240779401,0.05113362600581767,0.00022327613894172955
4404,F03713,Szarvas csárda tér,47.440218,19.185416,383,383.0,1.9678634450118937e-06,0.0006958942240779401,0.04867406045755904,0.0038524764878271073
4405,F03714,Szarvas csárda tér,47.439483,19.187452,389,389.0,3.7069564093436784e-05,0.0009278589654372535,0.053821354960090155,0.008402205095814427
4406,F03715,Szarvas csárda tér,47.440405,19.186849,385,385.0,6.167150285509241e-06,0.00046392948271862676,0.05030595759145825,0.003991590837757462
4407,F03718,Szarvas csárda tér,47.440299,19.18543,384,384.0,4.610539486652208e-108,0.00046392948271862676,0.0007591573353577528,7.750098087178916e-06
4408,F03719,Szarvas csárda tér,47.439975,19.186158,386,386.0,3.2088439632764998e-12,0.00046392948271862676,0.033615502775685015,0.002173256671946421
4409,F03720,Szarvas csárda tér,47.441016,19.184804,379,379.0,3.3296346857302277e-06,0.00046392948271862676,0.0486690622868727,0.002114977144053136
4410,F03721,Szarvas csárda tér,47.441136,19.185048,380,380.0,1.3177049108953925e-06,0.0006958942240779401,0.048060190072545333,0.004369578852974817
4411,F03722,Iker utca,47.435883,19.169193,262,262.0,8.204436612576178e-08,0.00046392948271862676,0.04340966541780266,0.00034818629177327145
4412,F03723,Iker utca,47.435497,19.168953,263,263.0,1.7223982126917868e-07,0.00046392948271862676,0.04548318981314945,0.0020087702868246495
4413,F03724,Kapocs utca,47.402134,19.201692,236,236.0,3.282423786471793e-07,0.00023196474135931338,0.04641921373582497,0.0
4414,F03725,Kapocs utca,47.401647,19.202512,237,237.0,5.7008303347720965e-08,0.00046392948271862676,0.0426940731402251,0.00043508189539412747
4415,F03726,Kolozsvár utca (temető),47.438126,19.157108,309,309.0,3.9772873153246834e-09,0.00046392948271862676,0.04037633253379255,0.0001311096319190858
4416,F03727,Kolozsvár utca (temető),47.438548,19.157692,310,310.0,2.7208204327706214e-09,0.00046392948271862676,0.03982627630464147,0.00018323599785966517
4417,F03728,Csapó utca,47.441253,19.160442,313,313.0,1.5787859082072986e-08,0.00046392948271862676,0.04197936976133602,0.0005162907022054774
4418,F03729,Csapó utca,47.440907,19.160673,314,314.0,1.8052361003677145e-09,0.00046392948271862676,0.038824318932475184,8.193495885296462e-05
4419,F03730,Bozsik Stadion,47.444567,19.155185,317,317.0,3.276086129266018e-07,0.00046392948271862676,0.04579466207209671,0.001325936182055967
4420,F03731,Bozsik Stadion,47.444145,19.155344,318,318.0,2.6604742609498485e-08,0.00046392948271862676,0.041969147210477634,0.0007665453286248025
4421,F03732,Kispest vasútállomás,47.447568,19.158533,325,325.0,1.4980675853409517e-06,0.00046392948271862676,0.0480553171729917,0.0017462405816992194
4422,F03733,Kispest vasútállomás,47.447182,19.15824,326,326.0,1.2154982870314422e-07,0.00046392948271862676,0.04381092870361879,0.001176802111303002
4423,F03734,Lajosmizsei sorompó,47.450561,19.161323,328,328.0,4.61053948665221e-108,0.00046392948271862676,0.0007591573353577528,7.750098087178916e-06
4424,F03735,Lajosmizsei sorompó,47.451499,19.158673,3161,3161.0,6.85045519385933e-06,0.00046392948271862676,0.05062770399881686,0.002176329763441347
4425,F03737,Lajosmizsei sorompó,47.450994,19.160104,329,329.0,2.9359771757582208e-08,0.00046392948271862676,0.04277933315563494,0.004774060421702212
4427,F03739,Tinódi utca,47.449542,19.163509,324,324.0,6.4195747136572985e-09,0.00046392948271862676,0.04092235319824501,0.004341131331332302
4429,F03741,Tinódi utca,47.44984,19.163032,322,322.0,4.921269938398446e-108,0.00046392948271862676,0.0007995380446852928,8.288299343233008e-06
4431,F03743,Hőerőmű,47.455951,19.165135,3165,3165.0,1.2925513551887697e-06,0.00046392948271862676,0.04801758567933984,0.001038203434897049
4432,F03744,Csillag utca,47.457252,19.1622,3162,3162.0,5.909097816862235e-06,0.00046392948271862676,0.0506000031438785,0.0014709262147854726
4436,F03748,Lakatos úti lakótelep,47.452082,19.174343,293,293.0,6.941029417620865e-08,0.00046392948271862676,0.043763901194420425,0.00021089481612419523
4440,F03752,Margó Tivadar utca,47.44815,19.166842,290,290.0,1.6076120710822932e-05,0.00046392948271862676,0.05238764573805755,0.0011043934557888224
4441,F03753,Margó Tivadar utca,47.446692,19.168045,286,286.0,3.1323293836390364e-05,0.00046392948271862676,0.05348125640835848,0.0008699485102858334
4442,F03754,Margó Tivadar utca,47.447267,19.168683,287,287.0,1.4387578669195784e-05,0.00046392948271862676,0.05248191116009511,0.004629732589269688
4443,F03755,Margó Tivadar utca,47.44791,19.167324,288,288.0,1.4036686908326749e-09,0.00046392948271862676,0.039219071727918074,0.003907986960459969
4444,F03756,Margó Tivadar utca,47.447883,19.167603,289,289.0,5.110822391506299e-108,0.00046392948271862676,0.00082589644176283,8.611220096865463e-06
4445,F03757,Dembinszky utca,47.443548,19.163424,316,316.0,6.541714236871237e-05,0.0006958942240779401,0.05544660498922835,0.0065216030790777434
4446,F03758,Havanna utca,47.444352,19.169352,283,283.0,6.834823292369758e-06,0.00046392948271862676,0.0505979774421633,0.00043508189539412747
4447,F03759,Vörösmarty Mihály utca,47.43968,19.164184,270,270.0,0.00028303983257320765,0.0006958942240779401,0.05885478448378541,0.017401416925204565
4448,F03760,Kondor Béla sétány,47.439151,19.166642,272,272.0,6.18925868067084e-05,0.00046392948271862676,0.055555467188035036,0.010108364990041113
4449,F03761,Barta Lajos utca,47.437898,19.169516,266,266.0,1.357330317797143e-05,0.00046392948271862676,0.05265098431692552,0.009702671936049729
4450,F03762,Margó Tivadar utca,47.439397,19.172343,258,258.0,3.659774592650471e-07,0.0006958942240779401,0.04549137524845399,0.0008984807730730489
4451,F03763,Baross utca,47.439793,19.171774,259,259.0,1.4264315014126281e-06,0.00023196474135931338,0.04800846599201549,0.0
4452,F03764,Margó Tivadar utca,47.437752,19.17108,265,265.0,7.752517872546605e-07,0.0006958942240779401,0.047730467850594684,0.002884582036332705
4453,F03765,Fiatalság utca,47.436554,19.172654,260,260.0,3.1553560431004698e-06,0.0006958942240779401,0.05009394294676238,0.009501524524604253
4454,F03766,Kinizsi Pál utca,47.436733,19.173503,261,261.0,7.066379335071686e-07,0.00046392948271862676,0.047614785960209356,0.0006432739480619097
4455,F03767,Kossuth Lajos utca,47.442919,19.175758,273,273.0,3.875741237985623e-07,0.0006958942240779401,0.04608408954608689,0.00044727850157743574
4456,F03768,Baross utca,47.444502,19.175311,277,277.0,6.711138492103576e-11,0.00046392948271862676,0.03620311301675109,0.003041052377208038
4457,F03769,Baross utca,47.443278,19.175945,274,274.0,9.651302632067212e-07,0.0006958942240779401,0.047690845048530175,0.0018382972206713905
4458,F03770,Baross utca,47.444075,19.176167,278,278.0,8.056142953215283e-07,0.00046392948271862676,0.047479440458600676,0.0003596347930299662
4459,F03771,Baross utca,47.444475,19.175603,275,275.0,5.110822391506298e-108,0.00046392948271862676,0.00082589644176283,8.611220096865463e-06
4461,F03774,Mikszáth Kálmán utca,47.450802,19.177337,292,292.0,4.8331340087743223e-08,0.00046392948271862676,0.04205339923897155,3.460454676009122e-05
4471,F03786,Tövishát utca,47.427276,19.172852,523,523.0,2.2010046967628609e-07,0.0006958942240779401,0.04546791821257904,0.0006745044132166321
4472,F03787,"Pestszentlőrinc, Béke tér",47.428881,19.218932,641,641.0,1.3521570016747021e-06,0.00046392948271862676,0.047808102831715944,0.0035675343795234164
4475,F03790,"Pestszentlőrinc, Béke tér",47.428755,19.218998,642,642.0,8.513607030387797e-06,0.0006958942240779401,0.05095427728465982,0.005212143327895268
4476,F03791,"Pestszentlőrinc, Béke tér",47.429346,19.217836,644,644.0,8.094747440952338e-109,0.00023196474135931338,0.0004395121415229095,0.0
4478,F03793,Gyergyó utca,47.426108,19.226253,658,658.0,6.834880027885632e-08,0.00046392948271862676,0.04345244826476497,0.0013045998446751176
4479,F03794,Gyergyó utca,47.426253,19.225617,659,659.0,4.062137490125031e-07,0.00046392948271862676,0.04596453716870194,0.00043508189539412747
4480,F03795,"Ganztelep, Mednyánszky utca",47.423864,19.234635,71,71.0,3.2604566242345315e-09,0.00046392948271862676,0.039770717191291945,0.00043508189539412747
4481,F03796,Kupeczky János utca,47.424816,19.230198,67,67.0,1.4943516415565702e-08,0.00046392948271862676,0.041530599088516626,0.0008699485102858334
4482,F03797,Kupeczky János utca,47.424554,19.230728,68,68.0,8.477929568293059e-08,0.00023196474135931338,0.043817510494070365,0.0
4483,F03798,Kétújfalu utca,47.419019,19.208536,661,661.0,6.8869689044738e-10,0.0006958942240779401,0.0383464702877597,0.0015173041827357913
4484,F03799,Alacskai út,47.416971,19.206595,663,663.0,7.561630219944864e-08,0.0006958942240779401,0.04449418115614715,0.002404075998264662
4485,F03800,"Pestszentimre, Benjámin utca",47.399054,19.205588,233,233.0,1.1895640218006541e-08,0.00023196474135931338,0.04083553004333123,0.0
4486,F03801,Honvéd utca,47.434488,19.20058,683,683.0,6.058439984022531e-11,0.00046392948271862676,0.03579537257692532,0.0017390358985619801
4487,F03802,Üllői út,47.435273,19.202182,687,687.0,2.0537373780771989e-10,0.00046392948271862676,0.03715602257374927,0.0008699485102858334
4488,F03803,Honvéd utca,47.434801,19.201495,685,685.0,3.35483736420571e-14,0.00046392948271862676,0.030356841994054518,0.0008699485102858334
4489,F03804,Honvéd utca,47.434346,19.202617,688,688.0,3.877679082546242e-07,0.00046392948271862676,0.04601641587882462,0.0010259388131468494
4490,F03805,Honvéd utca,47.434747,19.201893,686,686.0,3.0415120897839797e-108,0.00046392948271862676,0.0005964807634953772,4.8438113044868225e-06
4491,F03806,Honvéd utca,47.435036,19.200806,684,684.0,2.0635493513414255e-08,0.00046392948271862676,0.04224644444723057,0.0007037281442731084
4492,F03807,Szent László utca,47.441814,19.207651,697,697.0,9.352911448767361e-12,0.00023196474135931338,0.03442926600244615,0.0
4493,F03808,Szemeretelep vasútállomás,47.443151,19.212205,701,701.0,1.3191474214650183e-13,0.00023196474135931338,0.03105831027983971,0.0
4494,F03809,Szent László utca,47.439856,19.211861,702,702.0,6.320750762853361e-13,0.00046392948271862676,0.032121828495284575,0.00043508189539412747
4495,F03810,Ferihegy vasútállomás,47.436741,19.222565,639,639.0,1.033364335916761e-07,0.0009278589654372535,0.0440322448419295,0.0027907005118062707
4496,F03814,Billentyű utca,47.447556,19.207644,703,703.0,1.6488301719760747e-06,0.00046392948271862676,0.047781594318917646,0.002173256671946421
4497,F03816,Gyékény tér,47.430909,19.196271,689,689.0,2.0572285601513085e-10,0.00046392948271862676,0.03724215100120214,0.0007097079590379372
4498,F03817,Gyékény tér,47.430972,19.196364,690,690.0,7.881549631750467e-11,0.00046392948271862676,0.035863764477161206,0.00013731953129522768
4499,F03818,Bethlen Gábor utca,47.410871,19.176728,203,203.0,1.4265955494826438e-05,0.00046392948271862676,0.05148005696418871,2.043971232573003e-05
4500,F03819,Arany János utca,47.41051,19.177377,204,204.0,9.777613132372478e-08,0.00046392948271862676,0.0446046236216666,0.00018906951583472586
4501,F03820,Szélső utca,47.401169,19.181805,256,256.0,2.937884182492102e-06,0.00046392948271862676,0.049007491832431485,0.0026446487992618814
4502,F03821,Szélső utca,47.400855,19.181473,257,257.0,6.6299847358135415e-06,0.0006958942240779401,0.051725858908685744,0.01020301800895236
4503,F03822,Madarász utca,47.437835,19.192781,364,364.0,4.1862822512422455e-108,0.00046392948271862676,0.0007090243037775238,6.996616328703188e-06
4504,F03823,Madarász utca,47.437646,19.193085,367,367.0,7.016699661222954e-13,0.00046392948271862676,0.03245478978321642,0.0017390358985619801
4505,F03824,Madarász utca,47.43784,19.192591,365,365.0,4.303435022161735e-07,0.00046392948271862676,0.04630753096706633,0.0015510049266476622
4506,F03825,Madarász utca,47.437813,19.192353,366,366.0,8.106368742844695e-06,0.00046392948271862676,0.050920746630273045,0.0018808381911681281
4507,F03826,Csaba utca,47.454576,19.190135,336,336.0,7.651847513841513e-06,0.0006958942240779401,0.05035807150082864,0.004570319594012482
4509,F03828,Thököly út,47.448561,19.185592,339,339.0,7.286713808023219e-07,0.00046392948271862676,0.04618175505868716,0.0007018998961561051
4510,F03829,Kosztolányi Dezső utca,47.449086,19.192957,342,342.0,6.476535804275968e-06,0.00046392948271862676,0.05041230419719186,0.0011191589200640665
4511,F03830,Kosztolányi Dezső utca,47.449554,19.193118,343,343.0,9.399755147664104e-06,0.00046392948271862676,0.05111363604674231,0.000951790714305732
4512,F03831,Csörötnek utca,47.449718,19.181219,340,340.0,1.6216447720069925e-07,0.00046392948271862676,0.044020998172400724,0.00026810968377650687
4514,F03833,Kemény Zsigmond utca,47.445783,19.172318,281,281.0,3.0692190115446723e-10,0.00046392948271862676,0.03765116563808541,0.003474627309085214
4515,F03834,Kemény Zsigmond utca,47.446067,19.171902,279,279.0,5.1745294354935396e-108,0.00046392948271862676,0.0008350730688935281,8.718860348076281e-06
4516,F03835,Kemény Zsigmond utca,47.445377,19.173006,282,282.0,3.532934668850871e-06,0.0009278589654372535,0.04991654338577398,0.0043623183370800735
4518,F03837,Kispesti temető,47.442946,19.157555,311,311.0,7.166863151884154e-08,0.00046392948271862676,0.04378714948764209,0.0009170049247200605
4519,F03838,Kispesti temető,47.442685,19.158085,312,312.0,5.9291905699126974e-09,0.00046392948271862676,0.04030894206754256,0.0003650942034349904
4523,F03842,Tinódi utca,47.453832,19.170156,3179,3179.0,2.842445930010098e-07,0.00046392948271862676,0.0457278351574253,0.0006130854387566693
4524,F03843,Vajk utca,47.455751,19.185403,330,330.0,2.820202802288407e-05,0.0009278589654372535,0.05309556706972766,0.009167137360759291
4525,F03845,Pestszentlőrinc vasútállomás (átjáró),47.456339,19.182938,332,332.0,2.7118106513395533e-05,0.0006958942240779401,0.053046540692008606,0.003029249835409759
4526,F03846,Beszterce utca,47.425784,19.21472,664,664.0,1.2175907916686761e-09,0.00046392948271862676,0.03896916346091318,0.0005085940240695023
4527,F03847,Beszterce utca,47.425316,19.21444,665,665.0,2.077757634992481e-08,0.0006958942240779401,0.04174688285806101,0.0006113426496622932
4528,F03848,Halomi út,47.422774,19.211994,666,666.0,3.9784391576234254e-10,0.00046392948271862676,0.03761456142757052,0.00033665098448973493
4529,F03849,Halomi út,47.4221,19.211528,668,668.0,8.375429096818304e-09,0.0006958942240779401,0.04148289044761541,0.0015901137005699876
4530,F03850,Királyhágó út,47.422595,19.211304,667,667.0,1.510325878093171e-10,0.00046392948271862676,0.036911506046195995,0.0007573764616380826
4531,F03851,Selmecbánya utca,47.438409,19.20479,698,698.0,4.481402233541136e-11,0.00046392948271862676,0.035741048720233315,0.00043508189539412747
4532,F03852,Selmecbánya utca,47.436262,19.209357,682,682.0,2.8967355489793188e-12,0.00046392948271862676,0.033260181013889396,0.0008699485102858334
4533,F03853,Ungvár utca,47.431216,19.212049,669,669.0,1.5277305776522982e-15,0.00023196474135931338,0.02851194221591451,0.0
4534,F03854,Ungvár utca,47.431225,19.212261,670,670.0,1.5990175334954763e-108,0.00046392948271862676,0.0004880297155871268,1.8298842705839108e-06
4535,F03855,Ungvár utca,47.431031,19.212417,671,671.0,2.065987978011199e-08,0.00046392948271862676,0.042075332189437965,0.0001962123194065256
4536,F03856,Ungvár utca,47.431518,19.211331,672,672.0,2.1260684091460717e-09,0.00046392948271862676,0.038976373963912694,8.601545047602436e-05
4537,F03857,Sas utca,47.432712,19.189811,362,362.0,4.089419741770279e-09,0.00046392948271862676,0.040291808464835994,0.0027875303501903414
4538,F03858,Sas utca,47.432686,19.189069,363,363.0,1.1882188845456913e-09,0.00046392948271862676,0.038705422874006155,0.0029645203571304376
4539,F03859,Alacskai úti lakótelep,47.414198,19.202028,211,211.0,1.2497240725619402e-08,0.00046392948271862676,0.040973650413159764,0.0020704643924408517
4540,F03860,Alacskai úti lakótelep,47.413767,19.201563,212,212.0,3.290842155785445e-07,0.00046392948271862676,0.046544002695465374,0.0027829655819458714
4541,F03861,Alacskai úti lakótelep,47.4132,19.201482,209,209.0,1.5778283912840467e-08,0.00023196474135931338,0.04247930892776517,0.0
4542,F03862,Alacskai úti lakótelep,47.413047,19.201813,210,210.0,1.1923092262234551e-08,0.00023196474135931338,0.04088352366845359,0.0
4543,F03863,Tarkő utca,47.425102,19.207017,675,675.0,3.5069261505559344e-11,0.00046392948271862676,0.03560846561468973,0.0003564213151425918
4544,F03864,Tarkő utca,47.425093,19.20719,676,676.0,1.8319477909276979e-09,0.00046392948271862676,0.039812476486102095,0.0010412709646849844
4545,F03865,Nagyenyed utca,47.427365,19.203167,673,673.0,1.7020349860618802e-11,0.00046392948271862676,0.034746031024819164,0.00013357927985303852
4546,F03866,Nagyenyed utca,47.427428,19.203233,674,674.0,4.032913889090468e-10,0.00046392948271862676,0.03829341354511787,0.0006345003548932398
4547,F03867,Rába utca,47.427807,19.22154,656,656.0,1.861583186241944e-06,0.00046392948271862676,0.04833157812626214,0.0008699485102858334
4548,F03868,Rába utca,47.427797,19.221858,657,657.0,3.1258699087766103e-07,0.0006958942240779401,0.045559701955966925,0.003177267349432544
4550,F03870,Szemeretelep vasútállomás,47.444211,19.213256,700,700.0,3.605325955028133e-07,0.00046392948271862676,0.045470099241898015,0.0017390358985619801
4551,F03871,Zöldségpiac,47.416527,19.169056,512,512.0,3.341551309272935e-05,0.0006958942240779401,0.05419522655665696,0.00042064000339552254
4552,F03872,Zöldségpiac,47.417509,19.168144,513,513.0,1.4747960911838602e-07,0.0006958942240779401,0.04498725289303171,0.00025874980928601495
4553,F03873,Eke utca,47.407826,19.180974,224,224.0,4.174081361412638e-07,0.00046392948271862676,0.046828547167229326,0.000610983420497398
4554,F03874,Eke utca,47.406529,19.182468,226,226.0,5.842189433650616e-05,0.0009278589654372535,0.05446379723036271,0.00867607710581692
4557,F03877,Olt utca,47.429952,19.1988,691,691.0,4.648695290280118e-11,0.00046392948271862676,0.03591982337444833,0.00030635658422281247
4558,F03878,Olt utca,47.429709,19.199369,692,692.0,1.0060900364332724e-10,0.00046392948271862676,0.036916537358784446,0.00023679066224770677
4559,F03879,Goroszló utca,47.428595,19.175401,524,524.0,1.2305641860347254e-07,0.00046392948271862676,0.04346440271887055,6.183932432061511e-06
4560,F03880,Pestszentlőrinc vasútállomás (átjáró),47.456087,19.183004,333,333.0,3.462360872190902e-05,0.0006958942240779401,0.05379844543173699,0.005724777022479349
4561,F03881,Vajk utca,47.455328,19.186105,331,331.0,9.589395199517308e-06,0.0006958942240779401,0.05098785212715012,0.0020033426350891397
4562,F03882,Csaba utca,47.454379,19.189948,337,337.0,3.956173838760888e-06,0.0006958942240779401,0.04851400577797471,0.0010807362799717447
4563,F03883,Üllői út,47.433179,19.207227,681,681.0,1.3248094475354958e-11,0.00046392948271862676,0.034481553951213974,0.0013045998446751176
4565,F03885,Bajcsy-Zsilinszky út,47.43295,19.206964,679,679.0,7.320260210449811e-15,0.00046392948271862676,0.029405711326581447,0.00043508189539412747
4567,F03887,Bajcsy-Zsilinszky út,47.432928,19.206815,680,680.0,8.524137648393871e-08,0.00046392948271862676,0.04392156236196125,0.0006033970070188337
4568,F03888,Autópiac,47.432826,19.149011,302,302.0,7.867397218189817e-08,0.00046392948271862676,0.0441285876375754,0.0
4569,F03889,Autópiac,47.432007,19.149792,303,303.0,0.00013833242468877898,0.00046392948271862676,0.05748075670946867,0.0
4570,F03890,Karton utca,47.434164,19.161593,267,267.0,4.8232804642672315e-08,0.0006958942240779401,0.04344746918280499,0.0016540060467466768
4571,F03891,Karton utca,47.434327,19.160918,268,268.0,1.168727855711173e-08,0.0006958942240779401,0.04166202214683432,0.0012984139959288754
4572,F03892,Csíky utca,47.432307,19.16554,539,539.0,5.0149569144300686e-08,0.0006958942240779401,0.043510289125853654,0.001705913047111465
4573,F03893,Csíky utca,47.432005,19.16609,541,541.0,1.9271817591899577e-07,0.00046392948271862676,0.04546900870108395,0.0020136446867594533
4574,F03894,Csíky utca,47.432469,19.165924,540,540.0,2.71860941634826e-08,0.00046392948271862676,0.04164554879493214,7.047480791784775e-05
4575,F03895,Batthyány utca,47.443805,19.130723,3882,3882.0,3.751659329034641e-08,0.00046392948271862676,0.04303130757409029,0.00018068774882079374
4576,F03896,Debrecen utca,47.443238,19.131119,3883,3883.0,3.3205280184120735e-05,0.00046392948271862676,0.05248409052078223,4.8171788851892245e-05
4577,F03897,Rákóczi utca,47.452601,19.117277,3090,3090.0,1.430466297218688e-06,0.00046392948271862676,0.0473969428683641,0.0007765304461095012
4578,F03898,Gomb utca,47.452826,19.117436,3091,3091.0,9.135283167532817e-09,0.00046392948271862676,0.04084476775628175,0.00023857403953571378
4579,F03899,Corvin körút,47.462079,19.13412,3080,3080.0,0.0002687349506691382,0.00046392948271862676,0.05874627202924239,0.007367114073370825
4580,F03900,Corvin körút,47.461998,19.134504,3081,3081.0,8.094747440952338e-109,0.00023196474135931338,0.0004395121415229095,0.0
4583,F03903,Árpád utca,47.454545,19.151784,3216,3216.0,6.141285583025842e-07,0.00046392948271862676,0.04704585440267251,0.00563927276093477
4584,F03904,Árpád utca,47.454788,19.151413,3214,3214.0,3.658944853330608e-108,0.00046392948271862676,0.0006535354452210221,6.027854067805824e-06
4585,F03905,Árpád utca,47.454248,19.152221,3217,3217.0,0.00014325528230690413,0.0009278589654372535,0.056711297440634634,0.004554943489739848
4586,F03906,Árpád utca,47.454906,19.150936,3215,3215.0,1.1623636117933598e-05,0.0006958942240779401,0.05078502344709274,0.002501912276271692
4587,F03907,Naszód utca (Használtcikk piac),47.435889,19.143754,301,301.0,0.00016015693452048143,0.0009278589654372535,0.057491215362436184,0.0010855381886887686
4588,F03908,Használtcikk piac,47.435591,19.145464,300,300.0,8.833503497535319e-08,0.0006958942240779401,0.044135265226206394,0.00017964143653645236
4589,F03909,Alvinc utca,47.437654,19.140655,3913,3913.0,4.947295383099878e-05,0.00046392948271862676,0.054180512640155915,0.0
4590,F03911,Kéreg utca,47.439015,19.13802,3908,3908.0,7.694564504781471e-05,0.0009278589654372535,0.05482764525975174,0.00041729130190041556
4591,F03912,Vas Gereben utca,47.439338,19.137941,3909,3909.0,5.5951663271818754e-08,0.0006958942240779401,0.04309097003799654,0.0002560625704671092
4592,F03913,Zrínyi utca,47.441149,19.134895,3898,3898.0,1.9507448128069712e-08,0.00046392948271862676,0.04119937234422148,1.435203349477577e-07
4593,F03914,Radnó utca,47.440465,19.135464,3899,3899.0,2.2984296866254065e-05,0.00046392948271862676,0.05180147324421268,1.9734046055316685e-07
4594,F03915,Nagysándor József utca,47.446137,19.126669,3876,3876.0,0.00013614873166798146,0.0009278589654372535,0.05559293641990779,0.002681958362906005
4595,F03916,Hunyadi utca,47.446272,19.126934,3877,3877.0,1.6025111690180829e-07,0.0009278589654372535,0.04509908694225791,0.0022794958018685116
4596,F03917,Kossuth Lajos utca,47.449721,19.121423,3084,3084.0,6.509990066203113e-06,0.00046392948271862676,0.04973517630000382,0.001167231003095051
4597,F03918,Újlaki utca,47.450584,19.120669,3085,3085.0,9.291703103988894e-09,0.00046392948271862676,0.04117118883308965,0.0003518360530890383
4598,F03919,Álmos utca,47.455791,19.11763,3094,3094.0,0.00011220915867753443,0.00046392948271862676,0.055593751529747826,0.0007200491042941758
4599,F03920,Hungária út,47.454927,19.118597,3095,3095.0,7.964522123268647e-07,0.00046392948271862676,0.048377210604940116,0.003505244727707606
4600,F03921,Pannónia út,47.454728,19.125568,3073,3073.0,1.5591285953352157e-05,0.0006958942240779401,0.05256995584925535,0.0030481045349930783
4601,F03922,Kós Károly tér,47.454718,19.126562,3074,3074.0,6.598531506943987e-05,0.0009278589654372535,0.05552292627886061,0.010595205050569547
4602,F03923,Kós Károly tér,47.456464,19.125265,3075,3075.0,6.27128630320285e-05,0.0006958942240779401,0.05539961771402635,0.0039319461474902305
4603,F03924,Corvin körút,47.459674,19.126397,3076,3076.0,0.00026956065563494576,0.00046392948271862676,0.05876357069591766,0.004343760515718633
4604,F03925,Corvin körút,47.459179,19.126516,3077,3077.0,0.0002702435232617219,0.00046392948271862676,0.058811878760735695,0.010857597440226605
4605,F03926,Corvin körút,47.460399,19.131663,3078,3078.0,0.00026917921024459656,0.00046392948271862676,0.05874536185522111,0.003037628562931822
4606,F03927,Corvin körút,47.460192,19.132127,3079,3079.0,5.572412495063418e-118,0.00023196474135931338,0.0003866079022655223,0.0
4610,F03931,Lehel utca,47.459475,19.140256,3224,3224.0,5.8755940769394335e-05,0.00046392948271862676,0.05530991547537513,0.006935476666015444
4611,F03932,Lehel utca,47.459312,19.140826,3226,3226.0,1.5990175334954763e-108,0.00046392948271862676,0.0004880297155871268,1.8298842705839108e-06
4614,F03940,Kőbánya-Kispest M,47.461958,19.149597,3197,3197.0,0.000565084651243085,0.002551612154952447,0.06033448914110164,0.08792750024518516
4615,F03941,Kőbánya-Kispest M,47.462138,19.150062,3197,3197.0,0.000565084651243085,0.002551612154952447,0.06033448914110164,0.08792750024518516
4616,F03942,Sós utca,47.459126,19.149287,3244,3244.0,0.00015258399924540414,0.00046392948271862676,0.05672911570638546,0.0
4618,F03944,Wesselényi utca,47.460558,19.154375,3219,3219.0,0.00012356899199077049,0.00046392948271862676,0.05669857695940711,0.002338506639544669
4619,F03945,"Kispest, Kossuth tér",47.458247,19.145757,3237,3237.0,0.00013801755763278908,0.0006958942240779401,0.05678944142440714,0.004380388596420589
4620,F03946,Kossuth tér,47.457781,19.144417,3234,3234.0,2.3491872043812833e-108,0.00046392948271862676,0.0005406947928087592,3.444488038746185e-06
4621,F03947,Kossuth tér,47.457483,19.144894,3236,3236.0,1.2846459172959748e-05,0.00046392948271862676,0.05225192083764062,0.006503623978157641
4624,F03950,Simonyi Zsigmond utca,47.457455,19.14687,3243,3243.0,0.0001660513835254277,0.0009278589654372535,0.056774985559166734,0.007696610526281645
4625,F03951,Fő utca,47.456105,19.147875,3241,3241.0,5.870058754524846e-05,0.00046392948271862676,0.05356739097782506,2.3541948085055563e-05
4626,F03952,Fő utca,47.456546,19.147094,3239,3239.0,3.7080109906396014e-05,0.00046392948271862676,0.05356966142389646,0.0018357285621768088
4627,F03953,Fő utca,47.456321,19.14761,3242,3242.0,2.808789790208226e-06,0.00046392948271862676,0.049513060180772686,0.006071556009797416
4628,F03954,Fő utca,47.456627,19.14712,3240,3240.0,3.0415120897839797e-108,0.00046392948271862676,0.0005964807634953772,4.8438113044868225e-06
4629,F03955,Kisfaludy utca,47.454149,19.14205,3231,3231.0,4.091775856240429e-05,0.0009278589654372535,0.05368799042228409,0.00514797002331053
4630,F03956,Ady Endre út (Báthory utca),47.454662,19.14091,3232,3232.0,3.75532605845682e-05,0.0009278589654372535,0.0538259392073505,0.003951126718669111
4631,F03957,Ady Endre út (Hunyadi utca),47.454562,19.139152,3233,3233.0,9.10836201394319e-06,0.00046392948271862676,0.05098853778873084,0.0007186775480742482
4632,F03958,Hungária út,47.456057,19.136675,3222,3222.0,1.104905196579733e-05,0.00046392948271862676,0.05091459273520419,4.331505062113271e-05
4633,F03959,Ady Endre út (Rendőrség),47.455958,19.137152,3220,3220.0,1.1932301897688423e-05,0.00046392948271862676,0.05084767980774037,8.290239352955408e-05
4634,F03960,Hungária út,47.456311,19.137412,3221,3221.0,6.0884655019046824e-05,0.00046392948271862676,0.05534947792221463,0.0026116781488487455
4635,F03961,Hungária út,47.455987,19.138035,3223,3223.0,1.0041140354325166e-117,0.00046392948271862676,0.0005271925939984395,4.3056100484327313e-07
4636,F03963,Gutenberg körút,47.455916,19.132351,3071,3071.0,1.5391888049498713e-05,0.00046392948271862676,0.052331248852161914,0.00015842862444202254
4637,F03964,Gutenberg körút,47.455791,19.131223,3072,3072.0,1.625911056496004e-05,0.00046392948271862676,0.05246012750367878,0.00021464826350455892
4638,F03965,Zoltán utca,47.451524,19.127671,3086,3086.0,1.529161828514722e-05,0.0006958942240779401,0.05264806003392704,0.00531781777529561
4639,F03966,Zoltán utca,47.451731,19.127234,3087,3087.0,3.4961216957506714e-06,0.00046392948271862676,0.05025994665478176,0.00253862654522051
4640,F03967,Thököly utca,47.45327,19.121167,3092,3092.0,2.518967053208633e-05,0.00046392948271862676,0.05254154556340873,0.0002937240599041767
4641,F03968,Thököly utca,47.453064,19.121273,3093,3093.0,3.177706332570173e-06,0.00046392948271862676,0.05009261933842484,0.0037956744749280897
4642,F03969,Pannónia út,47.450839,19.125606,3088,3088.0,1.4432016955941698e-05,0.00046392948271862676,0.05252844347815124,0.004176334604176401
4643,F03970,Zalaegerszeg utca,47.450876,19.124519,3089,3089.0,8.509627293458559e-06,0.00046392948271862676,0.04991128679948651,3.4194701213428446e-05
4644,F03971,Hunyadi tér,47.449291,19.131222,3870,3870.0,2.099831819758751e-06,0.00046392948271862676,0.04927754416249778,0.0022612145723752302
4645,F03972,Hunyadi tér,47.449265,19.130705,3871,3871.0,1.1630599179311112e-06,0.0006958942240779401,0.04826451929204928,0.0033681978657781712
4646,F03973,Hunyadi tér,47.448788,19.130677,3872,3872.0,3.953542294029424e-06,0.0006958942240779401,0.05029461374449046,0.003035921228409206
4647,F03974,Hunyadi tér,47.448706,19.131645,3873,3873.0,3.343499936751455e-06,0.00046392948271862676,0.04987452167188508,0.002180688742402069
4648,F03975,Áchim András utca,47.452181,19.135435,3868,3868.0,8.27544104702925e-06,0.00046392948271862676,0.051387960094645135,0.0025706242803592697
4649,F03976,Áchim András utca,47.451723,19.134983,3869,3869.0,2.725921904850613e-06,0.00046392948271862676,0.04880248971070342,0.0004972248862610137
4650,F03977,Kossuth Lajos utca,47.449765,19.145781,3893,3893.0,4.942148951808773e-06,0.00046392948271862676,0.05016021266530925,0.0017390358985619801
4651,F03978,Ady Endre út,47.4499,19.146153,3890,3890.0,2.0688562782323494e-06,0.0006958942240779401,0.04845139266242497,0.0031177751795211273
4652,F03979,Kossuth Lajos utca,47.450059,19.146464,3891,3891.0,1.2521097219907862e-117,0.00046392948271862676,0.0006443465037758706,6.458415072649097e-07
4653,F03980,Kossuth Lajos utca,47.450152,19.146167,3892,3892.0,4.9313907188570325e-06,0.00046392948271862676,0.050156231538068856,0.00043508189539412747
4654,F03981,Kossuth Lajos utca,47.444642,19.137517,3897,3897.0,1.6139279069676975e-07,0.00046392948271862676,0.045232513010085074,0.0013412206195370809
4655,F03982,Nádasdy utca,47.444555,19.138082,3894,3894.0,2.3627135950023594e-07,0.00046392948271862676,0.04531955579493685,0.0008699485102858334
4656,F03983,Kossuth Lajos utca,47.444129,19.138073,3896,3896.0,6.670572842758924e-08,0.0006958942240779401,0.04388089801388056,0.0018142617899335703
4657,F03984,Kossuth Lajos utca,47.444771,19.138573,3895,3895.0,1.6526616590700588e-07,0.0006958942240779401,0.04473935853195742,0.0008385203158317585
4658,F03985,Zalaegerszeg utca,47.442524,19.135944,3901,3901.0,5.1551691884832495e-08,0.00046392948271862676,0.043231978058074126,0.00043508189539412747
4659,F03986,Vas Gereben utca,47.440723,19.138566,3910,3910.0,1.0758232951741027e-08,0.00023196474135931338,0.04132735278083634,0.0
4660,F03989,Vas Gereben utca,47.442463,19.140656,3906,3906.0,4.2055142151431525e-08,0.0006958942240779401,0.043326332193516365,0.0011004629044878956
4661,F03990,"Kispest, Vas Gereben utca",47.44172,19.140928,3905,3905.0,3.449133854396749e-08,0.00023196474135931338,0.04270272812396828,0.0
4662,F03991,Pincér utca,47.441436,19.14194,3907,3907.0,1.4592271921409395e-08,0.00046392948271862676,0.0420114637251215,0.0009734653124978764
4663,F03992,Hofherr Albert utca,47.438464,19.146138,297,297.0,8.19632381231498e-10,0.00046392948271862676,0.03881557507456074,0.00017433283997296146
4664,F03993,Hofherr Albert utca,47.438571,19.147437,298,298.0,2.542007225069394e-09,0.00046392948271862676,0.03993912357360107,0.00012526950419192444
4665,F03995,Ajtósi utca,47.4364,19.150946,304,304.0,7.109834818638963e-10,0.00046392948271862676,0.03874418208517321,0.00015341884858431187
4666,F03996,Ipolyság utca,47.436112,19.151741,305,305.0,2.8745485894605255e-09,0.00046392948271862676,0.039922302851071755,0.00012720997600631207
4667,F03997,Kassa utca,47.436814,19.155992,308,308.0,3.269011804893749e-09,0.00046392948271862676,0.040189311946403,8.136709757158575e-05
4668,F03998,Kassa utca,47.436351,19.155732,306,306.0,2.5872936223514326e-09,0.00046392948271862676,0.04010302317958488,0.0005058358380858963
4669,F03999,Kassa utca,47.43649,19.156243,307,307.0,1.123279672309375e-08,0.0006958942240779401,0.041581153405456824,0.0010998648671789802
4670,F04000,Ady Endre út,47.444619,19.153548,319,319.0,1.0375614380743845e-07,0.00046392948271862676,0.04394599716716958,0.00043508189539412747
4671,F04002,Vas Gereben utca (Ady Endre út),47.447582,19.149364,3884,3884.0,4.754858894048111e-07,0.0006958942240779401,0.04610482290349454,0.0016816083029530416
4672,F04003,Vas Gereben utca,47.447793,19.149543,3885,3885.0,1.0290922715312348e-06,0.00023196474135931338,0.047610600780815825,0.0
4673,F04004,Vas Gereben utca,47.447684,19.149835,3886,3886.0,1.0041140354325166e-117,0.00046392948271862676,0.0005271925939984395,4.3056100484327313e-07
4675,F04006,Bocskai utca,47.458764,19.158709,3171,3171.0,2.70215548300575e-05,0.00046392948271862676,0.05347597646935845,0.0019047164271650712
4677,F04015,Határ út M,47.464809,19.127094,3020,3020.0,0.001229137404061725,0.003479471120389701,0.06263584101071101,0.15946665874397897
4678,F04017,Határ út M,47.464459,19.126709,3020,3020.0,0.001229137404061725,0.003479471120389701,0.06263584101071101,0.15946665874397897
4679,F04018,Határ út M,47.46418,19.126961,3020,3020.0,0.001229137404061725,0.003479471120389701,0.06263584101071101,0.15946665874397897
4680,F04019,Határ út M,47.464222,19.127748,3020,3020.0,0.001229137404061725,0.003479471120389701,0.06263584101071101,0.15946665874397897
4681,F04020,Templom tér,47.452322,19.14328,3230,3230.0,8.971254041868167e-06,0.00046392948271862676,0.05086950958025399,0.0033443917381131344
4682,F04021,Templom tér,47.452826,19.142459,3228,3228.0,1.2521097219907862e-117,0.00046392948271862676,0.0006443465037758706,6.458415072649097e-07
4683,F04022,Templom tér,47.452574,19.142697,3229,3229.0,2.260224311495809e-05,0.0009278589654372535,0.052987976516391005,0.0030495380170118247
4684,F04024,Batthyány utca,47.44656,19.134763,3880,3880.0,7.313689507643791e-07,0.00046392948271862676,0.04740642439028021,0.0017545625159086787
4685,F04025,Batthyány utca,47.446821,19.134206,3881,3881.0,2.911261104788345e-07,0.0006958942240779401,0.04596676610354833,0.002864878392863403
4686,F04026,Áchim András utca,47.447079,19.141971,3888,3888.0,4.662681708229652e-07,0.00046392948271862676,0.04646699880615438,0.0008225907908899081
4687,F04027,Áchim András utca,47.447385,19.14225,3889,3889.0,1.0806439634160672e-06,0.00046392948271862676,0.04761777582457447,0.0013045998446751176
4688,F04028,Villanytelep,47.452517,19.156289,3157,3157.0,3.1326556364780545e-05,0.00046392948271862676,0.053495592928460046,0.0026085430461407085
4689,F04029,Villanytelep,47.452661,19.156209,3158,3158.0,2.5417603907531165e-06,0.00046392948271862676,0.0481909079255642,0.002023524820616394
4690,F04030,Villanytelep,47.452454,19.156673,3159,3159.0,1.342776495077902e-07,0.00046392948271862676,0.044811797662101464,0.005206774231569702
4691,F04031,Villanytelep,47.452622,19.156547,3160,3160.0,4.186282251242247e-108,0.00046392948271862676,0.0007090243037775238,6.996616328703188e-06
4692,F04033,Garázs utca,47.44004,19.1439,3911,3911.0,3.2164000503256207e-09,0.00046392948271862676,0.040322230635550876,0.0005668767514166161
4693,F04034,Madarassy László utca,47.440418,19.143543,3912,3912.0,9.306605615276901e-09,0.00046392948271862676,0.04154925798112354,0.0005207743391951337
4694,F04035,Mészáros Lőrinc utca,47.444043,19.143868,3903,3903.0,3.0830451582186716e-08,0.00046392948271862676,0.04227423444212852,0.00016149646658876541
4695,F04036,Szegfű utca,47.446001,19.146921,3887,3887.0,1.0567096561446634e-07,0.00046392948271862676,0.04401844291234289,0.00040427193990543744
4696,F04037,Pannónia út,47.447641,19.124934,3874,3874.0,3.538449331223885e-08,0.00046392948271862676,0.04304205416591054,0.0007250994355075928
4697,F04038,Irányi utca,47.447119,19.125225,3875,3875.0,2.976771947897331e-05,0.00046392948271862676,0.05249717048685226,0.0015989760507016451
4698,F04039,"Kispest, Tulipán utca",47.445694,19.152669,320,320.0,5.572412495063418e-118,0.00023196474135931338,0.0003866079022655223,0.0
4699,F04041,Baross utca,47.43287,19.104118,3932,3932.0,2.361430317374647e-05,0.00046392948271862676,0.04807237664608605,0.006045915323760237
4700,F04042,Nagykőrösi út,47.445086,19.124931,3878,3878.0,1.7860779708235893e-06,0.0009278589654372535,0.04802366739599503,0.003841525146276178
4701,F04043,Nagykőrösi út,47.444861,19.124798,3879,3879.0,9.285702934611853e-07,0.00046392948271862676,0.048206225104359436,0.002553738092361588
4702,F04044,Pöltenberg utca,47.433042,19.111711,3950,3950.0,3.210257127338429e-09,0.00046392948271862676,0.0380303170036749,0.002173256671946421
4703,F04045,"Pesterzsébet, Ady Endre tér",47.4326,19.127352,3977,3977.0,3.3518748999035126e-07,0.0006958942240779401,0.04437701172237765,0.002263522769485295
4704,F04046,Ady Endre tér,47.432246,19.126905,3978,3978.0,1.5771859225074667e-07,0.0006958942240779401,0.042218690965186406,0.0013914208019018975
4705,F04048,Ady Endre tér,47.432915,19.128359,3979,3979.0,9.832713145819039e-09,0.00046392948271862676,0.03983255211244239,0.00043508189539412747
4706,F04049,Szilágyság utca,47.432881,19.136949,3973,3973.0,2.738155223456144e-10,0.00023196474135931338,0.03697233297173578,0.0
4707,F04050,Torontál utca H,47.423511,19.104901,3918,3918.0,0.00023649542283106034,0.0009278589654372535,0.04989421053745547,0.017476119499852807
4708,F04051,Torontál utca H,47.422549,19.105231,3918,3918.0,0.00023649542283106034,0.0009278589654372535,0.04989421053745547,0.017476119499852807
4711,F04054,Nagysándor József utca,47.43257,19.103028,3929,3929.0,5.98161120433721e-05,0.00046392948271862676,0.04944719859656749,0.0024682616609907953
4712,F04055,Nagysándor József utca,47.432588,19.102856,3930,3930.0,5.462508678969e-05,0.00046392948271862676,0.049619323896923265,0.0039889634779270225
4713,F04056,Tinódi utca,47.429087,19.106099,3939,3939.0,1.3080983198351458e-05,0.00046392948271862676,0.047031849013053885,0.0020448458331086385
4714,F04057,Tinódi utca,47.428556,19.10655,3940,3940.0,1.1945959920860635e-05,0.00046392948271862676,0.04720105359869776,0.0035681542461279358
4715,F04058,Klapka utca,47.427323,19.108006,3936,3936.0,2.8607261217414183e-06,0.00046392948271862676,0.04488659716336054,0.0016285621970146171
4716,F04059,Torontál utca,47.426604,19.108668,3937,3937.0,2.6132810004619245e-06,0.00046392948271862676,0.045075496749606404,0.0031587046488401487
4717,F04060,Pöltenberg utca,47.430714,19.108964,3941,3941.0,2.74918320502108e-07,0.00046392948271862676,0.04281604656417213,0.0017390358985619801
4718,F04061,Székelyhíd utca,47.43071,19.115486,3933,3933.0,7.022396833807389e-10,0.00046392948271862676,0.03655141114940368,0.0017390358985619801
4719,F04062,Klapka utca,47.431267,19.116162,3934,3934.0,2.195621271653188e-05,0.00046392948271862676,0.0493249812749072,0.0055902026222200835
4720,F04063,Wesselényi utca,47.427973,19.11971,3985,3985.0,1.539370553458795e-10,0.00046392948271862676,0.0351825689246958,0.0013045998446751176
4721,F04064,Wesselényi utca,47.428207,19.120015,3986,3986.0,4.8013861459619935e-06,0.00046392948271862676,0.04696660063152186,0.005175714229029856
4722,F04065,Jósika utca,47.429149,19.123542,3987,3987.0,4.6879717452297925e-07,0.00046392948271862676,0.04258044218876988,0.0023879857839477093
4723,F04066,Rózsás utca,47.428681,19.124045,3988,3988.0,1.0501510225581199e-06,0.00046392948271862676,0.04488659716336054,0.004772295055244475
4724,F04067,Szalárdi Mór utca,47.429458,19.125641,3989,3989.0,1.85692584887506e-08,0.00046392948271862676,0.04077755996282577,0.0003018186807602967
4725,F04068,Wesselényi utca,47.43123,19.125631,3975,3975.0,3.558026889151553e-08,0.00046392948271862676,0.040523481949655236,0.0005864828932538739
4726,F04069,Eperjes utca,47.431176,19.124955,3976,3976.0,7.383361401762968e-08,0.00046392948271862676,0.042475026163724866,0.0007022224752226744
4727,F04070,Eperjes utca,47.42941,19.130082,3984,3984.0,1.2742179901397562e-08,0.00046392948271862676,0.038996417146623934,0.0003105486845554156
4728,F04071,Pacsirta utca,47.428486,19.127032,3983,3983.0,1.5134728307236994e-08,0.00046392948271862676,0.0403063710982491,0.0002078070887074564
4729,F04072,Királyhágó utca,47.427277,19.126045,3981,3981.0,2.3043152671275423e-07,0.00046392948271862676,0.043062585299073156,0.004382959070612153
4730,F04073,Előd utca,47.425827,19.128084,493,493.0,5.394394894365994e-08,0.0006958942240779401,0.04144570842852261,0.004220484902806579
4731,F04074,Királyhágó utca,47.427196,19.12631,3982,3982.0,1.0316398964451482e-07,0.00046392948271862676,0.04092588681320918,0.0020008098230708047
4732,F04075,Előd utca,47.425323,19.128958,494,494.0,2.5464759269186005e-08,0.0006958942240779401,0.03946234646694412,0.0019379713444750055
4733,F04077,Vágóhíd utca,47.419341,19.116677,500,500.0,3.2808036613453113e-08,0.00046392948271862676,0.03974278743863939,0.00045298017101262975
4734,F04078,Előd utca,47.42049,19.119448,502,502.0,1.972810210544899e-08,0.0006958942240779401,0.038462387636394355,0.0007626521201916178
4735,F04079,"Pesterzsébet, Pacsirtatelep",47.420355,19.120071,503,503.0,1.2705086767644132e-08,0.00046392948271862676,0.03834530688682866,0.00013863436782862105
4736,F04080,Ábrahám Géza utca,47.421219,19.119105,505,505.0,5.990176280919485e-10,0.00023196474135931338,0.036210027748067496,0.0
4737,F04081,"Pesterzsébet, Pacsirtatelep",47.422179,19.122499,491,491.0,7.348712635996733e-12,0.00023196474135931338,0.032728769156790974,0.0
4739,F04083,Jahn Ferenc Kórház,47.423522,19.131831,498,498.0,6.092777234625338e-09,0.0006958942240779401,0.03848815546448146,0.0020021462718217966
4741,F04085,Írisz utca,47.417219,19.140408,486,486.0,7.415365557216534e-10,0.00046392948271862676,0.0388342599176889,0.0013246052205088572
4742,F04086,Írisz utca,47.417534,19.14013,487,487.0,7.437219667360595e-10,0.00046392948271862676,0.039197988603274975,0.003224437137505857
4743,F04087,Hunyadi János tér,47.435587,19.139141,3971,3971.0,6.011009808516173e-09,0.00046392948271862676,0.04013528490540469,0.0008699485102858334
4744,F04088,Udvarhely utca,47.437965,19.134359,3970,3970.0,2.7487276593642057e-08,0.00046392948271862676,0.04192737947656181,0.0013045998446751176
4745,F04089,Temesvár utca,47.435912,19.131895,3968,3968.0,1.2568485447779538e-07,0.0006958942240779401,0.043885976939088765,0.002506695208775857
4746,F04090,Mártírok útja,47.436443,19.131326,3969,3969.0,4.505437801048138e-08,0.0006958942240779401,0.041598032206071216,0.0010724170436900132
4748,F04094,Magyar utca,47.435211,19.124598,3960,3960.0,6.749941201250657e-07,0.0006958942240779401,0.04401231149835625,0.0020232622448960627
4749,F04095,Magyar utca,47.435274,19.124333,3961,3961.0,1.4064884552832272e-06,0.00046392948271862676,0.04534177551400784,0.0019211945153526646
4750,F04096,Magyar utca,47.438433,19.128333,3962,3962.0,2.3951343195616654e-07,0.00046392948271862676,0.044771054853977935,0.0018532481354559076
4751,F04097,Magyar utca,47.438199,19.128876,3963,3963.0,4.830128589746593e-08,0.00046392948271862676,0.04328478544696673,0.0010975765333232843
4752,F04098,Mártírok útja,47.442696,19.121215,3951,3951.0,6.382627234874132e-07,0.00046392948271862676,0.046485798440323065,0.001955738327254871
4753,F04099,Nagyszőlős utca,47.442515,19.122527,3953,3953.0,4.6568484227076746e-06,0.0006958942240779401,0.049319848535795095,0.004124443946594034
4754,F04100,Zalán utca,47.443675,19.122966,3954,3954.0,4.962289118410969e-07,0.0006958942240779401,0.046904433998656465,0.002447406871236154
4755,F04101,Nagysándor József utca,47.443407,19.121415,3952,3952.0,3.4841927755598546e-07,0.00046392948271862676,0.045051931222919984,0.0005564355409688941
4756,F04102,Nagysándor József utca,47.439865,19.118003,3955,3955.0,1.3388997024673956e-05,0.00046392948271862676,0.048334042545711005,0.0028369320749815543
4757,F04103,Lázár utca,47.440392,19.117981,3957,3957.0,1.262751563188891e-06,0.00046392948271862676,0.046066173025834246,0.000766263139936432
4758,F04104,Jókai Mór utca,47.440608,19.1181,3958,3958.0,1.2720413068192596e-06,0.00046392948271862676,0.04634092269201539,0.0019357275737662569
4759,F04105,Nagysándor József utca,47.43955,19.118228,3956,3956.0,2.927865255477512e-05,0.00046392948271862676,0.049414977461304965,0.0026642967131239683
4760,F04106,Szabótelep,47.440369,19.116638,3959,3959.0,6.6417713944595616e-09,0.00046392948271862676,0.041559276983431696,0.0004631310282824362
4761,F04107,Vécsey utca,47.438562,19.115283,3944,3944.0,1.5393415419420822e-08,0.00046392948271862676,0.04076747594894353,0.00029040077293769476
4762,F04108,Szent Imre herceg utca,47.436657,19.112338,3942,3942.0,6.710754019231293e-08,0.0006958942240779401,0.04137605861678315,0.003380799072024874
4763,F04109,Szent Imre herceg utca,47.437107,19.112246,3943,3943.0,9.798395052485298e-06,0.00046392948271862676,0.04653257861154817,0.003204090368949193
4764,F04110,Székelyhíd utca,47.432264,19.11908,3935,3935.0,2.1429086228200427e-06,0.00046392948271862676,0.04443942518440017,0.002790554126007158
4765,F04111,Nagysándor József utca,47.43602,19.109554,3947,3947.0,2.9144142077162206e-07,0.0006958942240779401,0.043226556564177475,0.004314880706629449
4766,F04112,Nagysándor József utca,47.435516,19.110203,3948,3948.0,0.00010040612153948987,0.00046392948271862676,0.05197401937663141,0.006012329714380291
4767,F04113,Török Flóris utca,47.435548,19.109517,3945,3945.0,5.5539516025087535e-06,0.00046392948271862676,0.046608081369645386,0.0008629819281965465
4768,F04114,Nagysándor József utca,47.434959,19.108982,3949,3949.0,1.467739356349579e-08,0.00046392948271862676,0.0396331166373997,0.0026072621648284403
4769,F04115,Török Flóris utca,47.435548,19.109145,3946,3946.0,5.45639329372391e-06,0.0006958942240779401,0.04705344413868347,0.007115953666629462
4770,F04116,Vörösmarty utca,47.434313,19.106649,3927,3927.0,1.2570394766151755e-06,0.0006958942240779401,0.04485951321632445,0.005963305505750401
4771,F04117,Vörösmarty utca,47.433589,19.105537,3928,3928.0,2.5348125668717127e-05,0.00046392948271862676,0.047723258808364796,0.0010685409378033473
4772,F04118,"Pesterzsébet, Kossuth Lajos utca",47.43526,19.099902,3830,3830.0,0.00024979201402194255,0.00046392948271862676,0.052321139184801656,0.004414214230377309
4773,F04119,"Pesterzsébet, Kossuth Lajos utca",47.435098,19.10026,3831,3831.0,0.0002735302878913974,0.00046392948271862676,0.05213696301936598,0.0028958553829090353
4774,F04120,Pesterzsébet vasútállomás,47.43357,19.09774,3834,3834.0,0.0005299899383224149,0.0009278589654372535,0.05243981240001924,0.010384372336992053
4775,F04121,Pesterzsébet vasútállomás,47.433984,19.097674,3835,3835.0,0.0004923860722893568,0.0009278589654372535,0.05251389326736273,0.01559191581906975
4776,F04122,"Pesterzsébet, városközpont",47.437553,19.10127,3824,3824.0,0.0004760079421488792,0.0009278589654372535,0.05242966074729174,0.0018398546807317142
4777,F04123,"Pesterzsébet, városközpont",47.437643,19.100872,3825,3825.0,0.00040783585210203824,0.0006958942240779401,0.052810114983472954,0.0037574288821595374
4778,F04124,"Pesterzsébet, városközpont",47.438003,19.101536,3826,3826.0,0.00030380584895767747,0.00046392948271862676,0.05280790846343911,0.002243988664538047
4779,F04125,János utca,47.438383,19.09683,3822,3822.0,0.0005133633917342104,0.00046392948271862676,0.054823681490773574,0.00013047402580609432
4780,F04126,János utca,47.439813,19.096566,3823,3823.0,0.0004984890470778999,0.00046392948271862676,0.054761129918882025,0.0016429747055328378
4781,F04127,Ady Endre utca (Topánka utca),47.438883,19.103154,3799,3799.0,0.00020487964041253947,0.0013917884481558802,0.051531131225650874,0.008289109012717018
4782,F04128,Ady Endre utca,47.439468,19.103486,3800,3800.0,0.0001660710287460396,0.00046392948271862676,0.052073951568859835,2.3078326145911837e-05
4783,F04129,Ady Endre utca (Topánka utca),47.439413,19.104666,3797,3797.0,0.00045916799827551153,0.001159823706796567,0.054957178780215256,0.014715299694973859
4784,F04130,Kossuth Lajos utca,47.439382,19.10557,3798,3798.0,7.218177983368966e-08,0.00046392948271862676,0.043240852527551304,0.0013482737611887632
4785,F04131,János tér,47.441708,19.10256,3791,3791.0,5.439200136831902e-08,0.00046392948271862676,0.04417228541652172,0.001527745627981357
4786,F04132,János tér,47.441506,19.103,3792,3792.0,0.00010848895717782106,0.00046392948271862676,0.05240719606887894,0.001532737621696729
4787,F04133,Szent Erzsébet tér,47.440545,19.107875,3794,3794.0,5.5535803403177186e-05,0.00046392948271862676,0.04978219176240256,0.0
4788,F04134,Szent Erzsébet tér,47.440356,19.107384,3795,3795.0,0.00012376602990544293,0.00046392948271862676,0.051992549201028304,0.0
4789,F04135,Szent Erzsébet tér,47.439645,19.108656,3796,3796.0,4.480453280191161e-05,0.00046392948271862676,0.048889957263663096,0.003626790944447822
4790,F04136,Tátra tér,47.442999,19.11163,3781,3781.0,6.121564469268115e-05,0.0009278589654372535,0.05089204117340534,0.006173281283358409
4791,F04137,Tátra tér,47.442603,19.111285,3782,3782.0,0.00013388950474113156,0.0009278589654372535,0.05209040576429992,0.007513091000445565
4792,F04138,Kossuth Lajos utca,47.443178,19.112624,3783,3783.0,1.6431781626732076e-08,0.00046392948271862676,0.042835878661297296,0.0007508821906357296
4793,F04139,Kossuth Lajos utca (Mártírok útja),47.446656,19.11662,3789,3789.0,1.950535107979248e-05,0.0006958942240779401,0.051891508513643145,0.006853401783720279
4794,F04140,Mártírok útja,47.446081,19.116539,3787,3787.0,2.9352443818398078e-05,0.00046392948271862676,0.04953764172905229,0.004128261884078132
4795,F04141,Kossuth Lajos utca,47.446161,19.117481,3788,3788.0,1.483041242055895e-06,0.00046392948271862676,0.045811260956460806,0.0007635892873596939
4796,F04142,Pesterzsébet felső H,47.439139,19.094179,3817,3817.0,0.003225728787378522,0.0020876826722338203,0.05821233799928443,0.09241890254167415
4797,F04143,Pesterzsébet felső H,47.437943,19.094059,3817,3817.0,0.003225728787378522,0.0020876826722338203,0.05821233799928443,0.09241890254167415
4798,F04144,"Pesterzsébet, Baross utca",47.436871,19.097425,3827,3827.0,0.001250839672534727,0.0016237531895151936,0.05518353421020799,0.022507486404886073
4799,F04145,"Pesterzsébet, Baross utca",47.436646,19.09769,3828,3828.0,0.0011422843818391934,0.0016237531895151936,0.05536483369472718,0.04828488489141252
4800,F04146,Csepeli átjáró,47.43609,19.095038,3842,3842.0,0.0010448301208494874,0.0006958942240779401,0.05503615170527754,0.005031072331905798
4801,F04147,Csepeli átjáró,47.436593,19.095158,3843,3843.0,0.0008728579648850174,0.0006958942240779401,0.05514340656753042,0.019964614253824155
4802,F04148,Sósfürdő,47.436335,19.090253,3840,3840.0,0.0004644094078609453,0.0006958942240779401,0.052490629688978906,0.026720170045663218
4803,F04149,Sósfürdő,47.436262,19.091008,3841,3841.0,0.00024980055807002156,0.00046392948271862676,0.05259256031047079,0.029039426703787258
4806,F04152,Török Flóris utca,47.444012,19.099752,3803,3803.0,1.8845861990404928e-07,0.0006958942240779401,0.045637570539748575,0.0026156086855175257
4807,F04153,Török Flóris utca,47.444035,19.09994,3804,3804.0,0.00031496935465046466,0.0009278589654372535,0.0544810137879101,0.0026713228883556398
4808,F04154,"Pesterzsébet, Mátyás király tér",47.432732,19.132813,3974,3974.0,2.0524477601029834e-09,0.00023196474135931338,0.03821005961366688,0.0
4809,F04155,Attila utca,47.431405,19.101638,3926,3926.0,0.00010769006918931177,0.00046392948271862676,0.04985353733542904,0.006381116805516792
4810,F04156,Attila utca,47.431927,19.102725,3931,3931.0,0.00011589997116522513,0.00046392948271862676,0.0497234363069096,0.0014131234639900509
4811,F04157,Akácfa utca,47.424426,19.111157,3922,3922.0,6.25761472479235e-07,0.00046392948271862676,0.04297960366791421,0.001224525800360158
4812,F04158,Akácfa utca,47.423688,19.111792,3923,3923.0,5.751724906866156e-07,0.00046392948271862676,0.04318224990983978,0.002761483930377857
4813,F04159,Akácfa utca,47.425912,19.114118,3924,3924.0,1.314915580703267e-08,0.00046392948271862676,0.0392385532136001,0.0008699485102858334
4814,F04160,Klapka utca,47.428684,19.111179,3938,3938.0,6.012663708969184e-08,0.00046392948271862676,0.04094975468538001,0.0013045998446751176
4815,F04161,Bolyai János utca,47.422122,19.1135,3919,3919.0,1.4250999621475926e-07,0.0006958942240779401,0.041472454614479376,0.0023836756186488167
4816,F04162,Lehel utca,47.421942,19.113845,3920,3920.0,1.3745544915869342e-07,0.00046392948271862676,0.04127516666757445,0.0008320188706130581
4817,F04163,Károly utca,47.423235,19.117014,3921,3921.0,2.8697071275871463e-09,0.00046392948271862676,0.037663881709562745,0.00043508189539412747
4818,F04164,Frangepán utca,47.424265,19.12335,492,492.0,3.5202510139954094e-11,0.0006958942240779401,0.03391194479499317,0.0008700561505370442
4819,F04165,Mesgye utca,47.41993,19.136715,484,484.0,1.4957555691649745e-09,0.0006958942240779401,0.03849128118390969,0.00399941494439689
4820,F04166,Mesgye utca,47.420434,19.135842,485,485.0,2.9830954136448595e-09,0.0006958942240779401,0.03929100573649656,0.003773404715783691
4821,F04167,Vaskapu utca,47.43431,19.139139,3972,3972.0,1.311810946866815e-09,0.00046392948271862676,0.03848932754977456,0.00043508189539412747
4822,F04168,Mézes utca,47.438001,19.120599,3964,3964.0,2.9353653801372876e-06,0.00046392948271862676,0.04605050749460621,0.0024180009585658318
4823,F04169,Kiss Ernő utca,47.437614,19.121022,3965,3965.0,6.403977120172088e-06,0.00046392948271862676,0.04706746239459013,0.0022510983370873094
4824,F04170,Zobor utca,47.4404,19.12568,3966,3966.0,1.8636647196793057e-07,0.0006958942240779401,0.04529248803181498,0.0017696812392315692
4825,F04171,Mézes utca,47.440846,19.124889,3967,3967.0,1.0219015140972717e-06,0.00046392948271862676,0.04692068599905199,0.0022529246314916236
4826,F04172,Thököly utca,47.445716,19.109034,3784,3784.0,7.210703074807921e-08,0.00046392948271862676,0.04448896048885202,0.0011046939822188231
4827,F04173,Szigligeti utca,47.449177,19.113016,3785,3785.0,2.7589338024649988e-05,0.00046392948271862676,0.053537892682830074,0.005619146130512695
4828,F04174,Szigligeti utca,47.448943,19.11352,3786,3786.0,6.757533253655153e-06,0.0006958942240779401,0.048060799254476205,0.004058866651957337
4829,F04177,Karácsony Sándor utca H,47.427166,19.067475,3692,3692.0,3.826144927211227e-07,0.0009278589654372535,0.04234741654939736,0.022074419154939396
4830,F04178,József Attila utca,47.425112,19.084174,3740,3740.0,5.879619696233198e-11,0.00046392948271862676,0.033258430570175176,0.0002189402709628044
4831,F04179,József Attila utca,47.424198,19.08391,3741,3741.0,1.0100540945548038e-10,0.00046392948271862676,0.033211529037142,0.00021910173133962062
4834,F04182,Károli Gáspár utca,47.429324,19.072367,3718,3718.0,4.385934254073346e-10,0.00046392948271862676,0.03440926951424674,0.00043508189539412747
4837,F04185,II. Rákóczi Ferenc út,47.422921,19.067633,3760,3760.0,9.730749663343186e-08,0.0009278589654372535,0.040569442179983,0.013863923489588927
4838,F04186,Kolozsvári utca,47.426094,19.078171,3736,3736.0,1.1669694930006814e-09,0.00046392948271862676,0.0357791593747843,0.0010839911498185455
4839,F04187,Katona József utca,47.426381,19.078621,3737,3737.0,2.0099457298487474e-09,0.00046392948271862676,0.03572084595498121,0.0010829685674320427
4840,F04188,Komáromi utca,47.426335,19.082067,3738,3738.0,2.558836266070721e-10,0.00046392948271862676,0.03447277603039723,0.0006512235198254506
4841,F04189,Komáromi utca,47.426218,19.083088,3739,3739.0,4.406599077999229e-10,0.00046392948271862676,0.0344202022148495,0.0006506314984437911
4842,F04191,Széchenyi István utca,47.424018,19.069754,3751,3751.0,1.7368255441023058e-07,0.0009278589654372535,0.040300801789713354,0.023937765781507612
4843,F04192,Széchenyi István utca,47.423604,19.069767,3752,3752.0,8.525616950866828e-08,0.0006958942240779401,0.04037762244378246,0.009849387650637212
4844,F04193,Szent István út,47.422102,19.068441,3761,3761.0,3.9896268452435576e-08,0.0006958942240779401,0.03865097487852591,0.005643793651485624
4845,F04194,Görgey Artúr tér,47.422938,19.072669,3753,3753.0,2.090910581172252e-08,0.00046392948271862676,0.03870502777154019,5.0590918069084595e-06
4846,F04195,Görgey Artúr tér,47.424044,19.071927,3754,3754.0,9.188002058585232e-09,0.00046392948271862676,0.037131279788311135,0.0013045998446751176
4847,F04196,Bajcsy-Zsilinszky út,47.42278,19.074684,3730,3730.0,4.200723068975938e-08,0.0009278589654372535,0.038659250559073724,0.00890467447727894
4848,F04197,Bajcsy-Zsilinszky út,47.422829,19.0752,3731,3731.0,2.438799909753906e-08,0.0009278589654372535,0.038727561493507964,0.007806124837934148
4849,F04198,Kikötő utca,47.422434,19.087089,3719,3719.0,1.173037206935133e-09,0.00046392948271862676,0.03579131789899178,0.004986649917843579
4850,F04199,Kikötő utca,47.422317,19.088083,3720,3720.0,2.0150226576905305e-09,0.00046392948271862676,0.035737006339205755,0.0043627940774390375
4852,F04201,Kölcsey utca,47.412023,19.06804,3682,3682.0,9.131635561118939e-11,0.00046392948271862676,0.03319030668402828,0.0008699485102858334
4853,F04202,Kölcsey utca (Erdősor utca),47.412671,19.067152,3683,3683.0,2.2274401478220045e-10,0.00046392948271862676,0.03460017918130576,0.0017390358985619801
4854,F04203,Sporttelep,47.420594,19.072735,3742,3742.0,2.2352973861481565e-08,0.0006958942240779401,0.038905586361133934,0.007973155452200072
4855,F04204,Sporttelep,47.420108,19.073344,3743,3743.0,3.9896268476428486e-08,0.0006958942240779401,0.0386557034049363,0.008239215388680875
4859,F04208,Völgy utca,47.416583,19.072203,3669,3669.0,8.726299871525797e-09,0.00046392948271862676,0.03713091616968341,0.003041052377208038
4860,F04209,Kölcsey utca,47.416025,19.072494,3670,3670.0,4.889283880786422e-09,0.00046392948271862676,0.0373621520198592,0.003474627309085214
4864,F04213,Szebeni utca,47.420057,19.083561,3721,3721.0,4.318562883949923e-11,0.00046392948271862676,0.03208540487402805,4.144149671616504e-06
4865,F04214,Kassai utca,47.420156,19.08376,3722,3722.0,2.5760836350864316e-11,0.00046392948271862676,0.032126727521846705,3.2830276619299575e-06
4866,F04215,Kikötő utca,47.419678,19.086344,3723,3723.0,1.0586104730025846e-10,0.00046392948271862676,0.03321938527758359,0.0002220080181223127
4867,F04216,Kikötő utca,47.419741,19.08694,3724,3724.0,6.459942051528588e-11,0.00046392948271862676,0.03326368245414773,0.0002208777954845991
4868,F04217,Szebeni utca,47.419263,19.091101,3725,3725.0,2.836804826126855e-10,0.0009278589654372535,0.034484062749726166,0.004559587221164658
4869,F04218,Késmárki utca,47.418777,19.091299,3726,3726.0,4.6391853952208994e-10,0.0006958942240779401,0.03443645791858201,0.003937776545533082
4870,F04219,Strandfürdő,47.408007,19.099744,421,421.0,4.8562094671476836e-12,0.00046392948271862676,0.0310407662285482,0.0019913178828874665
4871,F04220,Strandfürdő,47.407486,19.100114,422,422.0,2.9697529528039666e-12,0.00046392948271862676,0.031067980692073283,0.002173256671946421
4872,F04221,Csepel csónakház,47.404607,19.101131,411,411.0,1.062544195314672e-12,0.00046392948271862676,0.03005509512419756,0.0015601110365369032
4873,F04222,Csepel csónakház,47.404013,19.101502,412,412.0,6.496983166250043e-13,0.00046392948271862676,0.030073927533617213,0.0017390358985619804
4874,F04223,Ladik utca,47.401458,19.10293,409,409.0,2.3325761360019287e-13,0.00046392948271862676,0.029135691616463996,0.0011315951964666357
4875,F04224,Ladik utca,47.40126,19.103261,410,410.0,1.421398116660807e-13,0.00046392948271862676,0.029141065800631687,0.0013045998446751179
4876,F04226,"Csepel, Soroksári rév",47.398237,19.105947,425,425.0,5.4699755774950324e-14,0.0006958942240779401,0.028319010505436445,0.0007548151963710566
4877,F04227,"Csepel, Soroksári rév",47.397661,19.106622,424,424.0,3.1095073714535925e-14,0.00046392948271862676,0.028263914332871603,0.0008699485102858335
4878,F04228,"Csepel, Hollandi út",47.392022,19.105755,194,194.0,1.7309922320425274e-14,0.00046392948271862676,0.027626949146295977,7.649309775317173e-05
4879,F04229,"Csepel, Hollandi út",47.392139,19.105397,195,195.0,2.0855273078125107e-15,0.00023196474135931338,0.02661935295972614,0.0
4882,F04232,Erdősor utca,47.410061,19.072372,3654,3654.0,4.872481328153615e-11,0.00046392948271862676,0.03337112536928377,0.0013045998446751176
4883,F04233,Csikó sétány,47.409189,19.072981,3655,3655.0,1.993185397324526e-11,0.00046392948271862676,0.03205665062211186,0.00043508189539412747
4884,F04234,Csille utca,47.406651,19.07722,3657,3657.0,4.161075606582403e-12,0.00023196474135931338,0.030997372799524133,0.0
4885,F04235,Szent László utcai lakótelep,47.406848,19.080228,3658,3658.0,4.857035442809352e-13,0.00023196474135931338,0.030154529036538532,0.0
4886,F04236,Fémmű utca,47.408845,19.078308,3661,3661.0,2.3264259491808063e-12,0.00046392948271862676,0.031156054163003735,0.0004350818953941275
4887,F04237,Posztó utca,47.410861,19.076149,3656,3656.0,1.0657723349284393e-11,0.00046392948271862676,0.03222584447924418,0.0008699485102858334
4888,F04238,Festő utca,47.413541,19.0768,3664,3664.0,1.908709471922303e-09,0.00046392948271862676,0.035721182480577617,0.0026072621648284403
4889,F04239,Martinász utca,47.413307,19.077436,3665,3665.0,1.0694670358016836e-09,0.00046392948271862676,0.035935823750695574,0.003041052377208038
4890,F04240,Varrógép utca,47.408167,19.082149,3659,3659.0,2.3393872797674936e-10,0.00046392948271862676,0.03461376125671789,0.0026072621648284403
4891,F04241,Varrógép utca,47.408104,19.082016,3660,3660.0,4.1750503498394396e-10,0.00046392948271862676,0.03441395410683976,0.002173256671946421
4892,F04242,Tihanyi utca,47.404697,19.085434,415,415.0,9.132634392522948e-11,0.00046392948271862676,0.03319844355744923,0.0017390358985619801
4893,F04243,Tihanyi utca,47.405155,19.085275,416,416.0,5.117405019523224e-11,0.00046392948271862676,0.03338493524559663,0.002173256671946421
4894,F04244,Fátra utca,47.401845,19.08718,407,407.0,1.9977507474413534e-11,0.00046392948271862676,0.032065325718687775,0.0013045998446751176
4895,F04245,Fátra utca,47.401485,19.087617,408,408.0,1.1194654549677743e-11,0.00046392948271862676,0.03223981902237425,0.0017390358985619804
4896,F04247,"Csepel, Királyerdő út",47.390669,19.096418,198,198.0,2.4416959924942204e-14,0.00023196474135931338,0.028345897517892644,0.0
4897,F04248,Martinász utca,47.415465,19.079729,3662,3662.0,1.90870947301851e-09,0.00046392948271862676,0.03572522128237315,0.003907986960459969
4898,F04249,Nyárfás utca,47.415267,19.080286,3663,3663.0,1.0694670358924904e-09,0.00046392948271862676,0.03594399965477961,0.003214379946169996
4899,F04250,Borz út,47.413107,19.085638,3650,3650.0,4.175050400041864e-10,0.00046392948271862676,0.03441957730195526,0.003474627309085214
4900,F04251,Orgonás utca,47.413017,19.085956,3651,3651.0,2.339387283925656e-10,0.00046392948271862676,0.03462608910790929,0.00278220433755856
4901,F04252,Pinty utca,47.411406,19.087956,3652,3652.0,9.132636686928423e-11,0.00046392948271862676,0.03320542119647766,0.003041052377208038
4902,F04253,Tölgyes út,47.410623,19.088843,3653,3653.0,5.117405209543584e-11,0.00046392948271862676,0.0334019929841026,0.0023502440094495688
4903,F04254,Szarka utca,47.40814,19.090643,413,413.0,1.9977612329548995e-11,0.00046392948271862676,0.03207346288706789,0.0026072621648284403
4904,F04255,Iszalag utca,47.407807,19.090762,414,414.0,1.1194663232764282e-11,0.00046392948271862676,0.03226231332286806,0.0019186066020943188
4905,F04256,Repkény út,47.405882,19.090615,417,417.0,2.4490085842046064e-12,0.00046392948271862676,0.031198353017126,0.0014871844752413622
4906,F04257,Repkény út,47.40501,19.09076,418,418.0,4.3702301279571e-12,0.00046392948271862676,0.031015628920927536,0.002173256671946421
4907,F04258,Királyerdei Művelődési Ház,47.401311,19.094082,405,405.0,9.560457191821032e-13,0.00046392948271862676,0.03002486962389053,0.0017390358985619801
4908,F04259,Királyerdei Művelődési Ház,47.401068,19.094678,406,406.0,5.358876805547217e-13,0.00046392948271862676,0.030204011913676596,0.0010565158301468788
4909,F04260,Árnyas utca,47.398323,19.098385,429,429.0,1.1777364583509306e-13,0.00046392948271862676,0.029280137112987208,0.0006301527951007674
4910,F04261,Denevér utca,47.39719,19.099073,430,430.0,2.0915347504581935e-13,0.00046392948271862676,0.029095001807730135,0.0013045998446751176
4911,F04262,Sólyom utca,47.395327,19.100436,431,431.0,2.8204329426340188e-14,0.00046392948271862676,0.028418982428297043,0.0002077724493494861
4912,F04263,Sólyom utca,47.395624,19.100078,432,432.0,4.57533459521659e-14,0.00046392948271862676,0.028220579612552962,0.0008699485102858334
4913,F04264,Sáska utca,47.394418,19.101733,433,433.0,9.988311519217148e-15,0.00046392948271862676,0.02739678778294044,0.00043508189539412747
4915,F04267,Karácsony Sándor utca H,47.426186,19.067104,3692,3692.0,3.826144927211227e-07,0.0009278589654372535,0.04234741654939736,0.022074419154939396
4916,F04268,Karácsony Sándor utca H,47.426946,19.066389,3692,3692.0,3.826144927211227e-07,0.0009278589654372535,0.04234741654939736,0.022074419154939396
4917,F04269,Mansfeld Péter utca,47.425624,19.063008,3686,3686.0,8.442926760681521e-08,0.00046392948271862676,0.0405204505053048,0.0004608281156585031
4923,F04278,Karácsony Sándor utca,47.425916,19.069927,3697,3697.0,7.103004676175405e-07,0.001159823706796567,0.042056197916782855,0.02511182061511674
4924,F04279,Karácsony Sándor utca,47.427418,19.070219,3696,3696.0,3.441298191849477e-07,0.00046392948271862676,0.04213892682355403,0.009979280040129636
4937,F04292,Völgy utca,47.419048,19.065511,3747,3747.0,8.726299766659117e-09,0.00046392948271862676,0.03712509924003634,0.002173256671946421
4938,F04293,Völgy utca,47.419066,19.06571,3748,3748.0,2.1283506825090584e-08,0.00046392948271862676,0.03889321498408427,0.003041052377208038
4939,F04294,Csepel H,47.421824,19.065751,3758,3758.0,8.788882371779523e-08,0.0006958942240779401,0.04072456512092145,0.007857172925942686
4940,F04295,Deák tér,47.426239,19.072273,3694,3694.0,7.578181543489741e-08,0.00046392948271862676,0.0403338116904421,0.0004307762853456948
4941,F04296,Deák tér,47.427013,19.07218,3695,3695.0,2.0094946284855125e-09,0.00046392948271862676,0.03571882693455099,0.0008699485102858334
4942,F04297,Csepeli híd,47.460577,19.071904,2728,2728.0,0.00027603100517813287,0.00046392948271862676,0.05449510816038678,0.0007554869924302967
4943,F04298,Csepeli híd,47.460676,19.072249,2729,2729.0,0.000101632852107084,0.00046392948271862676,0.05350163165773093,0.009517656498669156
4944,F04299,Szállító utca 6.,47.441958,19.083788,3866,3866.0,1.533632090832066e-06,0.00046392948271862676,0.04625725134603803,0.0006852953533576775
4945,F04300,Közterületfenntartó Zrt.,47.441942,19.076642,3861,3861.0,6.155179898337027e-06,0.00046392948271862676,0.04829833304354361,0.0004064057044696335
4946,F04301,Közterületfenntartó Zrt.,47.441942,19.076854,3862,3862.0,3.3725262528635354e-07,0.00046392948271862676,0.042701285382998944,4.379277413214774e-05
4947,F04302,Szállító utca,47.441726,19.077795,3863,3863.0,6.958441848310269e-06,0.0009278589654372535,0.04864658321572676,0.008063685569626436
4948,F04306,Papírgyár,47.434682,19.081542,3846,3846.0,5.4666021402360103e-05,0.00046392948271862676,0.05010652071550099,0.02865395022698406
4949,F04307,Papírgyár,47.435006,19.083173,3847,3847.0,0.0001015883289058574,0.00046392948271862676,0.0500001402500678,0.026312444391969073
4950,F04311,Corvin-csomópont,47.438872,19.071616,3850,3850.0,1.225412851518095e-06,0.00046392948271862676,0.04363697777196017,0.0001955302897417816
4951,F04312,Corvin-csomópont,47.437928,19.071603,3849,3849.0,2.1766064736283376e-06,0.00046392948271862676,0.046753481986009586,0.006256391019987132
4952,F04314,"Csepel, Kossuth Lajos utca",47.434658,19.070606,3853,3853.0,5.533994922321937e-06,0.0009278589654372535,0.04575211327537456,0.025641394661712665
4953,F04315,Ady Endre út (Kossuth Lajos utca),47.434217,19.070779,3854,3854.0,3.471071270135213e-06,0.0009278589654372535,0.04588666040085913,0.0342050450407104
4954,F04316,Védgát utca,47.435008,19.076399,3851,3851.0,2.2356916030302305e-05,0.00046392948271862676,0.04776052898491468,0.02592907161828522
4955,F04317,Védgát utca,47.434882,19.076704,3852,3852.0,1.213353789865279e-05,0.00046392948271862676,0.04788417654555707,0.028274430790368878
4956,F04318,Szent Imre tér H,47.429802,19.067397,3702,3702.0,1.5634649951064105e-06,0.0020876826722338203,0.04409164062542464,0.03568600568675943
4958,F04320,Szent Imre tér H,47.43125,19.067848,3702,3702.0,1.5634649951064105e-06,0.0020876826722338203,0.04409164062542464,0.03568600568675943
4959,F04321,Kiss János altábornagy utca,47.431861,19.071467,3707,3707.0,3.2633377965615077e-07,0.00023196474135931338,0.042112249803785015,0.0
4961,F04323,Szent Imre tér,47.431222,19.070327,3708,3708.0,1.3032804941620535e-06,0.00046392948271862676,0.0436852426474266,0.01174736059654356
4962,F04324,Szent Imre tér,47.431231,19.070512,3709,3709.0,7.574591106970903e-07,0.00046392948271862676,0.04374774302342642,0.00043508189539412747
4963,F04325,Kossuth Lajos utca,47.430359,19.071241,3717,3717.0,3.4215206700187116e-07,0.00046392948271862676,0.04212301014934779,0.0008605838084304922
4964,F04327,"Csepel, Szent Imre tér",47.430781,19.070512,3713,3713.0,1.4825831199666383e-07,0.00023196474135931338,0.04025160177478945,0.0
4965,F04328,"Csepel, Szent Imre tér",47.43079,19.070618,3714,3714.0,1.4825831199666383e-07,0.00023196474135931338,0.04025160177478945,0.0
4966,F04329,"Csepel, Szent Imre tér",47.430781,19.070737,3715,3715.0,9.155827331496662e-11,0.00023196474135931338,0.03319175940459046,0.0
4967,F04330,"Csepel, Szent Imre tér",47.430781,19.070857,3710,3710.0,3.2633377965615077e-07,0.00023196474135931338,0.042112249803785015,0.0
4968,F04332,"Csepel, Szent Imre tér",47.430772,19.070976,3711,3711.0,3.2633377965615077e-07,0.00023196474135931338,0.042112249803785015,0.0
4969,F04333,"Csepel, Szent Imre tér",47.430718,19.071108,3712,3712.0,1.5809560585212892e-07,0.00023196474135931338,0.04179842619672364,0.0
4972,F04336,Csepel H,47.421572,19.06575,3758,3758.0,8.788882371779523e-08,0.0006958942240779401,0.04072456512092145,0.007857172925942686
4973,F04337,Rákóczi tér,47.422661,19.080489,3732,3732.0,5.335694277921825e-09,0.00046392948271862676,0.037201591762165094,0.005418933166706225
4974,F04338,Rákóczi tér,47.422589,19.080105,3733,3733.0,9.189156167635768e-09,0.00046392948271862676,0.03714037256913891,0.004794323844543217
4975,F04339,Csepeli Mátyás utca,47.417868,19.076351,3666,3666.0,8.72629987175473e-09,0.00046392948271862676,0.03713309798828118,0.004341131331332302
4976,F04340,Cseh Mihály utca,47.417598,19.076868,3667,3667.0,4.889283880805388e-09,0.00046392948271862676,0.037366202197465254,0.003646555554781327
4977,F04341,Hollandi csárda,47.411831,19.097892,419,419.0,1.3575099675570594e-11,0.00046392948271862676,0.032129449849027145,0.0026072621648284403
4978,F04342,Hollandi csárda,47.412308,19.097469,420,420.0,2.2198825086584922e-11,0.00046392948271862676,0.03209572556700236,0.0024234934914990195
4979,F04343,Uzsoki utca,47.395771,19.092117,436,436.0,9.53855565672274e-13,0.00046392948271862676,0.03001488716165628,0.00043508189539412747
4980,F04344,Uzsoki utca,47.395535,19.092446,437,437.0,5.357063496929748e-13,0.00046392948271862676,0.03016868474072175,0.0008699485102858335
4981,F04345,Csorbatói utca,47.393342,19.094062,434,434.0,1.9914331567907114e-13,0.00023196474135931338,0.029084289362292827,0.0
4982,F04346,Csorbatói utca,47.393171,19.094367,435,435.0,1.1694494764860788e-13,0.00046392948271862676,0.02922912563469104,0.0004350818953941275
4983,F04347,Olt utca,47.398498,19.089894,427,427.0,4.369750920019534e-12,0.00046392948271862676,0.031006498172999292,0.0008699485102858334
4984,F04348,Orsova utca,47.398147,19.090331,428,428.0,2.448968904889174e-12,0.00046392948271862676,0.03117014103106928,0.0013045998446751179
4991,F04355,Vámhivatal,47.441959,19.080341,3864,3864.0,1.6598453976703167e-06,0.00046392948271862676,0.04606113651429082,1.0764025121081828e-07
4992,F04356,Vámhivatal,47.441959,19.080553,3865,3865.0,3.9044782032508864e-07,0.00046392948271862676,0.04426045776767473,0.00029163455856068087
4993,F04357,Szállító utca 6.,47.441958,19.083562,3867,3867.0,1.7985405982838432e-06,0.00046392948271862676,0.04624991626922241,2.856855067328354e-05
4994,F04358,Szabadkikötő H,47.444845,19.071804,3858,3858.0,2.7835439438544666e-05,0.0009278589654372535,0.05091801138215281,0.00922039557716449
4995,F04359,Szabadkikötő H,47.444593,19.07195,3858,3858.0,2.7835439438544666e-05,0.0009278589654372535,0.05091801138215281,0.00922039557716449
4996,F04360,Technikus utca,47.414479,19.064079,3676,3676.0,4.1750284959978307e-10,0.00046392948271862676,0.034406459370822595,0.0013045998446751176
4997,F04361,Technikus utca,47.415325,19.062992,3677,3677.0,1.0182929727745453e-09,0.00046392948271862676,0.035922545836452435,0.002173256671946421
4998,F04362,Határ utca,47.41633,19.093232,3727,3727.0,6.205539397491952e-11,0.00046392948271862676,0.03326543345075004,0.003041052377208038
4999,F04363,Határ utca,47.416663,19.092861,3729,3729.0,1.0147972075967455e-10,0.00046392948271862676,0.0332249159714986,0.0028556691001104693
5000,F04364,"Csepel, Határ utca",47.4161,19.093128,3728,3728.0,5.922128823731406e-11,0.00023196474135931338,0.033261348078734265,0.0
5001,F04366,Erdősor utca,47.41653,19.062264,3674,3674.0,1.90870899370795e-09,0.00046392948271862676,0.03571445317317589,0.0017390358985619801
5002,F04367,Kossuth Lajos utca,47.416953,19.062979,3675,3675.0,4.655345150006864e-09,0.00046392948271862676,0.037349270930401114,0.0026072621648284403
5005,F04370,Tordai út,47.440623,19.012578,4109,4109.0,6.941952951441226e-08,0.00046392948271862676,0.04023280918034646,0.0002650643322927706
5006,F04371,Tordai út,47.439688,19.012764,4110,4110.0,1.190511505452324e-06,0.0006958942240779401,0.04385247774314618,0.0031409685935696843
5008,F04373,Szabina út,47.436828,19.014118,4116,4116.0,5.923012862881309e-07,0.0009278589654372535,0.04204873560359965,0.004727801708312552
5009,F04374,Lomnici utca,47.436433,19.020124,4023,4023.0,1.3265749973078683e-06,0.001159823706796567,0.043973008867099525,0.008791701007879162
5010,F04375,Pék utca,47.442283,19.018507,4125,4125.0,4.137989698222709e-12,0.00046392948271862676,0.032257647291488147,0.0026072621648284403
5011,F04376,Pék utca,47.442382,19.018056,4127,4127.0,3.9293927418268154e-12,0.00046392948271862676,0.03224064143177068,0.002173256671946421
5012,F04377,Rózsavölgy felső,47.441043,19.023094,4120,4120.0,1.7978850400275274e-11,0.00046392948271862676,0.033385229196934055,0.0026072621648284403
5013,F04378,Rózsavölgy felső,47.441025,19.022882,4121,4121.0,1.8933273196562394e-11,0.00046392948271862676,0.03340287575505353,0.003041052377208038
5014,F04379,Rózsavölgy alsó,47.438409,19.03036,4033,4033.0,8.226211900631265e-11,0.00046392948271862676,0.03461344527339393,0.003041052377208038
5015,F04380,Rózsavölgy alsó,47.438193,19.030705,4032,4032.0,8.662904005647024e-11,0.00046392948271862676,0.034631781847590005,0.003474627309085214
5018,F04383,Leányka utcai lakótelep,47.433121,19.036857,4044,4044.0,4.4350892006078566e-07,0.0013917884481558802,0.0458611298859827,0.01796366468770838
5019,F04384,Leányka utcai lakótelep,47.432411,19.037454,4042,4042.0,6.392488644235196e-07,0.001159823706796567,0.04631318719412961,0.020067787750629368
5025,F04394,Memento Park,47.425926,19.001432,4071,4071.0,6.184504633630212e-09,0.00046392948271862676,0.03725788691517364,0.0031674101688271878
5026,F04395,Jégmadár utca,47.430605,19.005537,4088,4088.0,2.051506314469354e-07,0.00023196474135931338,0.04169134030725256,0.0
5029,F04398,Savoyai Jenő tér,47.429587,19.037773,4001,4001.0,1.721147961909735e-07,0.001159823706796567,0.04453756002987515,0.01774439351053156
5030,F04400,Savoyai Jenő tér,47.428903,19.037229,4003,4003.0,5.278533942324455e-08,0.0009278589654372535,0.04279913124868375,0.002170238081172541
5031,F04402,Savoyai Jenő tér,47.429065,19.037587,4004,4004.0,1.0896740299106358e-07,0.0006958942240779401,0.044141944836064026,0.016138434743715197
5032,F04403,Városház tér,47.426493,19.038303,3994,3994.0,5.510418485363688e-08,0.0013917884481558802,0.04267389181541655,0.01605748522082273
5035,F04406,Városház tér,47.4267,19.039244,3993,3993.0,5.5338761348080345e-08,0.001159823706796567,0.04286978083331515,0.015046795486488332
5036,F04407,Tóth József utca,47.421555,19.041591,4006,4006.0,1.2671724749803892e-08,0.00046392948271862676,0.04099713076123296,0.00020441404317914118
5037,F04408,Tóth József utca,47.421807,19.041087,4007,4007.0,1.396177562554832e-08,0.0009278589654372535,0.04086325572625409,0.003902353610335773
5038,F04409,Tóth József utca,47.421195,19.040849,4008,4008.0,1.213961527198078e-08,0.00046392948271862676,0.04103839723337689,0.0023020240557363376
5039,F04410,Komló utca,47.421663,19.035773,4013,4013.0,2.861760201678449e-09,0.0006958942240779401,0.03946111437236841,0.0019210158188250205
5040,F04411,Kereszt utca,47.422436,19.035879,4014,4014.0,3.0974124933921487e-09,0.00046392948271862676,0.03921785477734626,0.0015539601706908985
5041,F04412,Budafoki temető,47.423021,19.03405,4015,4015.0,8.881383568012669e-10,0.0006958942240779401,0.0378341279568879,0.0013401246211320306
5042,F04413,Mező utca,47.421788,19.032129,4011,4011.0,9.326334320252937e-10,0.0006958942240779401,0.03819004709301994,0.000761802637393056
5043,F04414,Víg utca (Sporttelep),47.422858,19.029716,4009,4009.0,7.213154646903539e-10,0.00046392948271862676,0.037117467285183905,0.00035495682589545665
5044,F04415,Víg utca (Sporttelep),47.422912,19.030299,4010,4010.0,2.2791762209193263e-10,0.00046392948271862676,0.03658597446455794,0.0008948214140652338
5045,F04416,Lőcsei utca,47.423811,19.025064,4078,4078.0,2.0453652160481704e-10,0.0006958942240779401,0.03574340719818431,0.0008192971605264791
5046,F04417,Lőcsei utca,47.42381,19.024388,4079,4079.0,2.525266582168686e-09,0.0006958942240779401,0.03747885334872086,0.0006354418774023183
5047,F04418,Árpád utca,47.426018,19.023218,4075,4075.0,5.1629123197206545e-11,0.00046392948271862676,0.03445429431965208,0.0001829202130553056
5048,F04419,Árpád utca,47.426648,19.022807,4076,4076.0,1.0543818396425165e-09,0.00046392948271862676,0.03606811543955664,7.563981807718694e-05
5049,F04420,Arany János utca,47.428393,19.02388,4074,4074.0,4.2962299229302946e-11,0.00046392948271862676,0.033631305419305944,7.9115922798724e-05
5050,F04421,Regényes utca,47.4298,19.021443,4073,4073.0,1.5431981391431598e-10,0.00046392948271862676,0.03463304715506244,0.00037446784889292364
5051,F04422,Kiránduló utca,47.427726,19.020314,4077,4077.0,2.5291954123966387e-09,0.00046392948271862676,0.03726118216161117,0.00024910434432502476
5052,F04423,Arató utca,47.424412,19.020014,4080,4080.0,1.032991144257525e-08,0.00046392948271862676,0.03874220269527012,0.0008949082305061195
5053,F04424,Arató utca,47.424394,19.020558,4081,4081.0,7.009652950260047e-10,0.00046392948271862676,0.0360736058337858,0.00046471237640048683
5054,F04425,Kazinczy utca,47.425032,19.016131,4082,4082.0,4.699442493572018e-08,0.00046392948271862676,0.04018547847026508,0.0012739491201341953
5055,F04426,Kazinczy utca,47.424996,19.017058,4083,4083.0,3.15571151744459e-09,0.00046392948271862676,0.037278766658310224,0.0008331138594694534
5056,F04427,Karácsony utca,47.425642,19.012737,4062,4062.0,1.4426766610394285e-08,0.00046392948271862676,0.038645065847050825,0.0012231955108834799
5057,F04428,Karácsony utca,47.425651,19.012247,4063,4063.0,2.149537622653905e-07,0.00046392948271862676,0.04181594304475755,0.001668991084583131
5058,F04429,Liszt Ferenc út,47.428123,19.008508,4084,4084.0,6.600312844859167e-08,0.0006958942240779401,0.04017483376157187,0.0033393641602134753
5059,F04430,Liszt Ferenc út,47.42851,19.007951,4085,4085.0,9.834638188158507e-07,0.0009278589654372535,0.04363045010107004,0.004572386559194637
5060,F04431,Háros utca,47.411327,19.026236,4656,4656.0,2.910310779165966e-09,0.00046392948271862676,0.03968829169719678,0.0106239999088829
5061,F04432,Háros utca,47.41147,19.025944,4657,4657.0,2.920038419654632e-09,0.00046392948271862676,0.03946768643263653,0.010254542109402834
5062,F04433,Háros vasútállomás,47.41238,19.032622,4058,4058.0,1.328827610021282e-08,0.0006958942240779401,0.04096391175099007,0.010833996361916584
5063,F04434,Háros vasútállomás,47.412479,19.033735,4059,4059.0,1.3278767030216039e-08,0.0006958942240779401,0.0412007153786675,0.011206734750987128
5064,F04435,Vágóhíd utca,47.414225,19.038478,4056,4056.0,5.412829679586214e-09,0.00046392948271862676,0.03946809725908869,1.1761491448968744e-05
5065,F04436,Vágóhíd utca,47.414386,19.038518,4057,4057.0,5.683843751812702e-09,0.00046392948271862676,0.03929141289295853,9.450429626841235e-05
5066,F04437,Brassói utca,47.42446,19.002705,4068,4068.0,1.351759894226141e-09,0.00046392948271862676,0.03596275014069021,0.0027727455451227773
5067,F04438,Brassói utca,47.424406,19.002626,4069,4069.0,4.263425488137713e-06,0.00046392948271862676,0.045884994500851845,0.011739655526573967
5068,F04439,Aradi utca,47.419056,19.006712,4066,4066.0,2.9549177606704916e-10,0.00046392948271862676,0.03481046827192963,0.0023907637778289395
5069,F04440,Aradi utca,47.419101,19.00658,4067,4067.0,9.319440796315669e-07,0.00046392948271862676,0.0438732818298762,0.011331815584757108
5070,F04441,Nyél utca,47.414495,19.004158,4665,4665.0,6.474569059602785e-11,0.00046392948271862676,0.033751051570947564,0.002022424950003854
5071,F04442,Nyél utca,47.414855,19.004238,4666,4666.0,2.042059091766434e-07,0.00046392948271862676,0.04207579909652545,0.010934380972753585
5072,F04443,Park utca,47.412359,19.006806,4663,4663.0,1.0271027430532681e-08,0.00046392948271862676,0.038986793846932204,0.0012712258066710014
5073,F04444,Park utca,47.412314,19.006488,4664,4664.0,3.2702956385848335e-12,0.00046392948271862676,0.03180576477048134,0.0002968952095681126
5074,F04445,Aszály utca,47.413547,19.00984,4668,4668.0,7.97249550961279e-13,0.00046392948271862676,0.03153436601754332,0.00020402397997416476
5075,F04446,Aszály utca,47.413745,19.010754,4669,4669.0,2.246457865364031e-09,0.00046392948271862676,0.037639579053996494,0.0008956578749705625
5076,F04447,Őszibarack utca,47.415356,19.012476,4674,4674.0,5.514553725841355e-13,0.00046392948271862676,0.03226972685370421,0.00045148245962129226
5077,F04448,Őszibarack utca,47.415599,19.01286,4675,4675.0,4.98026456028055e-10,0.00046392948271862676,0.036409962123176855,0.0005293200672113859
5078,F04449,Rizling utca (Sportpálya),47.414718,19.015643,4672,4672.0,1.4096940544016673e-10,0.00046392948271862676,0.03605919711256566,0.0004397134377536412
5079,F04450,Rizling utca (Sportpálya),47.414889,19.01563,4673,4673.0,1.846435603708184e-12,0.00046392948271862676,0.03316388937019173,0.0008005922960621371
5080,F04451,Tűztorony,47.413172,19.018003,4670,4670.0,8.300697645995092e-12,0.00046392948271862676,0.03434444104295605,0.001209633917800347
5081,F04452,Tűztorony,47.413361,19.017592,4671,4671.0,1.7776269249499113e-10,0.00046392948271862676,0.036938475523959464,0.0006899371277918963
5082,F04453,Jókai Mór utca,47.410129,19.020207,4658,4658.0,7.112620411219409e-10,0.0009278589654372535,0.03816045164182518,0.010997990094909314
5083,F04454,Jókai Mór utca,47.41003,19.020671,4659,4659.0,6.740044266753579e-10,0.0006958942240779401,0.038343755795394605,0.011617130493120654
5084,F04455,Lépcsős utca,47.408293,19.016499,4653,4653.0,1.7363414850445813e-10,0.001159823706796567,0.03702251267473897,0.009017531837491129
5085,F04456,Lépcsős utca,47.408167,19.015956,4654,4654.0,1.5674589948232588e-10,0.00046392948271862676,0.03675585641039368,0.007860890815926405
5086,F04457,Budatétény vasútállomás (Növény utca),47.404928,19.012155,4723,4723.0,4.022141844400729e-11,0.001159823706796567,0.03546956132034342,0.00760138375343167
5087,F04458,Budatétény vasútállomás (Növény utca),47.405135,19.012791,4724,4724.0,4.8053237220116825e-11,0.0006958942240779401,0.03594093325481664,0.0066509608743585205
5088,F04459,Tűzliliom utca,47.404333,19.006644,4712,4712.0,4.273748488386871e-12,0.0006958942240779401,0.03345769883243527,0.0012942122036325937
5089,F04460,Tűzliliom utca,47.404135,19.006618,4713,4713.0,1.2309356362781525e-10,0.00046392948271862676,0.035319230169191564,0.0011093290983072459
5090,F04461,Rákóczi út,47.405897,19.005292,4714,4714.0,1.0982584004873708e-12,0.00046392948271862676,0.032339360281659,0.0005170842570922399
5091,F04462,Rákóczi út,47.405375,19.005584,4715,4715.0,5.438421266736069e-10,0.00046392948271862676,0.036442156695917105,0.001466325526265512
5092,F04463,Terv utca,47.408037,19.002216,4736,4736.0,9.911904774479443e-13,0.0006958942240779401,0.03153961217098288,0.0006900461834369216
5093,F04464,Terv utca,47.407749,19.002468,4737,4737.0,2.483956878382948e-09,0.0006958942240779401,0.03768896500719048,0.007844977430348718
5095,F04467,Dózsa György út,47.399546,19.003827,4695,4695.0,9.035995133813313e-12,0.00046392948271862676,0.03426220009382639,0.0008042635067521179
5096,F04468,I. utca,47.401354,19.003838,4696,4696.0,2.2610966842475297e-12,0.00046392948271862676,0.03312998598126128,0.003042956734246483
5097,F04469,I. utca,47.401327,19.003626,4697,4697.0,3.94389829660369e-11,0.0006958942240779401,0.034219528497016274,0.001514147621666652
5098,F04470,Szent László utca,47.407057,18.998211,4702,4702.0,3.424497014985604e-13,0.0006958942240779401,0.031281489597341755,0.0019811382457370344
5099,F04471,Szent László utca,47.406833,18.998278,4703,4703.0,5.736110766718374e-10,0.0006958942240779401,0.036389345524183915,0.006186095648950015
5100,F04472,Bem tábornok utca,47.409053,18.996076,4725,4725.0,1.320928537094109e-10,0.0006958942240779401,0.035053117210877345,0.00410375611425765
5101,F04473,Bem tábornok utca,47.409215,18.996089,4726,4726.0,8.150892996246427e-14,0.0006958942240779401,0.03029547633020703,0.0014859335314392522
5102,F04474,XIII. utca / Dózsa György út,47.411921,18.993052,4729,4729.0,2.8868927541568974e-11,0.00046392948271862676,0.03379165859156195,0.0008699485102858334
5103,F04475,XIII. utca / Dózsa György út,47.411984,18.993317,4730,4730.0,1.7776630536616252e-14,0.00046392948271862676,0.02934812715241487,0.0004350818953941275
5104,F04476,"Baross Gábor-telep, Ispiláng utca",47.416584,19.001462,4667,4667.0,1.31346357449894e-12,0.00023196474135931338,0.03152125826620382,0.0
5105,F04477,Damjanich utca,47.402329,18.990815,4690,4690.0,9.654797192951731e-11,0.00046392948271862676,0.03493201499468779,0.0009188724845530281
5106,F04478,Barosstelep vasútállomás,47.399523,18.990858,4684,4684.0,2.1560024276612672e-11,0.00046392948271862676,0.03391012507788214,0.0005660421654033427
5108,F04480,Bartók Béla út,47.395225,18.993723,4610,4610.0,5.822240184005172e-12,0.00046392948271862676,0.032825104410691544,0.000443692074541788
5114,F04486,Barackos út / Angeli utca,47.400763,18.973979,4633,4633.0,1.0641062192084557e-08,0.0006958942240779401,0.03838878845381585,0.001538598442433418
5115,F04487,Szakiskola utca,47.405265,18.975901,4612,4612.0,9.23662854209477e-09,0.0006958942240779401,0.03859510836081708,0.0022328201394134963
5116,F04488,Szilvafa utca,47.405149,18.983101,4614,4614.0,2.0188214649633928e-09,0.00046392948271862676,0.037248736510205924,0.0016473064551436527
5117,F04489,Mátyás király utca,47.404272,18.99068,4692,4692.0,4.4127069380828256e-10,0.00046392948271862676,0.036043771964555604,0.0012796012061360206
5118,F04490,Nagytétény-Diósd vasútállomás,47.397626,18.976646,4630,4630.0,9.240022183665306e-09,0.0006958942240779401,0.0385507664641695,0.003963200324795935
5119,F04491,Nagytétény-Diósd vasútállomás,47.39768,18.976752,4631,4631.0,2.3307407918181738e-09,0.00046392948271862676,0.03692552525791157,0.0005500005672872968
5120,F04492,Nagytétényi temető,47.39456,18.978544,4615,4615.0,2.0354193588892036e-09,0.00046392948271862676,0.03713964498279387,0.0031478280056122863
5121,F04493,Nagytétényi temető,47.394173,18.978903,4616,4616.0,5.31871504694298e-10,0.00046392948271862676,0.03562084302300147,0.00014496370487268562
5123,F04495,Petőfi Sándor utca (Kastélymúzeum),47.39346,18.989619,4608,4608.0,2.4811120487394162e-11,0.00046392948271862676,0.03376908708059521,0.0007299919713535039
5124,F04496,Szabadság utca,47.392468,18.984123,4617,4617.0,1.1311612844025588e-10,0.00046392948271862676,0.034789707450209116,0.0010858282439860317
5126,F04498,Angeli utca / Nagytétényi út,47.390955,18.981715,4621,4621.0,2.1889307671023842e-10,0.00046392948271862676,0.034890227980780966,3.393981606916481e-05
5127,F04499,Angeli utca / Nagytétényi út,47.390919,18.981251,4622,4622.0,5.174421871492665e-10,0.0009278589654372535,0.03589907816306941,0.002928717301039399
5136,F04509,Tenkes utca,47.397404,18.998781,4685,4685.0,3.0993145628677862e-12,0.00046392948271862676,0.03333855586451826,0.00047762083423709927
5138,F04511,Tátra utca,47.403881,19.00116,4700,4700.0,1.3370407728263674e-10,0.0006958942240779401,0.0352610934110479,0.0019033009769066534
5139,F04512,Tátra utca,47.403647,19.001531,4701,4701.0,5.689479080231423e-13,0.0006958942240779401,0.03203904377526209,0.0027077550971133547
5140,F04513,XVI. utca,47.41392,18.996283,4734,4734.0,6.296289591937236e-12,0.00046392948271862676,0.03261727731109957,0.00043508189539412747
5141,F04514,XVI. utca,47.413866,18.996363,4735,4735.0,3.708288913015339e-15,0.00023196474135931338,0.028457802095373626,0.0
5145,F04521,Mátra utca,47.400228,18.999441,4688,4688.0,6.805725731369979e-12,0.00046392948271862676,0.03298444264685038,0.0002912439755132152
5146,F04523,"Soroksár, központi raktárak",47.378254,19.130436,159,159.0,1.2015779676205843e-08,0.00046392948271862676,0.03530015860037418,0.0013045998446751174
5147,F04524,Dinnyehegyi út,47.415974,19.134363,482,482.0,8.149897382539393e-11,0.0006958942240779401,0.03562720233386007,0.0023902013320496913
5148,F04525,Dinnyehegyi út,47.417133,19.135863,489,489.0,6.548009437080589e-10,0.00046392948271862676,0.03773923196559561,0.0024402328520747463
5150,F04528,Festékgyár,47.417015,19.109916,457,457.0,5.5397922855789276e-05,0.00046392948271862676,0.04748717074848322,0.008309700688233713
5151,F04529,Festékgyár,47.416817,19.11034,458,458.0,5.5397922855789276e-05,0.00046392948271862676,0.04748717074848322,0.008309700688233713
5152,F04530,Soroksár felső H,47.410313,19.111353,468,468.0,2.893838335009538e-05,0.0013917884481558802,0.045341233310414245,0.016302524309271166
5153,F04531,Soroksár felső H,47.410277,19.11171,468,468.0,2.893838335009538e-05,0.0013917884481558802,0.045341233310414245,0.016302524309271166
5154,F04532,Tárcsás utca,47.406636,19.114399,440,440.0,1.7015343177565696e-06,0.00046392948271862676,0.041483344298630126,0.00017678184467939724
5155,F04533,Tárcsás utca,47.40624,19.11465,441,441.0,6.882881801477944e-06,0.0006958942240779401,0.04336051959040987,0.0018769325152612625
5158,F04536,Tárcsás utca,47.405087,19.112539,442,442.0,7.135708188126413e-06,0.00046392948271862676,0.04332534205840522,0.005612906354124529
5159,F04537,Tárcsás utca,47.405698,19.112672,443,443.0,7.135708188126413e-06,0.00046392948271862676,0.04332534205840522,0.005612906354124529
5160,F04538,"Soroksár, Hősök tere H",47.399752,19.114519,454,454.0,5.249548836321611e-06,0.002319647413593134,0.041538788733385096,0.011328413522234095
5161,F04539,"Soroksár, Hősök tere H",47.398889,19.114518,454,454.0,5.249548836321611e-06,0.002319647413593134,0.041538788733385096,0.011328413522234095
5164,F04542,"Soroksár, Hősök tere H",47.400176,19.116511,454,454.0,5.249548836321611e-06,0.002319647413593134,0.041538788733385096,0.011328413522234095
5165,F04543,"Soroksár, Hősök tere H",47.399996,19.116683,454,454.0,5.249548836321611e-06,0.002319647413593134,0.041538788733385096,0.011328413522234095
5166,F04544,Soroksár vasútállomás,47.400947,19.121294,446,446.0,1.148193276425e-06,0.00046392948271862676,0.039872764165808476,0.0008643659106433592
5167,F04545,Soroksár vasútállomás,47.400818,19.121939,447,447.0,1.148189262948418e-06,0.00046392948271862676,0.03982334827105188,0.0008946948295847013
5172,F04550,Zsellér dűlő,47.38945,19.120281,178,178.0,1.148186068214763e-06,0.00046392948271862676,0.039782400960900126,0.0026072621648284403
5173,F04551,Zsellér dűlő,47.389252,19.120215,179,179.0,1.1481857944905873e-06,0.00046392948271862676,0.03978073143067536,0.00173903589856198
5174,F04552,Polimer,47.382322,19.126866,170,170.0,5.492631394736694e-08,0.00046392948271862676,0.03667408824605748,0.0008699485102858333
5175,F04553,Polimer,47.382655,19.126761,171,171.0,5.4932319311931375e-08,0.00046392948271862676,0.036678345414635806,0.00173903589856198
5176,F04554,"Vecsés út, sorompó",47.398722,19.12512,444,444.0,2.511735502015665e-07,0.00046392948271862676,0.03925968000893974,0.0005938374042156734
5177,F04555,"Vecsés út, sorompó",47.39891,19.126538,445,445.0,2.511543166158388e-07,0.00046392948271862676,0.03870818881714452,0.000600933575114454
5178,F04556,Szamaránszki dűlő,47.399814,19.133984,174,174.0,5.509065131811013e-08,0.00046392948271862676,0.0392820504287368,0.000580104281780299
5179,F04557,Szamaránszki dűlő,47.399921,19.134143,175,175.0,5.500249182324977e-08,0.00046392948271862676,0.03825709449685593,0.0004685287546648088
5180,F04558,Telefondűlő út,47.401032,19.140134,176,176.0,1.2740011103702504e-08,0.00046392948271862676,0.040042883467983854,0.0007568847393846624
5181,F04559,Telefondűlő út,47.401355,19.140797,177,177.0,1.2336754650729056e-08,0.00046392948271862676,0.03875210166779149,0.0005040815197131108
5182,F04560,Kertészeti Egyetem,47.398686,19.148966,172,172.0,5.9405576742572754e-09,0.00046392948271862676,0.041257650927981886,0.0010496069355000466
5183,F04561,Kertészeti Egyetem,47.398596,19.149257,173,173.0,4.096158556952925e-09,0.00046392948271862676,0.03967251172477234,0.0007211110437201793
5184,F04562,Víztorony tér,47.389444,19.161379,229,229.0,3.0829591552756024e-08,0.00046392948271862676,0.04266428836510252,0.0014064845176341868
5185,F04563,Víztorony tér,47.388877,19.161974,230,230.0,6.94138791493898e-08,0.00046392948271862676,0.04458888747804919,0.0017865003820843077
5186,F04564,Erzsébeti temető,47.418618,19.122136,506,506.0,1.0383015337154314e-08,0.0006958942240779401,0.03731802523112664,0.0003658811078295375
5187,F04565,Erzsébeti temető,47.41868,19.122574,507,507.0,4.583210756780085e-09,0.00046392948271862676,0.03755830017219121,0.00041627845425298745
5188,F04566,Tangazdaság (Óvoda),47.390734,19.159667,227,227.0,7.2880193438012955e-09,0.00046392948271862676,0.041080637019040404,0.0010381999217679112
5189,F04567,Tangazdaság (Óvoda),47.390863,19.159302,228,228.0,1.5723904909542508e-08,0.00046392948271862676,0.04284217072396858,0.0014078137867211131
5190,F04568,Erzsébet utca,47.403244,19.115494,438,438.0,1.4509228958024728e-06,0.00046392948271862676,0.03982125708206929,3.983804245404515e-05
5191,F04569,Erzsébet utca,47.402749,19.115785,439,439.0,2.5323795529233096e-06,0.00046392948271862676,0.04152786992446542,0.0002153156864287325
5192,F04570,Ócsai úti felüljáró,47.383348,19.125729,168,168.0,2.5113769593679235e-07,0.00046392948271862676,0.03816467675473972,0.0013045998446751174
5193,F04571,Ócsai úti felüljáró,47.383681,19.12569,169,169.0,2.511390069246755e-07,0.00046392948271862676,0.03816775015183297,0.002173256671946421
5194,F04572,Szent László utca,47.420747,19.126128,508,508.0,2.228522302066859e-09,0.00046392948271862676,0.037103301976508844,0.0004111838385605127
5195,F04573,Szent László utca,47.420783,19.126353,509,509.0,4.8590623584237955e-09,0.00046392948271862676,0.03858607475279491,0.0005240419781961072
5196,F04574,Újtelep út,47.415606,19.132918,480,480.0,4.0557949376841565e-11,0.0013917884481558802,0.03472979991558027,0.001495494107843599
5197,F04575,Szent László utca,47.415642,19.133276,481,481.0,1.5402100960990917e-10,0.0006958942240779401,0.03631232771728429,0.002019316413739952
5198,F04576,Szentlőrinci úti lakótelep,47.416876,19.130588,478,478.0,8.466756744769533e-12,0.00023196474135931338,0.03348991004595905,0.0
5199,F04577,Szentlőrinci úti lakótelep,47.416615,19.131038,479,479.0,4.0616733846839515e-11,0.00046392948271862676,0.035045989366799375,0.0004839456363061754
