stop_id,stop_id_to,travel_duration
044369,088453,17.703437921110314
088453,044369,17.703437921110314
CSF04632,F04631,11.920164148653429
F04631,CSF04632,11.920164148653429
CSF04632,F04632,11.9201600901624
F04632,CSF04632,11.9201600901624
F04631,F04632,23.84032423865457
F04632,F04631,23.84032423865457
CSF04636,F04635,10.956827459006785
F04635,CSF04636,10.956827459006785
CSF04636,F04636,10.96224342381019
F04636,CSF04636,10.96224342381019
F04635,F04636,21.919066564340607
F04636,F04635,21.919066564340607
CSF04634,F04633,12.181609003853032
F04633,CSF04634,12.181609003853032
CSF04634,F04634,12.181607539014427
F04634,CSF04634,12.181607539014427
F04633,F04634,24.363216542709967
F04634,F04633,24.363216542709967
008809,008811,7.100663572930335
008811,008809,7.100663572930335
009749,CSF04627,11.793311234228675
CSF04627,009749,11.793311234228675
009749,F04627,11.219041085828737
F04627,009749,11.219041085828737
009749,F04628,12.372749305233933
F04628,009749,12.372749305233933
CSF04627,F04627,0.627466731648187
F04627,CSF04627,0.627466731648187
CSF04627,F04628,0.627466860399829
F04628,CSF04627,0.627466860399829
F04627,F04628,1.2549335919094915
F04628,F04627,1.2549335919094915
CSF04619,F04619,0.654829979735361
F04619,CSF04619,0.654829979735361
CSF04619,F04620,0.6751960542226141
F04620,CSF04619,0.6751960542226141
F04619,F04620,1.3300033133929774
F04620,F04619,1.3300033133929774
CSF04618,F04617,7.3939286828854325
F04617,CSF04618,7.3939286828854325
CSF04618,F04618,7.39941066795015
F04618,CSF04618,7.39941066795015
F04617,F04618,14.79332423911882
F04618,F04617,14.79332423911882
CSF04621,F04621,1.7596620885464733
F04621,CSF04621,1.7596620885464733
CSF04621,F04622,1.780202107640547
F04622,CSF04621,1.780202107640547
F04621,F04622,3.539856666267025
F04622,F04621,3.539856666267025
009755,CSF04623,7.421164684444267
CSF04623,009755,7.421164684444267
009755,F04623,5.954123749782206
F04623,009755,5.954123749782206
009755,F04624,8.957308475198445
F04624,009755,8.957308475198445
CSF04623,F04623,1.6701348278855719
F04623,CSF04623,1.6701348278855719
CSF04623,F04624,1.673224737627682
F04624,CSF04623,1.673224737627682
F04623,F04624,3.34332811833117
F04624,F04623,3.34332811833117
009019,009020,6.5689019227493555
009020,009019,6.5689019227493555
009019,CSF04676,15.267907803792584
CSF04676,009019,15.267907803792584
009019,F04676,15.194129249671027
F04676,009019,15.194129249671027
009019,F04677,15.370291756584892
F04677,009019,15.370291756584892
009020,CSF04676,8.87104155602575
CSF04676,009020,8.87104155602575
009020,F04676,8.709417889669531
F04676,009020,8.709417889669531
009020,F04677,9.089372092137486
F04677,009020,9.089372092137486
CSF04676,F04676,0.8078891747568634
F04676,CSF04676,0.8078891747568634
CSF04676,F04677,0.8115144161101299
F04677,CSF04676,0.8115144161101299
F04676,F04677,1.6193405116811033
F04677,F04676,1.6193405116811033
009021,040595,10.399091449041956
040595,009021,10.399091449041956
009021,F04679,21.891436033125125
F04679,009021,21.891436033125125
040595,F04679,13.559706562592938
F04679,040595,13.559706562592938
009759,009760,5.341572313508694
009760,009759,5.341572313508694
009759,CSF04672,16.955496230506753
CSF04672,009759,16.955496230506753
009759,F04672,15.541748852404593
F04672,009759,15.541748852404593
009759,F04673,24.634771287930715
F04673,009759,24.634771287930715
009760,CSF04672,13.373710211029104
CSF04672,009760,13.373710211029104
009760,F04672,10.20162920776012
F04672,009760,10.20162920776012
009760,F04673,22.95214334825865
F04673,009760,22.95214334825865
CSF04672,F04672,11.684022109206758
F04672,CSF04672,11.684022109206758
CSF04672,F04673,11.675393091258794
F04673,CSF04672,11.675393091258794
F04672,F04673,23.359402107940582
F04673,F04672,23.359402107940582
009016,009017,2.617964555567544
009017,009016,2.617964555567544
009016,009018,41.32157695764058
009018,009016,41.32157695764058
009016,CSF04675,36.373729199333106
CSF04675,009016,36.373729199333106
009016,F04674,37.58505591530817
F04674,009016,37.58505591530817
009016,F04675,36.12443078707078
F04675,009016,36.12443078707078
009017,009018,42.35396082845119
009018,009017,42.35396082845119
009017,CSF04675,38.360140395945045
CSF04675,009017,38.360140395945045
009017,F04674,39.80784538382745
F04674,009017,39.80784538382745
009017,F04675,37.813136601035815
F04675,009017,37.813136601035815
009018,CSF04675,18.42377423665707
CSF04675,009018,18.42377423665707
009018,F04674,24.319109502447013
F04674,009018,24.319109502447013
009018,F04675,12.568457359059927
F04675,009018,12.568457359059927
CSF04675,F04674,5.952135528120898
F04674,CSF04675,5.952135528120898
CSF04675,F04675,5.964039219032599
F04675,CSF04675,5.964039219032599
F04674,F04675,11.916171605789117
F04675,F04674,11.916171605789117
CSF04670,F04670,1.1873115959514418
F04670,CSF04670,1.1873115959514418
CSF04670,F04671,1.1873119931371567
F04671,CSF04670,1.1873119931371567
F04670,F04671,2.374623589159633
F04671,F04670,2.374623589159633
009014,009015,14.997856642053378
009015,009014,14.997856642053378
009022,F04669,9.565017384073489
F04669,009022,9.565017384073489
CSF04668,F04668,11.45721079491005
F04668,CSF04668,11.45721079491005
009009,009010,3.5368674893602567
009010,009009,3.5368674893602567
009011,009012,5.980158575834684
009012,009011,5.980158575834684
009004,009005,13.646002651529201
009005,009004,13.646002651529201
009004,009006,15.066460685445096
009006,009004,15.066460685445096
009005,009006,13.538449891275144
009006,009005,13.538449891275144
009007,009008,8.15033474358337
009008,009007,8.15033474358337
CSF04664,F04664,10.514086954530331
F04664,CSF04664,10.514086954530331
CSF04664,F04665,10.54041949834241
F04665,CSF04664,10.54041949834241
F04664,F04665,21.05450643158545
F04665,F04664,21.05450643158545
F03183,F03184,6.477192761018003
F03184,F03183,6.477192761018003
F03070,F03072,17.261724562941104
F03072,F03070,17.261724562941104
F03070,F03073,15.698799722040409
F03073,F03070,15.698799722040409
F03072,F03073,9.864914974470723
F03073,F03072,9.864914974470723
F03066,F03067,8.669633348277834
F03067,F03066,8.669633348277834
F03179,F03180,2.5536166954943806
F03180,F03179,2.5536166954943806
F03068,F03069,5.437631877388621
F03069,F03068,5.437631877388621
F03181,F03182,13.00024713420653
F03182,F03181,13.00024713420653
F03117,F03118,7.444579493898526
F03118,F03117,7.444579493898526
F03114,F03115,24.26317498006535
F03115,F03114,24.26317498006535
F03119,F03120,8.066642745140948
F03120,F03119,8.066642745140948
F03112,F03113,5.185601291014211
F03113,F03112,5.185601291014211
F03121,F03122,6.690470205203978
F03122,F03121,6.690470205203978
F03121,F03123,9.89601794245693
F03123,F03121,9.89601794245693
F03121,F03124,15.471760580451543
F03124,F03121,15.471760580451543
F03122,F03123,11.301821770251964
F03123,F03122,11.301821770251964
F03122,F03124,16.511243449305045
F03124,F03122,16.511243449305045
F03123,F03124,5.621063738636811
F03124,F03123,5.621063738636811
F03168,F03169,4.528948585947359
F03169,F03168,4.528948585947359
F03086,F03087,10.415484085493027
F03087,F03086,10.415484085493027
F03172,F03173,6.2765705290756815
F03173,F03172,6.2765705290756815
F03172,F03174,8.539795578248961
F03174,F03172,8.539795578248961
F03173,F03174,2.4556928722796245
F03174,F03173,2.4556928722796245
F03088,F03089,10.28923473241871
F03089,F03088,10.28923473241871
F03090,F03091,17.323543460990447
F03091,F03090,17.323543460990447
F03078,F03079,8.652660282477566
F03079,F03078,8.652660282477566
F03074,F03075,4.3062841013299185
F03075,F03074,4.3062841013299185
F03076,F03077,7.492477335017399
F03077,F03076,7.492477335017399
F03203,F03204,14.441861936557277
F03204,F03203,14.441861936557277
009652,F03082,13.611871131098544
F03082,009652,13.611871131098544
009652,F03083,13.392637934337955
F03083,009652,13.392637934337955
009652,F03085,10.35118589876608
F03085,009652,10.35118589876608
F03082,F03083,23.51745290357335
F03083,F03082,23.51745290357335
F03082,F03085,23.346898995838337
F03085,F03082,23.346898995838337
F03083,F03085,16.222807568828895
F03085,F03083,16.222807568828895
F03080,F03081,2.9956409298683537
F03081,F03080,2.9956409298683537
F03064,F03065,12.949926470420428
F03065,F03064,12.949926470420428
F03125,F03126,22.244422519828642
F03126,F03125,22.244422519828642
F03127,F03129,4.193851337711486
F03129,F03127,4.193851337711486
F03158,F03159,24.431866291722297
F03159,F03158,24.431866291722297
F03158,F03160,24.538708896691464
F03160,F03158,24.538708896691464
F03158,F03161,14.331307128964703
F03161,F03158,14.331307128964703
F03158,F03162,15.155206256389187
F03162,F03158,15.155206256389187
F03159,F03160,6.3698936713597964
F03160,F03159,6.3698936713597964
F03159,F03161,18.186672433230424
F03161,F03159,18.186672433230424
F03159,F03162,13.07340346978122
F03162,F03159,13.07340346978122
F03160,F03161,14.691472534576093
F03161,F03160,14.691472534576093
F03160,F03162,10.314819512053036
F03162,F03160,10.314819512053036
F03161,F03162,5.177813689916093
F03162,F03161,5.177813689916093
009376,F03163,5.54382144709355
F03163,009376,5.54382144709355
009376,F03164,9.303962201739779
F03164,009376,9.303962201739779
009376,F03165,10.737316558592772
F03165,009376,10.737316558592772
F03163,F03164,3.7644211060627475
F03164,F03163,3.7644211060627475
F03163,F03165,16.278076525218232
F03165,F03163,16.278076525218232
F03164,F03165,20.040645897603664
F03165,F03164,20.040645897603664
009415,F03167,3.4047248059323265
F03167,009415,3.4047248059323265
F03191,F03192,9.58597065202942
F03192,F03191,9.58597065202942
F03193,F03194,20.393311372896356
F03194,F03193,20.393311372896356
F03134,F03135,2.1582258756899626
F03135,F03134,2.1582258756899626
F03136,F03137,11.0906142677104
F03137,F03136,11.0906142677104
F03140,F03141,11.226095424278597
F03141,F03140,11.226095424278597
F03138,F03139,20.429190275595424
F03139,F03138,20.429190275595424
F03195,F03196,3.226826378459228
F03196,F03195,3.226826378459228
F03185,F03186,3.340956036753254
F03186,F03185,3.340956036753254
F03096,F03097,10.170132996198278
F03097,F03096,10.170132996198278
F03096,F03098,6.920615381773726
F03098,F03096,6.920615381773726
F03096,F03099,6.595831030072806
F03099,F03096,6.595831030072806
F03097,F03098,7.7136667276611135
F03098,F03097,7.7136667276611135
F03097,F03099,7.346265965854501
F03099,F03097,7.346265965854501
F03098,F03099,10.000966361767189
F03099,F03098,10.000966361767189
008245,F03092,8.969297340131709
F03092,008245,8.969297340131709
F03205,F03206,10.129215017599735
F03206,F03205,10.129215017599735
F03094,F03095,7.716071463957807
F03095,F03094,7.716071463957807
F03187,F03188,9.4357198690459
F03188,F03187,9.4357198690459
F03100,F03101,7.292652957497527
F03101,F03100,7.292652957497527
F03189,F03190,1.8083991406127184
F03190,F03189,1.8083991406127184
008385,F03102,5.543610347620021
F03102,008385,5.543610347620021
008385,F03103,7.6465536783323085
F03103,008385,7.6465536783323085
F03102,F03103,10.172198247619063
F03103,F03102,10.172198247619063
F03104,F03105,16.56029424867547
F03105,F03104,16.56029424867547
F03106,F03107,2.1160870524708972
F03107,F03106,2.1160870524708972
F03106,F03108,10.232657827544962
F03108,F03106,10.232657827544962
F03106,F03109,13.521483041369711
F03109,F03106,13.521483041369711
F03106,F03110,10.604885531502005
F03110,F03106,10.604885531502005
F03106,F03111,9.627407975085966
F03111,F03106,9.627407975085966
F03107,F03108,11.812397088280726
F03108,F03107,11.812397088280726
F03107,F03109,12.456388492112103
F03109,F03107,12.456388492112103
F03107,F03110,11.594081535344833
F03110,F03107,11.594081535344833
F03107,F03111,9.003942997836583
F03111,F03107,9.003942997836583
F03108,F03109,15.269366924183098
F03109,F03108,15.269366924183098
F03108,F03110,3.9154644803017704
F03110,F03108,3.9154644803017704
F03108,F03111,11.081605565749111
F03111,F03108,11.081605565749111
F03109,F03110,11.811904243151506
F03110,F03109,11.811904243151506
F03109,F03111,4.457723871773373
F03111,F03109,4.457723871773373
F03110,F03111,7.986797662311544
F03111,F03110,7.986797662311544
F03130,F03131,6.57825915330131
F03131,F03130,6.57825915330131
008341,F03133,12.362025781259856
F03133,008341,12.362025781259856
F03201,F03202,11.621613042454753
F03202,F03201,11.621613042454753
008903,F03144,17.325020947200013
F03144,008903,17.325020947200013
008903,F03145,3.6061514853114764
F03145,008903,3.6061514853114764
008903,F03146,14.75881837411791
F03146,008903,14.75881837411791
008903,F03147,8.552636105099877
F03147,008903,8.552636105099877
008903,F03148,14.201395981238727
F03148,008903,14.201395981238727
F03144,F03145,17.64328338817939
F03145,F03144,17.64328338817939
F03144,F03146,7.9705862153835225
F03146,F03144,7.9705862153835225
F03144,F03147,12.052894427633166
F03147,F03144,12.052894427633166
F03144,F03148,19.866775504968874
F03148,F03144,19.866775504968874
F03145,F03146,13.438685341345462
F03146,F03145,13.438685341345462
F03145,F03147,6.785819649101886
F03147,F03145,6.785819649101886
F03145,F03148,10.6954826931307
F03148,F03145,10.6954826931307
F03146,F03147,6.663597653997006
F03147,F03146,6.663597653997006
F03146,F03148,12.27864057102808
F03148,F03146,12.27864057102808
F03147,F03148,9.094023959545671
F03148,F03147,9.094023959545671
F03153,F03154,18.331188429787616
F03154,F03153,18.331188429787616
F03153,F03155,9.492314280704221
F03155,F03153,9.492314280704221
F03153,F03156,15.836144596403686
F03156,F03153,15.836144596403686
F03154,F03155,8.944987608195525
F03155,F03154,8.944987608195525
F03154,F03156,2.7755990397692893
F03156,F03154,2.7755990397692893
F03155,F03156,6.3565635304779535
F03156,F03155,6.3565635304779535
F03151,F03152,18.61275707554576
F03152,F03151,18.61275707554576
F03149,F03150,6.39063976126969
F03150,F03149,6.39063976126969
F02988,F02989,11.923276762093817
F02989,F02988,11.923276762093817
F02988,F02990,18.293337975522853
F02990,F02988,18.293337975522853
F02989,F02990,27.667530385672247
F02990,F02989,27.667530385672247
F03142,F03143,12.913951990461427
F03143,F03142,12.913951990461427
F03199,F03200,11.289447606307977
F03200,F03199,11.289447606307977
F03197,F03198,26.83321901883822
F03198,F03197,26.83321901883822
F02806,F02807,17.65746127305385
F02807,F02806,17.65746127305385
108430,F02847,13.732616819873622
F02847,108430,13.732616819873622
F02844,F02845,10.99321249247739
F02845,F02844,10.99321249247739
F02913,F02914,12.447999813594274
F02914,F02913,12.447999813594274
F02850,F02851,4.118467529433457
F02851,F02850,4.118467529433457
F02848,F02849,6.394695673792016
F02849,F02848,6.394695673792016
F02941,F02942,5.660670027017183
F02942,F02941,5.660670027017183
F02809,F02810,6.579688492014275
F02810,F02809,6.579688492014275
F03361,F03362,11.507751045364042
F03362,F03361,11.507751045364042
F03263,F03264,21.31373264117968
F03264,F03263,21.31373264117968
F03263,F03265,16.09015561100435
F03265,F03263,16.09015561100435
F03264,F03265,18.981257297249137
F03265,F03264,18.981257297249137
F03369,F03370,12.340964010914327
F03370,F03369,12.340964010914327
F02690,F03281,8.778580004721654
F03281,F02690,8.778580004721654
F03279,F03280,4.743931791706305
F03280,F03279,4.743931791706305
F03276,F03277,14.41418010382205
F03277,F03276,14.41418010382205
F03276,F03278,15.675344600784001
F03278,F03276,15.675344600784001
F03277,F03278,12.006969560627267
F03278,F03277,12.006969560627267
F03363,F03364,6.7617308492715695
F03364,F03363,6.7617308492715695
F03266,F03267,9.818183463920608
F03267,F03266,9.818183463920608
F03266,F03268,5.199005620463378
F03268,F03266,5.199005620463378
F03266,F03269,9.223633949319582
F03269,F03266,9.223633949319582
F03267,F03268,12.096337193856929
F03268,F03267,12.096337193856929
F03267,F03269,12.900574527257259
F03269,F03267,12.900574527257259
F03268,F03269,14.38865655687634
F03269,F03268,14.38865655687634
F03371,F03372,14.905223940188614
F03372,F03371,14.905223940188614
009381,F03282,16.996135698919023
F03282,009381,16.996135698919023
009381,F03283,2.7892091515999584
F03283,009381,2.7892091515999584
F03282,F03283,14.62904984725693
F03283,F03282,14.62904984725693
F02934,F02935,8.07691029989194
F02935,F02934,8.07691029989194
F02780,F02781,5.967409391696796
F02781,F02780,5.967409391696796
F02780,F02782,12.177720042590579
F02782,F02780,12.177720042590579
F02781,F02782,10.28441490466347
F02782,F02781,10.28441490466347
F02777,F02778,7.5403290162670675
F02778,F02777,7.5403290162670675
F02777,F02779,5.682881486809099
F02779,F02777,5.682881486809099
F02778,F02779,2.5816048401238767
F02779,F02778,2.5816048401238767
009498,009499,21.59916351195486
009499,009498,21.59916351195486
009498,F02775,17.80875569306499
F02775,009498,17.80875569306499
009498,F02776,19.81146968178658
F02776,009498,19.81146968178658
009499,F02775,15.396062081898284
F02775,009499,15.396062081898284
009499,F02776,20.883104985195047
F02776,009499,20.883104985195047
F02775,F02776,5.497529784906421
F02776,F02775,5.497529784906421
F02783,F02784,13.581975091762686
F02784,F02783,13.581975091762686
F02783,F02785,6.712829814311995
F02785,F02783,6.712829814311995
F02784,F02785,10.390885845011624
F02785,F02784,10.390885845011624
F02932,F02933,6.68807154595533
F02933,F02932,6.68807154595533
F02786,F02787,8.385550905418835
F02787,F02786,8.385550905418835
F02786,F02788,16.740615014541135
F02788,F02786,16.740615014541135
F02786,F02789,21.929659379400007
F02789,F02786,21.929659379400007
F02787,F02788,8.849590993033972
F02788,F02787,8.849590993033972
F02787,F02789,16.117062662773662
F02789,F02787,16.117062662773662
F02788,F02789,17.50194454781976
F02789,F02788,17.50194454781976
F02938,F02939,11.487573107532084
F02939,F02938,11.487573107532084
F02936,F02937,16.766713081279843
F02937,F02936,16.766713081279843
F01860,F01861,4.905854438403721
F01861,F01860,4.905854438403721
F01860,F01862,7.9648621157565085
F01862,F01860,7.9648621157565085
F01860,F01863,1.8539503131124673
F01863,F01860,1.8539503131124673
F01861,F01862,10.28162045484067
F01862,F01861,10.28162045484067
F01861,F01863,6.4080829382444335
F01863,F01861,6.4080829382444335
F01862,F01863,8.994094363775808
F01863,F01862,8.994094363775808
F02968,F02969,6.4171356985594015
F02969,F02968,6.4171356985594015
F02968,F02970,8.077632326939826
F02970,F02968,8.077632326939826
F02969,F02970,2.5578135712160224
F02970,F02969,2.5578135712160224
002133,003106,105.42245860596906
003106,002133,105.42245860596906
002133,008018,12.362397059773459
008018,002133,12.362397059773459
002133,008020,15.244490793433044
008020,002133,15.244490793433044
002133,008021,35.188780446878184
008021,002133,35.188780446878184
002133,008022,26.77782848553583
008022,002133,26.77782848553583
002133,008023,24.948829042952966
008023,002133,24.948829042952966
002133,008024,18.656326189374933
008024,002133,18.656326189374933
002133,008025,30.95598535707045
008025,002133,30.95598535707045
002133,008026,22.098113195366633
008026,002133,22.098113195366633
002133,008028,16.48364663107282
008028,002133,16.48364663107282
002133,008029,38.041235525403735
008029,002133,38.041235525403735
002133,008030,30.030470757948308
008030,002133,30.030470757948308
002133,008031,20.775938526077496
008031,002133,20.775938526077496
002133,008164,25.71977810556713
008164,002133,25.71977810556713
002133,008165,34.257693880383506
008165,002133,34.257693880383506
002133,008222,73.16085033756943
008222,002133,73.16085033756943
002133,008382,48.42698474921203
008382,002133,48.42698474921203
002133,008383,51.181473906537335
008383,002133,51.181473906537335
002133,008942,68.00102342844619
008942,002133,68.00102342844619
002133,009318,63.04988652046534
009318,002133,63.04988652046534
002133,009322,71.35124979458469
009322,002133,71.35124979458469
002133,096989,18.173053133273452
096989,002133,18.173053133273452
002133,102825,108.21461683727318
102825,002133,108.21461683727318
002133,CSLM2OVE,62.15272089392177
CSLM2OVE,002133,62.15272089392177
002133,F01749,55.85639927067273
F01749,002133,55.85639927067273
002133,F01751,57.613798522422535
F01751,002133,57.613798522422535
002133,F01752,47.40347951187325
F01752,002133,47.40347951187325
002133,F01754,71.11986471770437
F01754,002133,71.11986471770437
002133,F01755,80.03798314274326
F01755,002133,80.03798314274326
002133,F01756,85.78673069187026
F01756,002133,85.78673069187026
002133,F01757,82.12302391226422
F01757,002133,82.12302391226422
002133,F01792,73.55456081617916
F01792,002133,73.55456081617916
002133,F02755,88.922041648614
F02755,002133,88.922041648614
002133,F02756,94.62818434011294
F02756,002133,94.62818434011294
002133,F02757,98.99899372189742
F02757,002133,98.99899372189742
002133,F02758,104.15088610310002
F02758,002133,104.15088610310002
002133,F02759,100.23063738324012
F02759,002133,100.23063738324012
002133,F02760,105.11047588513864
F02760,002133,105.11047588513864
002133,F02761,96.66321959124755
F02761,002133,96.66321959124755
002133,F02762,93.14957484130306
F02762,002133,93.14957484130306
002133,F02763,87.53479369706724
F02763,002133,87.53479369706724
002133,F02764,80.64230793332162
F02764,002133,80.64230793332162
002133,LM2OV1,55.829152485339335
LM2OV1,002133,55.829152485339335
002133,LM2OV2,55.829152485339335
LM2OV2,002133,55.829152485339335
002133,LM2OVA,71.16931533290914
LM2OVA,002133,71.16931533290914
002133,LM2OVB,72.12363198018393
LM2OVB,002133,72.12363198018393
002133,LM2OVC,52.53659784465886
LM2OVC,002133,52.53659784465886
002133,LM2OVD,57.73084537018622
LM2OVD,002133,57.73084537018622
002133,LM2OVE,71.9938855338298
LM2OVE,002133,71.9938855338298
003106,008018,93.1524262378503
008018,003106,93.1524262378503
003106,008020,92.30054431965337
008020,003106,92.30054431965337
003106,008021,70.45594866849615
008021,003106,70.45594866849615
003106,008022,79.54473416914063
008022,003106,79.54473416914063
003106,008023,80.74150525696005
008023,003106,80.74150525696005
003106,008024,87.68610014562749
008024,003106,87.68610014562749
003106,008025,74.480754310858
008025,003106,74.480754310858
003106,008026,83.43591358950577
008026,003106,83.43591358950577
003106,008028,88.9489215663821
008028,003106,88.9489215663821
003106,008029,67.90355005891172
008029,003106,67.90355005891172
003106,008030,76.05934341251366
008030,003106,76.05934341251366
003106,008031,84.84904710801594
008031,003106,84.84904710801594
003106,008164,82.36446551702069
008164,003106,82.36446551702069
003106,008165,72.22389950877749
008165,003106,72.22389950877749
003106,008222,32.30435982430721
008222,003106,32.30435982430721
003106,008382,59.20021569558508
008382,003106,59.20021569558508
003106,008383,55.307500730901616
008383,003106,55.307500730901616
003106,008942,44.56880839641043
008942,003106,44.56880839641043
003106,009318,46.22770715755217
009318,003106,46.22770715755217
003106,009322,45.774198722113795
009322,003106,45.774198722113795
003106,096989,96.05546211521754
096989,003106,96.05546211521754
003106,102825,6.413178355353467
102825,003106,6.413178355353467
003106,CSLM2OVE,43.28370588083285
CSLM2OVE,003106,43.28370588083285
003106,F01749,49.79424229030754
F01749,003106,49.79424229030754
003106,F01751,50.36266555330364
F01751,003106,50.36266555330364
003106,F01752,58.112368525169245
F01752,003106,58.112368525169245
003106,F01754,38.106036104440825
F01754,003106,38.106036104440825
003106,F01755,25.497353752995533
F01755,003106,25.497353752995533
003106,F01756,20.134785860807444
F01756,003106,20.134785860807444
003106,F01757,23.303929913208837
F01757,003106,23.303929913208837
003106,F01792,35.30044564918367
F01792,003106,35.30044564918367
003106,F02755,16.52979056607242
F02755,003106,16.52979056607242
003106,F02756,10.830173114831279
F02756,003106,10.830173114831279
003106,F02757,6.882128706057457
F02757,003106,6.882128706057457
003106,F02758,4.272031768986229
F02758,003106,4.272031768986229
003106,F02759,6.471678131619029
F02759,003106,6.471678131619029
003106,F02760,2.1562547787696604
F02760,003106,2.1562547787696604
003106,F02761,10.11476344618758
F02761,003106,10.11476344618758
003106,F02762,13.888317209132428
F02762,003106,13.888317209132428
003106,F02763,20.157772543176044
F02763,003106,20.157772543176044
003106,F02764,25.115321464097363
F02764,003106,25.115321464097363
003106,LM2OV1,49.878592274842255
LM2OV1,003106,49.878592274842255
003106,LM2OV2,49.878592274842255
LM2OV2,003106,49.878592274842255
003106,LM2OVA,34.352234458900114
LM2OVA,003106,34.352234458900114
003106,LM2OVB,34.65913327446571
LM2OVB,003106,34.65913327446571
003106,LM2OVC,55.12855883778527
LM2OVC,003106,55.12855883778527
003106,LM2OVD,47.74200346802179
LM2OVD,003106,47.74200346802179
003106,LM2OVE,34.14234274970596
LM2OVE,003106,34.14234274970596
008018,008020,8.745635418548016
008020,008018,8.745635418548016
008018,008021,23.22884686522532
008021,008018,23.22884686522532
008018,008022,15.675005742978648
008022,008018,15.675005742978648
008018,008023,13.287816346525831
008023,008018,13.287816346525831
008018,008024,8.73557378876929
008024,008018,8.73557378876929
008018,008025,18.675621256294875
008025,008018,18.675621256294875
008018,008026,10.302965654561282
008026,008018,10.302965654561282
008018,008028,4.624602525190123
008028,008018,4.624602525190123
008018,008029,25.681770793217403
008029,008018,25.681770793217403
008018,008030,17.711004142808
008030,008018,17.711004142808
008018,008031,8.415170404717246
008031,008018,8.415170404717246
008018,008164,16.16710166852265
008164,008018,16.16710166852265
008018,008165,22.858257329756196
008165,008018,22.858257329756196
008018,008222,60.93138787225204
008222,008018,60.93138787225204
008018,008382,36.99954091116025
008382,008018,36.99954091116025
008018,008383,39.37232361511692
008383,008018,39.37232361511692
008018,008942,56.829411567199905
008942,008018,56.829411567199905
008018,009318,50.78414740125835
009318,008018,50.78414740125835
008018,009322,60.58361640977157
009322,008018,60.58361640977157
008018,096989,16.33384320466718
096989,008018,16.33384320466718
008018,102825,95.87807428409873
102825,008018,95.87807428409873
008018,CSLM2OVE,49.917444360225176
CSLM2OVE,008018,49.917444360225176
008018,F01749,43.51618991635433
F01749,008018,43.51618991635433
008018,F01751,45.313077112055566
F01751,008018,45.313077112055566
008018,F01752,35.25811956950269
F01752,008018,35.25811956950269
008018,F01754,59.452491555785905
F01754,008018,59.452491555785905
008018,F01755,67.73323539600678
F01755,008018,67.73323539600678
008018,F01756,73.45779659977195
F01756,008018,73.45779659977195
008018,F01757,69.86496395320437
F01757,008018,69.86496395320437
008018,F01792,61.799438971900706
F01792,008018,61.799438971900706
008018,F02755,76.67179958835315
F02755,008018,76.67179958835315
008018,F02756,82.34574389229053
F02756,008018,82.34574389229053
008018,F02757,86.69471944796125
F02757,008018,86.69471944796125
008018,F02758,91.82899071306412
F02758,008018,91.82899071306412
008018,F02759,88.03181182102742
F02759,008018,88.03181182102742
008018,F02760,92.87586214611296
F02760,008018,92.87586214611296
008018,F02761,84.49325028664936
F02761,008018,84.49325028664936
008018,F02762,81.01856079993232
F02762,008018,81.01856079993232
008018,F02763,75.49315622449106
F02763,008018,75.49315622449106
008018,F02764,68.46452169684645
F02764,008018,68.46452169684645
008018,LM2OV1,43.483178815891264
LM2OV1,008018,43.483178815891264
008018,LM2OV2,43.483178815891264
LM2OV2,008018,43.483178815891264
008018,LM2OVA,58.96380919187949
LM2OVA,008018,58.96380919187949
008018,LM2OVB,60.13699031689415
LM2OVB,008018,60.13699031689415
008018,LM2OVC,41.00905309882837
LM2OVC,008018,41.00905309882837
008018,LM2OVD,45.427676050365605
LM2OVD,008018,45.427676050365605
008018,LM2OVE,59.64073594326672
LM2OVE,008018,59.64073594326672
008020,008021,22.004712368402323
008021,008020,22.004712368402323
008020,008022,12.759306305527192
008022,008020,12.759306305527192
008020,008023,12.043167772538073
008023,008020,12.043167772538073
008020,008024,4.90516057793096
008024,008020,4.90516057793096
008020,008025,19.295623477099483
008025,008020,19.295623477099483
008020,008026,10.094630549830553
008026,008020,10.094630549830553
008020,008028,7.391368669248619
008028,008020,7.391368669248619
008020,008029,27.23141781542023
008029,008020,27.23141781542023
008020,008030,20.478204710045826
008030,008020,20.478204710045826
008020,008031,12.204898138683765
008031,008020,12.204898138683765
008020,008164,10.640729401717712
008164,008020,10.640729401717712
008020,008165,20.131702509554
008165,008020,20.131702509554
008020,008222,60.028068661769396
008222,008020,60.028068661769396
008020,008382,33.98775611774145
008382,008020,33.98775611774145
008020,008383,37.22074713358642
008383,008020,37.22074713358642
008020,008942,53.18281159030206
008942,008020,53.18281159030206
008020,009318,52.59743833777469
009318,008020,52.59743833777469
008020,009322,56.30068850224
009322,008020,56.30068850224
008020,096989,8.098875387063194
096989,008020,8.098875387063194
008020,102825,95.55160723257227
102825,008020,95.55160723257227
008020,CSLM2OVE,49.15929804885393
CSLM2OVE,008020,49.15929804885393
008020,F01749,43.6771566197468
F01749,008020,43.6771566197468
008020,F01751,46.98606751342864
F01751,008020,46.98606751342864
008020,F01752,34.317745220975056
F01752,008020,34.317745220975056
008020,F01754,56.75836456044831
F01754,008020,56.75836456044831
008020,F01755,67.25537276507036
F01755,008020,67.25537276507036
008020,F01756,73.1588063815366
F01756,008020,73.1588063815366
008020,F01757,69.05523312956397
F01757,008020,69.05523312956397
008020,F01792,59.29824082009499
F01792,008020,59.29824082009499
008020,F02755,75.77651775674084
F02755,008020,75.77651775674084
008020,F02756,81.61891754705114
F02756,008020,81.61891754705114
008020,F02757,86.10488218174004
F02757,008020,86.10488218174004
008020,F02758,91.36697036534576
F02758,008020,91.36697036534576
008020,F02759,86.82246338108257
F02759,008020,86.82246338108257
008020,F02760,91.82451889955685
F02760,008020,91.82451889955685
008020,F02761,83.16941271075152
F02761,008020,83.16941271075152
008020,F02762,79.5499319222426
F02762,008020,79.5499319222426
008020,F02763,73.72751359497688
F02763,008020,73.72751359497688
008020,F02764,67.25621847103942
F02764,008020,67.25621847103942
008020,LM2OV1,43.72707310719333
LM2OV1,008020,43.72707310719333
008020,LM2OV2,43.72707310719333
LM2OV2,008020,43.72707310719333
008020,LM2OVA,57.95556621023196
LM2OVA,008020,57.95556621023196
008020,LM2OVB,58.28174185622323
LM2OVB,008020,58.28174185622323
008020,LM2OVC,38.1573072938842
LM2OVC,008020,38.1573072938842
008020,LM2OVD,45.1813067363475
LM2OVD,008020,45.1813067363475
008020,LM2OVE,59.785797172489126
LM2OVE,008020,59.785797172489126
008021,008022,9.351000265320327
008022,008021,9.351000265320327
008021,008023,10.296526235951534
008023,008021,10.296526235951534
008021,008024,17.267118030978217
008024,008021,17.267118030978217
008021,008025,5.736449016298219
008025,008021,5.736449016298219
008021,008026,13.090845431952868
008026,008021,13.090845431952868
008021,008028,18.76024874396794
008028,008021,18.76024874396794
008021,008029,8.68502079504236
008029,008021,8.68502079504236
008021,008030,10.178725325532353
008030,008021,10.178725325532353
008021,008031,15.558218753455177
008031,008021,15.558218753455177
008021,008164,13.258511473926452
008164,008021,13.258511473926452
008021,008165,4.049839942740865
008165,008021,4.049839942740865
008021,008222,38.15185158431366
008222,008021,38.15185158431366
008021,008382,14.32424622578345
008382,008021,14.32424622578345
008021,008383,16.16478450495406
008383,008021,16.16478450495406
008021,008942,34.167075894454264
008942,008021,34.167075894454264
008021,009318,31.624906998387406
009318,008021,31.624906998387406
008021,009322,38.46675174933637
009322,008021,38.46675174933637
008021,096989,27.125460654944785
096989,008021,27.125460654944785
008021,102825,73.5778090956571
102825,008021,73.5778090956571
008021,CSLM2OVE,27.21107788413868
CSLM2OVE,008021,27.21107788413868
008021,F01749,21.762713390171733
F01749,008021,21.762713390171733
008021,F01751,26.04757538734842
F01751,008021,26.04757538734842
008021,F01752,12.353726641488032
F01752,008021,12.353726641488032
008021,F01754,36.27810238352707
F01754,008021,36.27810238352707
008021,F01755,45.28331887751972
F01755,008021,45.28331887751972
008021,F01756,51.16766257233614
F01756,008021,51.16766257233614
008021,F01757,47.16614496131496
F01757,008021,47.16614496131496
008021,F01792,38.58526547435694
F01792,008021,38.58526547435694
008021,F02755,53.92701940376369
F02755,008021,53.92701940376369
008021,F02756,59.72234164606872
F02756,008021,59.72234164606872
008021,F02757,64.17623163068492
F02757,008021,64.17623163068492
008021,F02758,69.41437509129862
F02758,008021,69.41437509129862
008021,F02759,65.12160416137229
F02759,008021,65.12160416137229
008021,F02760,70.05700969737421
F02760,008021,70.05700969737421
008021,F02761,61.52259927024044
F02761,008021,61.52259927024044
008021,F02762,57.9802465107996
F02762,008021,57.9802465107996
008021,F02763,52.34672986204993
F02763,008021,52.34672986204993
008021,F02764,45.52385770214822
F02764,008021,45.52385770214822
008021,LM2OV1,21.84090885609741
LM2OV1,008021,21.84090885609741
008021,LM2OV2,21.84090885609741
LM2OV2,008021,21.84090885609741
008021,LM2OVA,36.11291884088799
LM2OVA,008021,36.11291884088799
008021,LM2OVB,36.94657590236774
LM2OVB,008021,36.94657590236774
008021,LM2OVC,18.069766054377073
LM2OVC,008021,18.069766054377073
008021,LM2OVD,23.180622547896615
LM2OVD,008021,23.180622547896615
008021,LM2OVE,37.802335697941864
LM2OVE,008021,37.802335697941864
008022,008023,3.099153868374015
008023,008022,3.099153868374015
008022,008024,8.237262526032136
008024,008022,8.237262526032136
008022,008025,8.320979300476667
008025,008022,8.320979300476667
008022,008026,5.7248433137100045
008026,008022,5.7248433137100045
008022,008028,11.060828407830654
008028,008022,11.060828407830654
008022,008029,15.998699225264465
008029,008022,15.998699225264465
008022,008030,11.833786976967705
008030,008022,11.833786976967705
008022,008031,10.178792248654254
008031,008022,10.178792248654254
008022,008164,4.7455514432928645
008164,008022,4.7455514432928645
008022,008165,7.5034702450795425
008165,008022,7.5034702450795425
008022,008222,47.268811169778104
008222,008022,47.268811169778104
008022,008382,21.649166360676883
008382,008022,21.649166360676883
008022,008383,24.57283193966101
008383,008022,24.57283193966101
008022,008942,41.30752579322426
008942,008022,41.30752579322426
008022,009318,40.683066304515826
009318,008022,40.683066304515826
008022,009322,44.92952748481031
009322,008022,44.92952748481031
008022,096989,17.920081203142555
096989,008022,17.920081203142555
008022,102825,82.80245557085632
102825,008022,82.80245557085632
008022,CSLM2OVE,36.40793411433553
CSLM2OVE,008022,36.40793411433553
008022,F01749,31.113052870990025
F01749,008022,31.113052870990025
008022,F01751,35.070399786455596
F01751,008022,35.070399786455596
008022,F01752,21.581041545008937
F01752,008022,21.581041545008937
008022,F01754,44.36556892947558
F01754,008022,44.36556892947558
008022,F01755,54.50801042063293
F01755,008022,54.50801042063293
008022,F01756,60.42226289623738
F01756,008022,60.42226289623738
008022,F01757,56.29593530783637
F01757,008022,56.29593530783637
008022,F01792,46.83451960529555
F01792,008022,46.83451960529555
008022,F02755,63.01930319599805
F02755,008022,63.01930319599805
008022,F02756,68.85962100656354
F02756,008022,68.85962100656354
008022,F02757,73.3466326581583
F02757,008022,73.3466326581583
008022,F02758,78.61181722105636
F02758,008022,78.61181722105636
008022,F02759,74.09027071947668
F02759,008022,74.09027071947668
008022,F02760,79.0799313404882
F02760,008022,79.0799313404882
008022,F02761,70.44849297951544
F02761,008022,70.44849297951544
008022,F02762,66.8467520525114
F02762,008022,66.8467520525114
008022,F02763,61.07313429841883
F02763,008022,61.07313429841883
008022,F02764,54.51333855274662
F02764,008022,54.51333855274662
008022,LM2OV1,31.188377435821902
LM2OV1,008022,31.188377435821902
008022,LM2OV2,31.188377435821902
LM2OV2,008022,31.188377435821902
008022,LM2OVA,45.19745341852418
LM2OVA,008022,45.19745341852418
008022,LM2OVB,45.6249956815454
LM2OVB,008022,45.6249956815454
008022,LM2OVC,25.765363513240473
LM2OVC,008022,25.765363513240473
008022,LM2OVD,32.506094953120154
LM2OVD,008022,32.506094953120154
008022,LM2OVE,47.14029920226065
LM2OVE,008022,47.14029920226065
008023,008024,7.159006144400249
008024,008023,7.159006144400249
008023,008025,7.369426112005276
008025,008023,7.369426112005276
008023,008026,2.9929492418592156
008026,008023,2.9929492418592156
008023,008028,8.686240872065909
008028,008023,8.686240872065909
008023,008029,15.353455056305387
008029,008023,15.353455056305387
008023,008030,9.79529217983998
008030,008023,9.79529217983998
008023,008031,7.109439469254838
008031,008023,7.109439469254838
008023,008164,6.945438760804806
008164,008023,6.945438760804806
008023,008165,9.57841393845153
008165,008023,9.57841393845153
008023,008222,48.43744436085113
008222,008023,48.43744436085113
008023,008382,23.71515799059222
008382,008023,23.71515799059222
008023,008383,26.24148344269852
008383,008023,26.24148344269852
008023,008942,43.54438080996699
008942,008023,43.54438080996699
008023,009318,40.59922700350178
009318,008023,40.59922700350178
008023,009322,47.36860988889906
009322,008023,47.36860988889906
008023,096989,18.37560682056176
096989,008023,18.37560682056176
008023,102825,83.80127568965716
102825,008023,83.80127568965716
008023,CSLM2OVE,37.47648589583214
CSLM2OVE,008023,37.47648589583214
008023,F01749,31.71095607204702
F01749,008023,31.71095607204702
008023,F01751,34.982208624650546
F01751,008023,34.982208624650546
008023,F01752,22.629377331703374
F01752,008023,22.629377331703374
008023,F01754,46.2489718115595
F01754,008023,46.2489718115595
008023,F01755,55.518220520092044
F01755,008023,55.518220520092044
008023,F01756,61.37333691949537
F01756,008023,61.37333691949537
008023,F01757,57.44563775675326
F01757,008023,57.44563775675326
008023,F01792,48.64296088321918
F01792,008023,48.64296088321918
008023,F02755,64.21412547640095
F02755,008023,64.21412547640095
008023,F02756,69.99631968068105
F02756,008023,69.99631968068105
008023,F02757,74.43579348763916
F02757,008023,74.43579348763916
008023,F02758,79.65798871730902
F02758,008023,79.65798871730902
008023,F02759,75.41803293238014
F02759,008023,75.41803293238014
008023,F02760,80.35187116269371
F02760,008023,80.35187116269371
008023,F02761,71.8168636388672
F02761,008023,71.8168636388672
008023,F02762,68.26748406234995
F02762,008023,68.26748406234995
008023,F02763,62.60321290097272
F02763,008023,62.60321290097272
008023,F02764,55.820314894364934
F02764,008023,55.820314894364934
008023,LM2OV1,31.74658414128271
LM2OV1,008023,31.74658414128271
008023,LM2OV2,31.74658414128271
LM2OV2,008023,31.74658414128271
008023,LM2OVA,46.40490730015909
LM2OVA,008023,46.40490730015909
008023,LM2OVB,47.180917224643146
LM2OVB,008023,47.180917224643146
008023,LM2OVC,27.7442292973589
LM2OVC,008023,27.7442292973589
008023,LM2OVD,33.313537444342835
LM2OVD,008023,33.313537444342835
008023,LM2OVE,47.860622243601505
LM2OVE,008023,47.860622243601505
008024,008025,14.391155488847787
008025,008024,14.391155488847787
008024,008026,5.275698623546668
008026,008024,5.275698623546668
008024,008028,4.952419230109584
008028,008024,4.952419230109584
008024,008029,22.334597343220274
008029,008024,22.334597343220274
008024,008030,15.767801341253982
008030,008024,15.767801341253982
008024,008031,8.32662922570329
008031,008024,8.32662922570329
008024,008164,7.498215082590883
008164,008024,7.498215082590883
008024,008165,15.735811075213311
008165,008024,15.735811075213311
008024,008222,55.38942477227427
008222,008024,55.38942477227427
008024,008382,29.829208416173362
008382,008024,29.829208416173362
008024,008383,32.80850314372977
008383,008024,32.80850314372977
008024,008942,49.34469808168
008942,008024,49.34469808168
008024,009318,47.69233514228273
009318,008024,47.69233514228273
008024,009322,52.752708802577295
009322,008024,52.752708802577295
008024,096989,12.06470348560593
096989,008024,12.06470348560593
008024,102825,90.84476581666422
102825,008024,90.84476581666422
008024,CSLM2OVE,44.47306964549764
CSLM2OVE,008024,44.47306964549764
008024,F01749,38.849360430643415
F01749,008024,38.849360430643415
008024,F01751,42.08091389717823
F01751,008024,42.08091389717823
008024,F01752,29.616122704206134
F01752,008024,29.616122704206134
008024,F01754,52.57670526415724
F01754,008024,52.57670526415724
008024,F01755,62.55042799639895
F01755,008024,62.55042799639895
008024,F01756,68.4312981457055
F01756,008024,68.4312981457055
008024,F01757,64.41130394623195
F01757,008024,64.41130394623195
008024,F01792,55.06021911246326
F01792,008024,55.06021911246326
008024,F02755,71.15661057254603
F02755,008024,71.15661057254603
008024,F02756,76.97219425810171
F02756,008024,76.97219425810171
008024,F02757,81.43675111724636
F02757,008024,81.43675111724636
008024,F02758,86.68018214651077
F02758,008024,86.68018214651077
008024,F02759,82.2785111410294
F02759,008024,82.2785111410294
008024,F02760,87.25041517878611
F02760,008024,87.25041517878611
008024,F02761,78.6479206544097
F02761,008024,78.6479206544097
008024,F02762,75.05860714661398
F02762,008024,75.05860714661398
008024,F02763,69.30318935197381
F02763,008024,69.30318935197381
008024,F02764,62.6908662977536
F02764,008024,62.6908662977536
008024,LM2OV1,38.89086200906973
LM2OV1,008024,38.89086200906973
008024,LM2OV2,38.89086200906973
LM2OV2,008024,38.89086200906973
008024,LM2OVA,53.334003017797784
LM2OVA,008024,53.334003017797784
008024,LM2OVB,53.85605977884661
LM2OVB,008024,53.85605977884661
008024,LM2OVC,33.966145501490914
LM2OVC,008024,33.966145501490914
008024,LM2OVD,40.405925761945305
LM2OVD,008024,40.405925761945305
008024,LM2OVE,54.98342965745182
LM2OVE,008024,54.98342965745182
008025,008026,9.353462658420842
008026,008025,9.353462658420842
008025,008028,14.53090058594395
008028,008025,14.53090058594395
008025,008029,7.984204131530007
008029,008025,7.984204131530007
008025,008030,4.762839659418438
008030,008025,4.762839659418438
008025,008031,10.489342399208859
008031,008025,10.489342399208859
008025,008164,13.055870249313713
008164,008025,13.055870249313713
008025,008165,8.198574148584617
008165,008025,8.198574148584617
008025,008222,42.25783319552161
008222,008025,42.25783319552161
008025,008382,19.96122337285088
008382,008025,19.96122337285088
008025,008383,21.360484710965245
008383,008025,21.360484710965245
008025,008942,39.70062621989027
008942,008025,39.70062621989027
008025,009318,33.30331026834649
009318,008025,33.30331026834649
008025,009322,44.12070084274233
009322,008025,44.12070084274233
008025,096989,25.710447452601596
096989,008025,25.710447452601596
008025,102825,77.27627376204617
102825,008025,77.27627376204617
008025,CSLM2OVE,31.24387283421405
CSLM2OVE,008025,31.24387283421405
008025,F01749,24.94669597325877
F01749,008025,24.94669597325877
008025,F01751,27.694690756907832
F01751,008025,27.694690756907832
008025,F01752,16.677812911139295
F01752,008025,16.677812911139295
008025,F01754,41.43498786153636
F01754,008025,41.43498786153636
008025,F01755,49.08200568752605
F01755,008025,49.08200568752605
008025,F01756,54.84175116080352
F01756,008025,54.84175116080352
008025,F01757,51.190065589505934
F01757,008025,51.190065589505934
008025,F01792,43.63224249697008
F01792,008025,43.63224249697008
008025,F02755,57.996313986027836
F02755,008025,57.996313986027836
008025,F02756,63.67862127857176
F02756,008025,63.67862127857176
008025,F02757,68.04304934906993
F02757,008025,68.04304934906993
008025,F02758,73.19885112990622
F02758,008025,73.19885112990622
008025,F02759,69.36378621496976
F02759,008025,69.36378621496976
008025,F02760,74.20048840198035
F02760,008025,74.20048840198035
008025,F02761,65.83732728118157
F02761,008025,65.83732728118157
008025,F02762,62.38574027821623
F02762,008025,62.38574027821623
008025,F02763,56.93547896581929
F02763,008025,56.93547896581929
008025,F02764,49.808818429105955
F02764,008025,49.808818429105955
008025,LM2OV1,24.94008173898979
LM2OV1,008025,24.94008173898979
008025,LM2OV2,24.94008173898979
LM2OV2,008025,24.94008173898979
008025,LM2OVA,40.29800197856466
LM2OVA,008025,40.29800197856466
008025,LM2OVB,41.66433173560794
LM2OVB,008025,41.66433173560794
008025,LM2OVC,23.561872539460644
LM2OVC,008025,23.561872539460644
008025,LM2OVD,26.775082044006627
LM2OVD,008025,26.775082044006627
008025,LM2OVE,41.11758760649867
LM2OVE,008025,41.11758760649867
008026,008028,5.719679284350092
008028,008026,5.719679284350092
008026,008029,17.190980229829247
008029,008026,17.190980229829247
008026,008030,10.507645489455296
008030,008026,10.507645489455296
008026,008031,4.777448434445209
008031,008026,4.777448434445209
008026,008164,8.249510817744778
008164,008026,8.249510817744778
008026,008165,12.571218867728469
008165,008026,12.571218867728469
008026,008222,51.141276744350726
008222,008026,51.141276744350726
008026,008382,26.69657787502743
008382,008026,26.69657787502743
008026,008383,29.148429418684437
008383,008026,29.148429418684437
008026,008942,46.53493234430075
008942,008026,46.53493234430075
008026,009318,42.60888816034116
009318,008026,42.60888816034116
008026,009322,50.35749815479716
009322,008026,50.35749815479716
008026,096989,17.237858699021732
096989,008026,17.237858699021732
008026,102825,86.40127759507861
102825,008026,86.40127759507861
008026,CSLM2OVE,40.152978961776455
CSLM2OVE,008026,40.152978961776455
008026,F01749,34.17428643245118
F01749,008026,34.17428643245118
008026,F01751,37.01117419260895
F01751,008026,37.01117419260895
008026,F01752,25.343257582566753
F01752,008026,25.343257582566753
008026,F01754,49.18990700263916
F01754,008026,49.18990700263916
008026,F01755,58.14285424769724
F01755,008026,58.14285424769724
008026,F01756,63.96386708492049
F01756,008026,63.96386708492049
008026,F01757,60.132627723852885
F01757,008026,60.132627723852885
008026,F01792,51.56573336055485
F01792,008026,51.56573336055485
008026,F02755,66.9160947013099
F02755,008026,66.9160947013099
008026,F02756,72.66888657537474
F02756,008026,72.66888657537474
008026,F02757,77.08395509342304
F02757,008026,77.08395509342304
008026,F02758,82.28306449500093
F02758,008026,82.28306449500093
008026,F02759,78.17054959119838
F02759,008026,78.17054959119838
008026,F02760,83.07916294542979
F02760,008026,83.07916294542979
008026,F02761,74.5872055976923
F02761,008026,74.5872055976923
008026,F02762,71.05965360591621
F02762,008026,71.05965360591621
008026,F02763,65.43748649366016
F02763,008026,65.43748649366016
008026,F02764,58.57505579662928
F02764,008026,58.57505579662928
008026,LM2OV1,34.18840896804676
LM2OV1,008026,34.18840896804676
008026,LM2OV2,34.18840896804676
LM2OV2,008026,34.18840896804676
008026,LM2OVA,49.127491745945235
LM2OVA,008026,49.127491745945235
008026,LM2OVB,50.03249237257034
LM2OVB,008026,50.03249237257034
008026,LM2OVC,30.712104880776113
LM2OVC,008026,30.712104880776113
008026,LM2OVD,35.87877400825322
LM2OVD,008026,35.87877400825322
008026,LM2OVE,50.34868049474037
LM2OVE,008026,50.34868049474037
008028,008029,21.949132032605608
008029,008028,21.949132032605608
008028,008030,14.334960055150157
008030,008028,14.334960055150157
008028,008031,5.18608253441104
008031,008028,5.18608253441104
008028,008164,11.93737100126824
008164,008028,11.93737100126824
008028,008165,18.2434789436456
008165,008028,18.2434789436456
008028,008222,56.67907225028737
008222,008028,56.67907225028737
008028,008382,32.40072960541016
008382,008028,32.40072960541016
008028,008383,34.85837397693127
008383,008028,34.85837397693127
008028,008942,52.214709461933715
008942,008028,52.214709461933715
008028,009318,47.3067395229787
009318,008028,47.3067395229787
008028,009322,55.95936905408744
009322,008028,55.95936905408744
008028,096989,15.48256126765511
096989,008028,15.48256126765511
008028,102825,91.80319459270903
102825,008028,91.80319459270903
008028,CSLM2OVE,45.672949200850034
CSLM2OVE,008028,45.672949200850034
008028,F01749,39.47636224213916
F01749,008028,39.47636224213916
008028,F01751,41.763671783131
F01751,008028,41.763671783131
008028,F01752,30.922459684073935
F01752,008028,30.922459684073935
008028,F01754,54.90884407035628
F01754,008028,54.90884407035628
008028,F01755,63.58954901590696
F01755,008028,63.58954901590696
008028,F01756,69.36672879796969
F01756,008028,69.36672879796969
008028,F01757,65.64703442809127
F01757,008028,65.64703442809127
008028,F01792,57.279801923013665
F01792,008028,57.279801923013665
008028,F02755,72.44329038891043
F02755,008028,72.44329038891043
008028,F02756,78.16130433137485
F02756,008028,78.16130433137485
008028,F02757,82.5467346417514
F02757,008028,82.5467346417514
008028,F02758,87.71669608483238
F02758,008028,87.71669608483238
008028,F02759,83.74728023739311
F02759,008028,83.74728023739311
008028,F02760,88.62821399467197
F02760,008028,88.62821399467197
008028,F02761,80.18277073178807
F02761,008028,80.18277073178807
008028,F02762,76.67712593525816
F02762,008028,76.67712593525816
008028,F02763,71.09350571607129
F02763,008028,71.09350571607129
008028,F02764,64.1601993116767
F02764,008028,64.1601993116767
008028,LM2OV1,39.46599002716353
LM2OV1,008028,39.46599002716353
008028,LM2OV2,39.46599002716353
LM2OV2,008028,39.46599002716353
008028,LM2OVA,54.68571460587286
LM2OVA,008028,54.68571460587286
008028,LM2OVB,55.705160578307954
LM2OVB,008028,55.705160578307954
008028,LM2OVC,36.42775715958275
LM2OVC,008028,36.42775715958275
008028,LM2OVD,41.289083190655944
LM2OVD,008028,41.289083190655944
008028,LM2OVE,55.64380390943295
LM2OVE,008028,55.64380390943295
008029,008030,8.160721724953017
008030,008029,8.160721724953017
008029,008031,17.266606662326556
008031,008029,17.266606662326556
008029,008164,20.607092794602384
008164,008029,20.607092794602384
008029,008165,12.728423635609412
008165,008029,12.728423635609412
008029,008222,36.018875414049845
008222,008029,36.018875414049845
008029,008382,18.45475731662759
008382,008029,18.45475731662759
008029,008383,18.012434037962763
008383,008029,18.012434037962763
008029,008942,36.69703056167383
008942,008029,36.69703056167383
008029,009318,25.43153280413943
009318,008029,25.43153280413943
008029,009322,41.72586294898862
009322,008029,41.72586294898862
008029,096989,33.66918380098208
096989,008029,33.66918380098208
008029,102825,70.35508094031911
102825,008029,70.35508094031911
008029,CSLM2OVE,25.138881963060896
CSLM2OVE,008029,25.138881963060896
008029,F01749,18.111318440197962
F01749,008029,18.111318440197962
008029,F01751,19.850257737483155
F01751,008029,19.850257737483155
008029,F01752,12.064470344517408
F01752,008029,12.064470344517408
008029,F01754,37.10916081062128
F01754,008029,37.10916081062128
008029,F01755,42.407411121881296
F01755,008029,42.407411121881296
008029,F01756,47.997357044503765
F01756,008029,47.997357044503765
008029,F01757,44.74813331805551
F01757,008029,44.74813331805551
008029,F01792,38.990940399221316
F01792,008029,38.990940399221316
008029,F02755,51.55504028737945
F02755,008029,51.55504028737945
008029,F02756,57.07343051596375
F02756,008029,57.07343051596375
008029,F02757,61.32101291194747
F02757,008029,61.32101291194747
008029,F02758,66.37321966845101
F02758,008029,66.37321966845101
008029,F02759,63.07138543478776
F02759,008029,63.07138543478776
008029,F02760,67.76305582760052
F02760,008029,67.76305582760052
008029,F02761,59.659622034793415
F02761,008029,59.659622034793415
008029,F02762,56.35624207437687
F02762,008029,56.35624207437687
008029,F02763,51.22900503781846
F02763,008029,51.22900503781846
008029,F02764,43.71405845583909
F02764,008029,43.71405845583909
008029,LM2OV1,18.026098355542185
LM2OV1,008029,18.026098355542185
008029,LM2OV2,18.026098355542185
LM2OV2,008029,18.026098355542185
008029,LM2OVA,34.1934187941231
LM2OVA,008029,34.1934187941231
008029,LM2OVB,36.373522510633904
LM2OVB,008029,36.373522510633904
008029,LM2OVC,21.02578148205998
LM2OVC,008029,21.02578148205998
008029,LM2OVD,20.29151707267833
LM2OVD,008029,20.29151707267833
008029,LM2OVE,34.06615620203404
LM2OVE,008029,34.06615620203404
008030,008031,9.351000916884802
008031,008030,9.351000916884802
008030,008164,16.480701824645887
008164,008030,16.480701824645887
008030,008165,12.960516722757271
008165,008030,12.960516722757271
008030,008222,44.11278555395618
008222,008030,44.11278555395618
008030,008382,23.914246306240553
008382,008030,23.914246306240553
008030,008383,24.687372870733025
008383,008030,24.687372870733025
008030,008942,43.32319451970423
008942,008030,43.32319451970423
008030,009318,33.08611485328254
009318,008030,33.08611485328254
008030,009322,47.982670061163
009322,008030,47.982670061163
008030,096989,27.729193360156142
096989,008030,27.729193360156142
008030,102825,78.50703226641153
102825,008030,78.50703226641153
008030,CSLM2OVE,33.17814582785714
CSLM2OVE,008030,33.17814582785714
008030,F01749,26.265135961587283
F01749,008030,26.265135961587283
008030,F01751,27.602318933636024
F01751,008030,27.602318933636024
008030,F01752,19.33665310631269
F01752,008030,19.33665310631269
008030,F01754,44.48305061170727
F01754,008030,44.48305061170727
008030,F01755,50.56459692838867
F01755,008030,50.56459692838867
008030,F01756,56.15716173306924
F01756,008030,56.15716173306924
008030,F01757,52.88425709629128
F01757,008030,52.88425709629128
008030,F01792,46.52476958448354
F01792,008030,46.52476958448354
008030,F02755,59.694309640870834
F02755,008030,59.694309640870834
008030,F02756,65.2294648003241
F02756,008030,65.2294648003241
008030,F02757,69.48161935433114
F02757,008030,69.48161935433114
008030,F02758,74.53207968033155
F02758,008030,74.53207968033155
008030,F02759,71.19411426096063
F02759,008030,71.19411426096063
008030,F02760,75.90669128471349
F02760,008030,75.90669128471349
008030,F02761,67.76076722196925
F02761,008030,67.76076722196925
008030,F02762,64.42401455376208
F02762,008030,64.42401455376208
008030,F02763,59.20547081368334
F02763,008030,59.20547081368334
008030,F02764,51.78590804865993
F02764,008030,51.78590804865993
008030,LM2OV1,26.184750759221878
LM2OV1,008030,26.184750759221878
008030,LM2OV2,26.184750759221878
LM2OV2,008030,26.184750759221878
008030,LM2OVA,42.25444084008122
LM2OVA,008030,42.25444084008122
008030,LM2OVB,44.178811968753436
LM2OVB,008030,44.178811968753436
008030,LM2OVC,27.23219680350879
LM2OVC,008030,27.23219680350879
008030,LM2OVD,28.401824077091124
LM2OVD,008030,28.401824077091124
008030,LM2OVE,42.21583754036592
LM2OVE,008030,42.21583754036592
008031,008164,13.01370832924669
008164,008031,13.01370832924669
008031,008165,16.089959757154862
008165,008031,16.089959757154862
008031,008222,52.685163481396096
008222,008031,52.685163481396096
008031,008382,29.772564121956737
008382,008031,29.772564121956737
008031,008383,31.67020565457293
008383,008031,31.67020565457293
008031,008942,49.66724969981965
008942,008031,49.66724969981965
008031,009318,42.43439005138691
009318,008031,42.43439005138691
008031,009322,53.78031956607464
009322,008031,53.78031956607464
008031,096989,20.131017764556123
096989,008031,20.131017764556123
008031,102825,87.50382365583468
102825,008031,87.50382365583468
008031,CSLM2OVE,41.67607954258313
CSLM2OVE,008031,41.67607954258313
008031,F01749,35.14646828611215
F01749,008031,35.14646828611215
008031,F01751,36.93716579794956
F01751,008031,36.93716579794956
008031,F01752,27.16696234870609
F01752,008031,27.16696234870609
008031,F01754,51.78762522350595
F01754,008031,51.78762522350595
008031,F01755,59.3997844708334
F01755,008031,59.3997844708334
008031,F01756,65.094997189757
F01756,008031,65.094997189757
008031,F01757,61.58200929822547
F01757,008031,61.58200929822547
008031,F01792,54.03903245412858
F01792,008031,54.03903245412858
008031,F02755,68.3939487618775
F02755,008031,68.3939487618775
008031,F02756,74.03232315460711
F02756,008031,74.03232315460711
008031,F02757,78.3571802751856
F02757,008031,78.3571802751856
008031,F02758,83.47158612708948
F02758,008031,83.47158612708948
008031,F02759,79.80075257947756
F02759,008031,79.80075257947756
008031,F02760,84.60786030709544
F02760,008031,84.60786030709544
008031,F02761,76.29216753291124
F02761,008031,76.29216753291124
008031,F02762,72.85771237365383
F02762,008031,72.85771237365383
008031,F02763,67.4243930091522
F02763,008031,67.4243930091522
008031,F02764,60.266700629857574
F02764,008031,60.266700629857574
008031,LM2OV1,35.10471769403515
LM2OV1,008031,35.10471769403515
008031,LM2OV2,35.10471769403515
LM2OV2,008031,35.10471769403515
008031,LM2OVA,50.74560617806719
LM2OVA,008031,50.74560617806719
008031,LM2OVB,52.14758731818884
LM2OVB,008031,52.14758731818884
008031,LM2OVC,33.614613979635806
LM2OVC,008031,33.614613979635806
008031,LM2OVD,37.107672856180095
LM2OVD,008031,37.107672856180095
008031,LM2OVE,51.24821008992412
LM2OVE,008031,51.24821008992412
008164,008165,10.328818113445502
008165,008164,10.328818113445502
008164,008222,50.22771112507387
008222,008164,50.22771112507387
008164,008382,23.549402731651757
008382,008164,23.549402731651757
008164,008383,27.073148392755023
008383,008164,27.073148392755023
008164,008942,42.55204725793411
008942,008164,42.55204725793411
008164,009318,44.874826369885504
009318,008164,44.874826369885504
008164,009322,45.676348744924496
009322,008164,45.676348744924496
008164,096989,13.993788890078015
096989,008164,13.993788890078015
008164,102825,85.86768904045965
102825,008164,85.86768904045965
008164,CSLM2OVE,39.559895392107514
CSLM2OVE,008164,39.559895392107514
008164,F01749,34.80692555956008
F01749,008164,34.80692555956008
008164,F01751,39.2864122765114
F01751,008164,39.2864122765114
008164,F01752,24.944045958320373
F01752,008164,24.944045958320373
008164,F01754,46.273593384496046
F01754,008164,46.273593384496046
008164,F01755,57.63030955045796
F01755,008164,57.63030955045796
008164,F01756,63.594916415270916
F01756,008164,63.594916415270916
008164,F01757,59.23932740501489
F01757,008164,59.23932740501489
008164,F01792,48.85561866443358
F01792,008164,48.85561866443358
008164,F02755,65.881896850179
F02755,008164,65.881896850179
008164,F02756,71.78122035453745
F02756,008164,71.78122035453745
008164,F02757,76.31805262259351
F02757,008164,76.31805262259351
008164,F02758,81.62625739193257
F02758,008164,81.62625739193257
008164,F02759,76.74394449785511
F02759,008164,76.74394449785511
008164,F02760,81.79966651982176
F02760,008164,81.79966651982176
008164,F02761,73.05418110777373
F02761,008164,73.05418110777373
008164,F02762,69.38760742262102
F02762,008164,69.38760742262102
008164,F02763,63.47141574593229
F02763,008164,63.47141574593229
008164,F02764,57.256737556901314
F02764,008164,57.256737556901314
008164,LM2OV1,34.91839892415635
LM2OV1,008164,34.91839892415635
008164,LM2OV2,34.91839892415635
LM2OV2,008164,34.91839892415635
008164,LM2OVA,48.118024938230555
LM2OVA,008164,48.118024938230555
008164,LM2OVB,48.0578488924749
LM2OVB,008164,48.0578488924749
008164,LM2OVC,27.727682698371954
LM2OVC,008164,27.727682698371954
008164,LM2OVD,35.98119522586617
LM2OVD,008164,35.98119522586617
008164,LM2OVE,50.61637670100789
LM2OVE,008164,50.61637670100789
008165,008222,40.00480230531314
008222,008165,40.00480230531314
008165,008382,14.190530521124863
008382,008165,14.190530521124863
008165,008383,17.097935941774132
008383,008165,17.097935941774132
008165,008942,33.97154084075262
008942,008165,33.97154084075262
008165,009318,35.02776094177219
009318,008165,35.02776094177219
008165,009322,37.81551767374701
009322,008165,37.81551767374701
008165,096989,24.3162105263919
096989,008165,24.3162105263919
008165,102825,75.61641085168488
102825,008165,75.61641085168488
008165,CSLM2OVE,29.261803845766764
CSLM2OVE,008165,29.261803845766764
008165,F01749,24.547862012999573
F01749,008165,24.547862012999573
008165,F01751,29.513046280238942
F01751,008165,29.513046280238942
008165,F01752,14.618300899426801
F01752,008165,14.618300899426801
008165,F01754,36.86816987926616
F01754,008165,36.86816987926616
008165,F01755,47.35128005663398
F01755,008165,47.35128005663398
008165,F01756,53.30373838414129
F01756,008165,53.30373838414129
008165,F01757,49.02870773256451
F01757,008165,49.02870773256451
008165,F01792,39.33129347108282
F01792,008165,39.33129347108282
008165,F02755,55.71314602617587
F02755,008165,55.71314602617587
008165,F02756,61.585935360721656
F02756,008165,61.585935360721656
008165,F02757,66.1017921991527
F02757,008165,66.1017921991527
008165,F02758,71.39348599661672
F02758,008165,71.39348599661672
008165,F02759,66.70026107197091
F02759,008165,66.70026107197091
008165,F02760,71.71617997130024
F02760,008165,71.71617997130024
008165,F02761,63.04100713150964
F02761,008165,63.04100713150964
008165,F02762,59.41824764478718
F02762,008165,59.41824764478718
008165,F02763,53.6079291158463
F02763,008165,53.6079291158463
008165,F02764,47.149211226478734
F02764,008165,47.149211226478734
008165,LM2OV1,24.676464882712523
LM2OV1,008165,24.676464882712523
008165,LM2OV2,24.676464882712523
LM2OV2,008165,24.676464882712523
008165,LM2OVA,37.91065195210003
LM2OVA,008165,37.91065195210003
008165,LM2OVB,38.159668072235085
LM2OVB,008165,38.159668072235085
008165,LM2OVC,18.27972947930219
LM2OVC,008165,18.27972947930219
008165,LM2OVD,25.658554482141348
LM2OVD,008165,25.658554482141348
008165,LM2OVE,40.289204824814576
LM2OVE,008165,40.289204824814576
008222,008382,27.58525820375902
008382,008222,27.58525820375902
008222,008383,23.339010259661382
008383,008222,23.339010259661382
008222,008942,19.538428334861024
008942,008222,19.538428334861024
008222,009318,19.49835801971171
009318,008222,19.49835801971171
008222,009322,24.186368657216857
009322,008222,24.186368657216857
008222,096989,64.05563738503335
096989,008222,64.05563738503335
008222,102825,35.649867132818926
102825,008222,35.649867132818926
008222,CSLM2OVE,11.014005050164188
CSLM2OVE,008222,11.014005050164188
008222,F01749,18.061747671810775
F01749,008222,18.061747671810775
008222,F01751,21.199596819879766
F01751,008222,21.199596819879766
008222,F01752,25.808866122181396
F01752,008222,25.808866122181396
008222,F01754,12.631755844936524
F01754,008222,12.631755844936524
008222,F01755,7.69124489757935
F01755,008222,7.69124489757935
008222,F01756,13.658383093410894
F01756,008222,13.658383093410894
008222,F01757,9.027623125155719
F01757,008222,9.027623125155719
008222,F01792,11.272924098091185
F01792,008222,11.272924098091185
008222,F02755,15.776965436715738
F02755,008222,15.776965436715738
008222,F02756,21.591046046393405
F02756,008222,21.591046046393405
008222,F02757,26.097166015305323
F02757,008222,26.097166015305323
008222,F02758,31.398549486766328
F02758,008222,31.398549486766328
008222,F02759,27.116958006292734
F02759,008222,27.116958006292734
008222,F02760,31.949845028074353
F02760,008222,31.949845028074353
008222,F02761,23.648294431735106
F02761,008222,23.648294431735106
008222,F02762,20.35696714835662
F02762,008222,20.35696714835662
008222,F02763,15.66575084519732
F02763,008222,15.66575084519732
008222,F02764,7.732378461640426
F02764,008222,7.732378461640426
008222,LM2OV1,18.22809941752652
LM2OV1,008222,18.22809941752652
008222,LM2OV2,18.22809941752652
LM2OV2,008222,18.22809941752652
008222,LM2OVA,2.1488378281084617
LM2OVA,008222,2.1488378281084617
008222,LM2OVB,6.717698354257899
LM2OVB,008222,6.717698354257899
008222,LM2OVC,23.76070946957123
LM2OVC,008222,23.76070946957123
008222,LM2OVD,15.729739222559049
LM2OVD,008222,15.729739222559049
008222,LM2OVE,7.2515061040432895
LM2OVE,008222,7.2515061040432895
008382,008383,4.727547918273766
008383,008382,4.727547918273766
008382,008942,19.898923948500375
008942,008382,19.898923948500375
008382,009318,28.743111421976348
009318,008382,28.743111421976348
008382,009322,24.1594889694649
009322,008382,24.1594889694649
008382,096989,36.91654817498104
096989,008382,36.91654817498104
008382,102825,63.07550700530864
102825,008382,63.07550700530864
008382,CSLM2OVE,17.93794484166006
CSLM2OVE,008382,17.93794484166006
008382,F01749,16.606352566758254
F01749,008382,16.606352566758254
008382,F01751,24.243621374121332
F01751,008382,24.243621374121332
008382,F01752,8.573198146064987
F01752,008382,8.573198146064987
008382,F01754,22.773028002465264
F01754,008382,22.773028002465264
008382,F01755,35.23265228174821
F01755,008382,35.23265228174821
008382,F01756,41.22772509629608
F01756,008382,41.22772509629608
008382,F01757,36.41936647661156
F01757,008382,36.41936647661156
008382,F01792,25.317238823313755
F01792,008382,25.317238823313755
008382,F02755,42.85867025536877
F02755,008382,42.85867025536877
008382,F02756,48.814404265585836
F02756,008382,48.814404265585836
008382,F02757,53.408256004894774
F02757,008382,53.408256004894774
008382,F02758,58.762860504876876
F02758,008382,58.762860504876876
008382,F02759,53.41031721867281
F02759,008382,53.41031721867281
008382,F02760,58.51967095264232
F02760,008382,58.51967095264232
008382,F02761,49.686008028781984
F02761,008382,49.686008028781984
008382,F02762,45.97520224736915
F02762,008382,45.97520224736915
008382,F02763,39.98065550143641
F02763,008382,39.98065550143641
008382,F02764,34.120208542836
F02764,008382,34.120208542836
008382,LM2OV1,16.932106865536348
LM2OV1,008382,16.932106865536348
008382,LM2OV2,16.932106865536348
LM2OV2,008382,16.932106865536348
008382,LM2OVA,25.436616358491744
LM2OVA,008382,25.436616358491744
008382,LM2OVB,24.637372206443345
LM2OVB,008382,24.637372206443345
008382,LM2OVC,4.178314034614955
LM2OVC,008382,4.178314034614955
008382,LM2OVD,16.24768175816104
LM2OVD,008382,16.24768175816104
008382,LM2OVE,29.59019331085034
LM2OVE,008382,29.59019331085034
008383,008942,18.724912252460545
008942,008383,18.724912252460545
008383,009318,24.2505012435363
009318,008383,24.2505012435363
008383,009322,23.722877783073645
009322,008383,23.722877783073645
008383,096989,40.770712927869575
096989,008383,40.770712927869575
008383,102825,58.96231187864377
102825,008383,58.96231187864377
008383,CSLM2OVE,13.309692110889419
CSLM2OVE,008383,13.309692110889419
008383,F01749,12.111405343542211
F01749,008383,12.111405343542211
008383,F01751,20.014220440630787
F01751,008383,20.014220440630787
008383,F01752,6.233171216038383
F01752,008383,6.233171216038383
008383,F01754,20.11964695983686
F01754,008383,20.11964695983686
008383,F01755,30.91156748699757
F01755,008383,30.91156748699757
008383,F01756,36.91183367514983
F01756,008383,36.91183367514983
008383,F01757,32.286609192163276
F01757,008383,32.286609192163276
008383,F01792,22.42713808820278
F01792,008383,22.42713808820278
008383,F02755,38.85583175168459
F02755,008383,38.85583175168459
008383,F02756,44.78170755515642
F02756,008383,44.78170755515642
008383,F02757,49.34695007227969
F02757,008383,49.34695007227969
008383,F02758,54.68140587416675
F02758,008383,54.68140587416675
008383,F02759,49.67381878297874
F02759,008383,49.67381878297874
008383,F02760,54.72669775255314
F02760,008383,54.72669775255314
008383,F02761,45.99204952315732
F02761,008383,45.99204952315732
008383,F02762,42.34505556694596
F02762,008383,42.34505556694596
008383,F02763,36.51011869571903
F02763,008383,36.51011869571903
008383,F02764,30.19319188935702
F02764,008383,30.19319188935702
008383,LM2OV1,12.462010174573631
LM2OV1,008383,12.462010174573631
008383,LM2OV2,12.462010174573631
LM2OV2,008383,12.462010174573631
008383,LM2OVA,21.200818843609014
LM2OVA,008383,21.200818843609014
008383,LM2OVB,21.06222312515806
LM2OVB,008383,21.06222312515806
008383,LM2OVC,3.4996461456300723
LM2OVC,008383,3.4996461456300723
008383,LM2OVD,11.556790311167116
LM2OVD,008383,11.556790311167116
008383,LM2OVE,24.944929158159646
LM2OVE,008383,24.944929158159646
008942,009318,33.657333664965975
009318,008942,33.657333664965975
008942,009322,5.767671653369547
009322,008942,5.767671653369547
008942,096989,54.88287001257135
096989,008942,54.88287001257135
008942,102825,49.64194845562549
102825,008942,49.64194845562549
008942,CSLM2OVE,18.653422613483873
CSLM2OVE,008942,18.653422613483873
008942,F01749,24.603471320021892
F01749,008942,24.603471320021892
008942,F01751,32.11602736429853
F01751,008942,32.11602736429853
008942,F01752,24.688204110122044
F01752,008942,24.688204110122044
008942,F01754,7.29994167848583
F01754,008942,7.29994167848583
008942,F01755,25.955885835332108
F01755,008942,25.955885835332108
008942,F01756,30.985450246842774
F01756,008942,30.985450246842774
008942,F01757,25.3083652529396
F01757,008942,25.3083652529396
008942,F01792,9.800783321922975
F01792,008942,9.800783321922975
008942,F02755,29.962783464682747
F02755,008942,29.962783464682747
008942,F02756,35.60370011615457
F02756,008942,35.60370011615457
008942,F02757,40.08843287208872
F02757,008942,40.08843287208872
008942,F02758,45.29931645078704
F02758,008942,45.29931645078704
008942,F02759,38.21229684397151
F02759,008942,38.21229684397151
008942,F02760,43.38460347281974
F02760,008942,43.38460347281974
008942,F02761,34.47222996289888
F02761,008942,34.47222996289888
008942,F02762,30.681290030154987
F02762,008942,30.681290030154987
008942,F02763,24.414346383365654
F02763,008942,24.414346383365654
008942,F02764,21.92721652417613
F02764,008942,21.92721652417613
008942,LM2OV1,25.003049252951413
LM2OV1,008942,25.003049252951413
008942,LM2OV2,25.003049252951413
LM2OV2,008942,25.003049252951413
008942,LM2OVA,18.094707255473654
LM2OVA,008942,18.094707255473654
008942,LM2OVB,13.019675958314547
LM2OVB,008942,13.019675958314547
008942,LM2OVC,16.14081315680941
LM2OVC,008942,16.14081315680941
008942,LM2OVD,22.176758385909444
LM2OVD,008942,22.176758385909444
008942,LM2OVE,25.819914972257376
LM2OVE,008942,25.819914972257376
009318,009322,39.340090031441754
009322,009318,39.340090031441754
009318,096989,58.60310085969974
096989,009318,58.60310085969974
009318,102825,47.368973058034555
102825,009318,47.368973058034555
009318,CSLM2OVE,15.061869652705036
CSLM2OVE,009318,15.061869652705036
009318,F01749,12.14670071331523
F01749,009318,12.14670071331523
009318,F01751,5.619830351424198
F01751,009318,5.619830351424198
009318,F01752,21.619840147711077
F01752,009318,21.619840147711077
009318,F01754,29.006356413742697
F01754,009318,29.006356413742697
009318,F01755,22.180206583016716
F01755,009318,22.180206583016716
009318,F01756,26.3128933813999
F01756,009318,26.3128933813999
009318,F01757,25.32698758688736
F01757,009318,25.32698758688736
009318,F01792,29.01526521551856
F01792,009318,29.01526521551856
009318,F02755,31.364488201401656
F02755,009318,31.364488201401656
009318,F02756,35.784445281735074
F02756,009318,35.784445281735074
009318,F02757,39.35305644013845
F02757,009318,39.35305644013845
009318,F02758,43.83288752609106
F02758,009318,43.83288752609106
009318,F02759,42.69458392896023
F02759,009318,42.69458392896023
009318,F02760,46.61334249782877
F02760,009318,46.61334249782877
009318,F02761,39.94327201843019
F02761,009318,39.94327201843019
009318,F02762,37.49505516930676
F02762,009318,37.49505516930676
009318,F02763,34.25895782387959
F02763,009318,34.25895782387959
009318,F02764,26.11653544845958
F02764,009318,26.11653544845958
009318,LM2OV1,11.81209916006334
LM2OV1,009318,11.81209916006334
009318,LM2OV2,11.81209916006334
LM2OV2,009318,11.81209916006334
009318,LM2OVA,19.008141266609623
LM2OVA,009318,19.008141266609623
009318,LM2OVB,24.400791709626503
LM2OVB,009318,24.400791709626503
009318,LM2OVC,27.05998663708162
LM2OVC,009318,27.05998663708162
009318,LM2OVD,13.117029309014129
LM2OVD,009318,13.117029309014129
009318,LM2OVE,13.360064758314795
LM2OVE,009318,13.360064758314795
009322,096989,57.270360681472965
096989,009322,57.270360681472965
009322,102825,51.27123490231448
102825,009322,51.27123490231448
009322,CSLM2OVE,24.382041770983005
CSLM2OVE,009322,24.382041770983005
009322,F01749,30.349421752007483
F01749,009322,30.349421752007483
009322,F01751,37.882587529615975
F01751,009322,37.882587529615975
009322,F01752,29.853746731610777
F01752,009322,29.853746731610777
009322,F01754,11.555199159357748
F01754,009322,11.555199159357748
009322,F01755,29.8648801415439
F01755,009322,29.8648801415439
009322,F01756,34.35523538752536
F01756,009322,34.35523538752536
009322,F01757,28.706712058663275
F01757,009322,28.706712058663275
009322,F01792,13.325623894477175
F01792,009322,13.325623894477175
009322,F02755,32.445911140541526
F02755,009322,32.445911140541526
009322,F02756,37.71457341690115
F02756,009322,37.71457341690115
009322,F02757,42.003330607447175
F02757,009322,42.003330607447175
009322,F02758,47.01269132217339
F02758,009322,47.01269132217339
009322,F02759,39.31187114949007
F02759,009322,39.31187114949007
009322,F02760,44.37082460709752
F02760,009322,44.37082460709752
009322,F02761,35.693265275169026
F02761,009322,35.693265275169026
009322,F02762,32.01972331466981
F02762,009322,32.01972331466981
009322,F02763,25.958418673236288
F02763,009322,25.958418673236288
009322,F02764,25.19308486544788
F02764,009322,25.19308486544788
009322,LM2OV1,30.750836547564667
LM2OV1,009322,30.750836547564667
009322,LM2OV2,30.750836547564667
LM2OV2,009322,30.750836547564667
009322,LM2OVA,23.002586545180538
LM2OVA,009322,23.002586545180538
009322,LM2OVB,17.47647447602662
LM2OVB,009322,17.47647447602662
009322,LM2OVC,20.795124756099458
LM2OVC,009322,20.795124756099458
009322,LM2OVD,27.939403972373935
LM2OVD,009322,27.939403972373935
009322,LM2OVE,30.871815625410022
LM2OVE,009322,30.871815625410022
096989,102825,99.70493132980187
102825,096989,99.70493132980187
096989,CSLM2OVE,53.48802775781007
CSLM2OVE,096989,53.48802775781007
096989,F01749,48.78764832564207
F01749,096989,48.78764832564207
096989,F01751,52.98985816404816
F01751,096989,52.98985816404816
096989,F01752,38.93438935450234
F01752,096989,38.93438935450234
096989,F01754,59.30969104548988
F01754,096989,59.30969104548988
096989,F01755,71.52095971768465
F01755,096989,71.52095971768465
096989,F01756,77.49978390296134
F01756,096989,77.49978390296134
096989,F01757,73.04167002928868
F01757,096989,73.04167002928868
096989,F01792,61.98234922342415
F01792,096989,61.98234922342415
096989,F02755,79.62566474042613
F02755,096989,79.62566474042613
096989,F02756,85.5518668712538
F02756,096989,85.5518668712538
096989,F02757,90.11234273783822
F02757,096989,90.11234273783822
096989,F02758,95.43953253191034
F02758,096989,95.43953253191034
096989,F02759,90.32157744310918
F02759,096989,90.32157744310918
096989,F02760,95.41929288793308
F02760,096989,95.41929288793308
096989,F02761,86.60147189032902
F02761,096989,86.60147189032902
096989,F02762,82.89111563878743
F02762,096989,82.89111563878743
096989,F02763,76.87167105358509
F02763,096989,76.87167105358509
096989,F02764,70.9426095027823
F02764,096989,70.9426095027823
096989,LM2OV1,48.89261823776504
LM2OV1,096989,48.89261823776504
096989,LM2OV2,48.89261823776504
LM2OV2,096989,48.89261823776504
096989,LM2OVA,61.931496471509455
LM2OVA,096989,61.931496471509455
096989,LM2OVB,61.55366997699777
LM2OVB,096989,61.55366997699777
096989,LM2OVC,41.055490563823945
LM2OVC,096989,41.055490563823945
096989,LM2OVD,49.973494865599456
LM2OVD,096989,49.973494865599456
096989,LM2OVE,64.6050766713806
LM2OVE,096989,64.6050766713806
102825,CSLM2OVE,46.39463362211091
CSLM2OVE,102825,46.39463362211091
102825,F01749,52.3619117340668
F01749,102825,52.3619117340668
102825,F01751,51.95641204340941
F01751,102825,51.95641204340941
102825,F01752,61.236568031340866
F01752,102825,61.236568031340866
102825,F01754,42.88892292378752
F01754,102825,42.88892292378752
102825,F01755,28.296607687014106
F01755,102825,28.296607687014106
102825,F01756,22.438640068394896
F01756,102825,22.438640068394896
102825,F01757,26.67725673383073
F01757,102825,26.67725673383073
102825,F01792,40.10819413609656
F01792,102825,40.10819413609656
102825,F02755,20.29513767353062
F02755,102825,20.29513767353062
102825,F02756,14.33682908349174
F02756,102825,14.33682908349174
102825,F02757,9.720634883057453
F02757,102825,9.720634883057453
102825,F02758,4.3698970833155855
F02758,102825,4.3698970833155855
102825,F02759,12.44124475026004
F02759,102825,12.44124475026004
102825,F02760,8.511664295459223
F02760,102825,8.511664295459223
102825,F02761,15.711296796970323
F02761,102825,15.711296796970323
102825,F02762,19.265246899125504
F02762,102825,19.265246899125504
102825,F02763,25.35300016216925
F02763,102825,25.35300016216925
102825,F02764,29.063523891947163
F02764,102825,29.063523891947163
102825,LM2OV1,52.39912202003798
LM2OV1,102825,52.39912202003798
102825,LM2OV2,52.39912202003798
LM2OV2,102825,52.39912202003798
102825,LM2OVA,37.773999372581955
LM2OVA,102825,37.773999372581955
102825,LM2OVB,38.897014339276836
LM2OVB,102825,38.897014339276836
102825,LM2OVC,59.09937561711618
LM2OVC,102825,59.09937561711618
102825,LM2OVD,50.525418061254356
LM2OVD,102825,50.525418061254356
102825,LM2OVE,36.29156207241495
LM2OVE,102825,36.29156207241495
CSLM2OVE,F01749,7.713557493501775
F01749,CSLM2OVE,7.713557493501775
CSLM2OVE,F01751,13.737964711293095
F01751,CSLM2OVE,13.737964711293095
CSLM2OVE,F01752,14.857640871967211
F01752,CSLM2OVE,14.857640871967211
CSLM2OVE,F01754,14.854865515774122
F01754,CSLM2OVE,14.854865515774122
CSLM2OVE,F01755,18.102812629479335
F01755,CSLM2OVE,18.102812629479335
CSLM2OVE,F01756,24.042346566058168
F01756,CSLM2OVE,24.042346566058168
CSLM2OVE,F01757,19.97989486679039
F01757,CSLM2OVE,19.97989486679039
CSLM2OVE,F01792,15.666051386119946
F01792,CSLM2OVE,15.666051386119946
CSLM2OVE,F02755,26.77052132825803
F02755,CSLM2OVE,26.77052132825803
CSLM2OVE,F02756,32.52088560932045
F02756,CSLM2OVE,32.52088560932045
CSLM2OVE,F02757,36.96515374865041
F02757,CSLM2OVE,36.96515374865041
CSLM2OVE,F02758,42.21005882356648
F02758,CSLM2OVE,42.21005882356648
CSLM2OVE,F02759,38.125020752042616
F02759,CSLM2OVE,38.125020752042616
CSLM2OVE,F02760,42.96115283922108
F02760,CSLM2OVE,42.96115283922108
CSLM2OVE,F02761,34.62642984067063
F02761,CSLM2OVE,34.62642984067063
CSLM2OVE,F02762,31.248588146183945
F02762,CSLM2OVE,31.248588146183945
CSLM2OVE,F02763,26.112936656753643
F02763,CSLM2OVE,26.112936656753643
CSLM2OVE,F02764,18.61748048162954
F02764,CSLM2OVE,18.61748048162954
CSLM2OVE,LM2OV1,7.9936447293401995
LM2OV1,CSLM2OVE,7.9936447293401995
CSLM2OVE,LM2OV2,7.9936447293401995
LM2OV2,CSLM2OVE,7.9936447293401995
CSLM2OVE,LM2OVA,9.083277331140048
LM2OVA,CSLM2OVE,9.083277331140048
CSLM2OVE,LM2OVB,11.888427216256254
LM2OVB,CSLM2OVE,11.888427216256254
CSLM2OVE,LM2OVC,14.745369753899467
LM2OVC,CSLM2OVE,14.745369753899467
CSLM2OVE,LM2OVD,5.078355331097837
LM2OVD,CSLM2OVE,5.078355331097837
CSLM2OVE,LM2OVE,11.652834319340029
LM2OVE,CSLM2OVE,11.652834319340029
F01749,F01751,8.208824162861065
F01751,F01749,8.208824162861065
F01749,F01752,10.133011778818705
F01752,F01749,10.133011778818705
F01749,F01754,22.088670027752258
F01754,F01749,22.088670027752258
F01749,F01755,24.300876569601602
F01755,F01749,24.300876569601602
F01749,F01756,29.948842521732
F01756,F01749,29.948842521732
F01749,F01757,26.655332783778103
F01757,F01749,26.655332783778103
F01749,F01792,23.205915933406374
F01792,F01749,23.205915933406374
F01749,F02755,33.45506170293926
F02755,F01749,33.45506170293926
F01749,F02756,38.964460994790194
F02756,F01749,38.964460994790194
F01749,F02757,43.23443537484673
F02757,F01749,43.23443537484673
F01749,F02758,48.326714591070825
F02758,F01749,48.326714591070825
F01749,F02759,44.99577450964192
F02759,F01749,44.99577450964192
F01749,F02760,49.65618045068143
F02760,F01749,49.65618045068143
F01749,F02761,41.63005272435909
F02761,F01749,41.63005272435909
F01749,F02762,38.41195370213171
F02762,F01749,38.41195370213171
F01749,F02763,33.565196454838215
F02763,F01749,33.565196454838215
F01749,F02764,25.793463934993447
F02764,F01749,25.793463934993447
F01749,LM2OV1,0.41362800611127815
LM2OV1,F01749,0.41362800611127815
F01749,LM2OV2,0.41362800611127815
LM2OV2,F01749,0.41362800611127815
F01749,LM2OVA,16.377645242924277
LM2OVA,F01749,16.377645242924277
F01749,LM2OVB,19.59681951828985
LM2OVB,F01749,19.59681951828985
F01749,LM2OVC,15.037606280977908
LM2OVC,F01749,15.037606280977908
F01749,LM2OVD,2.6888495068896416
LM2OVD,F01749,2.6888495068896416
F01749,LM2OVE,16.176369516150466
LM2OVE,F01749,16.176369516150466
F01751,F01752,16.559454891467176
F01752,F01751,16.559454891467176
F01751,F01754,28.54754194655963
F01754,F01751,28.54754194655963
F01751,F01755,25.448868379059554
F01755,F01751,25.448868379059554
F01751,F01756,30.24553380083213
F01756,F01751,30.24553380083213
F01751,F01757,28.38202031345735
F01757,F01751,28.38202031345735
F01751,F01792,29.098848669756787
F01792,F01751,29.098848669756787
F01751,F02755,34.8321824639082
F02755,F01751,34.8321824639082
F01751,F02756,39.70008115438162
F02756,F01751,39.70008115438162
F01751,F02757,43.53965900217789
F02757,F01751,43.53965900217789
F01751,F02758,48.24845870235598
F02758,F01751,48.24845870235598
F01751,F02759,46.37125174861575
F02759,F01751,46.37125174861575
F01751,F02760,50.57642096300408
F02760,F01751,50.57642096300408
F01751,F02761,43.37300402988472
F02761,F01751,43.37300402988472
F01751,F02762,40.610320693188534
F02762,F01751,40.610320693188534
F01751,F02763,36.69712922614243
F02763,F01751,36.69712922614243
F01751,F02764,28.536629441936398
F02764,F01751,28.536629441936398
F01751,LM2OV1,7.805134006303402
LM2OV1,F01751,7.805134006303402
F01751,LM2OV2,7.805134006303402
LM2OV2,F01751,7.805134006303402
F01751,LM2OVA,20.16294002234305
LM2OVA,F01751,20.16294002234305
F01751,LM2OVB,24.82913604338244
LM2OVB,F01751,24.82913604338244
F01751,LM2OVC,23.12743109783603
LM2OVC,F01751,23.12743109783603
F01751,LM2OVD,10.104420200259828
LM2OVD,F01751,10.104420200259828
F01751,LM2OVE,16.439823089857747
LM2OVE,F01751,16.439823089857747
F01752,F01754,25.170945528978645
F01754,F01752,25.170945528978645
F01752,F01755,32.940006514290076
F01755,F01752,32.940006514290076
F01752,F01756,38.842687041719294
F01756,F01752,38.842687041719294
F01752,F01757,34.816743718233845
F01757,F01752,34.816743718233845
F01752,F01792,27.188442054053873
F01792,F01752,27.188442054053873
F01752,F02755,41.5858200406411
F02755,F01752,41.5858200406411
F01752,F02756,47.37026655627766
F02756,F01752,47.37026655627766
F01752,F02757,51.82270156602052
F02757,F01752,51.82270156602052
F01752,F02758,57.06443310021446
F02758,F01752,57.06443310021446
F01752,F02759,52.830801456035516
F02759,F01752,52.830801456035516
F01752,F02760,57.73689647590392
F02760,F01752,57.73689647590392
F01752,F02761,49.260316769987476
F02761,F01752,49.260316769987476
F01752,F02762,45.76355784150929
F02762,F01752,45.76355784150929
F01752,F02763,40.261309128055714
F02763,F01752,40.261309128055714
F01752,F02764,33.239115397176754
F02764,F01752,33.239115397176754
F01752,LM2OV1,10.324172818021053
LM2OV1,F01752,10.324172818021053
F01752,LM2OV2,10.324172818021053
LM2OV2,F01752,10.324172818021053
F01752,LM2OVA,23.785121913182508
LM2OVA,F01752,23.785121913182508
F01752,LM2OVB,24.99934347476302
LM2OVB,F01752,24.99934347476302
F01752,LM2OVC,9.607974856264407
LM2OVC,F01752,9.607974856264407
F01752,LM2OVD,11.041658081167512
LM2OVD,F01752,11.041658081167512
F01752,LM2OVE,25.672515966302324
LM2OVE,F01752,25.672515966302324
F01754,F01755,18.683789630794188
F01755,F01754,18.683789630794188
F01754,F01756,23.693678885330222
F01756,F01754,23.693678885330222
F01754,F01757,18.021700343187025
F01757,F01754,18.021700343187025
F01754,F01792,2.8065836165983966
F01792,F01754,2.8065836165983966
F01754,F02755,22.919631128144555
F02755,F01754,22.919631128144555
F01754,F02756,28.688147915519785
F02756,F01754,28.688147915519785
F01754,F02757,33.239510790613195
F02757,F01754,33.239510790613195
F01754,F02758,38.524319550932546
F02758,F01754,38.524319550932546
F01754,F02759,31.88968730284903
F02759,F01754,31.88968730284903
F01754,F02760,37.083100661948166
F02760,F01754,37.083100661948166
F01754,F02761,28.116510623305352
F02761,F01754,28.116510623305352
F01754,F02762,24.30854111440031
F02762,F01754,24.30854111440031
F01754,F02763,18.049742700922256
F02763,F01754,18.049742700922256
F01754,F02764,14.676096812073641
F02764,F01754,14.676096812073641
F01754,LM2OV1,22.440498391658743
LM2OV1,F01754,22.440498391658743
F01754,LM2OV2,22.440498391658743
LM2OV2,F01754,22.440498391658743
F01754,LM2OVA,11.502140147999848
LM2OVA,F01754,11.502140147999848
F01754,LM2OVB,5.9303089151966635
LM2OVB,F01754,5.9303089151966635
F01754,LM2OVC,18.61427053540925
LM2OVC,F01754,18.61427053540925
F01754,LM2OVD,19.42409417478129
LM2OVD,F01754,19.42409417478129
F01754,LM2OVE,19.400679715818658
LM2OVE,F01754,19.400679715818658
F01755,F01756,6.00060745103403
F01756,F01755,6.00060745103403
F01755,F01757,3.2661080160437406
F01757,F01755,3.2661080160437406
F01755,F01792,16.546696490851776
F01792,F01755,16.546696490851776
F01755,F02755,9.396012660386827
F02755,F01755,9.396012660386827
F01755,F02756,14.66740030507581
F02756,F01755,14.66740030507581
F01755,F02757,18.96177167914847
F02757,F01755,18.96177167914847
F01755,F02758,24.141354882059655
F02758,F01755,24.141354882059655
F01755,F02759,20.982437591837584
F02759,F01755,20.982437591837584
F01755,F02760,25.43044070048198
F02760,F01755,25.43044070048198
F01755,F02761,17.92488832058737
F02761,F01755,17.92488832058737
F01755,F02762,15.315621610900127
F02762,F01755,15.315621610900127
F01755,F02763,12.721723782843759
F02763,F01755,12.721723782843759
F01755,F02764,5.690650601539737
F02764,F01755,5.690650601539737
F01755,LM2OV1,24.381705173146067
LM2OV1,F01755,24.381705173146067
F01755,LM2OV2,24.381705173146067
LM2OV2,F01755,24.381705173146067
F01755,LM2OVA,9.830324108729055
LM2OVA,F01755,9.830324108729055
F01755,LM2OVB,13.034049249551824
LM2OVB,F01755,13.034049249551824
F01755,LM2OVC,31.443148487443025
LM2OVC,F01755,31.443148487443025
F01755,LM2OVD,22.30756030036862
LM2OVD,F01755,22.30756030036862
F01755,LM2OVE,9.015923024213892
LM2OVE,F01755,9.015923024213892
F01756,F01757,5.683338763350849
F01757,F01756,5.683338763350849
F01756,F01792,21.27014867020183
F01792,F01756,21.27014867020183
F01756,F02755,5.8846520703416445
F02755,F01756,5.8846520703416445
F01756,F02756,9.48210653878659
F02756,F01756,9.48210653878659
F01756,F02757,13.376397657524057
F02757,F01756,13.376397657524057
F01756,F02758,18.379434668665464
F02758,F01756,18.379434668665464
F01756,F02759,16.428548163153305
F02759,F01756,16.428548163153305
F01756,F02760,20.347340281301687
F02760,F01756,20.347340281301687
F01756,F02761,14.007120915365965
F02761,F01756,14.007120915365965
F01756,F02762,12.457029370762811
F02762,F01756,12.457029370762811
F01756,F02763,12.558132494376133
F02763,F01756,12.558132494376133
F01756,F02764,9.163749796259046
F02764,F01756,9.163749796259046
F01756,LM2OV1,29.998378164073728
LM2OV1,F01756,29.998378164073728
F01756,LM2OV2,29.998378164073728
LM2OV2,F01756,29.998378164073728
F01756,LM2OVA,15.805251270060879
LM2OVA,F01756,15.805251270060879
F01756,LM2OVB,18.41758694699883
LM2OVB,F01756,18.41758694699883
F01756,LM2OVC,37.418897850086545
LM2OVC,F01756,37.418897850086545
F01756,LM2OVD,28.086865816115946
LM2OVD,F01756,28.086865816115946
F01756,LM2OVE,14.032866712868776
LM2OVE,F01756,14.032866712868776
F01757,F01792,15.58705309734823
F01792,F01757,15.58705309734823
F01757,F02755,6.8138275548589
F02755,F01757,6.8138275548589
F01757,F02756,12.563686449416029
F02756,F01757,12.563686449416029
F01757,F02757,17.07873117030521
F02757,F01757,17.07873117030521
F01757,F02758,22.3978857600777
F02758,F01757,22.3978857600777
F01757,F02759,18.348568197943614
F02759,F01757,18.348568197943614
F01757,F02760,23.031644932677313
F02760,F01757,23.031644932677313
F01757,F02761,15.08731275393366
F02761,F01757,15.08731275393366
F01757,F02762,12.237502234967137
F02762,F01757,12.237502234967137
F01757,F02763,9.481861132747499
F02763,F01757,9.481861132747499
F01757,F02764,3.534265619808313
F02764,F01757,3.534265619808313
F01757,LM2OV1,26.77152745137585
LM2OV1,F01757,26.77152745137585
F01757,LM2OV2,26.77152745137585
LM2OV2,F01757,26.77152745137585
F01757,LM2OVA,11.121608518059112
LM2OVA,F01757,11.121608518059112
F01757,LM2OVB,12.873519162749156
LM2OVB,F01757,12.873519162749156
F01757,LM2OVC,32.485931274998244
LM2OVC,F01757,32.485931274998244
F01757,LM2OVD,24.497961835202652
LM2OVD,F01757,24.497961835202652
F01757,LM2OVE,12.039348383735176
LM2OVE,F01757,12.039348383735176
F01792,F02755,20.209824123175483
F02755,F01792,20.209824123175483
F01792,F02756,25.936041575904202
F02756,F01792,25.936041575904202
F01792,F02757,30.473257321415396
F02757,F01792,30.473257321415396
F01792,F02758,35.745933880332146
F02758,F01792,35.745933880332146
F01792,F02759,29.084146399037042
F02759,F01792,29.084146399037042
F01792,F02760,34.27745788084142
F02760,F01792,34.27745788084142
F01792,F02761,25.310742739442162
F02761,F01792,25.310742739442162
F01792,F02762,21.503071612275544
F02762,F01792,21.503071612275544
F01792,F02763,15.247554483942356
F02763,F01792,15.247554483942356
F01792,F02764,12.15434980078337
F02764,F01792,12.15434980078337
F01792,LM2OV1,23.53092698247209
LM2OV1,F01792,23.53092698247209
F01792,LM2OV2,23.53092698247209
LM2OV2,F01792,23.53092698247209
F01792,LM2OVA,10.577127732311446
LM2OVA,F01792,10.577127732311446
F01792,LM2OVB,4.759109699696539
LM2OVB,F01792,4.759109699696539
F01792,LM2OVC,21.142561257694528
LM2OVC,F01792,21.142561257694528
F01792,LM2OVD,20.517295313956087
LM2OVD,F01792,20.517295313956087
F01792,LM2OVE,18.383642625346607
LM2OVE,F01792,18.383642625346607
F02755,F02756,5.966233841787349
F02756,F02755,5.966233841787349
F02755,F02757,10.579900804047824
F02757,F02755,10.579900804047824
F02755,F02758,15.944849914258546
F02758,F02755,15.944849914258546
F02755,F02759,11.600972842745351
F02759,F02755,11.600972842745351
F02755,F02760,16.217828015981958
F02760,F02755,16.217828015981958
F02755,F02761,8.581026223155494
F02761,F02755,8.581026223155494
F02755,F02762,6.582135938771421
F02762,F02755,6.582135938771421
F02755,F02763,7.763518649295752
F02763,F02755,7.763518649295752
F02755,F02764,8.771085707231508
F02764,F02755,8.771085707231508
F02755,LM2OV1,33.56482885374862
LM2OV1,F02755,33.56482885374862
F02755,LM2OV2,33.56482885374862
LM2OV2,F02755,33.56482885374862
F02755,LM2OVA,17.823374084772738
LM2OVA,F02755,17.823374084772738
F02755,LM2OVB,18.61329071359251
LM2OVB,F02755,18.61329071359251
F02755,LM2OVC,38.84497646087731
LM2OVC,F02755,38.84497646087731
F02755,LM2OVD,31.311559959521965
LM2OVD,F02755,31.311559959521965
F02755,LM2OVE,18.392369638003423
LM2OVE,F02755,18.392369638003423
F02756,F02757,4.616744321492521
F02757,F02756,4.616744321492521
F02756,F02758,9.980586123769912
F02758,F02756,9.980586123769912
F02756,F02759,7.198089959805739
F02759,F02756,7.198089959805739
F02756,F02760,10.87634025252795
F02760,F02756,10.87634025252795
F02756,F02761,5.991684931691203
F02761,F02756,5.991684931691203
F02756,F02762,7.141539112825904
F02762,F02756,7.141539112825904
F02756,F02763,11.941649692019135
F02763,F02756,11.941649692019135
F02756,F02764,14.736989852291225
F02764,F02756,14.736989852291225
F02756,LM2OV1,39.0484216562473
LM2OV1,F02756,39.0484216562473
F02756,LM2OV2,39.0484216562473
LM2OV2,F02756,39.0484216562473
F02756,LM2OVA,23.675315802156742
LM2OVA,F02756,23.675315802156742
F02756,LM2OVB,24.560489276607004
LM2OVB,F02756,24.560489276607004
F02756,LM2OVC,44.80806665026023
LM2OVC,F02756,44.80806665026023
F02756,LM2OVD,36.924871700302546
LM2OVD,F02756,36.924871700302546
F02756,LM2OVE,23.378581131569756
LM2OVE,F02756,23.378581131569756
F02757,F02758,5.364961362559101
F02758,F02757,5.364961362559101
F02757,F02759,6.274230588785217
F02759,F02757,6.274230588785217
F02757,F02760,7.609684285873503
F02760,F02757,7.609684285873503
F02757,F02761,7.632199329673554
F02761,F02757,7.632199329673554
F02757,F02762,10.417432928864784
F02762,F02757,10.417432928864784
F02757,F02763,16.064596351748758
F02763,F02757,16.064596351748758
F02757,F02764,19.35084850786372
F02764,F02757,19.35084850786372
F02757,LM2OV1,43.30080670558103
LM2OV1,F02757,43.30080670558103
F02757,LM2OV2,43.30080670558103
LM2OV2,F02757,43.30080670558103
F02757,LM2OVA,28.20014343242068
LM2OVA,F02757,28.20014343242068
F02757,LM2OVB,29.176384273125322
LM2OVB,F02757,29.176384273125322
F02757,LM2OVC,49.41180287675062
LM2OVC,F02757,49.41180287675062
F02757,LM2OVD,41.2692169594381
LM2OVD,F02757,41.2692169594381
F02757,LM2OVE,27.409261339501917
LM2OVE,F02757,27.409261339501917
F02758,F02759,8.743620812306824
F02759,F02758,8.743620812306824
F02758,F02760,6.266319790615907
F02760,F02758,6.266319790615907
F02758,F02761,11.654217917326493
F02761,F02758,11.654217917326493
F02758,F02762,15.064961557489054
F02762,F02758,15.064961557489054
F02758,F02763,21.0648964865649
F02763,F02758,21.0648964865649
F02758,F02764,24.715808474912162
F02764,F02758,24.715808474912162
F02758,LM2OV1,48.37776608456835
LM2OV1,F02758,48.37776608456835
F02758,LM2OV2,48.37776608456835
LM2OV2,F02758,48.37776608456835
F02758,LM2OVA,33.512494375443666
LM2OVA,F02758,33.512494375443666
F02758,LM2OVB,34.53620404776173
LM2OVB,F02758,34.53620404776173
F02758,LM2OVC,54.77260614257355
LM2OVC,F02758,54.77260614257355
F02758,LM2OVD,46.4276133608509
LM2OVD,F02758,46.4276133608509
F02758,LM2OVE,32.350589232640495
LM2OVE,F02758,32.350589232640495
F02759,F02760,5.193560802544313
F02760,F02759,5.193560802544313
F02759,F02761,3.7743605862160514
F02761,F02759,3.7743605862160514
F02759,F02762,7.581157418431707
F02762,F02759,7.581157418431707
F02759,F02763,13.853361772451148
F02763,F02759,13.853361772451148
F02759,F02764,19.597776215804878
F02764,F02759,19.597776215804878
F02759,LM2OV1,45.11700912894712
LM2OV1,F02759,45.11700912894712
F02759,LM2OV2,45.11700912894712
LM2OV2,F02759,45.11700912894712
F02759,LM2OVA,29.068199121506595
LM2OVA,F02759,29.068199121506595
F02759,LM2OVB,28.778937680155455
LM2OVB,F02759,28.778937680155455
F02759,LM2OVC,49.29498317580025
LM2OVC,F02759,49.29498317580025
F02759,LM2OVD,42.79251564852762
LM2OVD,F02759,42.79251564852762
F02759,LM2OVE,29.942113099851976
LM2OVE,F02759,29.942113099851976
F02760,F02761,8.966827004448724
F02761,F02760,8.966827004448724
F02760,F02762,12.774650625490164
F02762,F02760,12.774650625490164
F02760,F02763,19.045743936370297
F02763,F02760,19.045743936370297
F02760,F02764,24.568454533677844
F02764,F02760,24.568454533677844
F02760,LM2OV1,49.757958890589734
LM2OV1,F02760,49.757958890589734
F02760,LM2OV2,49.757958890589734
LM2OV2,F02760,49.757958890589734
F02760,LM2OVA,33.95181537321265
LM2OVA,F02760,33.95181537321265
F02760,LM2OVB,33.90524899127807
LM2OVB,F02760,33.90524899127807
F02760,LM2OVC,54.41693349156008
LM2OVC,F02760,54.41693349156008
F02760,LM2OVD,47.52924613405668
LM2OVD,F02760,47.52924613405668
F02760,LM2OVE,34.239261480561154
LM2OVE,F02760,34.239261480561154
F02761,F02762,3.809148939600221
F02762,F02761,3.809148939600221
F02761,F02763,10.087312698419096
F02763,F02761,10.087312698419096
F02761,F02764,16.028967669404782
F02764,F02761,16.028967669404782
F02761,LM2OV1,41.7669117940535
LM2OV1,F02761,41.7669117940535
F02761,LM2OV2,41.7669117940535
LM2OV2,F02761,41.7669117940535
F02761,LM2OVA,25.54786213218338
LM2OVA,F02761,25.54786213218338
F02761,LM2OVB,25.04908700395448
LM2OVB,F02761,25.04908700395448
F02761,LM2OVC,45.56238802039014
LM2OVC,F02761,45.56238802039014
F02761,LM2OVD,39.36822251930638
LM2OVD,F02761,39.36822251930638
F02761,LM2OVE,26.93967923662118
LM2OVE,F02761,26.93967923662118
F02762,F02763,6.280560398755126
F02763,F02762,6.280560398755126
F02762,F02764,12.642235866543968
F02764,F02762,12.642235866543968
F02762,LM2OV1,38.56863396488962
LM2OV1,F02762,38.56863396488962
F02762,LM2OV2,38.56863396488962
LM2OV2,F02762,38.56863396488962
F02762,LM2OVA,22.16959533402851
LM2OVA,F02762,22.16959533402851
F02762,LM2OVB,21.34280824368776
LM2OVB,F02762,21.34280824368776
F02762,LM2OVC,41.8399663372576
LM2OVC,F02762,41.8399663372576
F02762,LM2OVD,36.078938638486946
LM2OVD,F02762,36.078938638486946
F02762,LM2OVE,24.26920837997596
LM2OVE,F02762,24.26920837997596
F02763,F02764,8.179385603901311
F02764,F02763,8.179385603901311
F02763,LM2OV1,33.76357747427099
LM2OV1,F02763,33.76357747427099
F02763,LM2OV2,33.76357747427099
LM2OV2,F02763,33.76357747427099
F02763,LM2OVA,17.190578875635417
LM2OVA,F02763,17.190578875635417
F02763,LM2OVB,15.448664336164262
LM2OVB,F02763,15.448664336164262
F02763,LM2OVC,35.82265136099845
LM2OVC,F02763,35.82265136099845
F02763,LM2OVD,31.096547594840587
LM2OVD,F02763,31.096547594840587
F02763,LM2OVE,20.913380676589227
LM2OVE,F02763,20.913380676589227
F02764,LM2OV1,25.960403579551617
LM2OV1,F02764,25.960403579551617
F02764,LM2OV2,25.960403579551617
LM2OV2,F02764,25.960403579551617
F02764,LM2OVA,9.53433684018098
LM2OVA,F02764,9.53433684018098
F02764,LM2OVB,9.892745274355656
LM2OVB,F02764,9.892745274355656
F02764,LM2OVC,30.08720687251872
LM2OVC,F02764,30.08720687251872
F02764,LM2OVD,23.438694871388773
LM2OVD,F02764,23.438694871388773
F02764,LM2OVE,12.80950877967033
LM2OVE,F02764,12.80950877967033
LM2OV1,LM2OV2,0.0
LM2OV2,LM2OV1,0.0
LM2OV1,LM2OVA,16.57309350086242
LM2OVA,LM2OV1,16.57309350086242
LM2OV1,LM2OVB,19.881910111598774
LM2OVB,LM2OV1,19.881910111598774
LM2OV1,LM2OVC,15.415227250344055
LM2OVC,LM2OV1,15.415227250344055
LM2OV1,LM2OVD,3.0206123297835497
LM2OVD,LM2OV1,3.0206123297835497
LM2OV1,LM2OVE,16.17788034201316
LM2OVE,LM2OV1,16.17788034201316
LM2OV2,LM2OVA,16.57309350086242
LM2OVA,LM2OV2,16.57309350086242
LM2OV2,LM2OVB,19.881910111598774
LM2OVB,LM2OV2,19.881910111598774
LM2OV2,LM2OVC,15.415227250344055
LM2OVC,LM2OV2,15.415227250344055
LM2OV2,LM2OVD,3.0206123297835497
LM2OVD,LM2OV2,3.0206123297835497
LM2OV2,LM2OVE,16.17788034201316
LM2OVE,LM2OV2,16.17788034201316
LM2OVA,LM2OVB,5.824345131939488
LM2OVB,LM2OVA,5.824345131939488
LM2OVA,LM2OVC,21.615159361664205
LM2OVC,LM2OVA,21.615159361664205
LM2OVA,LM2OVD,13.946744499742538
LM2OVD,LM2OVA,13.946744499742538
LM2OVA,LM2OVE,7.90153109758928
LM2OVE,LM2OVA,7.90153109758928
LM2OVB,LM2OVC,20.516047256304017
LM2OVC,LM2OVB,20.516047256304017
LM2OVB,LM2OVD,16.93560698816205
LM2OVD,LM2OVB,16.93560698816205
LM2OVB,LM2OVE,13.675260679662928
LM2OVE,LM2OVB,13.675260679662928
LM2OVC,LM2OVD,14.051386834145076
LM2OVD,LM2OVC,14.051386834145076
LM2OVC,LM2OVE,26.322007699594188
LM2OVE,LM2OVC,26.322007699594188
LM2OVD,LM2OVE,14.646144262697836
LM2OVE,LM2OVD,14.646144262697836
F01850,F01851,4.176827090069596
F01851,F01850,4.176827090069596
F01769,F01770,16.673332764645803
F01770,F01769,16.673332764645803
F01771,F01772,16.92469752224609
F01772,F01771,16.92469752224609
F02773,F02774,7.237907583140554
F02774,F02773,7.237907583140554
F02765,F02766,5.438324874600424
F02766,F02765,5.438324874600424
F02767,F02768,13.919656006149605
F02768,F02767,13.919656006149605
F02771,F02772,2.3922651593975384
F02772,F02771,2.3922651593975384
F02769,F02770,10.730370336976572
F02770,F02769,10.730370336976572
F01854,F01855,12.025481504999101
F01855,F01854,12.025481504999101
F02960,F02961,19.861550533811947
F02961,F02960,19.861550533811947
F02819,F02820,6.708952042714471
F02820,F02819,6.708952042714471
008458,F02821,20.961631659218497
F02821,008458,20.961631659218497
008458,F02823,18.604025980753555
F02823,008458,18.604025980753555
008458,F02824,17.734427204939934
F02824,008458,17.734427204939934
F02821,F02823,13.780254216795786
F02823,F02821,13.780254216795786
F02821,F02824,13.981654968097027
F02824,F02821,13.981654968097027
F02823,F02824,23.736414018110633
F02824,F02823,23.736414018110633
F02956,F02957,4.569252318482673
F02957,F02956,4.569252318482673
F02917,F02918,12.707745768391462
F02918,F02917,12.707745768391462
F02739,F02740,18.6104802278345
F02740,F02739,18.6104802278345
F02739,F02741,17.079735804915448
F02741,F02739,17.079735804915448
F02739,F02742,7.736238289632802
F02742,F02739,7.736238289632802
F02739,F02743,5.834677877305465
F02743,F02739,5.834677877305465
F02739,F02744,7.485162775892017
F02744,F02739,7.485162775892017
F02740,F02741,3.520383874399681
F02741,F02740,3.520383874399681
F02740,F02742,23.69219655034317
F02742,F02740,23.69219655034317
F02740,F02743,24.261673129485967
F02743,F02740,24.261673129485967
F02740,F02744,19.350211310625642
F02744,F02740,19.350211310625642
F02741,F02742,21.266083684059232
F02742,F02741,21.266083684059232
F02741,F02743,22.88819455614639
F02743,F02741,22.88819455614639
F02741,F02744,16.65670933898906
F02744,F02741,16.65670933898906
F02742,F02743,8.29792247767509
F02743,F02742,8.29792247767509
F02742,F02744,5.005499046262953
F02744,F02742,5.005499046262953
F02743,F02744,11.097148835591176
F02744,F02743,11.097148835591176
F02746,F02747,4.734075729437904
F02747,F02746,4.734075729437904
F02745,F02971,8.67672855285027
F02971,F02745,8.67672855285027
F02745,F02972,17.09152608014122
F02972,F02745,17.09152608014122
F02745,F02973,18.757631208433143
F02973,F02745,18.757631208433143
F02971,F02972,8.41499818202211
F02972,F02971,8.41499818202211
F02971,F02973,10.17013552208973
F02973,F02971,10.17013552208973
F02972,F02973,2.581605981787412
F02973,F02972,2.581605981787412
F02930,F02931,3.595013723632795
F02931,F02930,3.595013723632795
008919,F02748,9.126073676361434
F02748,008919,9.126073676361434
008919,F02749,3.404204461605557
F02749,008919,3.404204461605557
008919,F02750,14.730106241034058
F02750,008919,14.730106241034058
008919,F02751,18.641710001927322
F02751,008919,18.641710001927322
008919,F02752,19.677559949657496
F02752,008919,19.677559949657496
008919,F02753,16.4415323644588
F02753,008919,16.4415323644588
F02748,F02749,11.704140730117574
F02749,F02748,11.704140730117574
F02748,F02750,11.118515982403967
F02750,F02748,11.118515982403967
F02748,F02751,13.850674509060328
F02751,F02748,13.850674509060328
F02748,F02752,10.55859918010878
F02752,F02748,10.55859918010878
F02748,F02753,7.506376222580314
F02753,F02748,7.506376222580314
F02749,F02750,14.752383618072335
F02750,F02749,14.752383618072335
F02749,F02751,18.790502026028335
F02751,F02749,18.790502026028335
F02749,F02752,22.19029024589437
F02752,F02749,22.19029024589437
F02749,F02753,19.192300600473402
F02753,F02749,19.192300600473402
F02750,F02751,4.0433098587628935
F02751,F02750,4.0433098587628935
F02750,F02752,15.365815604094841
F02752,F02750,15.365815604094841
F02750,F02753,14.90285573523247
F02753,F02750,14.90285573523247
F02751,F02752,15.323113934292515
F02752,F02751,15.323113934292515
F02751,F02753,15.848582606426993
F02753,F02751,15.848582606426993
F02752,F02753,3.7786468115500322
F02753,F02752,3.7786468115500322
F02813,F02814,7.947774998051886
F02814,F02813,7.947774998051886
F02813,F02815,16.181755477320497
F02815,F02813,16.181755477320497
F02813,F02816,16.435874003866708
F02816,F02813,16.435874003866708
F02813,F02817,9.417689951231585
F02817,F02813,9.417689951231585
F02813,F02818,7.4655432902323735
F02818,F02813,7.4655432902323735
F02814,F02815,9.744067297914507
F02815,F02814,9.744067297914507
F02814,F02816,10.793667481613442
F02816,F02814,10.793667481613442
F02814,F02817,9.995138360140807
F02817,F02814,9.995138360140807
F02814,F02818,9.14715906846032
F02818,F02814,9.14715906846032
F02815,F02816,16.42829388776183
F02816,F02815,16.42829388776183
F02815,F02817,19.58927127978752
F02817,F02815,19.58927127978752
F02815,F02818,18.88363801628526
F02818,F02815,18.88363801628526
F02816,F02817,10.376026094713394
F02817,F02816,10.376026094713394
F02816,F02818,11.603883796621568
F02818,F02816,11.603883796621568
F02817,F02818,2.0021258578001038
F02818,F02817,2.0021258578001038
F02915,F02916,13.14582260727044
F02916,F02915,13.14582260727044
F02795,F02796,14.459751346947595
F02796,F02795,14.459751346947595
F02794,F02797,5.29744145592329
F02797,F02794,5.29744145592329
F02794,F02798,20.39967906890855
F02798,F02794,20.39967906890855
F02794,F02799,21.04595692159934
F02799,F02794,21.04595692159934
F02797,F02798,21.16918434452827
F02798,F02797,21.16918434452827
F02797,F02799,22.726512436656726
F02799,F02797,22.726512436656726
F02798,F02799,3.929474450810663
F02799,F02798,3.929474450810663
F02790,F02791,6.524198468784248
F02791,F02790,6.524198468784248
008844,F02802,15.04005833553659
F02802,008844,15.04005833553659
008844,F02803,5.597936309246941
F02803,008844,5.597936309246941
008844,F02804,13.656239317894999
F02804,008844,13.656239317894999
F02802,F02803,16.060557268526548
F02803,F02802,16.060557268526548
F02802,F02804,6.235387112817453
F02804,F02802,6.235387112817453
F02803,F02804,16.779385674595947
F02804,F02803,16.779385674595947
F02800,F02801,21.435410480073323
F02801,F02800,21.435410480073323
F02943,F02944,9.369417604716578
F02944,F02943,9.369417604716578
F02811,F02812,14.032439206275189
F02812,F02811,14.032439206275189
F02903,F02904,7.698272080254725
F02904,F02903,7.698272080254725
009495,F02905,11.87073466772228
F02905,009495,11.87073466772228
F02947,F02948,11.404090720161516
F02948,F02947,11.404090720161516
F02861,F02863,14.89835200633605
F02863,F02861,14.89835200633605
074637,F02906,25.589110211579214
F02906,074637,25.589110211579214
074637,F02907,9.42309780764793
F02907,074637,9.42309780764793
074637,F02908,15.221257573336958
F02908,074637,15.221257573336958
F02906,F02907,25.251378137754067
F02907,F02906,25.251378137754067
F02906,F02908,27.08604444891738
F02908,F02906,27.08604444891738
F02907,F02908,5.8053144571506765
F02908,F02907,5.8053144571506765
F02954,F02955,23.970545678911037
F02955,F02954,23.970545678911037
F02909,F02911,8.333697016971222
F02911,F02909,8.333697016971222
F02945,F02946,12.348641670812835
F02946,F02945,12.348641670812835
F02687,F02688,9.678043117839287
F02688,F02687,9.678043117839287
F02855,F02857,18.98809679003736
F02857,F02855,18.98809679003736
F02855,F02858,10.950161690286722
F02858,F02855,10.950161690286722
F02855,F02859,18.61825451948321
F02859,F02855,18.61825451948321
F02857,F02858,8.454658290495424
F02858,F02857,8.454658290495424
F02857,F02859,11.608584871531756
F02859,F02857,11.608584871531756
F02858,F02859,13.609719153228035
F02859,F02858,13.609719153228035
F02952,F02953,17.914458651094325
F02953,F02952,17.914458651094325
F02899,F02900,5.970549866184486
F02900,F02899,5.970549866184486
F02899,F02901,14.021825443404229
F02901,F02899,14.021825443404229
F02899,F02902,11.60509080342599
F02902,F02899,11.60509080342599
F02900,F02901,13.771589959431392
F02901,F02900,13.771589959431392
F02900,F02902,16.4406863676695
F02902,F02900,16.4406863676695
F02901,F02902,13.155490906022557
F02902,F02901,13.155490906022557
F02962,F02963,8.443613102016732
F02963,F02962,8.443613102016732
F02895,F02925,11.340544429166577
F02925,F02895,11.340544429166577
F02895,F02974,16.678312954461642
F02974,F02895,16.678312954461642
F02925,F02974,20.787560121992428
F02974,F02925,20.787560121992428
008209,008461,25.213739143018863
008461,008209,25.213739143018863
008209,F02865,18.33920125948789
F02865,008209,18.33920125948789
008209,F02866,17.856666855763876
F02866,008209,17.856666855763876
008209,F02867,3.4785460121991787
F02867,008209,3.4785460121991787
008209,F02868,28.27946189424084
F02868,008209,28.27946189424084
008209,F02869,7.235316535469093
F02869,008209,7.235316535469093
008461,F02865,27.68956356526915
F02865,008461,27.68956356526915
008461,F02866,16.74308933502
F02866,008461,16.74308933502
008461,F02867,21.827553273054196
F02867,008461,21.827553273054196
008461,F02868,26.333186296989968
F02868,008461,26.333186296989968
008461,F02869,23.642940316487618
F02869,008461,23.642940316487618
F02865,F02866,11.091465579327513
F02866,F02865,11.091465579327513
F02865,F02867,17.153854697124448
F02867,F02865,17.153854697124448
F02865,F02868,12.351320609604322
F02868,F02865,12.351320609604322
F02865,F02869,11.216492031670137
F02869,F02865,11.216492031670137
F02866,F02867,14.917683565929092
F02867,F02866,14.917683565929092
F02866,F02868,12.387273266533304
F02868,F02866,12.387273266533304
F02866,F02869,11.939975130332108
F02869,F02866,11.939975130332108
F02867,F02868,26.000518216087688
F02868,F02867,26.000518216087688
F02867,F02869,6.084626566980009
F02869,F02867,6.084626566980009
F02868,F02869,21.210450473550342
F02869,F02868,21.210450473550342
008459,008460,5.984871204838389
008460,008459,5.984871204838389
009481,040789,15.029817940335132
040789,009481,15.029817940335132
009481,F02966,4.048739741430736
F02966,009481,4.048739741430736
009481,F02967,10.486484623578379
F02967,009481,10.486484623578379
040789,F02966,11.20917359990168
F02966,040789,11.20917359990168
040789,F02967,6.772777022415994
F02967,040789,6.772777022415994
F02966,F02967,6.479959087110244
F02967,F02966,6.479959087110244
F02852,F02853,16.18836879548653
F02853,F02852,16.18836879548653
F02826,F02827,6.256897117516897
F02827,F02826,6.256897117516897
F02826,F02828,10.850500218095947
F02828,F02826,10.850500218095947
F02826,F02829,20.008051670289923
F02829,F02826,20.008051670289923
F02826,F02835,15.824974233445698
F02835,F02826,15.824974233445698
F02826,F02836,9.040728105362037
F02836,F02826,9.040728105362037
F02827,F02828,4.5944172505782515
F02828,F02827,4.5944172505782515
F02827,F02829,13.751175070941652
F02829,F02827,13.751175070941652
F02827,F02835,10.415455754193902
F02835,F02827,10.415455754193902
F02827,F02836,14.162400564980553
F02836,F02827,14.162400564980553
F02828,F02829,9.158382578052919
F02829,F02828,9.158382578052919
F02828,F02835,7.257402417860394
F02835,F02828,7.257402417860394
F02828,F02836,18.33560886143108
F02836,F02828,18.33560886143108
F02829,F02835,8.432384000432215
F02835,F02829,8.432384000432215
F02829,F02836,27.135599770245335
F02836,F02829,27.135599770245335
F02835,F02836,20.839960504098936
F02836,F02835,20.839960504098936
F02830,F02831,6.288564186664758
F02831,F02830,6.288564186664758
F02830,F02832,20.47014822767082
F02832,F02830,20.47014822767082
F02830,F02834,15.30272529487839
F02834,F02830,15.30272529487839
F02830,F02837,7.072283415807376
F02837,F02830,7.072283415807376
F02831,F02832,14.555291389435407
F02832,F02831,14.555291389435407
F02831,F02834,16.484445754414896
F02834,F02831,16.484445754414896
F02831,F02837,5.427586086564763
F02837,F02831,5.427586086564763
F02832,F02834,21.632576335198806
F02834,F02832,21.632576335198806
F02832,F02837,18.508340010586476
F02837,F02832,18.508340010586476
F02834,F02837,21.029360709666914
F02837,F02834,21.029360709666914
F01234,F01235,5.717176858646835
F01235,F01234,5.717176858646835
F01232,F01233,23.750453448593838
F01233,F01232,23.750453448593838
F01381,F01382,10.518014845009901
F01382,F01381,10.518014845009901
007887,007888,7.897084135593491
007888,007887,7.897084135593491
007887,007890,12.57291689168852
007890,007887,12.57291689168852
007887,F01378,3.975695953241321
F01378,007887,3.975695953241321
007887,F01379,13.909968377511529
F01379,007887,13.909968377511529
007887,F01380,11.180515067709782
F01380,007887,11.180515067709782
007888,007890,20.10988542396382
007890,007888,20.10988542396382
007888,F01378,8.417361645883009
F01378,007888,8.417361645883009
007888,F01379,21.233611768759317
F01379,007888,21.233611768759317
007888,F01380,6.754937652639455
F01380,007888,6.754937652639455
007890,F01378,12.136450670566497
F01378,007890,12.136450670566497
007890,F01379,1.8121816001140443
F01379,007890,1.8121816001140443
007890,F01380,23.564245913728588
F01380,007890,23.564245913728588
F01378,F01379,13.044119786936607
F01379,F01378,13.044119786936607
F01378,F01380,13.607225685050526
F01380,F01378,13.607225685050526
F01379,F01380,25.01069496214377
F01380,F01379,25.01069496214377
008546,009359,18.85038334564515
009359,008546,18.85038334564515
008546,011765,10.209650904591378
011765,008546,10.209650904591378
008546,041209,15.829473483900664
041209,008546,15.829473483900664
008546,062566,11.960371770289264
062566,008546,11.960371770289264
008546,F01372,21.452920342182516
F01372,008546,21.452920342182516
008546,F01373,27.02169648316322
F01373,008546,27.02169648316322
008546,F01374,21.552155375221787
F01374,008546,21.552155375221787
008546,F01375,29.02203960132923
F01375,008546,29.02203960132923
008546,F01376,8.801668256850867
F01376,008546,8.801668256850867
008546,F01514,5.975105961604251
F01514,008546,5.975105961604251
008546,F01515,5.355005058449733
F01515,008546,5.355005058449733
008546,F01518,26.518031432334116
F01518,008546,26.518031432334116
008546,F01519,22.367277099570384
F01519,008546,22.367277099570384
009359,011765,20.520672287325315
011765,009359,20.520672287325315
009359,041209,9.526667489397141
041209,009359,9.526667489397141
009359,062566,7.117490316871233
062566,009359,7.117490316871233
009359,F01372,28.150581879780574
F01372,009359,28.150581879780574
009359,F01373,11.80887158779572
F01373,009359,11.80887158779572
009359,F01374,15.267543328073918
F01374,009359,15.267543328073918
009359,F01375,15.706902346018747
F01375,009359,15.706902346018747
009359,F01376,10.479987629462011
F01376,009359,10.479987629462011
009359,F01514,15.946747557764644
F01514,009359,15.946747557764644
009359,F01515,20.025366833521105
F01515,009359,20.025366833521105
009359,F01518,10.40546326840063
F01518,009359,10.40546326840063
009359,F01519,3.537612892334107
F01519,009359,3.537612892334107
011765,041209,12.828055284901735
041209,011765,12.828055284901735
011765,062566,13.935928268767324
062566,011765,13.935928268767324
011765,F01372,31.60530467522912
F01372,011765,31.60530467522912
011765,F01373,31.413919332771655
F01373,011765,31.413919332771655
011765,F01374,28.980708836859495
F01374,011765,28.980708836859495
011765,F01375,34.44866064197142
F01375,011765,34.44866064197142
011765,F01376,11.099025094268333
F01376,011765,11.099025094268333
011765,F01514,15.133017530688244
F01514,011765,15.133017530688244
011765,F01515,5.042049554881255
F01515,011765,5.042049554881255
011765,F01518,30.38737335008523
F01518,011765,30.38737335008523
011765,F01519,23.819033189491115
F01519,011765,23.819033189491115
041209,062566,6.8109345272180715
062566,041209,6.8109345272180715
041209,F01372,32.199110160078796
F01372,041209,32.199110160078796
041209,F01373,21.334630129650197
F01373,041209,21.334630129650197
041209,F01374,22.97930561830557
F01374,041209,22.97930561830557
041209,F01375,25.159673451456932
F01375,041209,25.159673451456932
041209,F01376,7.8514313551602095
F01376,041209,7.8514313551602095
041209,F01514,16.218677240470395
F01514,041209,16.218677240470395
041209,F01515,14.362793725177825
F01515,041209,14.362793725177825
041209,F01518,19.91567272915381
F01518,041209,19.91567272915381
041209,F01519,12.098179138800601
F01519,041209,12.098179138800601
062566,F01372,25.48712224169485
F01372,062566,25.48712224169485
062566,F01373,17.482936495234558
F01373,062566,17.482936495234558
062566,F01374,16.739878049686414
F01374,062566,16.739878049686414
062566,F01375,20.66408942881189
F01375,062566,20.66408942881189
062566,F01376,3.363016700212679
F01376,062566,3.363016700212679
062566,F01514,10.299739148984283
F01514,062566,10.299739148984283
062566,F01515,12.934090293921727
F01515,062566,12.934090293921727
062566,F01518,16.461173418375882
F01518,062566,16.461173418375882
062566,F01519,10.647009062942509
F01519,062566,10.647009062942509
F01372,F01373,27.013901586224478
F01373,F01372,27.013901586224478
F01372,F01374,16.315768220034485
F01374,F01372,16.315768220034485
F01372,F01375,25.6099378280846
F01375,F01372,25.6099378280846
F01372,F01376,24.775218369463165
F01376,F01372,24.775218369463165
F01372,F01514,16.965677710400943
F01514,F01372,16.965677710400943
F01372,F01515,26.801269255328315
F01515,F01372,26.801269255328315
F01372,F01518,27.913535959871044
F01518,F01372,27.913535959871044
F01372,F01519,30.253040421158488
F01519,F01372,30.253040421158488
F01373,F01374,10.710413475601326
F01374,F01373,10.710413475601326
F01373,F01375,4.334812577219636
F01375,F01373,4.334812577219636
F01373,F01376,20.449374721352328
F01376,F01373,20.449374721352328
F01373,F01514,22.105532340924718
F01514,F01373,22.105532340924718
F01373,F01515,29.80689229055268
F01515,F01373,29.80689229055268
F01373,F01518,1.7876032280802878
F01518,F01373,1.7876032280802878
F01373,F01519,9.9874313110624
F01519,F01373,9.9874313110624
F01374,F01375,9.675428543006785
F01375,F01374,9.675428543006785
F01374,F01376,18.31765299298305
F01376,F01374,18.31765299298305
F01374,F01514,15.675264404630406
F01514,F01374,15.675264404630406
F01374,F01515,25.813200046040794
F01515,F01374,25.813200046040794
F01374,F01518,11.72482258308944
F01518,F01374,11.72482258308944
F01374,F01519,16.009145424284657
F01519,F01374,16.009145424284657
F01375,F01376,23.357677982636066
F01376,F01375,23.357677982636066
F01375,F01514,23.636409788511433
F01514,F01375,23.636409788511433
F01375,F01515,32.35605250546426
F01515,F01375,32.35605250546426
F01375,F01518,6.117039726797212
F01518,F01375,6.117039726797212
F01375,F01519,14.23002570463978
F01519,F01375,14.23002570463978
F01376,F01514,8.378971225018931
F01514,F01376,8.378971225018931
F01376,F01515,9.608299313127356
F01515,F01376,9.608299313127356
F01376,F01518,19.547156743800528
F01518,F01376,19.547156743800528
F01376,F01519,14.009977454293818
F01519,F01376,14.009977454293818
F01514,F01515,10.87766668453003
F01515,F01514,10.87766668453003
F01514,F01518,21.859132791459682
F01518,F01514,21.859132791459682
F01514,F01519,19.230673889585802
F01519,F01514,19.230673889585802
F01515,F01518,29.026633812075698
F01518,F01515,29.026633812075698
F01515,F01519,23.528413108477697
F01519,F01515,23.528413108477697
F01518,F01519,8.323124570583976
F01519,F01518,8.323124570583976
056225,056226,10.461252247598173
056226,056225,10.461252247598173
056225,CSLM4FT1,13.784616490998477
CSLM4FT1,056225,13.784616490998477
056225,LM4FT2,7.871209566708648
LM4FT2,056225,7.871209566708648
056226,CSLM4FT1,11.368410332403036
CSLM4FT1,056226,11.368410332403036
056226,LM4FT2,6.334222576204803
LM4FT2,056226,6.334222576204803
CSLM4FT1,LM4FT2,6.641115094425156
LM4FT2,CSLM4FT1,6.641115094425156
F00918,F00919,4.244534367702467
F00919,F00918,4.244534367702467
F00918,F00921,6.872778444811724
F00921,F00918,6.872778444811724
F00918,F00922,17.138270347921093
F00922,F00918,17.138270347921093
F00918,F00923,12.169461144052827
F00923,F00918,12.169461144052827
F00918,LM4FT1,3.9513221560432967
LM4FT1,F00918,3.9513221560432967
F00919,F00921,9.500891317806678
F00921,F00919,9.500891317806678
F00919,F00922,19.19710301874633
F00922,F00919,19.19710301874633
F00919,F00923,15.038450080599917
F00923,F00919,15.038450080599917
F00919,LM4FT1,8.195309421525229
LM4FT1,F00919,8.195309421525229
F00921,F00922,10.275657406248499
F00922,F00921,10.275657406248499
F00921,F00923,5.5381236861477685
F00923,F00921,5.5381236861477685
F00921,LM4FT1,6.379740957493708
LM4FT1,F00921,6.379740957493708
F00922,F00923,5.888082633311316
F00923,F00922,5.888082633311316
F00922,LM4FT1,16.10469974289024
LM4FT1,F00922,16.10469974289024
F00923,LM4FT1,10.470808820645352
LM4FT1,F00923,10.470808820645352
036947,056227,27.500638409497615
056227,036947,27.500638409497615
036947,056228,13.420304980815953
056228,036947,13.420304980815953
036947,062759,22.508689803564838
062759,036947,22.508689803564838
036947,CSF01289,20.02162199782031
CSF01289,036947,20.02162199782031
036947,F01005,23.545200827075334
F01005,036947,23.545200827075334
036947,F01006,20.9690261584349
F01006,036947,20.9690261584349
036947,F01007,3.0515526220244107
F01007,036947,3.0515526220244107
036947,F01010,22.25249067083571
F01010,036947,22.25249067083571
036947,F01011,36.60856974739403
F01011,036947,36.60856974739403
036947,F01289,39.10415593266601
F01289,036947,39.10415593266601
036947,F01290,15.249833060209404
F01290,036947,15.249833060209404
036947,LM3KV1,20.21835523678728
LM3KV1,036947,20.21835523678728
036947,LM4KV1,21.539602005377507
LM4KV1,036947,21.539602005377507
036947,LM4KV2,19.100117017011808
LM4KV2,036947,19.100117017011808
036947,LM4KVA,28.87981954419065
LM4KVA,036947,28.87981954419065
036947,LM4KVB,19.654864056689295
LM4KVB,036947,19.654864056689295
036947,LM4KVC,13.97603428735884
LM4KVC,036947,13.97603428735884
036947,LM4KVD,15.204425117499323
LM4KVD,036947,15.204425117499323
036947,LM4KVE,21.17458769805569
LM4KVE,036947,21.17458769805569
036947,LM4KVF,25.095852972724206
LM4KVF,036947,25.095852972724206
036947,LM4KVG,28.70949827910243
LM4KVG,036947,28.70949827910243
056227,056228,15.452681246631919
056228,056227,15.452681246631919
056227,062759,45.8338006751175
062759,056227,45.8338006751175
056227,CSF01289,17.36356714206733
CSF01289,056227,17.36356714206733
056227,F01005,7.655572902134179
F01005,056227,7.655572902134179
056227,F01006,13.963561408544573
F01006,056227,13.963561408544573
056227,F01007,24.98569171084844
F01007,056227,24.98569171084844
056227,F01010,27.963042906159654
F01010,056227,27.963042906159654
056227,F01011,26.527014636782347
F01011,056227,26.527014636782347
056227,F01289,28.191545377443276
F01289,056227,28.191545377443276
056227,F01290,18.434290288907953
F01290,056227,18.434290288907953
056227,LM3KV1,19.976204888044162
LM3KV1,056227,19.976204888044162
056227,LM4KV1,6.340882049193588
LM4KV1,056227,6.340882049193588
056227,LM4KV2,8.921247628436213
LM4KV2,056227,8.921247628436213
056227,LM4KVA,23.980605760129713
LM4KVA,056227,23.980605760129713
056227,LM4KVB,27.221568527647836
LM4KVB,056227,27.221568527647836
056227,LM4KVC,26.756244555994815
LM4KVC,056227,26.756244555994815
056227,LM4KVD,13.657897493719368
LM4KVD,056227,13.657897493719368
056227,LM4KVE,16.11694099248907
LM4KVE,056227,16.11694099248907
056227,LM4KVF,17.86524825143361
LM4KVF,056227,17.86524825143361
056227,LM4KVG,21.860002554155336
LM4KVG,056227,21.860002554155336
056228,062759,34.90710505729041
062759,056228,34.90710505729041
056228,CSF01289,8.705464921816006
CSF01289,056228,8.705464921816006
056228,F01005,10.211368395363355
F01005,056228,10.211368395363355
056228,F01006,8.171908981537328
F01006,056228,8.171908981537328
056228,F01007,11.776460750439169
F01007,056228,11.776460750439169
056228,F01010,16.687528260020496
F01010,056228,16.687528260020496
056228,F01011,25.41713646773744
F01011,056228,25.41713646773744
056228,F01289,27.829487358635745
F01289,056228,27.829487358635745
056228,F01290,5.347636676535082
F01290,056228,5.347636676535082
056228,LM3KV1,10.345717127796618
LM3KV1,056228,10.345717127796618
056228,LM4KV1,9.113618088764687
LM4KV1,056228,9.113618088764687
056228,LM4KV2,6.53160513777217
LM4KV2,056228,6.53160513777217
056228,LM4KVA,18.73717816620468
LM4KVA,056228,18.73717816620468
056228,LM4KVB,14.87068015478226
LM4KVB,056228,14.87068015478226
056228,LM4KVC,12.248802690599163
LM4KVC,056228,12.248802690599163
056228,LM4KVD,1.8784912389152084
LM4KVD,056228,1.8784912389152084
056228,LM4KVE,9.170526709946456
LM4KVE,056228,9.170526709946456
056228,LM4KVF,13.348199374083503
LM4KVF,056228,13.348199374083503
056228,LM4KVG,17.763093015985337
LM4KVG,056228,17.763093015985337
062759,CSF01289,42.41653477748493
CSF01289,062759,42.41653477748493
062759,F01005,44.20251127525152
F01005,062759,44.20251127525152
062759,F01006,42.96485057132011
F01006,062759,42.96485057132011
062759,F01007,23.23051760183338
F01007,062759,23.23051760183338
062759,F01010,44.07907197538047
F01010,062759,44.07907197538047
062759,F01011,59.114319481103614
F01011,062759,59.114319481103614
062759,F01289,61.60925481257112
F01289,062759,61.60925481257112
062759,F01290,37.667600862979135
F01290,062759,37.667600862979135
062759,LM3KV1,42.7255838752646
LM3KV1,062759,42.7255838752646
062759,LM4KV1,41.079888224032054
LM4KV1,062759,41.079888224032054
062759,LM4KV2,39.12956406282089
LM4KV2,062759,39.12956406282089
062759,LM4KVA,51.37274735713609
LM4KVA,062759,51.37274735713609
062759,LM4KVB,41.47521245521369
LM4KVB,062759,41.47521245521369
062759,LM4KVC,35.6850516858138
LM4KVC,062759,35.6850516858138
062759,LM4KVD,36.41965012421926
LM4KVD,062759,36.41965012421926
062759,LM4KVE,43.45847208060429
LM4KVE,062759,43.45847208060429
062759,LM4KVF,47.48802945137756
LM4KVF,062759,47.48802945137756
062759,LM4KVG,51.212625494414894
LM4KVG,062759,51.212625494414894
CSF01289,F01005,9.765022421617845
F01005,CSF01289,9.765022421617845
CSF01289,F01006,3.4310476164447485
F01006,CSF01289,3.4310476164447485
CSF01289,F01007,19.280550680974628
F01007,CSF01289,19.280550680974628
CSF01289,F01010,10.603492725143669
F01010,CSF01289,10.603492725143669
CSF01289,F01011,16.933837580424566
F01011,CSF01289,16.933837580424566
CSF01289,F01289,19.39577335197109
F01289,CSF01289,19.39577335197109
CSF01289,F01290,4.772624730207881
F01290,CSF01289,4.772624730207881
CSF01289,LM3KV1,2.6213711211154993
LM3KV1,CSF01289,2.6213711211154993
CSF01289,LM4KV1,12.21077827429845
LM4KV1,CSF01289,12.21077827429845
CSF01289,LM4KV2,10.655753279931245
LM4KV2,CSF01289,10.655753279931245
CSF01289,LM4KVA,10.036038232240953
LM4KVA,CSF01289,10.036038232240953
CSF01289,LM4KVB,10.001131985335507
LM4KVB,CSF01289,10.001131985335507
CSF01289,LM4KVC,11.293034123564574
LM4KVC,CSF01289,11.293034123564574
CSF01289,LM4KVD,8.289897511818173
LM4KVD,CSF01289,8.289897511818173
CSF01289,LM4KVE,1.6379191431399749
LM4KVE,CSF01289,1.6379191431399749
CSF01289,LM4KVF,5.076265763682472
LM4KVF,CSF01289,5.076265763682472
CSF01289,LM4KVG,9.128140901304759
LM4KVG,CSF01289,9.128140901304759
F01005,F01006,6.340318608863276
F01006,F01005,6.340318608863276
F01005,F01007,21.599077391042012
F01007,F01005,21.599077391042012
F01005,F01010,20.33965096580544
F01010,F01005,20.33965096580544
F01005,F01011,20.582750391326773
F01011,F01005,20.582750391326773
F01005,F01289,22.594708621970643
F01289,F01005,22.594708621970643
F01005,F01290,11.554215007174035
F01290,F01005,11.554215007174035
F01005,LM3KV1,12.360220927440379
LM3KV1,F01005,12.360220927440379
F01005,LM4KV1,4.307052347104895
LM4KV1,F01005,4.307052347104895
F01005,LM4KV2,5.198220303108116
LM4KV2,F01005,5.198220303108116
F01005,LM4KVA,16.758751232067368
LM4KVA,F01005,16.758751232067368
F01005,LM4KVB,19.71715239236766
LM4KVB,F01005,19.71715239236766
F01005,LM4KVC,19.863816816463803
LM4KVC,F01005,19.863816816463803
F01005,LM4KVD,8.364761782863043
LM4KVD,F01005,8.364761782863043
F01005,LM4KVE,8.467047154265739
LM4KVE,F01005,8.467047154265739
F01005,LM4KVF,10.4639507002247
LM4KVF,F01005,10.4639507002247
F01005,LM4KVG,14.787547424532859
LM4KVG,F01005,14.787547424532859
F01006,F01007,19.74308076642448
F01007,F01006,19.74308076642448
F01006,F01010,14.003199709290193
F01010,F01006,14.003199709290193
F01006,F01011,17.53450814733223
F01011,F01006,17.53450814733223
F01006,F01289,19.87864235933285
F01289,F01006,19.87864235933285
F01006,F01290,6.443958009196849
F01290,F01006,6.443958009196849
F01006,LM3KV1,6.0202332023968
LM3KV1,F01006,6.0202332023968
F01006,LM4KV1,9.105480609630693
LM4KV1,F01006,9.105480609630693
F01006,LM4KV2,7.951657394330034
LM4KV2,F01006,7.951657394330034
F01006,LM4KVA,11.7985261708969
LM4KVA,F01006,11.7985261708969
F01006,LM4KVB,13.42140093794149
LM4KVB,F01006,13.42140093794149
F01006,LM4KVC,14.210466813572747
LM4KVC,F01006,14.210466813572747
F01006,LM4KVD,7.05229736227265
LM4KVD,F01006,7.05229736227265
F01006,LM4KVE,2.212764176422972
LM4KVE,F01006,2.212764176422972
F01006,LM4KVF,5.636048667316689
LM4KVF,F01006,5.636048667316689
F01006,LM4KVG,10.302463291632884
LM4KVG,F01006,10.302463291632884
F01007,F01010,22.984555206028467
F01010,F01007,22.984555206028467
F01007,F01011,36.144642702924244
F01011,F01007,36.144642702924244
F01007,F01289,38.62649895616617
F01289,F01007,38.62649895616617
F01007,F01290,14.59604659879373
F01290,F01007,14.59604659879373
F01007,LM3KV1,19.869365661600405
LM3KV1,F01007,19.869365661600405
F01007,LM4KV1,19.217572339218105
LM4KV1,F01007,19.217572339218105
F01007,LM4KV2,16.883344422789417
LM4KV2,F01007,16.883344422789417
F01007,LM4KVA,28.664334604896858
LM4KVA,F01007,28.664334604896858
F01007,LM4KVB,20.449908120779966
LM4KVB,F01007,20.449908120779966
F01007,LM4KVC,15.047420912621083
LM4KVC,F01007,15.047420912621083
F01007,LM4KVD,13.418702911534869
LM4KVD,F01007,13.418702911534869
F01007,LM4KVE,20.252419612949673
LM4KVE,F01007,20.252419612949673
F01007,LM4KVF,24.328331083094938
LM4KVF,F01007,24.328331083094938
F01007,LM4KVG,28.252476335359336
LM4KVG,F01007,28.252476335359336
F01010,F01011,17.78877069724414
F01011,F01010,17.78877069724414
F01010,F01289,20.075657212831743
F01289,F01010,20.075657212831743
F01010,F01290,11.368389086513693
F01290,F01010,11.368389086513693
F01010,LM3KV1,7.986946929450582
LM3KV1,F01010,7.986946929450582
F01010,LM4KV1,22.677648419841024
LM4KV1,F01010,22.677648419841024
F01010,LM4KV2,20.833555470634096
LM4KV2,F01010,20.833555470634096
F01010,LM4KVA,10.06021937052677
LM4KVA,F01010,10.06021937052677
F01010,LM4KVB,2.612074205353817
LM4KVB,F01010,2.612074205353817
F01010,LM4KVC,8.401933417906491
LM4KVC,F01010,8.401933417906491
F01010,LM4KVD,17.262198137133772
LM4KVD,F01010,17.262198137133772
F01010,LM4KVE,11.894073187031399
LM4KVE,F01010,11.894073187031399
F01010,LM4KVF,11.806219796228621
LM4KVF,F01010,11.806219796228621
F01010,LM4KVG,11.511260180295185
LM4KVG,F01010,11.511260180295185
F01011,F01289,2.496602312405924
F01289,F01011,2.496602312405924
F01011,F01290,21.54876763217911
F01290,F01011,21.54876763217911
F01011,LM3KV1,16.390571311126358
LM3KV1,F01011,16.390571311126358
F01011,LM4KV1,24.82942799056829
LM4KV1,F01011,24.82942799056829
F01011,LM4KV2,24.77721774749731
LM4KV2,F01011,24.77721774749731
F01011,LM4KVA,8.061045655057278
LM4KVA,F01011,8.061045655057278
F01011,LM4KVB,19.79482796527328
LM4KVB,F01011,19.79482796527328
F01011,LM4KVC,24.800900269188173
LM4KVC,F01011,24.800900269188173
F01011,LM4KVD,24.548381922489842
LM4KVD,F01011,24.548381922489842
F01011,LM4KVE,16.24707583681397
LM4KVE,F01011,16.24707583681397
F01011,LM4KVF,12.069558780413859
LM4KVF,F01011,12.069558780413859
F01011,LM4KVG,7.9046460787039905
LM4KVG,F01011,7.9046460787039905
F01289,F01290,24.030596725670303
F01290,F01289,24.030596725670303
F01289,LM3KV1,18.88651887985873
LM3KV1,F01289,18.88651887985873
F01289,LM4KV1,26.877558100471013
LM4KV1,F01289,26.877558100471013
F01289,LM4KV2,26.957785638232057
LM4KV2,F01289,26.957785638232057
F01289,LM4KVA,10.509278499345546
LM4KVA,F01289,10.509278499345546
F01289,LM4KVB,22.155902122806733
LM4KVB,F01289,22.155902122806733
F01289,LM4KVC,27.243122250965175
LM4KVC,F01289,27.243122250965175
F01289,LM4KVD,26.915261458941654
LM4KVD,F01289,26.915261458941654
F01289,LM4KVE,18.666067895977207
LM4KVE,F01289,18.666067895977207
F01289,LM4KVF,14.48522900726982
LM4KVF,F01289,14.48522900726982
F01289,LM4KVG,10.397513854998893
LM4KVG,F01289,10.397513854998893
F01290,LM3KV1,5.430464826210868
LM3KV1,F01290,5.430464826210868
F01290,LM4KV1,12.379590261656462
LM4KV1,F01290,12.379590261656462
F01290,LM4KV2,10.110579365127393
LM4KV2,F01290,10.110579365127393
F01290,LM4KVA,14.207719036582121
LM4KVA,F01290,14.207719036582121
F01290,LM4KVB,9.695296801229064
LM4KVB,F01290,9.695296801229064
F01290,LM4KVC,8.350786188446293
LM4KVC,F01290,8.350786188446293
F01290,LM4KVD,5.964544385485318
LM4KVD,F01290,5.964544385485318
F01290,LM4KVE,6.027309563280687
LM4KVE,F01290,6.027309563280687
F01290,LM4KVF,9.846052756134178
LM4KVF,F01290,9.846052756134178
F01290,LM4KVG,13.661125680488235
LM4KVG,F01290,13.661125680488235
LM3KV1,LM4KV1,14.802139492956577
LM4KV1,LM3KV1,14.802139492956577
LM3KV1,LM4KV2,13.150227153718893
LM4KV2,LM3KV1,13.150227153718893
LM3KV1,LM4KVA,8.809149214341529
LM4KVA,LM3KV1,8.809149214341529
LM3KV1,LM4KVB,7.536864508134117
LM4KVB,LM3KV1,7.536864508134117
LM3KV1,LM4KVC,9.736174982140083
LM4KVC,LM3KV1,9.736174982140083
LM3KV1,LM4KVD,10.302672604997738
LM4KVD,LM3KV1,10.302672604997738
LM3KV1,LM4KVE,3.970590962018514
LM4KVE,LM3KV1,3.970590962018514
LM3KV1,LM4KVF,5.615313749421815
LM4KVF,LM3KV1,5.615313749421815
LM3KV1,LM4KVG,8.497034149019512
LM4KVG,LM3KV1,8.497034149019512
LM4KV1,LM4KV2,2.5858718613646685
LM4KV2,LM4KV1,2.5858718613646685
LM4KV1,LM4KVA,20.519360834934048
LM4KVA,LM4KV1,20.519360834934048
LM4KV1,LM4KVB,21.61523178236992
LM4KVB,LM4KV1,21.61523178236992
LM4KV1,LM4KVC,20.60436257669244
LM4KVC,LM4KV1,20.60436257669244
LM4KV1,LM4KVD,7.31932988792753
LM4KVD,LM4KV1,7.31932988792753
LM4KV1,LM4KVE,11.306762734371285
LM4KVE,LM4KV1,11.306762734371285
LM4KV1,LM4KVF,14.161096774812192
LM4KVF,LM4KV1,14.161096774812192
LM4KV1,LM4KVG,18.692139633909616
LM4KVG,LM4KV1,18.692139633909616
LM4KV2,LM4KVA,19.718934613067287
LM4KVA,LM4KV2,19.718934613067287
LM4KV2,LM4KVB,19.582041099085384
LM4KVB,LM4KV2,19.582041099085384
LM4KV2,LM4KVC,18.204045804085023
LM4KVC,LM4KV2,18.204045804085023
LM4KV2,LM4KVD,4.759499936979859
LM4KVD,LM4KV2,4.759499936979859
LM4KV2,LM4KVE,10.035967362698289
LM4KVE,LM4KV2,10.035967362698289
LM4KV2,LM4KVF,13.432582616551604
LM4KVF,LM4KV2,13.432582616551604
LM4KV2,LM4KVG,18.087000103980778
LM4KVG,LM4KV2,18.087000103980778
LM4KVA,LM4KVB,11.840139358807038
LM4KVB,LM4KVA,11.840139358807038
LM4KVA,LM4KVC,16.740083591812716
LM4KVC,LM4KVA,16.740083591812716
LM4KVA,LM4KVD,18.258049872064046
LM4KVD,LM4KVA,18.258049872064046
LM4KVA,LM4KVE,9.91501327406558
LM4KVE,LM4KVA,9.91501327406558
LM4KVA,LM4KVF,6.358278030459372
LM4KVF,LM4KVA,6.358278030459372
LM4KVA,LM4KVG,2.2982491187446965
LM4KVG,LM4KVA,2.2982491187446965
LM4KVB,LM4KVC,5.792579798011817
LM4KVC,LM4KVB,5.792579798011817
LM4KVB,LM4KVD,15.659838954852217
LM4KVD,LM4KVB,15.659838954852217
LM4KVB,LM4KVE,11.490487259596573
LM4KVE,LM4KVB,11.490487259596573
LM4KVB,LM4KVF,12.318351362269032
LM4KVF,LM4KVB,12.318351362269032
LM4KVB,LM4KVG,12.952727630608779
LM4KVG,LM4KVB,12.952727630608779
LM4KVC,LM4KVD,13.613713956236591
LM4KVD,LM4KVC,13.613713956236591
LM4KVC,LM4KVE,12.926858032068173
LM4KVE,LM4KVC,12.926858032068173
LM4KVC,LM4KVF,15.337747005321708
LM4KVF,LM4KVC,15.337747005321708
LM4KVC,LM4KVG,17.34865431626128
LM4KVG,LM4KVC,17.34865431626128
LM4KVD,LM4KVE,8.422289345031079
LM4KVE,LM4KVD,8.422289345031079
LM4KVD,LM4KVF,12.520536095490336
LM4KVF,LM4KVD,12.520536095490336
LM4KVD,LM4KVG,17.08188264762427
LM4KVG,LM4KVD,17.08188264762427
LM4KVE,LM4KVF,4.180842121139291
LM4KVF,LM4KVE,4.180842121139291
LM4KVE,LM4KVG,8.660585187226166
LM4KVG,LM4KVE,8.660585187226166
LM4KVF,LM4KVG,4.673557595765897
LM4KVG,LM4KVF,4.673557595765897
F01337,F01340,26.16198270564278
F01340,F01337,26.16198270564278
008150,009365,4.886988787212734
009365,008150,4.886988787212734
008150,F01343,3.92109029272329
F01343,008150,3.92109029272329
008150,F01346,8.191038503634003
F01346,008150,8.191038503634003
009365,F01343,6.532883382891513
F01343,009365,6.532883382891513
009365,F01346,10.459176772706686
F01346,009365,10.459176772706686
F01343,F01346,4.3457942401296545
F01346,F01343,4.3457942401296545
F01345,F01516,22.390484825501815
F01516,F01345,22.390484825501815
062521,CSLM3CNJ,20.52799903871769
CSLM3CNJ,062521,20.52799903871769
062521,F01188,36.071985238374886
F01188,062521,36.071985238374886
062521,F01190,22.383077823312902
F01190,062521,22.383077823312902
062521,F01191,24.671778528420084
F01191,062521,24.671778528420084
062521,F01192,37.73823093950376
F01192,062521,37.73823093950376
062521,F01193,35.34665456470402
F01193,062521,35.34665456470402
062521,F01194,18.221361028824454
F01194,062521,18.221361028824454
062521,F01195,24.051421379780827
F01195,062521,24.051421379780827
062521,LM3CN1,22.995289415920034
LM3CN1,062521,22.995289415920034
062521,LM3CNA,18.820110970926777
LM3CNA,062521,18.820110970926777
062521,LM3CNB,22.28273376072973
LM3CNB,062521,22.28273376072973
062521,LM3CNC,23.807103657510016
LM3CNC,062521,23.807103657510016
062521,LM3CND,26.51799294831617
LM3CND,062521,26.51799294831617
062521,LM3CNE,24.98490381547718
LM3CNE,062521,24.98490381547718
062521,LM3CNF,23.45455989275165
LM3CNF,062521,23.45455989275165
062521,LM3CNG,21.211133371897127
LM3CNG,062521,21.211133371897127
062521,LM3CNH,17.451962486269686
LM3CNH,062521,17.451962486269686
062521,LM3CNI,14.130892368596838
LM3CNI,062521,14.130892368596838
062521,LM3CNJ,15.934156418531567
LM3CNJ,062521,15.934156418531567
CSLM3CNJ,F01188,15.553867154128211
F01188,CSLM3CNJ,15.553867154128211
CSLM3CNJ,F01190,14.537260856819444
F01190,CSLM3CNJ,14.537260856819444
CSLM3CNJ,F01191,8.157788736510547
F01191,CSLM3CNJ,8.157788736510547
CSLM3CNJ,F01192,17.229704524795526
F01192,CSLM3CNJ,17.229704524795526
CSLM3CNJ,F01193,15.004100051220046
F01193,CSLM3CNJ,15.004100051220046
CSLM3CNJ,F01194,7.5273551042582385
F01194,CSLM3CNJ,7.5273551042582385
CSLM3CNJ,F01195,11.531725221140562
F01195,CSLM3CNJ,11.531725221140562
CSLM3CNJ,LM3CN1,2.6089464362762658
LM3CN1,CSLM3CNJ,2.6089464362762658
CSLM3CNJ,LM3CNA,5.588266781063163
LM3CNA,CSLM3CNJ,5.588266781063163
CSLM3CNJ,LM3CNB,7.212091041459705
LM3CNB,CSLM3CNJ,7.212091041459705
CSLM3CNJ,LM3CNC,5.269845927019023
LM3CNC,CSLM3CNJ,5.269845927019023
CSLM3CNJ,LM3CND,6.25596247067128
LM3CND,CSLM3CNJ,6.25596247067128
CSLM3CNJ,LM3CNE,5.730317513420571
LM3CNE,CSLM3CNJ,5.730317513420571
CSLM3CNJ,LM3CNF,5.136317275944953
LM3CNF,CSLM3CNJ,5.136317275944953
CSLM3CNJ,LM3CNG,7.610528893331732
LM3CNG,CSLM3CNJ,7.610528893331732
CSLM3CNJ,LM3CNH,6.14401801153201
LM3CNH,CSLM3CNJ,6.14401801153201
CSLM3CNJ,LM3CNI,6.663840211686768
LM3CNI,CSLM3CNJ,6.663840211686768
CSLM3CNJ,LM3CNJ,6.345899994337365
LM3CNJ,CSLM3CNJ,6.345899994337365
F01188,F01190,23.953895693390322
F01190,F01188,23.953895693390322
F01188,F01191,14.349302793606798
F01191,F01188,14.349302793606798
F01188,F01192,1.6993905591691374
F01192,F01188,1.6993905591691374
F01188,F01193,3.911767003933643
F01193,F01188,3.911767003933643
F01188,F01194,20.466156159412428
F01194,F01188,20.466156159412428
F01188,F01195,18.432187234232483
F01195,F01188,18.432187234232483
F01188,LM3CN1,13.188106846448942
LM3CN1,F01188,13.188106846448942
F01188,LM3CNA,18.84320689964079
LM3CNA,F01188,18.84320689964079
F01188,LM3CNB,16.94150706144202
LM3CNB,F01188,16.94150706144202
F01188,LM3CNC,13.681491411746377
LM3CNC,F01188,13.681491411746377
F01188,LM3CND,9.715232024286333
LM3CND,F01188,9.715232024286333
F01188,LM3CNE,11.843448561568044
LM3CNE,F01188,11.843448561568044
F01188,LM3CNF,13.573964506911564
LM3CNF,F01188,13.573964506911564
F01188,LM3CNG,17.634195332166396
LM3CNG,F01188,17.634195332166396
F01188,LM3CNH,19.736443950042194
LM3CNH,F01188,19.736443950042194
F01188,LM3CNI,22.136302159105593
LM3CNI,F01188,22.136302159105593
F01188,LM3CNJ,21.09670180249843
LM3CNJ,F01188,21.09670180249843
F01190,F01191,22.6391689314843
F01191,F01190,22.6391689314843
F01190,F01192,25.495326188904155
F01192,F01190,25.495326188904155
F01190,F01193,21.053670830696802
F01193,F01190,21.053670830696802
F01190,F01194,7.552975756548348
F01194,F01190,7.552975756548348
F01190,F01195,25.97432874287009
F01195,F01190,25.97432874287009
F01190,LM3CN1,14.43650780642853
LM3CN1,F01190,14.43650780642853
F01190,LM3CNA,9.166861732801479
LM3CNA,F01190,9.166861732801479
F01190,LM3CNB,7.941312610405857
LM3CNB,F01190,7.941312610405857
F01190,LM3CNC,11.491379233064817
LM3CNC,F01190,11.491379233064817
F01190,LM3CND,18.615084299793274
LM3CND,F01190,18.615084299793274
F01190,LM3CNE,19.57202130828544
LM3CNE,F01190,19.57202130828544
F01190,LM3CNF,19.520791863141756
LM3CNF,F01190,19.520791863141756
F01190,LM3CNG,21.897802818841956
LM3CNG,F01190,21.897802818841956
F01190,LM3CNH,19.042162863742274
LM3CNH,F01190,19.042162863742274
F01190,LM3CNI,13.049732729723251
LM3CNI,F01190,13.049732729723251
F01190,LM3CNJ,10.51437588148251
LM3CNJ,F01190,10.51437588148251
F01191,F01192,15.664595350165001
F01192,F01191,15.664595350165001
F01191,F01193,15.881346906261363
F01193,F01191,15.881346906261363
F01191,F01194,15.655361716123114
F01194,F01191,15.655361716123114
F01191,F01195,4.5620130062944275
F01195,F01191,4.5620130062944275
F01191,LM3CN1,8.52068666054095
LM3CN1,F01191,8.52068666054095
F01191,LM3CNA,13.73683344906509
LM3CNA,F01191,13.73683344906509
F01191,LM3CNB,14.98915225646182
LM3CNB,F01191,14.98915225646182
F01191,LM3CNC,12.032711219996687
LM3CNC,F01191,12.032711219996687
F01191,LM3CND,6.302912033219351
LM3CND,F01191,6.302912033219351
F01191,LM3CNE,3.8404681466667876
LM3CNE,F01191,3.8404681466667876
F01191,LM3CNF,3.150305582103247
LM3CNF,F01191,3.150305582103247
F01191,LM3CNG,3.6574683572834497
LM3CNG,F01191,3.6574683572834497
F01191,LM3CNH,7.24952949975693
LM3CNH,F01191,7.24952949975693
F01191,LM3CNI,13.138329333005888
LM3CNI,F01191,13.138329333005888
F01191,LM3CNJ,13.959080436527218
LM3CNJ,F01191,13.959080436527218
F01192,F01193,4.886990674530081
F01193,F01192,4.886990674530081
F01192,F01194,22.14895276898787
F01194,F01192,22.14895276898787
F01192,F01195,19.59827072096636
F01195,F01192,19.59827072096636
F01192,LM3CN1,14.880168756701108
LM3CN1,F01192,14.880168756701108
F01192,LM3CNA,20.53640761903939
LM3CNA,F01192,20.53640761903939
F01192,LM3CNB,18.587310739799804
LM3CNB,F01192,18.587310739799804
F01192,LM3CNC,15.360637331792846
LM3CNC,F01192,15.360637331792846
F01192,LM3CND,11.322275835543763
LM3CND,F01192,11.322275835543763
F01192,LM3CNE,13.360633642613106
LM3CNE,F01192,13.360633642613106
F01192,LM3CNF,15.085015308587478
LM3CNF,F01192,15.085015308587478
F01192,LM3CNG,19.041783577509772
LM3CNG,F01192,19.041783577509772
F01192,LM3CNH,21.290878696667384
LM3CNH,F01192,21.290878696667384
F01192,LM3CNI,23.824425932010644
LM3CNI,F01192,23.824425932010644
F01192,LM3CNJ,22.796074739645924
LM3CNJ,F01192,22.796074739645924
F01193,F01194,18.583488408689576
F01194,F01193,18.583488408689576
F01193,F01195,20.29488378820764
F01195,F01193,20.29488378820764
F01193,LM3CN1,12.427871576931501
LM3CN1,F01193,12.427871576931501
F01193,LM3CNA,17.194069691945963
LM3CNA,F01193,17.194069691945963
F01193,LM3CNB,14.70628590149384
LM3CNB,F01193,14.70628590149384
F01193,LM3CNC,11.895125262349968
LM3CNC,F01193,11.895125262349968
F01193,LM3CND,10.164370292188343
LM3CND,F01193,10.164370292188343
F01193,LM3CNE,12.679590032290953
LM3CNE,F01193,12.679590032290953
F01193,LM3CNF,14.352471950971788
LM3CNF,F01193,14.352471950971788
F01193,LM3CNG,18.72954285932257
LM3CNG,F01193,18.72954285932257
F01193,LM3CNH,20.084319315837885
LM3CNH,F01193,20.084319315837885
F01193,LM3CNI,21.221621565394564
LM3CNI,F01193,21.221621565394564
F01193,LM3CNJ,19.75872665767056
LM3CNJ,F01193,19.75872665767056
F01194,F01195,18.61766467746094
F01195,F01194,18.61766467746094
F01194,LM3CN1,8.306056305805425
LM3CN1,F01194,8.306056305805425
F01194,LM3CNA,1.9647304893140412
LM3CNA,F01194,1.9647304893140412
F01194,LM3CNB,4.157341119409097
LM3CNB,F01194,4.157341119409097
F01194,LM3CNC,6.7915386821158945
LM3CNC,F01194,6.7915386821158945
F01194,LM3CND,12.846888979253437
LM3CND,F01194,12.846888979253437
F01194,LM3CNE,13.096187309949373
LM3CNE,F01194,13.096187309949373
F01194,LM3CNF,12.663351538770204
LM3CNF,F01194,12.663351538770204
F01194,LM3CNG,14.49177220730383
LM3CNG,F01194,14.49177220730383
F01194,LM3CNH,11.49098407672677
LM3CNH,F01194,11.49098407672677
F01194,LM3CNI,5.86838990696705
LM3CNI,F01194,5.86838990696705
F01194,LM3CNJ,3.182586630172083
LM3CNJ,F01194,3.182586630172083
F01195,LM3CN1,12.553125527742397
LM3CN1,F01195,12.553125527742397
F01195,LM3CNA,16.831314660001972
LM3CNA,F01195,16.831314660001972
F01195,LM3CNB,18.706897868056092
LM3CNB,F01195,18.706897868056092
F01195,LM3CNC,16.101993823942742
LM3CNC,F01195,16.101993823942742
F01195,LM3CND,10.861394647285419
LM3CND,F01195,10.861394647285419
F01195,LM3CNE,8.349993287386804
LM3CNE,F01195,8.349993287386804
F01195,LM3CNF,7.279716526030454
LM3CNF,F01195,7.279716526030454
F01195,LM3CNG,4.14992049721606
LM3CNG,F01195,4.14992049721606
F01195,LM3CNH,7.95702201429751
LM3CNH,F01195,7.95702201429751
F01195,LM3CNI,14.852968756440534
LM3CNI,F01195,14.852968756440534
F01195,LM3CNJ,16.351806805903024
LM3CNJ,F01195,16.351806805903024
LM3CN1,LM3CNA,6.381435924171723
LM3CNA,LM3CN1,6.381435924171723
LM3CN1,LM3CNB,6.569589925624769
LM3CNB,LM3CN1,6.569589925624769
LM3CN1,LM3CNC,3.5502722738937935
LM3CNC,LM3CN1,3.5502722738937935
LM3CN1,LM3CND,4.545605357287414
LM3CND,LM3CN1,4.545605357287414
LM3CN1,LM3CNE,5.144220080208559
LM3CNE,LM3CN1,5.144220080208559
LM3CN1,LM3CNF,5.388461281306518
LM3CNF,LM3CN1,5.388461281306518
LM3CN1,LM3CNG,9.046202414183513
LM3CNG,LM3CN1,9.046202414183513
LM3CN1,LM3CNH,8.468530844500554
LM3CNH,LM3CN1,8.468530844500554
LM3CN1,LM3CNI,8.955280472674824
LM3CNI,LM3CN1,8.955280472674824
LM3CN1,LM3CNJ,8.062305118982675
LM3CNJ,LM3CN1,8.062305118982675
LM3CNA,LM3CNB,3.65411957317567
LM3CNB,LM3CNA,3.65411957317567
LM3CNA,LM3CNC,5.298994396815881
LM3CNC,LM3CNA,5.298994396815881
LM3CNA,LM3CND,10.927031275130147
LM3CND,LM3CNA,10.927031275130147
LM3CNA,LM3CNE,11.131467252196412
LM3CNE,LM3CNA,11.131467252196412
LM3CNA,LM3CNF,10.719225111500242
LM3CNF,LM3CNA,10.719225111500242
LM3CNA,LM3CNG,12.736054122281814
LM3CNG,LM3CNA,12.736054122281814
LM3CNA,LM3CNH,9.997092815752813
LM3CNH,LM3CNA,9.997092815752813
LM3CNA,LM3CNI,5.3799717253871
LM3CNI,LM3CNA,5.3799717253871
LM3CNA,LM3CNJ,2.928953700248368
LM3CNJ,LM3CNA,2.928953700248368
LM3CNB,LM3CNC,3.5990729014984106
LM3CNC,LM3CNB,3.5990729014984106
LM3CNB,LM3CND,10.675796891780628
LM3CND,LM3CNB,10.675796891780628
LM3CNB,LM3CNE,11.711061651921911
LM3CNE,LM3CNB,11.711061651921911
LM3CNB,LM3CNF,11.839389189089001
LM3CNF,LM3CNB,11.839389189089001
LM3CNB,LM3CNG,14.82213789056071
LM3CNG,LM3CNB,14.82213789056071
LM3CNB,LM3CNH,12.7992538118701
LM3CNH,LM3CNB,12.7992538118701
LM3CNB,LM3CNI,9.026725743059608
LM3CNI,LM3CNB,9.026725743059608
LM3CNB,LM3CNJ,6.551499946800086
LM3CNJ,LM3CNB,6.551499946800086
LM3CNC,LM3CND,7.153862929586875
LM3CND,LM3CNC,7.153862929586875
LM3CNC,LM3CNE,8.480842103311764
LM3CNE,LM3CNC,8.480842103311764
LM3CNC,LM3CNF,8.92200597027908
LM3CNF,LM3CNC,8.92200597027908
LM3CNC,LM3CNG,12.522908774396212
LM3CNG,LM3CNC,12.522908774396212
LM3CNC,LM3CNH,11.403642743743797
LM3CNH,LM3CNC,11.403642743743797
LM3CNC,LM3CNI,9.779317888181026
LM3CNI,LM3CNC,9.779317888181026
LM3CNC,LM3CNJ,7.947537791050381
LM3CNJ,LM3CNC,7.947537791050381
LM3CND,LM3CNE,2.604800234800192
LM3CNE,LM3CND,2.604800234800192
LM3CND,LM3CNF,4.200370924194575
LM3CNF,LM3CND,4.200370924194575
LM3CND,LM3CNG,8.62929355830256
LM3CNG,LM3CND,8.62929355830256
LM3CND,LM3CNH,10.074235126832983
LM3CNH,LM3CND,10.074235126832983
LM3CND,LM3CNI,12.903792906224282
LM3CNI,LM3CND,12.903792906224282
LM3CND,LM3CNJ,12.44697622365902
LM3CNJ,LM3CND,12.44697622365902
LM3CNE,LM3CNF,1.731452068202526
LM3CNF,LM3CNE,1.731452068202526
LM3CNE,LM3CNG,6.055264793194113
LM3CNG,LM3CNE,6.055264793194113
LM3CNE,LM3CNH,7.956373998482006
LM3CNH,LM3CNE,7.956373998482006
LM3CNE,LM3CNI,11.965594511558349
LM3CNI,LM3CNE,11.965594511558349
LM3CNE,LM3CNJ,12.056141491582185
LM3CNJ,LM3CNE,12.056141491582185
LM3CNF,LM3CNG,4.451832169187389
LM3CNG,LM3CNF,4.451832169187389
LM3CNF,LM3CNH,6.268209280264294
LM3CNH,LM3CNF,6.268209280264294
LM3CNF,LM3CNI,10.816226605128962
LM3CNI,LM3CNF,10.816226605128962
LM3CNF,LM3CNJ,11.237028952321301
LM3CNJ,LM3CNF,11.237028952321301
LM3CNG,LM3CNH,4.086739852871024
LM3CNH,LM3CNG,4.086739852871024
LM3CNG,LM3CNI,10.792254529562365
LM3CNI,LM3CNG,10.792254529562365
LM3CNG,LM3CNJ,12.204957911492329
LM3CNJ,LM3CNG,12.204957911492329
LM3CNH,LM3CNI,6.954232457566348
LM3CNI,LM3CNH,6.954232457566348
LM3CNH,LM3CNJ,8.780202704412117
LM3CNJ,LM3CNH,8.780202704412117
LM3CNI,LM3CNJ,2.6888697840216627
LM3CNJ,LM3CNI,2.6888697840216627
F01174,F01175,14.876286495375277
F01175,F01174,14.876286495375277
008694,F01185,16.1855245831935
F01185,008694,16.1855245831935
F01111,F01112,11.23636355219261
F01112,F01111,11.23636355219261
F01111,F01113,4.297699716624647
F01113,F01111,4.297699716624647
F01111,F01114,6.132422671061922
F01114,F01111,6.132422671061922
F01111,F01115,14.175008741921355
F01115,F01111,14.175008741921355
F01112,F01113,7.848041574534232
F01113,F01112,7.848041574534232
F01112,F01114,6.123691277107439
F01114,F01112,6.123691277107439
F01112,F01115,24.03483849351636
F01115,F01112,24.03483849351636
F01113,F01114,5.018081277845442
F01114,F01113,5.018081277845442
F01113,F01115,16.23439085556272
F01115,F01113,16.23439085556272
F01114,F01115,20.16805225416216
F01115,F01114,20.16805225416216
008782,CSLM2BLA,23.253167291996682
CSLM2BLA,008782,23.253167291996682
008782,F01116,33.34678301232773
F01116,008782,33.34678301232773
008782,F01164,11.733359650990057
F01164,008782,11.733359650990057
008782,F01165,16.28227620634121
F01165,008782,16.28227620634121
008782,F01166,38.96370202797453
F01166,008782,38.96370202797453
008782,F01167,28.480476852717143
F01167,008782,28.480476852717143
008782,F01168,24.165234570730842
F01168,008782,24.165234570730842
008782,F01169,27.307021261182754
F01169,008782,27.307021261182754
008782,F01291,5.4469332038120974
F01291,008782,5.4469332038120974
008782,F01292,18.282722382509046
F01292,008782,18.282722382509046
008782,F01293,21.086405718946104
F01293,008782,21.086405718946104
008782,LM2BL1,20.382212670645796
LM2BL1,008782,20.382212670645796
008782,LM2BLA,27.942921957531524
LM2BLA,008782,27.942921957531524
008782,LM2BLB,29.323899318167197
LM2BLB,008782,29.323899318167197
008782,LM2BLC,28.552180504972135
LM2BLC,008782,28.552180504972135
008782,LM2BLD,26.56973398490816
LM2BLD,008782,26.56973398490816
008782,LM2BLE,24.129347286690383
LM2BLE,008782,24.129347286690383
008782,LM2BLF,22.324580256497004
LM2BLF,008782,22.324580256497004
008782,LM2BLG,17.787259525594987
LM2BLG,008782,17.787259525594987
008782,LM2BLH,19.306967103470658
LM2BLH,008782,19.306967103470658
008782,LM2BLI,21.29489902774709
LM2BLI,008782,21.29489902774709
CSLM2BLA,F01116,29.98101583068068
F01116,CSLM2BLA,29.98101583068068
CSLM2BLA,F01164,13.318604021906134
F01164,CSLM2BLA,13.318604021906134
CSLM2BLA,F01165,8.251777275377007
F01165,CSLM2BLA,8.251777275377007
CSLM2BLA,F01166,16.327202729641147
F01166,CSLM2BLA,16.327202729641147
CSLM2BLA,F01167,11.36338821089369
F01167,CSLM2BLA,11.36338821089369
CSLM2BLA,F01168,7.058106782615525
F01168,CSLM2BLA,7.058106782615525
CSLM2BLA,F01169,19.065459865426067
F01169,CSLM2BLA,19.065459865426067
CSLM2BLA,F01291,27.65673634339423
F01291,CSLM2BLA,27.65673634339423
CSLM2BLA,F01292,5.039149124424974
F01292,CSLM2BLA,5.039149124424974
CSLM2BLA,F01293,13.076470276562542
F01293,CSLM2BLA,13.076470276562542
CSLM2BLA,LM2BL1,3.257907040975803
LM2BL1,CSLM2BLA,3.257907040975803
CSLM2BLA,LM2BLA,8.178668483408188
LM2BLA,CSLM2BLA,8.178668483408188
CSLM2BLA,LM2BLB,7.76754093301813
LM2BLB,CSLM2BLA,7.76754093301813
CSLM2BLA,LM2BLC,5.371661412752849
LM2BLC,CSLM2BLA,5.371661412752849
CSLM2BLA,LM2BLD,4.574280491575471
LM2BLD,CSLM2BLA,4.574280491575471
CSLM2BLA,LM2BLE,5.348479200872253
LM2BLE,CSLM2BLA,5.348479200872253
CSLM2BLA,LM2BLF,5.717814807561987
LM2BLF,CSLM2BLA,5.717814807561987
CSLM2BLA,LM2BLG,8.484549577504687
LM2BLG,CSLM2BLA,8.484549577504687
CSLM2BLA,LM2BLH,5.581441358606094
LM2BLH,CSLM2BLA,5.581441358606094
CSLM2BLA,LM2BLI,6.489015013294116
LM2BLI,CSLM2BLA,6.489015013294116
F01116,F01164,34.22647043759406
F01164,F01116,34.22647043759406
F01116,F01165,32.81491488224104
F01165,F01116,32.81491488224104
F01116,F01166,32.34709790416957
F01166,F01116,32.34709790416957
F01116,F01167,20.799026461775284
F01167,F01116,20.799026461775284
F01116,F01168,36.85077947182197
F01168,F01116,36.85077947182197
F01116,F01169,48.037882318999685
F01169,F01116,48.037882318999685
F01116,F01291,38.47912903871168
F01291,F01116,38.47912903871168
F01116,F01292,29.947907598034508
F01292,F01116,29.947907598034508
F01116,F01293,40.910655596525125
F01293,F01116,40.910655596525125
F01116,LM2BL1,30.859277949834773
LM2BL1,F01116,30.859277949834773
F01116,LM2BLA,24.368515594225283
LM2BLA,F01116,24.368515594225283
F01116,LM2BLB,26.86654514388839
LM2BLB,F01116,26.86654514388839
F01116,LM2BLC,32.542017334378
LM2BLC,F01116,32.542017334378
F01116,LM2BLD,34.04958762635635
LM2BLD,F01116,34.04958762635635
F01116,LM2BLE,35.25177488457473
LM2BLE,F01116,35.25177488457473
F01116,LM2BLF,35.05071427803318
LM2BLF,F01116,35.05071427803318
F01116,LM2BLG,34.75134543210508
LM2BLG,F01116,34.75134543210508
F01116,LM2BLH,25.709711105582457
LM2BLH,F01116,25.709711105582457
F01116,LM2BLI,23.66611526577178
LM2BLI,F01116,23.66611526577178
F01164,F01165,5.183607893466618
F01165,F01164,5.183607893466618
F01164,F01166,29.645784514341365
F01166,F01164,29.645784514341365
F01164,F01167,22.004130315584664
F01167,F01164,22.004130315584664
F01164,F01168,12.571818491495241
F01168,F01164,12.571818491495241
F01164,F01169,16.773257468293778
F01169,F01164,16.773257468293778
F01164,F01291,15.000190026437496
F01291,F01164,15.000190026437496
F01164,F01292,8.456040397217986
F01292,F01164,8.456040397217986
F01164,F01293,9.78687204214651
F01293,F01164,9.78687204214651
F01164,LM2BL1,10.082866029975257
LM2BL1,F01164,10.082866029975257
F01164,LM2BLA,20.12352777126337
LM2BLA,F01164,20.12352777126337
F01164,LM2BLB,20.664868514309788
LM2BLB,F01164,20.664868514309788
F01164,LM2BLC,18.138931847655467
LM2BLC,F01164,18.138931847655467
F01164,LM2BLD,15.636924258442415
LM2BLD,F01164,15.636924258442415
F01164,LM2BLE,12.776821838246052
LM2BLE,F01164,12.776821838246052
F01164,LM2BLF,10.899567415840178
LM2BLF,F01164,10.899567415840178
F01164,LM2BLG,6.182999260708413
LM2BLG,F01164,6.182999260708413
F01164,LM2BLH,11.617973043992688
LM2BLH,F01164,11.617973043992688
F01164,LM2BLI,14.303611602698119
LM2BLI,F01164,14.303611602698119
F01165,F01166,24.550501649204406
F01166,F01165,24.550501649204406
F01165,F01167,17.958889289204595
F01167,F01165,17.958889289204595
F01165,F01168,8.00054849403701
F01168,F01165,8.00054849403701
F01165,F01169,15.60359526830599
F01169,F01165,15.60359526830599
F01165,F01291,20.046409813225402
F01291,F01165,20.046409813225402
F01165,F01292,3.7952154002463425
F01292,F01165,3.7952154002463425
F01165,F01293,8.243211891665979
F01293,F01165,8.243211891665979
F01165,LM2BL1,4.993893198108324
LM2BL1,F01165,4.993893198108324
F01165,LM2BLA,15.60424760289529
LM2BLA,F01165,15.60424760289529
F01165,LM2BLB,15.826337961795216
LM2BLB,F01165,15.826337961795216
F01165,LM2BLC,12.95603755096278
LM2BLC,F01165,12.95603755096278
F01165,LM2BLD,10.497915175532071
LM2BLD,F01165,10.497915175532071
F01165,LM2BLE,7.847516094597537
LM2BLE,F01165,7.847516094597537
F01165,LM2BLF,6.055348415655705
LM2BLF,F01165,6.055348415655705
F01165,LM2BLG,2.1839336029497756
LM2BLG,F01165,2.1839336029497756
F01165,LM2BLH,7.890484842687697
LM2BLH,F01165,7.890484842687697
F01165,LM2BLI,10.589532262354387
LM2BLI,F01165,10.589532262354387
F01166,F01167,13.310164022736203
F01167,F01166,13.310164022736203
F01166,F01168,20.04231266877218
F01168,F01166,20.04231266877218
F01166,F01169,30.814741831311686
F01169,F01166,30.814741831311686
F01166,F01291,43.70658520363142
F01291,F01166,43.70658520363142
F01166,F01292,21.279406240710195
F01292,F01166,21.279406240710195
F01166,F01293,27.348696719209972
F01293,F01166,27.348696719209972
F01166,LM2BL1,19.571798713388286
LM2BL1,F01166,19.571798713388286
F01166,LM2BLA,11.663931488573665
LM2BLA,F01166,11.663931488573665
F01166,LM2BLB,9.72514427692273
LM2BLB,F01166,9.72514427692273
F01166,LM2BLC,12.04732876245853
LM2BLC,F01166,12.04732876245853
F01166,LM2BLD,15.205284992493276
LM2BLD,F01166,15.205284992493276
F01166,LM2BLE,18.654592501841716
LM2BLE,F01166,18.654592501841716
F01166,LM2BLF,20.286347895399953
LM2BLF,F01166,20.286347895399953
F01166,LM2BLG,24.446821201609016
LM2BLG,F01166,24.446821201609016
F01166,LM2BLH,19.685452712925443
LM2BLH,F01166,19.685452712925443
F01166,LM2BLI,18.067370199096928
LM2BLI,F01166,18.067370199096928
F01167,F01168,18.284926918419693
F01168,F01167,18.284926918419693
F01167,F01169,30.39943081852777
F01169,F01167,30.39943081852777
F01167,F01291,33.72168440957119
F01291,F01167,33.72168440957119
F01167,F01292,14.174376803257163
F01292,F01167,14.174376803257163
F01167,F01293,24.33702505999745
F01293,F01167,24.33702505999745
F01167,LM2BL1,13.749573404817742
LM2BL1,F01167,13.749573404817742
F01167,LM2BLA,3.7318029806650097
LM2BLA,F01167,3.7318029806650097
F01167,LM2BLB,6.081626657714384
LM2BLB,F01167,6.081626657714384
F01167,LM2BLC,12.134456586574036
LM2BLC,F01167,12.134456586574036
F01167,LM2BLD,14.3105269039179
LM2BLD,F01167,14.3105269039179
F01167,LM2BLE,16.523205557553226
LM2BLE,F01167,16.523205557553226
F01167,LM2BLF,17.080756736080794
LM2BLF,F01167,17.080756736080794
F01167,LM2BLG,19.0402529882485
LM2BLG,F01167,19.0402529882485
F01167,LM2BLH,10.38616278419863
LM2BLH,F01167,10.38616278419863
F01167,LM2BLI,7.729394253071736
LM2BLI,F01167,7.729394253071736
F01168,F01169,12.14920739063959
F01169,F01168,12.14920739063959
F01168,F01291,27.526654453844607
F01291,F01168,27.526654453844607
F01168,F01292,7.9640402808850235
F01292,F01168,7.9640402808850235
F01168,F01293,7.306446202809842
F01293,F01168,7.306446202809842
F01168,LM2BL1,6.266548108638266
LM2BL1,F01168,6.266548108638266
F01168,LM2BLA,14.850104872279687
LM2BLA,F01168,14.850104872279687
F01168,LM2BLB,13.71830563105669
LM2BLB,F01168,13.71830563105669
F01168,LM2BLC,8.148385072866818
LM2BLC,F01168,8.148385072866818
F01168,LM2BLD,4.917965421427382
LM2BLD,F01168,4.917965421427382
F01168,LM2BLE,1.7658083676948593
LM2BLE,F01168,1.7658083676948593
F01168,LM2BLF,2.152817444139665
LM2BLF,F01168,2.152817444139665
F01168,LM2BLG,6.397542062730443
LM2BLG,F01168,6.397542062730443
F01168,LM2BLH,11.414923957098008
LM2BLH,F01168,11.414923957098008
F01168,LM2BLI,13.18644048737874
LM2BLI,F01168,13.18644048737874
F01169,F01291,28.468192626880246
F01291,F01169,28.468192626880246
F01169,F01292,18.09189827600711
F01292,F01169,18.09189827600711
F01169,F01293,7.388501591443797
F01293,F01169,7.388501591443797
F01169,LM2BL1,17.324206070975315
LM2BL1,F01169,17.324206070975315
F01169,LM2BLA,26.999043993582095
LM2BLA,F01169,26.999043993582095
F01169,LM2BLB,25.788387821599382
LM2BLB,F01169,25.788387821599382
F01169,LM2BLC,19.792972667669712
LM2BLC,F01169,19.792972667669712
F01169,LM2BLD,16.717934703177644
LM2BLD,F01169,16.717934703177644
F01169,LM2BLE,13.914184465965446
LM2BLE,F01169,13.914184465965446
F01169,LM2BLF,13.39360634829639
LM2BLF,F01169,13.39360634829639
F01169,LM2BLG,13.484812835959449
LM2BLG,F01169,13.484812835959449
F01169,LM2BLH,22.356313977132395
LM2BLH,F01169,22.356313977132395
F01169,LM2BLI,24.629028005298423
LM2BLI,F01169,24.629028005298423
F01291,F01292,22.618808958064673
F01292,F01291,22.618808958064673
F01291,F01293,23.21205183263687
F01293,F01291,23.21205183263687
F01291,LM2BL1,24.599226494463835
LM2BL1,F01291,24.599226494463835
F01291,LM2BLA,32.96909648122801
LM2BLA,F01291,32.96909648122801
F01291,LM2BLB,34.182543465280816
LM2BLB,F01291,34.182543465280816
F01291,LM2BLC,32.814514062452965
LM2BLC,F01291,32.814514062452965
F01291,LM2BLD,30.53917937490587
LM2BLD,F01291,30.53917937490587
F01291,LM2BLE,27.775136348448974
LM2BLE,F01291,27.775136348448974
F01291,LM2BLF,25.89975585654398
LM2BLF,F01291,25.89975585654398
F01291,LM2BLG,21.170112080575425
LM2BLG,F01291,21.170112080575425
F01291,LM2BLH,24.209952443594123
LM2BLH,F01291,24.209952443594123
F01291,LM2BLI,26.36866579031134
LM2BLI,F01291,26.36866579031134
F01292,F01293,11.038882341223232
F01293,F01292,11.038882341223232
F01292,LM2BL1,2.180635456627894
LM2BL1,F01292,2.180635456627894
F01292,LM2BLA,11.837381170350781
LM2BLA,F01292,11.837381170350781
F01292,LM2BLB,12.214263905402616
LM2BLB,F01292,12.214263905402616
F01292,LM2BLC,10.270388510584882
LM2BLC,F01292,10.270388510584882
F01292,LM2BLD,8.503860920375258
LM2BLD,F01292,8.503860920375258
F01292,LM2BLE,6.993807026959323
LM2BLE,F01292,6.993807026959323
F01292,LM2BLF,5.825633132471948
LM2BLF,F01292,5.825633132471948
F01292,LM2BLG,5.061269529194521
LM2BLG,F01292,5.061269529194521
F01292,LM2BLH,4.373242322241014
LM2BLH,F01292,4.373242322241014
F01292,LM2BLI,6.956336917388882
LM2BLI,F01292,6.956336917388882
F01293,LM2BL1,10.68613649118893
LM2BL1,F01293,10.68613649118893
F01293,LM2BLA,21.254311335344507
LM2BLA,F01293,21.254311335344507
F01293,LM2BLB,20.556227482482484
LM2BLB,F01293,20.556227482482484
F01293,LM2BLC,15.414194068298935
LM2BLC,F01293,15.414194068298935
F01293,LM2BLD,12.189954300512598
LM2BLD,F01293,12.189954300512598
F01293,LM2BLE,8.791439043574853
LM2BLE,F01293,8.791439043574853
F01293,LM2BLF,7.501458927728955
LM2BLF,F01293,7.501458927728955
F01293,LM2BLG,6.177210239086327
LM2BLG,F01293,6.177210239086327
F01293,LM2BLH,15.398575524846546
LM2BLH,F01293,15.398575524846546
F01293,LM2BLI,17.85807399097205
LM2BLI,F01293,17.85807399097205
LM2BL1,LM2BLA,10.965992455604212
LM2BLA,LM2BL1,10.965992455604212
LM2BL1,LM2BLB,10.912777818541212
LM2BLB,LM2BL1,10.912777818541212
LM2BL1,LM2BLC,8.217483411011845
LM2BLC,LM2BL1,8.217483411011845
LM2BL1,LM2BLD,6.323586286148348
LM2BLD,LM2BL1,6.323586286148348
LM2BL1,LM2BLE,5.044795837266455
LM2BLE,LM2BL1,5.044795837266455
LM2BL1,LM2BLF,4.251201354887513
LM2BLF,LM2BL1,4.251201354887513
LM2BL1,LM2BLG,5.405669764817692
LM2BLG,LM2BL1,5.405669764817692
LM2BL1,LM2BLH,5.202618856355113
LM2BLH,LM2BL1,5.202618856355113
LM2BL1,LM2BLI,7.305022563235146
LM2BLI,LM2BL1,7.305022563235146
LM2BLA,LM2BLB,2.6197373811786115
LM2BLB,LM2BLA,2.6197373811786115
LM2BLA,LM2BLC,8.402656939607692
LM2BLC,LM2BLA,8.402656939607692
LM2BLA,LM2BLD,10.66029334684707
LM2BLD,LM2BLA,10.66029334684707
LM2BLA,LM2BLE,13.084867855105228
LM2BLE,LM2BLA,13.084867855105228
LM2BLA,LM2BLF,13.837814668143675
LM2BLF,LM2BLA,13.837814668143675
LM2BLA,LM2BLG,16.368630358913478
LM2BLG,LM2BLA,16.368630358913478
LM2BLA,LM2BLH,8.819434561563845
LM2BLH,LM2BLA,8.819434561563845
LM2BLA,LM2BLI,6.658476150612472
LM2BLI,LM2BLA,6.658476150612472
LM2BLB,LM2BLC,6.399907085786548
LM2BLC,LM2BLB,6.399907085786548
LM2BLB,LM2BLD,9.117723919829345
LM2BLD,LM2BLB,9.117723919829345
LM2BLB,LM2BLE,11.988761290865245
LM2BLE,LM2BLB,11.988761290865245
LM2BLB,LM2BLF,13.054769776196924
LM2BLF,LM2BLB,13.054769776196924
LM2BLB,LM2BLG,16.246890604337857
LM2BLG,LM2BLB,16.246890604337857
LM2BLB,LM2BLH,10.016946961511438
LM2BLH,LM2BLB,10.016946961511438
LM2BLB,LM2BLI,8.358890262553208
LM2BLI,LM2BLB,8.358890262553208
LM2BLC,LM2BLD,3.2308043105105164
LM2BLD,LM2BLC,3.2308043105105164
LM2BLC,LM2BLE,6.641360118730427
LM2BLE,LM2BLC,6.641360118730427
LM2BLC,LM2BLF,8.23936245225397
LM2BLF,LM2BLC,8.23936245225397
LM2BLC,LM2BLG,12.538861388929197
LM2BLG,LM2BLC,12.538861388929197
LM2BLC,LM2BLH,10.593554021418042
LM2BLH,LM2BLC,10.593554021418042
LM2BLC,LM2BLI,10.57274651422144
LM2BLI,LM2BLC,10.57274651422144
LM2BLD,LM2BLE,3.4505844467683984
LM2BLE,LM2BLD,3.4505844467683984
LM2BLD,LM2BLF,5.172773955816022
LM2BLF,LM2BLD,5.172773955816022
LM2BLD,LM2BLG,9.736275387913409
LM2BLG,LM2BLD,9.736275387913409
LM2BLD,LM2BLH,10.134926811415255
LM2BLH,LM2BLD,10.134926811415255
LM2BLD,LM2BLI,10.940692659538707
LM2BLI,LM2BLD,10.940692659538707
LM2BLE,LM2BLF,1.8961166186240779
LM2BLF,LM2BLE,1.8961166186240779
LM2BLE,LM2BLG,6.654136271983098
LM2BLG,LM2BLE,6.654136271983098
LM2BLE,LM2BLH,10.019478963997752
LM2BLH,LM2BLE,10.019478963997752
LM2BLE,LM2BLI,11.614083045358097
LM2BLI,LM2BLE,11.614083045358097
LM2BLF,LM2BLG,4.7598191750545675
LM2BLG,LM2BLF,4.7598191750545675
LM2BLF,LM2BLH,9.451052214493284
LM2BLH,LM2BLF,9.451052214493284
LM2BLF,LM2BLI,11.408316580772594
LM2BLI,LM2BLF,11.408316580772594
LM2BLG,LM2BLH,9.41880369633887
LM2BLH,LM2BLG,9.41880369633887
LM2BLG,LM2BLI,12.014644611707562
LM2BLI,LM2BLG,12.014644611707562
LM2BLH,LM2BLI,2.7306301810539795
LM2BLI,LM2BLH,2.7306301810539795
009753,F01294,3.337540006256501
F01294,009753,3.337540006256501
009753,F01295,11.4201088841015
F01295,009753,11.4201088841015
009753,F01296,4.185256722578655
F01296,009753,4.185256722578655
009753,F01297,1.754086720872658
F01297,009753,1.754086720872658
009753,F01298,22.873707419130795
F01298,009753,22.873707419130795
F01294,F01295,14.494502511148582
F01295,F01294,14.494502511148582
F01294,F01296,4.330805519523169
F01296,F01294,4.330805519523169
F01294,F01297,2.1067897713106487
F01297,F01294,2.1067897713106487
F01294,F01298,24.54083193057041
F01298,F01294,24.54083193057041
F01295,F01296,14.748982598953363
F01296,F01295,14.748982598953363
F01295,F01297,13.161498608860287
F01297,F01295,13.161498608860287
F01295,F01298,25.487984574239086
F01298,F01295,25.487984574239086
F01296,F01297,2.948702816958051
F01297,F01296,2.948702816958051
F01296,F01298,20.261786761750212
F01298,F01296,20.261786761750212
F01297,F01298,22.72762773676556
F01298,F01297,22.72762773676556
056426,CSF01108,0.5023331382269395
CSF01108,056426,0.5023331382269395
056426,F01108,0.9898917723729197
F01108,056426,0.9898917723729197
CSF01108,F01108,0.48755863414600353
F01108,CSF01108,0.48755863414600353
CSF01019,F01012,6.475243092454245
F01012,CSF01019,6.475243092454245
CSF01019,F01013,5.62109779505147
F01013,CSF01019,5.62109779505147
CSF01019,F01014,15.975155017718377
F01014,CSF01019,15.975155017718377
CSF01019,F01015,8.97534667873971
F01015,CSF01019,8.97534667873971
CSF01019,F01016,14.20148608035756
F01016,CSF01019,14.20148608035756
CSF01019,F01017,11.531293324727272
F01017,CSF01019,11.531293324727272
CSF01019,F01018,14.335728805784285
F01018,CSF01019,14.335728805784285
CSF01019,F01019,37.325411770991195
F01019,CSF01019,37.325411770991195
CSF01019,LM2AS1,2.2496454052152695
LM2AS1,CSF01019,2.2496454052152695
CSF01019,LM2ASA,4.509356505043878
LM2ASA,CSF01019,4.509356505043878
CSF01019,LM2ASB,5.747280596786211
LM2ASB,CSF01019,5.747280596786211
CSF01019,LM2ASC,6.193290850659183
LM2ASC,CSF01019,6.193290850659183
CSF01019,LM2ASD,6.522803750901103
LM2ASD,CSF01019,6.522803750901103
CSF01019,LM2ASE,6.312632455034508
LM2ASE,CSF01019,6.312632455034508
CSF01019,LM2ASF,3.9690497916656664
LM2ASF,CSF01019,3.9690497916656664
CSF01019,LM2ASG,5.8075391167094725
LM2ASG,CSF01019,5.8075391167094725
CSF01019,LM2ASH,6.130321316395679
LM2ASH,CSF01019,6.130321316395679
CSF01019,LM2ASI,5.925348059228284
LM2ASI,CSF01019,5.925348059228284
CSF01019,LM2ASJ,5.519024550767628
LM2ASJ,CSF01019,5.519024550767628
F01012,F01013,11.697329864562642
F01013,F01012,11.697329864562642
F01012,F01014,21.1988086604066
F01014,F01012,21.1988086604066
F01012,F01015,15.324069027356526
F01015,F01012,15.324069027356526
F01012,F01016,19.305475264281267
F01016,F01012,19.305475264281267
F01012,F01017,15.131646143777244
F01017,F01012,15.131646143777244
F01012,F01018,18.29054319142886
F01018,F01012,18.29054319142886
F01012,F01019,41.1970325074484
F01019,F01012,41.1970325074484
F01012,LM2AS1,6.892651532424358
LM2AS1,F01012,6.892651532424358
F01012,LM2ASA,2.2179321143012634
LM2ASA,F01012,2.2179321143012634
F01012,LM2ASB,6.1730402401600415
LM2ASB,F01012,6.1730402401600415
F01012,LM2ASC,8.903064278248587
LM2ASC,F01012,8.903064278248587
F01012,LM2ASD,12.478462652506291
LM2ASD,F01012,12.478462652506291
F01012,LM2ASE,12.78150739759959
LM2ASE,F01012,12.78150739759959
F01012,LM2ASF,10.21150823728096
LM2ASF,F01012,10.21150823728096
F01012,LM2ASG,10.53463621752659
LM2ASG,F01012,10.53463621752659
F01012,LM2ASH,8.197687495118114
LM2ASH,F01012,8.197687495118114
F01012,LM2ASI,4.343461827240453
LM2ASI,F01012,4.343461827240453
F01012,LM2ASJ,1.8558920202309968
LM2ASJ,F01012,1.8558920202309968
F01013,F01014,10.574789159672083
F01014,F01013,10.574789159672083
F01013,F01015,3.8159965494664636
F01015,F01013,3.8159965494664636
F01013,F01016,13.855870068492495
F01016,F01013,13.855870068492495
F01013,F01017,13.543414183095145
F01017,F01013,13.543414183095145
F01013,F01018,15.54471347828075
F01018,F01013,15.54471347828075
F01013,F01019,37.43060883808504
F01019,F01013,37.43060883808504
F01013,LM2AS1,6.982285612979001
LM2AS1,F01013,6.982285612979001
F01013,LM2ASA,9.997706952095184
LM2ASA,F01013,9.997706952095184
F01013,LM2ASB,10.962072868572596
LM2ASB,F01013,10.962072868572596
F01013,LM2ASC,10.251939377285469
LM2ASC,F01013,10.251939377285469
F01013,LM2ASD,6.311106516296787
LM2ASD,F01013,6.311106516296787
F01013,LM2ASE,3.4738030789720686
LM2ASE,F01013,3.4738030789720686
F01013,LM2ASF,1.6951714192759157
LM2ASF,F01013,1.6951714192759157
F01013,LM2ASG,3.1933900002597593
LM2ASG,F01013,3.1933900002597593
F01013,LM2ASH,6.696905290072444
LM2ASH,F01013,6.696905290072444
F01013,LM2ASI,9.442902798168323
LM2ASI,F01013,9.442902798168323
F01013,LM2ASJ,10.296659850077802
LM2ASJ,F01013,10.296659850077802
F01014,F01015,9.053140231911389
F01015,F01014,9.053140231911389
F01014,F01016,21.007660909554797
F01016,F01014,21.007660909554797
F01014,F01017,22.858943255088402
F01017,F01014,22.858943255088402
F01014,F01018,24.0090475891561
F01018,F01014,24.0090475891561
F01014,F01019,43.02317887855161
F01019,F01014,43.02317887855161
F01014,LM2AS1,17.549379358979667
LM2AS1,F01014,17.549379358979667
F01014,LM2ASA,19.95267605480147
LM2ASA,F01014,19.95267605480147
F01014,LM2ASB,21.521256797319445
LM2ASB,F01014,21.521256797319445
F01014,LM2ASC,20.72144828040414
LM2ASC,F01014,20.72144828040414
F01014,LM2ASD,15.628414112211479
LM2ASD,F01014,15.628414112211479
F01014,LM2ASE,12.471299306185607
LM2ASE,F01014,12.471299306185607
F01014,LM2ASF,12.25173199990974
LM2ASF,F01014,12.25173199990974
F01014,LM2ASG,10.671874366280763
LM2ASG,F01014,10.671874366280763
F01014,LM2ASH,13.569261780449592
LM2ASH,F01014,13.569261780449592
F01014,LM2ASI,17.67330580391813
LM2ASI,F01014,17.67330580391813
F01014,LM2ASJ,19.477155127225505
LM2ASJ,F01014,19.477155127225505
F01015,F01016,12.486158624899067
F01016,F01015,12.486158624899067
F01015,F01017,13.80645126276478
F01017,F01015,13.80645126276478
F01015,F01018,15.090041094448047
F01018,F01015,15.090041094448047
F01015,F01019,35.596884880716004
F01019,F01015,35.596884880716004
F01015,LM2AS1,9.761425803295968
LM2AS1,F01015,9.761425803295968
F01015,LM2ASA,13.477509852941324
LM2ASA,F01015,13.477509852941324
F01015,LM2ASB,13.63689415793947
LM2ASB,F01015,13.63689415793947
F01015,LM2ASC,12.198894592325969
LM2ASC,F01015,12.198894592325969
F01015,LM2ASD,6.61981538855535
LM2ASD,F01015,6.61981538855535
F01015,LM2ASE,3.59704567640213
LM2ASE,F01015,3.59704567640213
F01015,LM2ASF,5.115555628021098
LM2ASF,F01015,5.115555628021098
F01015,LM2ASG,6.583466978920012
LM2ASG,F01015,6.583466978920012
F01015,LM2ASH,10.330708778932294
LM2ASH,F01015,10.330708778932294
F01015,LM2ASI,13.25880162713409
LM2ASI,F01015,13.25880162713409
F01015,LM2ASJ,14.024031456995598
LM2ASJ,F01015,14.024031456995598
F01016,F01017,5.827623413929931
F01017,F01016,5.827623413929931
F01016,F01018,4.1215630065488105
F01018,F01016,4.1215630065488105
F01016,F01019,23.599168613915765
F01019,F01016,23.599168613915765
F01016,LM2AS1,12.666464361469927
LM2AS1,F01016,12.666464361469927
F01016,LM2ASA,17.118217038400587
LM2ASA,F01016,17.118217038400587
F01016,LM2ASB,13.799544625851167
LM2ASB,F01016,13.799544625851167
F01016,LM2ASC,10.785446466426846
LM2ASC,F01016,10.785446466426846
F01016,LM2ASD,7.9778238165580095
LM2ASD,F01016,7.9778238165580095
F01016,LM2ASE,10.386395593262542
LM2ASE,F01016,10.386395593262542
F01016,LM2ASF,13.40225168889573
LM2ASF,F01016,13.40225168889573
F01016,LM2ASG,16.874898200887593
LM2ASG,F01016,16.874898200887593
F01016,LM2ASH,19.512334470776338
LM2ASH,F01016,19.512334470776338
F01016,LM2ASI,20.11267105226216
LM2ASI,F01016,20.11267105226216
F01016,LM2ASJ,19.175985830682148
LM2ASJ,F01016,19.175985830682148
F01017,F01018,3.187327745365852
F01018,F01017,3.187327745365852
F01017,F01019,26.133056411251207
F01019,F01017,26.133056411251207
F01017,LM2AS1,9.452082678495564
LM2AS1,F01017,9.452082678495564
F01017,LM2ASA,13.112520101214587
LM2ASA,F01017,13.112520101214587
F01017,LM2ASB,9.07840535105766
LM2ASB,F01017,9.07840535105766
F01017,LM2ASC,6.233254374631743
LM2ASC,F01017,6.233254374631743
F01017,LM2ASD,7.363656492017396
LM2ASD,F01017,7.363656492017396
F01017,LM2ASE,10.566673056417741
LM2ASE,F01017,10.566673056417741
F01017,LM2ASF,12.438532583556464
LM2ASF,F01017,12.438532583556464
F01017,LM2ASG,15.94204897442069
LM2ASG,F01017,15.94204897442069
F01017,LM2ASH,17.56938014016132
LM2ASH,F01017,17.56938014016132
F01017,LM2ASI,16.990007922582297
LM2ASI,F01017,16.990007922582297
F01017,LM2ASJ,15.465134591723649
LM2ASJ,F01017,15.465134591723649
F01018,F01019,23.07294820633652
F01019,F01018,23.07294820633652
F01018,LM2AS1,12.372660847677203
LM2AS1,F01018,12.372660847677203
F01018,LM2ASA,16.24223105178346
LM2ASA,F01018,16.24223105178346
F01018,LM2ASB,12.263477391451357
LM2ASB,F01018,12.263477391451357
F01018,LM2ASC,9.387674025502406
LM2ASC,F01018,9.387674025502406
F01018,LM2ASD,9.236010426631486
LM2ASD,F01018,9.236010426631486
F01018,LM2ASE,12.269221080626433
LM2ASE,F01018,12.269221080626433
F01018,LM2ASF,14.673485371688622
LM2ASF,F01018,14.673485371688622
F01018,LM2ASG,18.231109609946397
LM2ASG,F01018,18.231109609946397
F01018,LM2ASH,20.229226153255276
LM2ASH,F01018,20.229226153255276
F01018,LM2ASI,19.972204630152405
LM2ASI,F01018,19.972204630152405
F01018,LM2ASJ,18.558970402091806
LM2ASJ,F01018,18.558970402091806
F01019,LM2AS1,35.43354177347444
LM2AS1,F01019,35.43354177347444
F01019,LM2ASA,39.232991324536094
LM2ASA,F01019,39.232991324536094
F01019,LM2ASB,35.04547245870324
LM2ASB,F01019,35.04547245870324
F01019,LM2ASC,32.34631168358438
LM2ASC,F01019,32.34631168358438
F01019,LM2ASD,31.515096646667722
LM2ASD,F01019,31.515096646667722
F01019,LM2ASE,33.95683522228249
LM2ASE,F01019,33.95683522228249
F01019,LM2ASF,36.99272157716897
LM2ASF,F01019,36.99272157716897
F01019,LM2ASG,40.47384340288948
LM2ASG,F01019,40.47384340288948
F01019,LM2ASH,43.00134111132215
LM2ASH,F01019,43.00134111132215
F01019,LM2ASI,43.0405855060578
LM2ASI,F01019,43.0405855060578
F01019,LM2ASJ,41.59818950899659
LM2ASJ,F01019,41.59818950899659
LM2AS1,LM2ASA,4.681076042770216
LM2ASA,LM2AS1,4.681076042770216
LM2AS1,LM2ASB,3.9821431352911194
LM2ASB,LM2AS1,3.9821431352911194
LM2AS1,LM2ASC,3.9452930896710443
LM2ASC,LM2AS1,3.9452930896710443
LM2AS1,LM2ASD,5.603260992968432
LM2ASD,LM2AS1,5.603260992968432
LM2AS1,LM2ASE,6.527929509034669
LM2ASE,LM2AS1,6.527929509034669
LM2AS1,LM2ASF,5.297752432657671
LM2ASF,LM2AS1,5.297752432657671
LM2AS1,LM2ASG,7.850795200834001
LM2ASG,LM2AS1,7.850795200834001
LM2AS1,LM2ASH,8.364343000475099
LM2ASH,LM2AS1,8.364343000475099
LM2AS1,LM2ASI,7.610134857845985
LM2ASI,LM2AS1,7.610134857845985
LM2AS1,LM2ASJ,6.51877788619441
LM2ASJ,LM2AS1,6.51877788619441
LM2ASA,LM2ASB,4.432251776492482
LM2ASB,LM2ASA,4.432251776492482
LM2ASA,LM2ASC,6.886735324535164
LM2ASC,LM2ASA,6.886735324535164
LM2ASA,LM2ASD,10.276829488444639
LM2ASD,LM2ASA,10.276829488444639
LM2ASA,LM2ASE,10.737627258254829
LM2ASE,LM2ASA,10.737627258254829
LM2ASA,LM2ASF,8.41478918301172
LM2ASF,LM2ASA,8.41478918301172
LM2ASA,LM2ASG,9.325438997024053
LM2ASG,LM2ASA,9.325438997024053
LM2ASA,LM2ASH,7.735095927004846
LM2ASH,LM2ASA,7.735095927004846
LM2ASA,LM2ASI,4.717725132272684
LM2ASI,LM2ASA,4.717725132272684
LM2ASA,LM2ASJ,2.476169417875513
LM2ASJ,LM2ASA,2.476169417875513
LM2ASB,LM2ASC,3.0156964819250303
LM2ASC,LM2ASB,3.0156964819250303
LM2ASB,LM2ASD,8.477935008068764
LM2ASD,LM2ASB,8.477935008068764
LM2ASB,LM2ASE,10.235242347418962
LM2ASE,LM2ASB,10.235242347418962
LM2ASB,LM2ASF,9.273624059341806
LM2ASF,LM2ASB,9.273624059341806
LM2ASB,LM2ASG,11.553595783857942
LM2ASG,LM2ASB,11.553595783857942
LM2ASB,LM2ASH,11.210893453333581
LM2ASH,LM2ASB,11.210893453333581
LM2ASB,LM2ASI,9.009199913648704
LM2ASI,LM2ASB,9.009199913648704
LM2ASB,LM2ASJ,6.908400454536302
LM2ASJ,LM2ASB,6.908400454536302
LM2ASC,LM2ASD,6.192865868319979
LM2ASD,LM2ASC,6.192865868319979
LM2ASC,LM2ASE,8.617852994528773
LM2ASE,LM2ASC,8.617852994528773
LM2ASC,LM2ASF,8.685479830817398
LM2ASF,LM2ASC,8.685479830817398
LM2ASC,LM2ASG,11.662674189040215
LM2ASG,LM2ASC,11.662674189040215
LM2ASC,LM2ASH,12.279962588819062
LM2ASH,LM2ASC,12.279962588819062
LM2ASC,LM2ASI,10.98266159001274
LM2ASI,LM2ASC,10.98266159001274
LM2ASC,LM2ASJ,9.273782787105135
LM2ASJ,LM2ASC,9.273782787105135
LM2ASD,LM2ASE,3.2086114999107425
LM2ASE,LM2ASD,3.2086114999107425
LM2ASD,LM2ASF,5.5201578903352475
LM2ASF,LM2ASD,5.5201578903352475
LM2ASD,LM2ASG,9.067361214616609
LM2ASG,LM2ASD,9.067361214616609
LM2ASD,LM2ASH,11.53451228389326
LM2ASH,LM2ASD,11.53451228389326
LM2ASD,LM2ASI,12.416414719955757
LM2ASI,LM2ASD,12.416414719955757
LM2ASD,LM2ASJ,11.907070667442827
LM2ASJ,LM2ASD,11.907070667442827
LM2ASE,LM2ASF,3.4066723676370794
LM2ASF,LM2ASE,3.4066723676370794
LM2ASE,LM2ASG,6.579798428274494
LM2ASG,LM2ASE,6.579798428274494
LM2ASE,LM2ASH,9.707120319400651
LM2ASH,LM2ASE,9.707120319400651
LM2ASE,LM2ASI,11.603264985593633
LM2ASI,LM2ASE,11.603264985593633
LM2ASE,LM2ASJ,11.770596626277994
LM2ASJ,LM2ASE,11.770596626277994
LM2ASF,LM2ASG,3.5591093125197717
LM2ASG,LM2ASF,3.5591093125197717
LM2ASF,LM2ASH,6.314294286039002
LM2ASH,LM2ASF,6.314294286039002
LM2ASF,LM2ASI,8.380394882295086
LM2ASI,LM2ASF,8.380394882295086
LM2ASF,LM2ASJ,8.924159256930974
LM2ASJ,LM2ASF,8.924159256930974
LM2ASG,LM2ASH,3.7933539290980494
LM2ASH,LM2ASG,3.7933539290980494
LM2ASG,LM2ASI,7.329074906728418
LM2ASI,LM2ASG,7.329074906728418
LM2ASG,LM2ASJ,8.848911952489532
LM2ASJ,LM2ASG,8.848911952489532
LM2ASH,LM2ASI,4.165055953113995
LM2ASI,LM2ASH,4.165055953113995
LM2ASH,LM2ASJ,6.3476973216183294
LM2ASJ,LM2ASH,6.3476973216183294
LM2ASI,LM2ASJ,2.548360396317018
LM2ASJ,LM2ASI,2.548360396317018
F01110,F01170,16.122417621358057
F01170,F01110,16.122417621358057
F01110,F01171,17.1315645358611
F01171,F01110,17.1315645358611
F01170,F01171,4.471877063071517
F01171,F01170,4.471877063071517
F01307,F01309,2.197573619983521
F01309,F01307,2.197573619983521
F01307,F01310,4.868975520384802
F01310,F01307,4.868975520384802
F01309,F01310,4.484318105088401
F01310,F01309,4.484318105088401
F01161,F01162,9.90526847137037
F01162,F01161,9.90526847137037
007950,009160,37.487523101480114
009160,007950,37.487523101480114
007950,009161,41.219098437311445
009161,007950,41.219098437311445
007950,009162,26.73813136699349
009162,007950,26.73813136699349
007950,009163,28.750366464391256
009163,007950,28.750366464391256
007950,009321,33.784862087896656
009321,007950,33.784862087896656
007950,056233,36.44413559526394
056233,007950,36.44413559526394
007950,056234,20.09585885117559
056234,007950,20.09585885117559
007950,061349,33.936871971685214
061349,007950,33.936871971685214
007950,061350,29.246067101881046
061350,007950,29.246067101881046
007950,061351,32.774949951599915
061351,007950,32.774949951599915
007950,061352,35.28685046803276
061352,007950,35.28685046803276
007950,CSLMXKPB,25.93384923831475
CSLMXKPB,007950,25.93384923831475
007950,F01154,32.98785336292473
F01154,007950,32.98785336292473
007950,F01159,17.846827769658233
F01159,007950,17.846827769658233
007950,F01160,9.564324638572085
F01160,007950,9.564324638572085
007950,F01311,39.07197138698223
F01311,007950,39.07197138698223
007950,F01314,31.071528233636947
F01314,007950,31.071528233636947
007950,F01335,35.80365494551444
F01335,007950,35.80365494551444
007950,F01336,31.078412151029955
F01336,007950,31.078412151029955
007950,LM2KP1,27.213375693932697
LM2KP1,007950,27.213375693932697
007950,LM4KP2,14.507619126202728
LM4KP2,007950,14.507619126202728
007950,LM4KP3,33.83864906678616
LM4KP3,007950,33.83864906678616
007950,LMXKPA,15.556324503040575
LMXKPA,007950,15.556324503040575
007950,LMXKPB,13.458616396237467
LMXKPB,007950,13.458616396237467
007950,LMXKPC,10.957738587978708
LMXKPC,007950,10.957738587978708
007950,LMXKPD,12.569400982720227
LMXKPD,007950,12.569400982720227
007950,LMXKPE,18.266397318304268
LMXKPE,007950,18.266397318304268
007950,LMXKPF,25.36266942896506
LMXKPF,007950,25.36266942896506
007950,LMXKPG,35.516604552197116
LMXKPG,007950,35.516604552197116
007950,LMXKPH,35.68865764686405
LMXKPH,007950,35.68865764686405
007950,LMXKPI,16.838345424844437
LMXKPI,007950,16.838345424844437
007950,LMXKPJ,23.88872472265453
LMXKPJ,007950,23.88872472265453
009160,009161,9.035076034087872
009161,009160,9.035076034087872
009160,009162,10.751821782210444
009162,009160,10.751821782210444
009160,009163,10.755586591666516
009163,009160,10.755586591666516
009160,009321,15.708828976167116
009321,009160,15.708828976167116
009160,056233,42.16426574214678
056233,009160,42.16426574214678
009160,056234,33.74306503985586
056234,009160,33.74306503985586
009160,061349,4.666298429503707
061349,009160,4.666298429503707
009160,061350,8.249152314016946
061350,009160,8.249152314016946
009160,061351,10.171630875859972
061351,009160,10.171630875859972
009160,061352,13.505630587214865
061352,009160,13.505630587214865
009160,CSLMXKPB,27.5479700044349
CSLMXKPB,009160,27.5479700044349
009160,F01154,50.88603410087669
F01154,009160,50.88603410087669
009160,F01159,30.787684162528695
F01159,009160,30.787684162528695
009160,F01160,35.519718752825554
F01160,009160,35.519718752825554
009160,F01311,12.87832266338315
F01311,009160,12.87832266338315
009160,F01314,39.8125167028987
F01314,009160,39.8125167028987
009160,F01335,32.11585191141342
F01335,009160,32.11585191141342
009160,F01336,9.221604009511358
F01336,009160,9.221604009511358
009160,LM2KP1,11.957495847947863
LM2KP1,009160,11.957495847947863
009160,LM4KP2,32.51355007511793
LM4KP2,009160,32.51355007511793
009160,LM4KP3,31.60697087336347
LM4KP3,009160,31.60697087336347
009160,LMXKPA,35.88650012456229
LMXKPA,009160,35.88650012456229
009160,LMXKPB,37.548788678149855
LMXKPB,009160,37.548788678149855
009160,LMXKPC,35.63974664888615
LMXKPC,009160,35.63974664888615
009160,LMXKPD,27.99539521865919
LMXKPD,009160,27.99539521865919
009160,LMXKPE,31.314788932681278
LMXKPE,009160,31.314788932681278
009160,LMXKPF,12.703013335435388
LMXKPF,009160,12.703013335435388
009160,LMXKPG,8.839338395629005
LMXKPG,009160,8.839338395629005
009160,LMXKPH,14.52221157097831
LMXKPH,009160,14.52221157097831
009160,LMXKPI,25.710291188170878
LMXKPI,009160,25.710291188170878
009160,LMXKPJ,27.420557413731704
LMXKPJ,009160,27.420557413731704
009161,009162,15.96040620788593
009162,009161,15.96040620788593
009161,009163,12.484734072466013
009163,009161,12.484734072466013
009161,009321,11.135417879014598
009321,009161,11.135417879014598
009161,056233,50.84648226289467
056233,009161,50.84648226289467
009161,056234,41.11619160772675
056234,009161,41.11619160772675
009161,061349,8.648098400871175
061349,009161,8.648098400871175
009161,061350,14.202563692010449
061350,009161,14.202563692010449
009161,061351,8.627686077223505
061351,009161,8.627686077223505
009161,061352,8.471455737597621
061352,009161,8.471455737597621
009161,CSLMXKPB,35.77820839314825
CSLMXKPB,009161,35.77820839314825
009161,F01154,48.21426618095644
F01154,009161,48.21426618095644
009161,F01159,37.84919385201119
F01159,009161,37.84919385201119
009161,F01160,41.14212115969106
F01160,009161,41.14212115969106
009161,F01311,21.716935026899318
F01311,009161,21.716935026899318
009161,F01314,48.181444331370294
F01314,009161,48.181444331370294
009161,F01335,41.034561208470386
F01335,009161,41.034561208470386
009161,F01336,17.58863544703292
F01336,009161,17.58863544703292
009161,LM2KP1,19.35454998061771
LM2KP1,009161,19.35454998061771
009161,LM4KP2,39.01676824324484
LM4KP2,009161,39.01676824324484
009161,LM4KP3,40.4370626731079
LM4KP3,009161,40.4370626731079
009161,LMXKPA,42.52524327732615
LMXKPA,009161,42.52524327732615
009161,LMXKPB,43.79159084783955
LMXKPB,009161,43.79159084783955
009161,LMXKPC,41.51371748126411
LMXKPC,009161,41.51371748126411
009161,LMXKPD,33.76134553337713
LMXKPD,009161,33.76134553337713
009161,LMXKPE,38.44648001842974
LMXKPE,009161,38.44648001842974
009161,LMXKPF,19.132538262519194
LMXKPF,009161,19.132538262519194
009161,LMXKPG,17.87321184184459
LMXKPG,009161,17.87321184184459
009161,LMXKPH,23.557280336421012
LMXKPH,009161,23.557280336421012
009161,LMXKPI,32.32590725880907
LMXKPI,009161,32.32590725880907
009161,LMXKPJ,35.39076788042244
LMXKPJ,009161,35.39076788042244
009162,009163,5.480882892872206
009163,009162,5.480882892872206
009162,009321,14.507350406347099
009321,009162,14.507350406347099
009162,056233,37.07655725822992
056233,009162,37.07655725822992
009162,056234,25.445029124454866
056234,009162,25.445029124454866
009162,061349,7.569432721831598
061349,009162,7.569432721831598
009162,061350,2.5578336941000273
061350,009162,2.5578336941000273
009162,061351,9.550642454314724
061351,009162,9.550642454314724
009162,061352,13.95938038423966
061352,009162,13.95938038423966
009162,CSLMXKPB,21.3096130088061
CSLMXKPB,009162,21.3096130088061
009162,F01154,43.11358642698953
F01154,009162,43.11358642698953
009162,F01159,22.036809913968757
F01159,009162,22.036809913968757
009162,F01160,25.3413117993971
F01160,009162,25.3413117993971
009162,F01311,16.542229856238098
F01311,009162,16.542229856238098
009162,F01314,33.634196227880665
F01314,009162,33.634196227880665
009162,F01335,28.753135990882342
F01335,009162,28.753135990882342
009162,F01336,7.249545052197853
F01336,009162,7.249545052197853
009162,LM2KP1,5.3813340088672295
LM2KP1,009162,5.3813340088672295
009162,LM4KP2,23.059758568732608
LM4KP2,009162,23.059758568732608
009162,LM4KP3,27.63744974141464
LM4KP3,009162,27.63744974141464
009162,LMXKPA,26.57540070203626
LMXKPA,009162,26.57540070203626
009162,LMXKPB,27.84358989763284
LMXKPB,009162,27.84358989763284
009162,LMXKPC,25.632148394131928
LMXKPC,009162,25.632148394131928
009162,LMXKPD,17.878279766541787
LMXKPD,009162,17.878279766541787
009162,LMXKPE,22.66213554975372
LMXKPE,009162,22.66213554975372
009162,LMXKPF,3.6559932296254525
LMXKPF,009162,3.6559932296254525
009162,LMXKPG,11.544867527672487
LMXKPG,009162,11.544867527672487
009162,LMXKPH,15.28376388344979
LMXKPH,009162,15.28376388344979
009162,LMXKPI,16.405821948616616
LMXKPI,009162,16.405821948616616
009162,LMXKPJ,20.475866346875183
LMXKPJ,009162,20.475866346875183
009163,009321,9.026467513542544
009321,009163,9.026467513542544
009163,056233,42.52752939819895
056233,009163,42.52752939819895
009163,056234,30.370077972888527
056234,009163,30.370077972888527
009163,061349,6.159890069854499
061349,009163,6.159890069854499
009163,061350,5.871747442211424
061350,009163,5.871747442211424
009163,061351,4.512801237648544
061351,009163,4.512801237648544
009163,061352,8.629067875380269
061352,009163,8.629067875380269
009163,CSLMXKPB,26.72862028218391
CSLMXKPB,009163,26.72862028218391
009163,F01154,40.32969201435274
F01154,009163,40.32969201435274
009163,F01159,26.83032641649673
F01159,009163,26.83032641649673
009163,F01160,28.979781545764332
F01160,009163,28.979781545764332
009163,F01311,20.27846009807411
F01311,009163,20.27846009807411
009163,F01314,38.99128232555985
F01314,009163,38.99128232555985
009163,F01335,34.20494105052531
F01335,009163,34.20494105052531
009163,F01336,11.698147033808567
F01336,009163,11.698147033808567
009163,LM2KP1,10.76291197146941
LM2KP1,009163,10.76291197146941
009163,LM4KP2,27.432759049592686
LM4KP2,009163,27.432759049592686
009163,LM4KP3,33.111556117701035
LM4KP3,009163,33.111556117701035
009163,LMXKPA,30.98010615378035
LMXKPA,009163,30.98010615378035
009163,LMXKPB,31.93292025152809
LMXKPB,009163,31.93292025152809
009163,LMXKPC,29.46892524571556
LMXKPC,009163,29.46892524571556
009163,LMXKPD,21.7910896623551
LMXKPD,009163,21.7910896623551
009163,LMXKPE,27.48801369407696
LMXKPE,009163,27.48801369407696
009163,LMXKPF,9.106039724161452
LMXKPF,009163,9.106039724161452
009163,LMXKPG,15.167221587989431
LMXKPG,009163,15.167221587989431
009163,LMXKPH,19.816708525879704
LMXKPH,009163,19.816708525879704
009163,LMXKPI,21.051252559861098
LMXKPI,009163,21.051252559861098
009163,LMXKPJ,25.81280983289685
LMXKPJ,009163,25.81280983289685
009321,056233,51.518567662689925
056233,009321,51.518567662689925
009321,056234,38.80734845937058
056234,009321,38.80734845937058
009321,061349,11.705731235708837
061349,009321,11.705731235708837
009321,061350,14.540764710853956
061350,009321,14.540764710853956
009321,061351,5.885057625352196
061351,009321,5.885057625352196
009321,061352,2.6680879156569635
061352,009321,2.6680879156569635
009321,CSLMXKPB,35.69438576096956
CSLMXKPB,009321,35.69438576096956
009321,F01154,37.07909987094361
F01154,009321,37.07909987094361
009321,F01159,35.16523926609662
F01159,009321,35.16523926609662
009321,F01160,36.00386427291779
F01160,009321,36.00386427291779
009321,F01311,27.72602762659074
F01311,009321,27.72602762659074
009321,F01314,47.87498220472246
F01314,009321,47.87498220472246
009321,F01335,43.19956677747417
F01335,009321,43.19956677747417
009321,F01336,20.16471717492219
F01336,009321,20.16471717492219
009321,LM2KP1,19.74527187492789
LM2KP1,009321,19.74527187492789
009321,LM4KP2,35.31496162465544
LM4KP2,009321,35.31496162465544
009321,LM4KP3,42.1307061554661
LM4KP3,009321,42.1307061554661
009321,LMXKPA,38.835926306167316
LMXKPA,009321,38.835926306167316
009321,LMXKPB,39.411131384018226
LMXKPB,009321,39.411131384018226
009321,LMXKPC,36.70882043893869
LMXKPC,009321,36.70882043893869
009321,LMXKPD,29.3501255143632
LMXKPD,009321,29.3501255143632
009321,LMXKPE,35.848570742105345
LMXKPE,009321,35.848570742105345
009321,LMXKPF,18.122306136984168
LMXKPF,009321,18.122306136984168
009321,LMXKPG,22.81120312979172
LMXKPG,009321,22.81120312979172
009321,LMXKPH,28.030144563343317
LMXKPH,009321,28.030144563343317
009321,LMXKPI,29.337209660553505
LMXKPI,009321,29.337209660553505
009321,LMXKPJ,34.700158570079445
LMXKPJ,009321,34.700158570079445
056233,056234,16.58825091265504
056234,056233,16.58825091265504
056233,061349,42.59568331235414
061349,056233,42.59568331235414
056233,061350,37.6363942327484
061350,056233,37.6363942327484
056233,061351,46.53205931439245
061351,056233,46.53205931439245
056233,061352,51.00981804194088
061352,056233,51.00981804194088
056233,CSLMXKPB,15.847031117468836
CSLMXKPB,056233,15.847031117468836
056233,F01154,68.55544365667221
F01154,056233,68.55544365667221
056233,F01159,19.748802840840302
F01159,056233,19.748802840840302
056233,F01160,26.883305046967916
F01160,056233,26.883305046967916
056233,F01311,32.18414515703645
F01311,056233,32.18414515703645
056233,F01314,5.391170561391863
F01314,056233,5.391170561391863
056233,F01335,11.078667624112738
F01335,056233,11.078667624112738
056233,F01336,33.26298861598397
F01336,056233,33.26298861598397
056233,LM2KP1,32.14720710743657
LM2KP1,056233,32.14720710743657
056233,LM4KP2,22.331372381164787
LM4KP2,056233,22.331372381164787
056233,LM4KP3,10.835425713278555
LM4KP3,056233,10.835425713278555
056233,LMXKPA,20.914063155069204
LMXKPA,056233,20.914063155069204
056233,LMXKPB,23.333209664206635
LMXKPB,056233,23.333209664206635
056233,LMXKPC,25.49985719663125
LMXKPC,056233,25.49985719663125
056233,LMXKPD,27.181543996304253
LMXKPD,056233,27.181543996304253
056233,LMXKPE,19.114180314217716
LMXKPE,056233,19.114180314217716
056233,LMXKPF,33.426872003641655
LMXKPF,056233,33.426872003641655
056233,LMXKPG,33.77449186080654
LMXKPG,056233,33.77449186080654
056233,LMXKPH,28.659371676916795
LMXKPH,056233,28.659371676916795
056233,LMXKPI,24.384081994868048
LMXKPI,056233,24.384081994868048
056233,LMXKPJ,17.083093100879356
LMXKPJ,056233,17.083093100879356
056234,061349,32.46971545913838
061349,056234,32.46971545913838
056234,061350,26.920954344398194
061350,056234,26.920954344398194
056234,061351,34.81375435235363
061351,056234,34.81375435235363
056234,061352,38.956386859942604
061352,056234,38.956386859942604
056234,CSLMXKPB,8.713088451851476
CSLMXKPB,056234,8.713088451851476
056234,F01154,51.97417075318919
F01154,056234,51.97417075318919
056234,F01159,3.7311140850681057
F01159,056234,3.7311140850681057
056234,F01160,10.677840804693043
F01160,056234,10.677840804693043
056234,F01311,28.416670031682777
F01311,056234,28.416670031682777
056234,F01314,11.359338865711658
F01314,056234,11.359338865711658
056234,F01335,16.625799335129027
F01335,056234,16.625799335129027
056234,F01336,24.658163785809904
F01336,056234,24.658163785809904
056234,LM2KP1,21.90486045949297
LM2KP1,056234,21.90486045949297
056234,LM4KP2,5.745241737396682
LM4KP2,056234,5.745241737396682
056234,LM4KP3,14.665908011655615
LM4KP3,056234,14.665908011655615
056234,LMXKPA,5.237952595799593
LMXKPA,056234,5.237952595799593
056234,LMXKPB,8.119798323913638
LMXKPB,056234,8.119798323913638
056234,LMXKPC,9.388919424153082
LMXKPC,056234,9.388919424153082
056234,LMXKPD,11.02957860134026
LMXKPD,056234,11.02957860134026
056234,LMXKPE,3.021754591859547
LMXKPE,056234,3.021754591859547
056234,LMXKPF,22.020522766670183
LMXKPF,056234,22.020522766670183
056234,LMXKPG,27.3481126431224
LMXKPG,056234,27.3481126431224
056234,LMXKPH,24.342132918688158
LMXKPH,056234,24.342132918688158
056234,LMXKPI,9.500030971851988
LMXKPI,056234,9.500030971851988
056234,LMXKPJ,7.403918567335263
LMXKPJ,056234,7.403918567335263
061349,061350,5.5750599491523944
061350,061349,5.5750599491523944
061349,061351,5.877308592094124
061351,061349,5.877308592094124
061349,061352,9.871883291771853
061352,061349,9.871883291771853
061349,CSLMXKPB,27.280087906549984
CSLMXKPB,061349,27.280087906549984
061349,F01154,46.22384352107575
F01154,061349,46.22384352107575
061349,F01159,29.223254784320027
F01159,061349,29.223254784320027
061349,F01160,32.9104466423228
F01160,061349,32.9104466423228
061349,F01311,16.041029156498553
F01311,061349,16.041029156498553
061349,F01314,39.708880705431255
F01314,061349,39.708880705431255
061349,F01335,33.200536499369285
F01335,061349,33.200536499369285
061349,F01336,9.487454473707391
F01336,061349,9.487454473707391
061349,LM2KP1,10.746283797754716
LM2KP1,061349,10.746283797754716
061349,LM4KP2,30.49455991110032
LM4KP2,061349,30.49455991110032
061349,LM4KP3,32.42720591908286
LM4KP3,061349,32.42720591908286
061349,LMXKPA,33.980094487961644
LMXKPA,061349,33.980094487961644
061349,LMXKPB,35.35368629797145
LMXKPB,061349,35.35368629797145
061349,LMXKPC,33.189583176289915
LMXKPC,061349,33.189583176289915
061349,LMXKPD,25.439594432563446
LMXKPD,061349,25.439594432563446
061349,LMXKPE,29.81393698656621
LMXKPE,061349,29.81393698656621
061349,LMXKPF,10.51533605734859
LMXKPF,061349,10.51533605734859
061349,LMXKPG,11.229329909793536
LMXKPG,061349,11.229329909793536
061349,LMXKPH,16.687121214613786
LMXKPH,061349,16.687121214613786
061349,LMXKPI,23.757133352877208
LMXKPI,061349,23.757133352877208
061349,LMXKPJ,26.806743026043794
LMXKPJ,061349,26.806743026043794
061350,061351,9.011714265144697
061351,061350,9.011714265144697
061350,061352,13.532344699710377
061352,061350,13.532344699710377
061350,CSLMXKPB,22.066948494808557
CSLMXKPB,061350,22.066948494808557
061350,F01154,45.15604951764317
F01154,061350,45.15604951764317
061350,F01159,23.651040320252758
F01159,061350,23.651040320252758
061350,F01160,27.526120790699373
F01160,061350,27.526120790699373
061350,F01311,14.697221842854939
F01311,061350,14.697221842854939
061350,F01314,34.48794149120086
F01314,061350,34.48794149120086
061350,F01335,28.77156553488346
F01335,061350,28.77156553488346
061350,F01336,5.828898328154426
F01336,061350,5.828898328154426
061350,LM2KP1,5.491210834688997
LM2KP1,061350,5.491210834688997
061350,LM4KP2,24.943095580756214
LM4KP2,061350,24.943095580756214
061350,LM4KP3,27.80826326491426
LM4KP3,061350,27.80826326491426
061350,LMXKPA,28.418131397657863
LMXKPA,061350,28.418131397657863
061350,LMXKPB,29.839725914775673
LMXKPB,061350,29.839725914775673
061350,LMXKPC,27.744723398243853
LMXKPC,061350,27.744723398243853
061350,LMXKPD,20.018338011548455
LMXKPD,061350,20.018338011548455
061350,LMXKPE,24.244957251289883
LMXKPE,061350,24.244957251289883
061350,LMXKPF,4.940365469452711
LMXKPF,061350,4.940365469452711
061350,LMXKPG,9.597977779994105
LMXKPG,061350,9.597977779994105
061350,LMXKPH,13.96242091995644
LMXKPH,061350,13.96242091995644
061350,LMXKPI,18.19046415088668
LMXKPI,061350,18.19046415088668
061350,LMXKPJ,21.44989606705435
LMXKPJ,061350,21.44989606705435
061351,061352,4.520630434617644
061352,061351,4.520630434617644
061351,CSLMXKPB,30.82612216747584
CSLMXKPB,061351,30.82612216747584
061351,F01154,41.138821759142786
F01154,061351,41.138821759142786
061351,F01159,31.301753513594107
F01159,061351,31.301753513594107
061351,F01160,33.435572055902036
F01160,061351,33.435572055902036
061351,F01311,21.85139713351595
F01311,061351,21.85139713351595
061351,F01314,43.17864390520684
F01314,061351,43.17864390520684
061351,F01335,37.78138912235128
F01335,061351,37.78138912235128
061351,F01336,14.416930274080718
F01336,061351,14.416930274080718
061351,LM2KP1,14.432078145893652
LM2KP1,061351,14.432078145893652
061351,LM4KP2,31.945033289102394
LM4KP2,061351,31.945033289102394
061351,LM4KP3,36.81515281045968
LM4KP3,061351,36.81515281045968
061351,LMXKPA,35.49227218668712
LMXKPA,061351,35.49227218668712
061351,LMXKPB,36.43636596413909
LMXKPB,061351,36.43636596413909
061351,LMXKPC,33.95073141540082
LMXKPC,061351,33.95073141540082
061351,LMXKPD,26.291166771771607
LMXKPD,061351,26.291166771771607
061351,LMXKPE,31.953506655766827
LMXKPE,061351,31.953506655766827
061351,LMXKPF,13.19272679752749
LMXKPF,061351,13.19272679752749
061351,LMXKPG,16.92620043002936
LMXKPG,061351,16.92620043002936
061351,LMXKPH,22.17740181099432
LMXKPH,061351,22.17740181099432
061351,LMXKPI,25.539617137696652
LMXKPI,061351,25.539617137696652
061351,LMXKPJ,30.026044316195573
LMXKPJ,061351,30.026044316195573
061352,CSLMXKPB,35.26802396340397
CSLMXKPB,061352,35.26802396340397
061352,F01154,39.74511236551403
F01154,061352,39.74511236551403
061352,F01159,35.381873860203015
F01159,061352,35.381873860203015
061352,F01160,36.87582739074726
F01160,061352,36.87582739074726
061352,F01311,25.880979910116796
F01311,061352,25.880979910116796
061352,F01314,47.583238495147505
F01314,061352,47.583238495147505
061352,F01335,42.301374921624
F01335,061352,42.301374921624
061352,F01336,18.87441923264095
F01336,061352,18.87441923264095
061352,LM2KP1,18.942473705329345
LM2KP1,061352,18.942473705329345
061352,LM4KP2,35.797702464303484
LM4KP2,061352,35.797702464303484
061352,LM4KP3,41.33415446588883
LM4KP3,061352,41.33415446588883
061352,LMXKPA,39.34046049899729
LMXKPA,061352,39.34046049899729
061352,LMXKPB,40.101107013005816
LMXKPB,061352,40.101107013005816
061352,LMXKPC,37.49526148326127
LMXKPC,061352,37.49526148326127
061352,LMXKPD,29.968672361245517
LMXKPD,061352,29.968672361245517
061352,LMXKPE,36.04878704228285
LMXKPE,061352,36.04878704228285
061352,LMXKPF,17.61500294495048
LMXKPF,061352,17.61500294495048
061352,LMXKPG,21.099231420995764
LMXKPG,061352,21.099231420995764
061352,LMXKPH,26.494205816236576
LMXKPH,061352,26.494205816236576
061352,LMXKPI,29.574693450630512
LMXKPI,061352,29.574693450630512
061352,LMXKPJ,34.412120153556565
LMXKPJ,061352,34.412120153556565
CSLMXKPB,F01154,55.3348359714995
F01154,CSLMXKPB,55.3348359714995
CSLMXKPB,F01159,8.534952704001594
F01159,CSLMXKPB,8.534952704001594
CSLMXKPB,F01160,17.588612835547817
F01160,CSLMXKPB,17.588612835547817
CSLMXKPB,F01311,20.269271806887538
F01311,CSLMXKPB,20.269271806887538
CSLMXKPB,F01314,12.43208052263181
F01314,CSLMXKPB,12.43208052263181
CSLMXKPB,F01335,10.172267541011394
F01335,CSLMXKPB,10.172267541011394
CSLMXKPB,F01336,18.346691072374945
F01336,CSLMXKPB,18.346691072374945
CSLMXKPB,LM2KP1,16.59762341587246
LM2KP1,CSLMXKPB,16.59762341587246
CSLMXKPB,LM4KP2,12.103298563552602
LM4KP2,CSLMXKPB,12.103298563552602
CSLMXKPB,LM4KP3,8.319483969060453
LM4KP3,CSLMXKPB,8.319483969060453
CSLMXKPB,LMXKPA,13.486752563942279
LMXKPA,CSLMXKPB,13.486752563942279
CSLMXKPB,LMXKPB,16.30548811899483
LMXKPB,CSLMXKPB,16.30548811899483
CSLMXKPB,LMXKPC,16.611621800051086
LMXKPC,CSLMXKPB,16.611621800051086
CSLMXKPB,LMXKPD,13.984678731825847
LMXKPD,CSLMXKPB,13.984678731825847
CSLMXKPB,LMXKPE,8.407836125136688
LMXKPE,CSLMXKPB,8.407836125136688
CSLMXKPB,LMXKPF,17.653621316025667
LMXKPF,CSLMXKPB,17.653621316025667
CSLMXKPB,LMXKPG,20.04502360018521
LMXKPG,CSLMXKPB,20.04502360018521
CSLMXKPB,LMXKPH,16.207192869911488
LMXKPH,CSLMXKPB,16.207192869911488
CSLMXKPB,LMXKPI,10.057187235294696
LMXKPI,CSLMXKPB,10.057187235294696
CSLMXKPB,LMXKPJ,2.052440915643443
LMXKPJ,CSLMXKPB,2.052440915643443
F01154,F01159,48.905183504673346
F01159,F01154,48.905183504673346
F01154,F01160,42.22998059877809
F01160,F01154,42.22998059877809
F01154,F01311,59.64299799488704
F01311,F01154,59.64299799488704
F01154,F01314,63.3153927564149
F01314,F01154,63.3153927564149
F01154,F01335,65.45574019242655
F01335,F01154,65.45574019242655
F01154,F01336,50.28086100523932
F01336,F01154,50.28086100523932
F01154,LM2KP1,47.31943879803356
LM2KP1,F01154,47.31943879803356
F01154,LM4KP2,46.24249990741349
LM4KP2,F01154,46.24249990741349
F01154,LM4KP3,63.650204250649864
LM4KP3,F01154,63.650204250649864
F01154,LMXKPA,48.14667950083072
LMXKPA,F01154,48.14667950083072
F01154,LMXKPB,46.356711158578044
LMXKPB,F01154,46.356711158578044
F01154,LMXKPC,43.63074404017761
LMXKPC,F01154,43.63074404017761
F01154,LMXKPD,41.69395343434394
LMXKPD,F01154,41.69395343434394
F01154,LMXKPE,49.50233439750669
LMXKPE,F01154,49.50233439750669
F01154,LMXKPF,44.731433735893205
LMXKPF,F01154,44.731433735893205
F01154,LMXKPG,54.653450266431996
LMXKPG,F01154,54.653450266431996
F01154,LMXKPH,57.92109650844012
LMXKPH,F01154,57.92109650844012
F01154,LMXKPI,45.29205406340351
LMXKPI,F01154,45.29205406340351
F01154,LMXKPJ,53.3881269616885
LMXKPJ,F01154,53.3881269616885
F01159,F01160,9.07325685817258
F01160,F01159,9.07325685817258
F01159,F01311,26.5968279457126
F01311,F01159,26.5968279457126
F01159,F01314,14.711863108781733
F01314,F01159,14.711863108781733
F01159,F01335,17.994587510359693
F01335,F01159,17.994587510359693
F01159,F01336,21.87487484331377
F01336,F01159,21.87487484331377
F01159,LM2KP1,18.84828550403672
LM2KP1,F01159,18.84828550403672
F01159,LM4KP2,3.5741291005036557
LM4KP2,F01159,3.5741291005036557
F01159,LM4KP3,16.021000228800293
LM4KP3,F01159,16.021000228800293
F01159,LMXKPA,5.56082810661253
LMXKPA,F01159,5.56082810661253
F01159,LMXKPB,8.097904798523276
LMXKPB,F01159,8.097904798523276
F01159,LMXKPC,8.07763689194228
LMXKPC,F01159,8.07763689194228
F01159,LMXKPD,7.477242430167599
LMXKPD,F01159,7.477242430167599
F01159,LMXKPE,0.7104487745693522
LMXKPE,F01159,0.7104487745693522
F01159,LMXKPF,18.716657008419716
LMXKPF,F01159,18.716657008419716
F01159,LMXKPG,24.96200773829164
LMXKPG,F01159,24.96200773829164
F01159,LMXKPH,22.58223046058618
LMXKPH,F01159,22.58223046058618
F01159,LMXKPI,5.828042963708818
LMXKPI,F01159,5.828042963708818
F01159,LMXKPJ,6.643352512726472
LMXKPJ,F01159,6.643352512726472
F01160,F01311,33.973599206677605
F01311,F01160,33.973599206677605
F01160,F01314,21.507885077127394
F01314,F01160,21.507885077127394
F01160,F01335,26.93681393380731
F01335,F01160,26.93681393380731
F01160,F01336,27.522787754822748
F01336,F01160,27.522787754822748
F01160,LM2KP1,23.889801379213317
LM2KP1,F01160,23.889801379213317
F01160,LM4KP2,5.501220829575876
LM4KP2,F01160,5.501220829575876
F01160,LM4KP3,24.957747994622864
LM4KP3,F01160,24.957747994622864
F01160,LMXKPA,5.997360373737803
LMXKPA,F01160,5.997360373737803
F01160,LMXKPB,4.28739537831611
LMXKPB,F01160,4.28739537831611
F01160,LMXKPC,1.4058730636169794
LMXKPC,F01160,1.4058730636169794
F01160,LMXKPD,7.524636438713315
LMXKPD,F01160,7.524636438713315
F01160,LMXKPE,9.318157147926652
LMXKPE,F01160,9.318157147926652
F01160,LMXKPF,22.817660812930455
LMXKPF,F01160,22.817660812930455
F01160,LMXKPG,31.39799561907456
LMXKPG,F01160,31.39799561907456
F01160,LMXKPH,30.159014508655808
LMXKPH,F01160,30.159014508655808
F01160,LMXKPI,10.598642658052771
LMXKPI,F01160,10.598642658052771
F01160,LMXKPJ,15.639794488623652
LMXKPJ,F01160,15.639794488623652
F01311,F01314,31.083617915571914
F01314,F01311,31.083617915571914
F01311,F01335,21.30486923487497
F01335,F01311,21.30486923487497
F01311,F01336,9.37995189936458
F01336,F01311,9.37995189936458
F01311,LM2KP1,12.749180140669583
LM2KP1,F01311,12.749180140669583
F01311,LM4KP2,29.44511358100523
LM4KP2,F01311,29.44511358100523
F01311,LM4KP3,21.353966644955527
LM4KP3,F01311,21.353966644955527
F01311,LMXKPA,32.15704118877566
LMXKPA,F01311,32.15704118877566
F01311,LMXKPB,34.54091909031925
LMXKPB,F01311,34.54091909031925
F01311,LMXKPC,33.5790580550661
LMXKPC,F01311,33.5790580550661
F01311,LMXKPD,27.123585391627174
LMXKPD,F01311,27.123585391627174
F01311,LMXKPE,26.881078128757768
LMXKPE,F01311,26.881078128757768
F01311,LMXKPF,15.249660248693013
LMXKPF,F01311,15.249660248693013
F01311,LMXKPG,5.116524053345142
LMXKPG,F01311,5.116524053345142
F01311,LMXKPH,4.079568654443574
LMXKPH,F01311,4.079568654443574
F01311,LMXKPI,23.38912448796448
LMXKPI,F01311,23.38912448796448
F01311,LMXKPJ,21.069133256200665
LMXKPJ,F01311,21.069133256200665
F01314,F01335,11.654003831115412
F01335,F01314,11.654003831115412
F01314,F01336,30.67091548947894
F01336,F01314,30.67091548947894
F01314,LM2KP1,29.02707141244671
LM2KP1,F01314,29.02707141244671
F01314,LM4KP2,17.07373240707164
LM4KP2,F01314,17.07373240707164
F01314,LM4KP3,10.50790602247943
LM4KP3,F01314,10.50790602247943
F01314,LMXKPA,15.529891870017892
LMXKPA,F01314,15.529891870017892
F01314,LMXKPB,17.944717676065146
LMXKPB,F01314,17.944717676065146
F01314,LMXKPC,20.12050654029729
LMXKPC,F01314,20.12050654029729
F01314,LMXKPD,22.188523774305775
LMXKPD,F01314,22.188523774305775
F01314,LMXKPE,14.045398110643411
LMXKPE,F01314,14.045398110643411
F01314,LMXKPF,29.986027148187596
LMXKPF,F01314,29.986027148187596
F01314,LMXKPG,31.8744613856294
LMXKPG,F01314,31.8744613856294
F01314,LMXKPH,27.252834493251793
LMXKPH,F01314,27.252834493251793
F01314,LMXKPI,19.739500704129746
LMXKPI,F01314,19.739500704129746
F01314,LMXKPJ,13.180122095053948
LMXKPJ,F01314,13.180122095053948
F01335,F01336,23.713155189410127
F01336,F01335,23.713155189410127
F01335,LM2KP1,23.45435464969016
LM2KP1,F01335,23.45435464969016
F01335,LM4KP2,21.486455907989953
LM4KP2,F01335,21.486455907989953
F01335,LM4KP3,1.97906612717489
LM4KP3,F01335,1.97906612717489
F01335,LMXKPA,21.86373519788671
LMXKPA,F01335,21.86373519788671
F01335,LMXKPB,24.742201904135136
LMXKPB,F01335,24.742201904135136
F01335,LMXKPC,25.779496228325293
LMXKPC,F01335,25.779496228325293
F01335,LMXKPD,24.136664091738698
LMXKPD,F01335,24.136664091738698
F01335,LMXKPE,17.649850911930557
LMXKPE,F01335,17.649850911930557
F01335,LMXKPF,25.259947788005935
LMXKPF,F01335,25.259947788005935
F01335,LMXKPG,23.429072150416108
LMXKPG,F01335,23.429072150416108
F01335,LMXKPH,18.017678295323908
LMXKPH,F01335,18.017678295323908
F01335,LMXKPI,20.220062310605346
LMXKPI,F01335,20.220062310605346
F01335,LMXKPJ,12.188167547869572
LMXKPJ,F01335,12.188167547869572
F01336,LM2KP1,3.8658534190587854
LM2KP1,F01336,3.8658534190587854
F01336,LM4KP2,23.923793147261847
LM4KP2,F01336,23.923793147261847
F01336,LM4KP3,22.962954268072124
LM4KP3,F01336,22.962954268072124
F01336,LMXKPA,27.159451419396042
LMXKPA,F01336,27.159451419396042
F01336,LMXKPB,29.054626936177065
LMXKPB,F01336,29.054626936177065
F01336,LMXKPC,27.44451949279468
LMXKPC,F01336,27.44451949279468
F01336,LMXKPD,20.12207335411242
LMXKPD,F01336,20.12207335411242
F01336,LMXKPE,22.35854983757065
LMXKPE,F01336,22.35854983757065
F01336,LMXKPF,6.058861249882669
LMXKPF,F01336,6.058861249882669
F01336,LMXKPG,4.653793039971854
LMXKPG,F01336,4.653793039971854
F01336,LMXKPH,8.146314977097003
LMXKPH,F01336,8.146314977097003
F01336,LMXKPI,17.20113698406437
LMXKPI,F01336,17.20113698406437
F01336,LMXKPJ,18.20183737238658
LMXKPJ,F01336,18.20183737238658
LM2KP1,LM4KP2,20.58559996873254
LM4KP2,LM2KP1,20.58559996873254
LM2KP1,LM4KP3,22.41117360711836
LM4KP3,LM2KP1,22.41117360711836
LM2KP1,LMXKPA,23.934055214690343
LMXKPA,LM2KP1,23.934055214690343
LM2KP1,LMXKPB,25.65929994398927
LMXKPB,LM2KP1,25.65929994398927
LM2KP1,LMXKPC,23.889444445050728
LMXKPC,LM2KP1,23.889444445050728
LM2KP1,LMXKPD,16.423905002767853
LMXKPD,LM2KP1,16.423905002767853
LM2KP1,LMXKPE,19.390221750555853
LMXKPE,LM2KP1,19.390221750555853
LM2KP1,LMXKPF,2.588050449583663
LMXKPF,LM2KP1,2.588050449583663
LM2KP1,LMXKPG,8.419610311115042
LMXKPG,LM2KP1,8.419610311115042
LM2KP1,LMXKPH,10.601923110793393
LMXKPH,LM2KP1,10.601923110793393
LM2KP1,LMXKPI,13.791240588967046
LMXKPI,LM2KP1,13.791240588967046
LM2KP1,LMXKPJ,16.06156103200988
LMXKPJ,LM2KP1,16.06156103200988
LM4KP2,LM4KP3,19.508467273975878
LM4KP3,LM4KP2,19.508467273975878
LM4KP2,LMXKPA,3.5476049335814395
LMXKPA,LM4KP2,3.5476049335814395
LM4KP2,LMXKPB,5.159483663826426
LMXKPB,LM4KP2,5.159483663826426
LM4KP2,LMXKPC,4.529014394696778
LMXKPC,LM4KP2,4.529014394696778
LM4KP2,LMXKPD,6.138706617249525
LMXKPD,LM4KP2,6.138706617249525
LM4KP2,LMXKPE,3.8373630067357505
LMXKPE,LM4KP2,3.8373630067357505
LM4KP2,LMXKPF,20.02963914532743
LMXKPF,LM4KP2,20.02963914532743
LM4KP2,LMXKPG,27.38665543170039
LMXKPG,LM4KP2,27.38665543170039
LM4KP2,LMXKPH,25.502816608690953
LMXKPH,LM4KP2,25.502816608690953
LM4KP2,LMXKPI,6.803731899208388
LMXKPI,LM4KP2,6.803731899208388
LM4KP2,LMXKPJ,10.182497566874735
LMXKPJ,LM4KP2,10.182497566874735
LM4KP3,LMXKPA,19.903443523644157
LMXKPA,LM4KP3,19.903443523644157
LM4KP3,LMXKPB,22.78488917965622
LMXKPB,LM4KP3,22.78488917965622
LM4KP3,LMXKPC,23.801386376436355
LMXKPC,LM4KP3,23.801386376436355
LM4KP3,LMXKPD,22.23856737163794
LMXKPD,LM4KP3,22.23856737163794
LM4KP3,LMXKPE,15.672178082568966
LMXKPE,LM4KP3,15.672178082568966
LM4KP3,LMXKPF,24.084808089394333
LMXKPF,LM4KP3,24.084808089394333
LM4KP3,LMXKPG,23.057895283480406
LMXKPG,LM4KP3,23.057895283480406
LM4KP3,LMXKPH,17.839519701349744
LMXKPH,LM4KP3,17.839519701349744
LM4KP3,LMXKPI,18.376180209949318
LMXKPI,LM4KP3,18.376180209949318
LM4KP3,LMXKPJ,10.306363952656415
LMXKPJ,LM4KP3,10.306363952656415
LMXKPA,LMXKPB,2.889573951913725
LMXKPB,LMXKPA,2.889573951913725
LMXKPA,LMXKPC,4.598705620419132
LMXKPC,LMXKPA,4.598705620419132
LMXKPA,LMXKPD,9.55236678187907
LMXKPD,LMXKPA,9.55236678187907
LMXKPA,LMXKPE,5.336130392157396
LMXKPE,LMXKPA,5.336130392157396
LMXKPA,LMXKPF,23.49106620509668
LMXKPF,LMXKPA,23.49106620509668
LMXKPA,LMXKPG,30.42765282702107
LMXKPG,LMXKPA,30.42765282702107
LMXKPA,LMXKPH,28.14266750422377
LMXKPH,LMXKPA,28.14266750422377
LMXKPA,LMXKPI,10.231466321136079
LMXKPI,LMXKPA,10.231466321136079
LMXKPA,LMXKPJ,11.830430921654127
LMXKPJ,LMXKPA,11.830430921654127
LMXKPB,LMXKPC,3.0232207269420153
LMXKPC,LMXKPB,3.0232207269420153
LMXKPB,LMXKPD,10.148284102812811
LMXKPD,LMXKPB,10.148284102812811
LMXKPB,LMXKPE,8.003711495901534
LMXKPE,LMXKPB,8.003711495901534
LMXKPB,LMXKPF,24.968547829846983
LMXKPF,LMXKPB,24.968547829846983
LMXKPB,LMXKPG,32.54607791259294
LMXKPG,LMXKPB,32.54607791259294
LMXKPB,LMXKPH,30.569001934074272
LMXKPH,LMXKPB,30.569001934074272
LMXKPB,LMXKPI,11.87377414996283
LMXKPI,LMXKPB,11.87377414996283
LMXKPB,LMXKPJ,14.586193827823315
LMXKPJ,LMXKPB,14.586193827823315
LMXKPC,LMXKPD,7.756171129258087
LMXKPD,LMXKPC,7.756171129258087
LMXKPC,LMXKPE,8.247820612654243
LMXKPE,LMXKPC,8.247820612654243
LMXKPC,LMXKPF,22.960607273516487
LMXKPF,LMXKPC,22.960607273516487
LMXKPC,LMXKPG,31.1924570302139
LMXKPG,LMXKPC,31.1924570302139
LMXKPC,LMXKPH,29.706897310059503
LMXKPH,LMXKPC,29.706897310059503
LMXKPC,LMXKPI,10.324919723564426
LMXKPI,LMXKPC,10.324919723564426
LMXKPC,LMXKPJ,14.708061502107936
LMXKPJ,LMXKPC,14.708061502107936
LMXKPD,LMXKPE,8.152620674916223
LMXKPE,LMXKPD,8.152620674916223
LMXKPD,LMXKPF,15.29306302071509
LMXKPF,LMXKPD,15.29306302071509
LMXKPD,LMXKPG,24.161854400667508
LMXKPG,LMXKPD,24.161854400667508
LMXKPD,LMXKPH,23.503199021245475
LMXKPH,LMXKPD,23.503199021245475
LMXKPD,LMXKPI,4.28189751509404
LMXKPI,LMXKPD,4.28189751509404
LMXKPD,LMXKPJ,11.95071517574276
LMXKPJ,LMXKPD,11.95071517574276
LMXKPE,LMXKPF,19.31577563350836
LMXKPF,LMXKPE,19.31577563350836
LMXKPE,LMXKPG,25.36290039899497
LMXKPG,LMXKPE,25.36290039899497
LMXKPE,LMXKPH,22.84862868300892
LMXKPH,LMXKPE,22.84862868300892
LMXKPE,LMXKPI,6.514137535553027
LMXKPI,LMXKPE,6.514137535553027
LMXKPE,LMXKPJ,6.599544490908743
LMXKPJ,LMXKPE,6.599544490908743
LMXKPF,LMXKPG,10.711946517540644
LMXKPG,LMXKPF,10.711946517540644
LMXKPF,LMXKPH,13.189781560947685
LMXKPH,LMXKPF,13.189781560947685
LMXKPF,LMXKPI,13.260148544844784
LMXKPI,LMXKPF,13.260148544844784
LMXKPF,LMXKPJ,16.83813682599464
LMXKPJ,LMXKPF,16.83813682599464
LMXKPG,LMXKPH,5.688133089132905
LMXKPH,LMXKPG,5.688133089132905
LMXKPG,LMXKPI,20.867737526502257
LMXKPI,LMXKPG,20.867737526502257
LMXKPG,LMXKPJ,20.352342855333276
LMXKPJ,LMXKPG,20.352342855333276
LMXKPH,LMXKPI,19.623627335491914
LMXKPI,LMXKPH,19.623627335491914
LMXKPH,LMXKPJ,16.98975586708737
LMXKPJ,LMXKPH,16.98975586708737
LMXKPI,LMXKPJ,8.096293414832461
LMXKPJ,LMXKPI,8.096293414832461
061368,F01172,6.205317082693899
F01172,061368,6.205317082693899
061368,LMXKPK,24.600731790767846
LMXKPK,061368,24.600731790767846
061368,LMXKPL,25.599922325207665
LMXKPL,061368,25.599922325207665
061368,LMXKPM,24.166967704744568
LMXKPM,061368,24.166967704744568
061368,LMXKPN,10.407577343899534
LMXKPN,061368,10.407577343899534
F01172,LMXKPK,24.954805894978847
LMXKPK,F01172,24.954805894978847
F01172,LMXKPL,26.875372992898836
LMXKPL,F01172,26.875372992898836
F01172,LMXKPM,26.05372774829213
LMXKPM,F01172,26.05372774829213
F01172,LMXKPN,10.675515587989588
LMXKPN,F01172,10.675515587989588
LMXKPK,LMXKPL,4.092011051116345
LMXKPL,LMXKPK,4.092011051116345
LMXKPK,LMXKPM,6.2729271040923855
LMXKPM,LMXKPK,6.2729271040923855
LMXKPK,LMXKPN,14.509186411710786
LMXKPN,LMXKPK,14.509186411710786
LMXKPL,LMXKPM,2.849741227352906
LMXKPM,LMXKPL,2.849741227352906
LMXKPL,LMXKPN,16.202771922172072
LMXKPN,LMXKPL,16.202771922172072
LMXKPM,LMXKPN,15.443408419011107
LMXKPN,LMXKPM,15.443408419011107
056229,056230,16.68397687143359
056230,056229,16.68397687143359
056229,CS056230,6.737849462514294
CS056230,056229,6.737849462514294
056229,F01200,3.7521634566150475
F01200,056229,3.7521634566150475
056229,F01201,9.031657251888163
F01201,056229,9.031657251888163
056229,F01202,1.443246161974969
F01202,056229,1.443246161974969
056229,F01203,6.427937750254986
F01203,056229,6.427937750254986
056229,L056213,6.737849462514294
L056213,056229,6.737849462514294
056230,CS056230,9.963489372599355
CS056230,056230,9.963489372599355
056230,F01200,19.324716931983684
F01200,056230,19.324716931983684
056230,F01201,23.264144588427264
F01201,056230,23.264144588427264
056230,F01202,18.092331123809082
F01202,056230,18.092331123809082
056230,F01203,23.04527159294993
F01203,056230,23.04527159294993
056230,L056213,9.963489372599355
L056213,056230,9.963489372599355
CS056230,F01200,9.709808922178143
F01200,CS056230,9.709808922178143
CS056230,F01201,13.952913357372642
F01201,CS056230,13.952913357372642
CS056230,F01202,8.132987160337057
F01202,CS056230,8.132987160337057
CS056230,F01203,13.0825897219133
F01203,CS056230,13.0825897219133
CS056230,L056213,0.0
L056213,CS056230,0.0
F01200,F01201,10.514194398650393
F01201,F01200,10.514194398650393
F01200,F01202,3.3491970398710373
F01202,F01200,3.3491970398710373
F01200,F01203,5.553347972429231
F01203,F01200,5.553347972429231
F01200,L056213,9.709808922178143
L056213,F01200,9.709808922178143
F01201,F01202,7.977655188727755
F01202,F01201,7.977655188727755
F01201,F01203,6.1960181680586075
F01203,F01201,6.1960181680586075
F01201,L056213,13.952913357372642
L056213,F01201,13.952913357372642
F01202,F01203,4.988043353082664
F01203,F01202,4.988043353082664
F01202,L056213,8.132987160337057
L056213,F01202,8.132987160337057
F01203,L056213,13.0825897219133
L056213,F01203,13.0825897219133
F01196,F01197,9.65099830436764
F01197,F01196,9.65099830436764
F01196,F01198,4.7638764250867345
F01198,F01196,4.7638764250867345
F01196,F01199,8.27628636458422
F01199,F01196,8.27628636458422
F01196,F01204,11.483134061508556
F01204,F01196,11.483134061508556
F01196,F01205,16.67038849778649
F01205,F01196,16.67038849778649
F01197,F01198,9.425465761996286
F01198,F01197,9.425465761996286
F01197,F01199,17.17915087647204
F01199,F01197,17.17915087647204
F01197,F01204,10.639844790164759
F01204,F01197,10.639844790164759
F01197,F01205,15.942204185604252
F01205,F01197,15.942204185604252
F01198,F01199,8.314242723091935
F01199,F01198,8.314242723091935
F01198,F01204,15.121593809148774
F01204,F01198,15.121593809148774
F01198,F01205,20.61832576702867
F01205,F01198,20.61832576702867
F01199,F01204,19.251818792599238
F01204,F01199,19.251818792599238
F01199,F01205,23.90375848123942
F01205,F01199,23.90375848123942
F01204,F01205,5.622353900312547
F01205,F01204,5.622353900312547
F01207,F01208,11.239595660881207
F01208,F01207,11.239595660881207
F01176,F01177,23.006334300568138
F01177,F01176,23.006334300568138
056231,056232,12.714700609223222
056232,056231,12.714700609223222
056231,CS056232,6.3912721939567945
CS056232,056231,6.3912721939567945
056231,L056214,6.3912721939567945
L056214,056231,6.3912721939567945
056232,CS056232,18.28800788062344
CS056232,056232,18.28800788062344
056232,L056214,18.28800788062344
L056214,056232,18.28800788062344
CS056232,L056214,0.0
L056214,CS056232,0.0
F01300,F01301,15.853523849415163
F01301,F01300,15.853523849415163
F01300,F01302,19.85507350674345
F01302,F01300,19.85507350674345
F01300,F01303,7.105392149826377
F01303,F01300,7.105392149826377
F01301,F01302,12.803726303408059
F01302,F01301,12.803726303408059
F01301,F01303,11.202284334667203
F01303,F01301,11.202284334667203
F01302,F01303,12.753974870946339
F01303,F01302,12.753974870946339
F01209,F01210,9.872615240383798
F01210,F01209,9.872615240383798
F01211,F01212,3.5807257528195224
F01212,F01211,3.5807257528195224
F01330,F01331,13.395638101417942
F01331,F01330,13.395638101417942
F01144,F01145,13.74425487360732
F01145,F01144,13.74425487360732
F01144,F01146,17.51416882503816
F01146,F01144,17.51416882503816
F01144,F01149,24.134743443836108
F01149,F01144,24.134743443836108
F01145,F01146,23.709097635666968
F01146,F01145,23.709097635666968
F01145,F01149,16.68021885078382
F01149,F01145,16.68021885078382
F01146,F01149,20.394230816684125
F01149,F01146,20.394230816684125
F01182,F01183,6.3770442267968255
F01183,F01182,6.3770442267968255
F01150,F01151,8.431421927990243
F01151,F01150,8.431421927990243
F01250,F01251,22.30697021751821
F01251,F01250,22.30697021751821
F02737,F02738,5.222388198058514
F02738,F02737,5.222388198058514
F02733,F02734,16.873589883316477
F02734,F02733,16.873589883316477
F02733,F02735,25.663088347800304
F02735,F02733,25.663088347800304
F02733,F02736,6.058946166932394
F02736,F02733,6.058946166932394
F02734,F02735,8.995945511783313
F02735,F02734,8.995945511783313
F02734,F02736,15.46868603801729
F02736,F02734,15.46868603801729
F02735,F02736,24.435428876214228
F02736,F02735,24.435428876214228
F02716,F02717,3.904154105770885
F02717,F02716,3.904154105770885
F02718,F02720,22.65209504559528
F02720,F02718,22.65209504559528
F02718,F02722,16.833447145609465
F02722,F02718,16.833447145609465
F02718,F02723,13.658850862610173
F02723,F02718,13.658850862610173
F02720,F02722,15.216507164095853
F02722,F02720,15.216507164095853
F02720,F02723,16.77250942758967
F02723,F02720,16.77250942758967
F02722,F02723,21.615419453243458
F02723,F02722,21.615419453243458
F02724,F02726,9.396885385656041
F02726,F02724,9.396885385656041
009426,F02725,21.242683432634585
F02725,009426,21.242683432634585
009426,F02727,18.545364100847557
F02727,009426,18.545364100847557
009426,F02729,11.217239661762411
F02729,009426,11.217239661762411
009426,F02730,7.635101712431475
F02730,009426,7.635101712431475
009426,F02731,20.761339313795414
F02731,009426,20.761339313795414
009426,F02732,13.399886641888214
F02732,009426,13.399886641888214
F02725,F02727,10.176883876251559
F02727,F02725,10.176883876251559
F02725,F02729,12.739161332534202
F02729,F02725,12.739161332534202
F02725,F02730,14.481758557361768
F02730,F02725,14.481758557361768
F02725,F02731,14.411540019746749
F02731,F02725,14.411540019746749
F02725,F02732,8.488703704522338
F02732,F02725,8.488703704522338
F02727,F02729,15.812375223083624
F02729,F02727,15.812375223083624
F02727,F02730,10.985591743480379
F02730,F02727,10.985591743480379
F02727,F02731,22.263740682653097
F02731,F02727,22.263740682653097
F02727,F02732,11.871112649034142
F02732,F02727,11.871112649034142
F02729,F02730,8.860668820731167
F02730,F02729,8.860668820731167
F02729,F02731,9.95275285901825
F02731,F02729,9.95275285901825
F02729,F02732,4.4964265693504
F02732,F02729,4.4964265693504
F02730,F02731,18.524958816446084
F02731,F02730,18.524958816446084
F02730,F02732,8.196979734688647
F02732,F02730,8.196979734688647
F02731,F02732,11.146962434761182
F02732,F02731,11.146962434761182
F02714,F02715,20.185995879310305
F02715,F02714,20.185995879310305
F02873,F02875,4.822482032065794
F02875,F02873,4.822482032065794
F02978,F02979,8.568833606086892
F02979,F02978,8.568833606086892
F02978,F02980,4.297704909308822
F02980,F02978,4.297704909308822
F02979,F02980,11.104740688668063
F02980,F02979,11.104740688668063
F01138,F01139,9.331948599930561
F01139,F01138,9.331948599930561
F01134,F01135,6.673939305169373
F01135,F01134,6.673939305169373
F01134,F01136,15.395891389591663
F01136,F01134,15.395891389591663
F01134,F01137,13.782026585882042
F01137,F01134,13.782026585882042
F01135,F01136,8.814773340987678
F01136,F01135,8.814773340987678
F01135,F01137,14.717693498188542
F01137,F01135,14.717693498188542
F01136,F01137,20.95528869265541
F01137,F01136,20.95528869265541
090482,F02709,16.773223648362205
F02709,090482,16.773223648362205
F01140,F01141,3.8122082416446075
F01141,F01140,3.8122082416446075
F01140,F01142,18.35631209767899
F01142,F01140,18.35631209767899
F01141,F01142,17.25756878185707
F01142,F01141,17.25756878185707
F02711,F02712,4.38998901552551
F02712,F02711,4.38998901552551
F02707,F02708,6.575644363295827
F02708,F02707,6.575644363295827
F02705,F02706,13.424463065903309
F02706,F02705,13.424463065903309
F01121,F01122,13.037748443423375
F01122,F01121,13.037748443423375
F01117,F01118,21.472293615284944
F01118,F01117,21.472293615284944
F01119,F01120,28.78540195073068
F01120,F01119,28.78540195073068
F01046,F01047,11.40171694425728
F01047,F01046,11.40171694425728
F01124,F01125,6.8676077725007385
F01125,F01124,6.8676077725007385
F01124,F01126,12.635333986524854
F01126,F01124,12.635333986524854
F01125,F01126,5.881483645209679
F01126,F01125,5.881483645209679
F01129,F01130,12.34937287370982
F01130,F01129,12.34937287370982
CSF01101,F01098,8.465010316661958
F01098,CSF01101,8.465010316661958
CSF01101,F01099,14.294538725181665
F01099,CSF01101,14.294538725181665
CSF01101,F01100,3.7709602080707225
F01100,CSF01101,3.7709602080707225
CSF01101,F01101,2.512795869831536
F01101,CSF01101,2.512795869831536
CSF01101,LM1BUM,1.9212229784796857
LM1BUM,CSF01101,1.9212229784796857
CSF01101,LM1BUV,1.9368434201964015
LM1BUV,CSF01101,1.9368434201964015
F01098,F01099,22.755584690804163
F01099,F01098,22.755584690804163
F01098,F01100,12.187774309427422
F01100,F01098,12.187774309427422
F01098,F01101,6.375879320318543
F01101,F01098,6.375879320318543
F01098,LM1BUM,7.144306023372761
LM1BUM,F01098,7.144306023372761
F01098,LM1BUV,9.983526488466547
LM1BUV,F01098,9.983526488466547
F01099,F01100,10.583797784199486
F01100,F01099,10.583797784199486
F01099,F01101,16.581652381057474
F01101,F01099,16.581652381057474
F01099,LM1BUM,15.825573032296814
LM1BUM,F01099,15.825573032296814
F01099,LM1BUV,12.872668376258607
LM1BUV,F01099,12.872668376258607
F01100,F01101,6.212197491225657
F01101,F01100,6.212197491225657
F01100,LM1BUM,5.511800324247202
LM1BUM,F01100,5.511800324247202
F01100,LM1BUV,2.341787717740789
LM1BUV,F01100,2.341787717740789
F01101,LM1BUM,0.7718053365411806
LM1BUM,F01101,0.7718053365411806
F01101,LM1BUV,4.4189377979311795
LM1BUV,F01101,4.4189377979311795
LM1BUM,LM1BUV,3.8580081388343386
LM1BUV,LM1BUM,3.8580081388343386
CSF01096,F01094,7.404774359805082
F01094,CSF01096,7.404774359805082
CSF01096,F01095,3.56361055883396
F01095,CSF01096,3.56361055883396
CSF01096,F01096,3.0556691508535057
F01096,CSF01096,3.0556691508535057
CSF01096,F01097,21.424074970401975
F01097,CSF01096,21.424074970401975
CSF01096,LM1KKM,1.7674576119907321
LM1KKM,CSF01096,1.7674576119907321
CSF01096,LM1KKV,1.772157449436197
LM1KKV,CSF01096,1.772157449436197
F01094,F01095,10.509763894614316
F01095,F01094,10.509763894614316
F01094,F01096,5.702680178329618
F01096,F01094,5.702680178329618
F01094,F01097,14.369679323873076
F01097,F01094,14.369679323873076
F01094,LM1KKM,6.271066710485959
LM1KKM,F01094,6.271066710485959
F01094,LM1KKV,8.767522732119872
LM1KKV,F01094,8.767522732119872
F01095,F01096,6.59398432040874
F01096,F01095,6.59398432040874
F01095,F01097,24.780232917960234
F01097,F01095,24.780232917960234
F01095,LM1KKM,5.316328969325416
LM1KKM,F01095,5.316328969325416
F01095,LM1KKV,1.8285664689859558
LM1KKV,F01095,1.8285664689859558
F01096,F01097,18.878146241806498
F01097,F01096,18.878146241806498
F01096,LM1KKM,1.2888467365854537
LM1KKM,F01096,1.2888467365854537
F01096,LM1KKV,4.827340650365517
LM1KKV,F01096,4.827340650365517
F01097,LM1KKM,19.91709158845707
LM1KKM,F01097,19.91709158845707
F01097,LM1KKV,22.982277525790938
LM1KKV,F01097,22.982277525790938
LM1KKM,LM1KKV,3.5395510645254435
LM1KKV,LM1KKM,3.5395510645254435
007979,007980,3.84670588777441
007980,007979,3.84670588777441
007979,CSF01093,6.2270021688265675
CSF01093,007979,6.2270021688265675
007979,F01090,18.13559970231638
F01090,007979,18.13559970231638
007979,F01091,17.83359618659995
F01091,007979,17.83359618659995
007979,F01092,9.039821820360094
F01092,007979,9.039821820360094
007979,F01093,5.02272856396045
F01093,007979,5.02272856396045
007979,LM1VUM,5.338209044570834
LM1VUM,007979,5.338209044570834
007979,LM1VUV,7.483711050942441
LM1VUV,007979,7.483711050942441
007980,CSF01093,8.293754252772022
CSF01093,007980,8.293754252772022
007980,F01090,19.467319954414936
F01090,007980,19.467319954414936
007980,F01091,14.018254109303083
F01091,007980,14.018254109303083
007980,F01092,11.543806780456203
F01092,007980,11.543806780456203
007980,F01093,5.703208981205773
F01093,007980,5.703208981205773
007980,LM1VUM,6.708314464242828
LM1VUM,007980,6.708314464242828
007980,LM1VUV,9.981739688293194
LM1VUV,007980,9.981739688293194
CSF01093,F01090,23.595530225461847
F01090,CSF01093,23.595530225461847
CSF01093,F01091,21.2293453338311
F01091,CSF01093,21.2293453338311
CSF01093,F01092,3.3115586278856766
F01092,CSF01093,3.3115586278856766
CSF01093,F01093,3.1097341347893157
F01093,CSF01093,3.1097341347893157
CSF01093,LM1VUM,1.8460531647810827
LM1VUM,CSF01093,1.8460531647810827
CSF01093,LM1VUV,1.860593155336786
LM1VUV,CSF01093,1.860593155336786
F01090,F01091,27.179894895776485
F01091,F01090,27.179894895776485
F01090,F01092,25.222140135297398
F01092,F01090,25.222140135297398
F01090,F01093,23.151168009115764
F01093,F01090,23.151168009115764
F01090,LM1VUM,23.292268832093303
LM1VUM,F01090,23.292268832093303
F01090,LM1VUV,24.038631006282674
LM1VUV,F01090,24.038631006282674
F01091,F01092,24.493649541758096
F01092,F01091,24.493649541758096
F01091,F01093,18.126736455296626
F01093,F01091,18.126736455296626
F01091,LM1VUM,19.38793335845486
LM1VUM,F01091,19.38793335845486
F01091,LM1VUV,23.08584603578559
LM1VUV,F01091,23.08584603578559
F01092,F01093,6.373474051842055
F01093,F01092,6.373474051842055
F01092,LM1VUM,5.120757866047645
LM1VUM,F01092,5.120757866047645
F01092,LM1VUV,1.5784104627146038
LM1VUV,F01092,1.5784104627146038
F01093,LM1VUM,1.2637427954726679
LM1VUM,F01093,1.2637427954726679
F01093,LM1VUV,4.970301742449789
LM1VUV,F01093,4.970301742449789
LM1VUM,LM1VUV,3.7066454017182258
LM1VUV,LM1VUM,3.7066454017182258
F01044,F01045,10.291567675652027
F01045,F01044,10.291567675652027
F01040,F01041,16.14809236356889
F01041,F01040,16.14809236356889
F01040,F01042,16.148380030179922
F01042,F01040,16.148380030179922
F01040,F01043,17.789052228274063
F01043,F01040,17.789052228274063
F01041,F01042,16.133046006676597
F01042,F01041,16.133046006676597
F01041,F01043,4.193947606833966
F01043,F01041,4.193947606833966
F01042,F01043,20.233023608182414
F01043,F01042,20.233023608182414
F02699,F02700,4.7734502444268765
F02700,F02699,4.7734502444268765
F02891,F02892,10.239074246713969
F02892,F02891,10.239074246713969
F02893,F02894,10.748845065221188
F02894,F02893,10.748845065221188
F02701,F02702,4.046870643245228
F02702,F02701,4.046870643245228
F02701,F02703,9.230015800392213
F02703,F02701,9.230015800392213
F02701,F02704,12.385088027888365
F02704,F02701,12.385088027888365
F02702,F02703,8.275557286892205
F02703,F02702,8.275557286892205
F02702,F02704,11.803181187577103
F02704,F02702,11.803181187577103
F02703,F02704,3.5392808424622952
F02704,F02703,3.5392808424622952
F02923,F02924,11.803430832412571
F02924,F02923,11.803430832412571
F02919,F02920,5.095161544939007
F02920,F02919,5.095161544939007
F02919,F02921,16.731232591456696
F02921,F02919,16.731232591456696
F02919,F02922,19.35550264986286
F02922,F02919,19.35550264986286
F02920,F02921,15.221673240182781
F02921,F02920,15.221673240182781
F02920,F02922,19.34967012857547
F02922,F02920,19.34967012857547
F02921,F02922,6.258768734219732
F02922,F02921,6.258768734219732
008206,CSLM1MUV,7.654052436515917
CSLM1MUV,008206,7.654052436515917
008206,F02882,16.782595992040605
F02882,008206,16.782595992040605
008206,F02884,15.21816235115924
F02884,008206,15.21816235115924
008206,F02885,10.70776142589295
F02885,008206,10.70776142589295
008206,F02886,20.283219574163564
F02886,008206,20.283219574163564
008206,F02887,10.063535612022923
F02887,008206,10.063535612022923
008206,F02888,5.4960489740762855
F02888,008206,5.4960489740762855
008206,LM1MUM,5.79069630971047
LM1MUM,008206,5.79069630971047
008206,LM1MUV,9.53502354931186
LM1MUV,008206,9.53502354931186
CSLM1MUV,F02882,11.352185477343456
F02882,CSLM1MUV,11.352185477343456
CSLM1MUV,F02884,7.691010139666979
F02884,CSLM1MUV,7.691010139666979
CSLM1MUV,F02885,3.6659117524651745
F02885,CSLM1MUV,3.6659117524651745
CSLM1MUV,F02886,13.089526676271772
F02886,CSLM1MUV,13.089526676271772
CSLM1MUV,F02887,7.631407453280572
F02887,CSLM1MUV,7.631407453280572
CSLM1MUV,F02888,2.2702403236608815
F02888,CSLM1MUV,2.2702403236608815
CSLM1MUV,LM1MUM,1.9078520164032933
LM1MUM,CSLM1MUV,1.9078520164032933
CSLM1MUV,LM1MUV,1.90785200835275
LM1MUV,CSLM1MUV,1.90785200835275
F02882,F02884,11.569011557722401
F02884,F02882,11.569011557722401
F02882,F02885,7.9090680879296285
F02885,F02882,7.9090680879296285
F02882,F02886,16.129049416591656
F02886,F02882,16.129049416591656
F02882,F02887,7.436596078468286
F02887,F02882,7.436596078468286
F02882,F02888,12.231239231995886
F02888,F02882,12.231239231995886
F02882,LM1MUM,12.742613801968895
LM1MUM,F02882,12.742613801968895
F02882,LM1MUV,10.131625424306227
LM1MUV,F02882,10.131625424306227
F02884,F02885,6.363762909310625
F02885,F02884,6.363762909310625
F02884,F02886,5.692715765512999
F02886,F02884,5.692715765512999
F02884,F02887,12.732415672203919
F02887,F02884,12.732415672203919
F02884,F02888,9.961187374152518
F02888,F02884,9.961187374152518
F02884,LM1MUM,9.448708133482553
LM1MUM,F02884,9.448708133482553
F02884,LM1MUV,6.025361624805357
LM1MUV,F02884,6.025361624805357
F02885,F02886,12.049432580671885
F02886,F02885,12.049432580671885
F02885,F02887,6.4244683014935715
F02887,F02885,6.4244683014935715
F02885,F02888,5.286748102406781
F02888,F02885,5.286748102406781
F02885,LM1MUM,5.4052407689980315
LM1MUM,F02885,5.4052407689980315
F02885,LM1MUV,2.222834078320264
LM1MUV,F02885,2.222834078320264
F02886,F02887,18.373299156708967
F02887,F02886,18.373299156708967
F02886,F02888,15.331261074798366
F02888,F02886,15.331261074798366
F02886,LM1MUM,14.678792260085597
LM1MUM,F02886,14.678792260085597
F02886,LM1MUV,11.59673502555844
LM1MUV,F02886,11.59673502555844
F02887,F02888,7.065355168667848
F02888,F02887,7.065355168667848
F02887,LM1MUM,7.966060622100167
LM1MUM,F02887,7.966060622100167
F02887,LM1MUV,7.765207445713783
LM1MUV,F02887,7.765207445713783
F02888,LM1MUM,1.003739228702882
LM1MUM,F02888,1.003739228702882
F02888,LM1MUV,4.071890193899472
LM1MUV,F02888,4.071890193899472
LM1MUM,LM1MUV,3.815704024621748
LM1MUV,LM1MUM,3.815704024621748
F02876,F02879,11.932249598016561
F02879,F02876,11.932249598016561
F02876,F02880,17.081494202354524
F02880,F02876,17.081494202354524
F02876,F02881,12.204677985750825
F02881,F02876,12.204677985750825
F02879,F02880,6.7550609144152745
F02880,F02879,6.7550609144152745
F02879,F02881,18.440467909774696
F02881,F02879,18.440467909774696
F02880,F02881,25.131847381306073
F02881,F02880,25.131847381306073
F02692,F02693,2.9029144718375757
F02693,F02692,2.9029144718375757
CSLM1SFV,F02696,0.2180018227648823
F02696,CSLM1SFV,0.2180018227648823
CSLM1SFV,F02697,7.660281043084057
F02697,CSLM1SFV,7.660281043084057
CSLM1SFV,LM1SFM,1.6809511578608998
LM1SFM,CSLM1SFV,1.6809511578608998
CSLM1SFV,LM1SFV,1.6802373962498272
LM1SFV,CSLM1SFV,1.6802373962498272
F02696,F02697,7.719609530881247
F02697,F02696,7.719609530881247
F02696,LM1SFM,1.8986846558299224
LM1SFM,F02696,1.8986846558299224
F02696,LM1SFV,1.4624775752252845
LM1SFV,F02696,1.4624775752252845
F02697,LM1SFM,7.316707826855286
LM1SFM,F02697,7.316707826855286
F02697,LM1SFV,8.32200988714114
LM1SFV,F02697,8.32200988714114
LM1SFM,LM1SFV,3.3611561842211386
LM1SFV,LM1SFM,3.3611561842211386
F02694,F02695,19.31746866722597
F02695,F02694,19.31746866722597
091338,F01048,26.776391923356048
F01048,091338,26.776391923356048
CSLM1HTV,F01050,7.069295940217186
F01050,CSLM1HTV,7.069295940217186
CSLM1HTV,F01051,31.877533984528455
F01051,CSLM1HTV,31.877533984528455
CSLM1HTV,F01054,49.86635341027228
F01054,CSLM1HTV,49.86635341027228
CSLM1HTV,F01055,37.08326559426008
F01055,CSLM1HTV,37.08326559426008
CSLM1HTV,F01056,52.01504338859022
F01056,CSLM1HTV,52.01504338859022
CSLM1HTV,F01102,7.401954012780403
F01102,CSLM1HTV,7.401954012780403
CSLM1HTV,F01103,3.213075509958671
F01103,CSLM1HTV,3.213075509958671
CSLM1HTV,LM1HTM,2.3258336792524195
LM1HTM,CSLM1HTV,2.3258336792524195
CSLM1HTV,LM1HTV,2.3258320184946712
LM1HTV,CSLM1HTV,2.3258320184946712
F01050,F01051,33.761422581809924
F01051,F01050,33.761422581809924
F01050,F01054,49.43963770461287
F01054,F01050,49.43963770461287
F01050,F01055,37.944492452989365
F01055,F01050,37.944492452989365
F01050,F01056,51.765565161955884
F01056,F01050,51.765565161955884
F01050,F01102,0.342805186660001
F01102,F01050,0.342805186660001
F01050,F01103,6.4049966843761235
F01103,F01050,6.4049966843761235
F01050,LM1HTM,7.812715463230227
LM1HTM,F01050,7.812715463230227
F01050,LM1HTV,7.051981152456262
LM1HTV,F01050,7.051981152456262
F01051,F01054,21.48189790357634
F01054,F01051,21.48189790357634
F01051,F01055,7.001686253484077
F01055,F01051,7.001686253484077
F01051,F01056,22.88047788337978
F01056,F01051,22.88047788337978
F01051,F01102,33.962302875399764
F01102,F01051,33.962302875399764
F01051,F01103,34.9815871495418
F01103,F01051,34.9815871495418
F01051,LM1HTM,34.08120749641294
LM1HTM,F01051,34.08120749641294
F01051,LM1HTV,29.69250128119878
LM1HTV,F01051,29.69250128119878
F01054,F01055,14.499298898018864
F01055,F01054,14.499298898018864
F01054,F01056,2.5793627848371274
F01056,F01054,2.5793627848371274
F01054,F01102,49.52906465617582
F01102,F01054,49.52906465617582
F01054,F01103,52.60078320064524
F01103,F01054,52.60078320064524
F01054,LM1HTM,52.19027972407581
LM1HTM,F01054,52.19027972407581
F01054,LM1HTV,47.542615081580905
LM1HTV,F01054,47.542615081580905
F01055,F01056,16.004673874371054
F01056,F01055,16.004673874371054
F01055,F01102,38.099433836476024
F01102,F01055,38.099433836476024
F01055,F01103,40.05023136119945
F01103,F01055,40.05023136119945
F01055,LM1HTM,39.365132524024446
LM1HTM,F01055,39.365132524024446
F01055,LM1HTV,34.80721992514476
LM1HTV,F01055,34.80721992514476
F01056,F01102,51.86220778966707
F01102,F01056,51.86220778966707
F01056,F01103,54.793443208716695
F01103,F01056,54.793443208716695
F01056,LM1HTM,54.33550921597117
LM1HTM,F01056,54.33550921597117
F01056,LM1HTV,49.69508072893106
LM1HTV,F01056,49.69508072893106
F01102,F01103,6.666282555856842
F01103,F01102,6.666282555856842
F01102,LM1HTM,8.107403250128431
LM1HTM,F01102,8.107403250128431
F01102,LM1HTV,7.393709029366186
LM1HTV,F01102,7.393709029366186
F01103,LM1HTM,1.8684581029214564
LM1HTM,F01103,1.8684581029214564
F01103,LM1HTV,5.289194593377418
LM1HTV,F01103,5.289194593377418
LM1HTM,LM1HTV,4.651665697685211
LM1HTV,LM1HTM,4.651665697685211
F01221,F01222,8.999164327263761
F01222,F01221,8.999164327263761
F01221,F01223,24.55190614287094
F01223,F01221,24.55190614287094
F01221,F01224,25.234175831065283
F01224,F01221,25.234175831065283
F01222,F01223,19.130492410525413
F01223,F01222,19.130492410525413
F01222,F01224,18.595177025207626
F01224,F01222,18.595177025207626
F01223,F01224,3.963759589213715
F01224,F01223,3.963759589213715
009166,009702,8.36870084917483
009702,009166,8.36870084917483
009166,F01215,5.960222925797396
F01215,009166,5.960222925797396
009702,F01215,2.491892644770421
F01215,009702,2.491892644770421
F01184,F01213,19.45556768372216
F01213,F01184,19.45556768372216
F01184,F01214,15.925654409442146
F01214,F01184,15.925654409442146
F01213,F01214,8.351086440577875
F01214,F01213,8.351086440577875
F01178,F01180,3.765790630063414
F01180,F01178,3.765790630063414
F01178,F01181,7.75370459966215
F01181,F01178,7.75370459966215
F01180,F01181,5.157894109063531
F01181,F01180,5.157894109063531
F01280,F01281,10.971323492637046
F01281,F01280,10.971323492637046
F01226,F01227,4.574819176521962
F01227,F01226,4.574819176521962
F01228,F01229,10.429201224959318
F01229,F01228,10.429201224959318
F01332,F01333,9.702828910230291
F01333,F01332,9.702828910230291
F01218,F01334,14.817134507340544
F01334,F01218,14.817134507340544
044301,047875,4.9488336469186995
047875,044301,4.9488336469186995
044301,102602,13.210803210623938
102602,044301,13.210803210623938
044301,F01186,10.699069442241356
F01186,044301,10.699069442241356
044301,F01187,3.2381437343728456
F01187,044301,3.2381437343728456
044301,F01216,13.66204600361224
F01216,044301,13.66204600361224
044301,F01217,20.62503068385925
F01217,044301,20.62503068385925
044301,F01219,7.477364511282891
F01219,044301,7.477364511282891
044301,F01220,18.883373938173406
F01220,044301,18.883373938173406
047875,102602,8.939290441719569
102602,047875,8.939290441719569
047875,F01186,6.4949976493977415
F01186,047875,6.4949976493977415
047875,F01187,2.6666612306761035
F01187,047875,2.6666612306761035
047875,F01216,12.721584015697035
F01216,047875,12.721584015697035
047875,F01217,17.704107777589233
F01217,047875,17.704107777589233
047875,F01219,6.231633515969372
F01219,047875,6.231633515969372
047875,F01220,16.12314076786535
F01220,047875,16.12314076786535
102602,F01186,2.5132274758004676
F01186,102602,2.5132274758004676
102602,F01187,9.9905465999159
F01187,102602,9.9905465999159
102602,F01216,19.493200222767246
F01216,102602,19.493200222767246
102602,F01217,20.865819971999194
F01217,102602,20.865819971999194
102602,F01219,14.02870860422898
F01219,102602,14.02870860422898
102602,F01220,19.834174993245703
F01220,102602,19.834174993245703
F01186,F01187,7.483483236660765
F01187,F01186,7.483483236660765
F01186,F01216,17.726416528871376
F01216,F01186,17.726416528871376
F01186,F01217,20.088486416274236
F01217,F01186,20.088486416274236
F01186,F01219,11.91618664022863
F01219,F01186,11.91618664022863
F01186,F01220,18.88637122010417
F01220,F01186,18.88637122010417
F01187,F01216,14.484208917597186
F01216,F01187,14.484208917597186
F01187,F01217,20.18262103691491
F01217,F01187,20.18262103691491
F01187,F01219,7.908387892073962
F01219,F01187,7.908387892073962
F01187,F01220,18.552116646556723
F01220,F01187,18.552116646556723
F01216,F01217,9.18583798986224
F01217,F01216,9.18583798986224
F01216,F01219,6.581646242956361
F01219,F01216,6.581646242956361
F01216,F01220,7.443137135718276
F01220,F01216,7.443137135718276
F01217,F01219,13.254983373106462
F01219,F01217,13.254983373106462
F01217,F01220,1.8217297343185075
F01220,F01217,1.8217297343185075
F01219,F01220,11.4786827372113
F01220,F01219,11.4786827372113
041071,086855,62.97959205426515
086855,041071,62.97959205426515
041071,086856,55.767187418675576
086856,041071,55.767187418675576
041071,086866,46.947480594801654
086866,041071,46.947480594801654
041071,086885,40.25866477275726
086885,041071,40.25866477275726
041071,108550,5.196384899838122
108550,041071,5.196384899838122
041071,CSLM3NTF,18.377771441206736
CSLM3NTF,041071,18.377771441206736
041071,F01245,20.472461344034887
F01245,041071,20.472461344034887
041071,F01246,28.117668369700922
F01246,041071,28.117668369700922
041071,F01247,30.4984919156685
F01247,041071,30.4984919156685
041071,F01248,30.36935737980348
F01248,041071,30.36935737980348
041071,F01249,15.324137572914111
F01249,041071,15.324137572914111
041071,F01252,21.658567205713
F01252,041071,21.658567205713
041071,F01253,44.62334218221581
F01253,041071,44.62334218221581
041071,LM3NT1,22.398699171035656
LM3NT1,041071,22.398699171035656
041071,LM3NTA,20.98735798549378
LM3NTA,041071,20.98735798549378
041071,LM3NTB,22.799847272526346
LM3NTB,041071,22.799847272526346
041071,LM3NTC,24.37415020901806
LM3NTC,041071,24.37415020901806
041071,LM3NTD,22.461856675396923
LM3NTD,041071,22.461856675396923
041071,LM3NTE,6.181240492066813
LM3NTE,041071,6.181240492066813
041071,LM3NTF,15.77437567033435
LM3NTF,041071,15.77437567033435
086855,086856,15.474814410078151
086856,086855,15.474814410078151
086855,086866,61.3260694820797
086866,086855,61.3260694820797
086855,086885,28.814314965242612
086885,086855,28.814314965242612
086855,108550,64.70721210666274
108550,086855,64.70721210666274
086855,CSLM3NTF,51.001375677974934
CSLM3NTF,086855,51.001375677974934
086855,F01245,53.965886124183456
F01245,086855,53.965886124183456
086855,F01246,53.73934224522776
F01246,086855,53.73934224522776
086855,F01247,52.03214977925609
F01247,086855,52.03214977925609
086855,F01248,41.2581975134255
F01248,086855,41.2581975134255
086855,F01249,51.38196083572838
F01249,086855,51.38196083572838
086855,F01252,46.85114613941569
F01252,086855,46.85114613941569
086855,F01253,28.650180681656888
F01253,086855,28.650180681656888
086855,LM3NT1,45.570020743198114
LM3NT1,086855,45.570020743198114
086855,LM3NTA,54.4288486241893
LM3NTA,086855,54.4288486241893
086855,LM3NTB,52.561392761190326
LM3NTB,086855,52.561392761190326
086855,LM3NTC,48.94358782579978
LM3NTC,086855,48.94358782579978
086855,LM3NTD,42.26022261539466
LM3NTD,086855,42.26022261539466
086855,LM3NTE,56.81503989520131
LM3NTE,086855,56.81503989520131
086855,LM3NTF,59.02955038168138
LM3NTF,086855,59.02955038168138
086856,086866,46.260204279511626
086866,086856,46.260204279511626
086856,086885,16.55337580651306
086885,086856,16.55337580651306
086856,108550,56.362935978556
108550,086856,56.362935978556
086856,CSLM3NTF,40.75999911309171
CSLM3NTF,086856,40.75999911309171
086856,F01245,42.77082095393898
F01245,086856,42.77082095393898
086856,F01246,40.968361710095486
F01246,086856,40.968361710095486
086856,F01247,38.883202677599
F01247,086856,38.883202677599
086856,F01248,29.256657076887407
F01248,086856,29.256657076887407
086856,F01249,47.22271231991229
F01249,086856,47.22271231991229
086856,F01252,36.49420173176665
F01252,086856,36.49420173176665
086856,F01253,14.506375477853748
F01253,086856,14.506375477853748
086856,LM3NT1,35.30448121958393
LM3NT1,086856,35.30448121958393
086856,LM3NTA,43.07786367731484
LM3NTA,086856,43.07786367731484
086856,LM3NTB,40.958365421134516
LM3NTB,086856,40.958365421134516
086856,LM3NTC,37.36056867860003
LM3NTC,086856,37.36056867860003
086856,LM3NTD,33.45435068457316
LM3NTD,086856,33.45435068457316
086856,LM3NTE,49.67659127175936
LM3NTE,086856,49.67659127175936
086856,LM3NTF,48.513451249254054
LM3NTF,086856,48.513451249254054
086866,086885,34.40935052418105
086885,086866,34.40935052418105
086866,108550,43.176806442039656
108550,086866,43.176806442039656
086866,CSLM3NTF,30.938505727432883
CSLM3NTF,086866,30.938505727432883
086866,F01245,27.109858686994077
F01245,086866,27.109858686994077
086866,F01246,19.468742749956984
F01246,086866,19.468742749956984
086866,F01247,17.897454899801627
F01247,086866,17.897454899801627
086866,F01248,26.790392619500487
F01248,086866,26.790392619500487
086866,F01249,52.32050721686769
F01249,086866,52.32050721686769
086866,F01252,30.54547285931494
F01252,086866,30.54547285931494
086866,F01253,32.891467729385326
F01253,086866,32.891467729385326
086866,LM3NT1,30.98984794058411
LM3NT1,086866,30.98984794058411
086866,LM3NTA,26.43072561042791
LM3NTA,086866,26.43072561042791
086866,LM3NTB,25.23084416032555
LM3NTB,086866,25.23084416032555
086866,LM3NTC,25.665088764303075
LM3NTC,086866,25.665088764303075
086866,LM3NTD,35.85946879277404
LM3NTD,086866,35.85946879277404
086866,LM3NTE,44.37778511541101
LM3NTE,086866,44.37778511541101
086866,LM3NTF,31.19511751189524
LM3NTF,086866,31.19511751189524
086885,108550,40.31608231055016
108550,086885,40.31608231055016
086885,CSLM3NTF,24.29143284053589
CSLM3NTF,086885,24.29143284053589
086885,F01245,26.225394488484568
F01245,086885,26.225394488484568
086885,F01246,24.987066147598007
F01246,086885,24.987066147598007
086885,F01247,23.21807305856825
F01247,086885,23.21807305856825
086885,F01248,12.790605993584927
F01248,086885,12.790605993584927
086885,F01249,34.21734446533217
F01249,086885,34.21734446533217
086885,F01252,20.041310188102713
F01252,086885,20.041310188102713
086885,F01253,5.143414039626254
F01253,086885,5.143414039626254
086885,LM3NT1,18.892280065011008
LM3NT1,086885,18.892280065011008
086885,LM3NTA,26.547831409892293
LM3NTA,086885,26.547831409892293
086885,LM3NTB,24.461261115495503
LM3NTB,086885,24.461261115495503
086885,LM3NTC,20.845507675642114
LM3NTC,086885,20.845507675642114
086885,LM3NTD,17.82458668930281
LM3NTD,086885,17.82458668930281
086885,LM3NTE,34.36862894207188
LM3NTE,086885,34.36862894207188
086885,LM3NTF,31.972090061378346
LM3NTF,086885,31.972090061378346
108550,CSLM3NTF,16.814574195554023
CSLM3NTF,108550,16.814574195554023
108550,F01245,17.755716028378313
F01245,108550,17.755716028378313
108550,F01246,25.022235281502198
F01246,108550,25.022235281502198
108550,F01247,27.6003997262804
F01247,108550,27.6003997262804
108550,F01248,29.33005713915162
F01248,108550,29.33005713915162
108550,F01249,19.7331779468856
F01249,108550,19.7331779468856
108550,F01252,20.69040717600647
F01252,108550,20.69040717600647
108550,F01253,44.314546779893895
F01253,108550,44.314546779893895
108550,LM3NT1,21.658435420043027
LM3NT1,108550,21.658435420043027
108550,LM3NTA,18.116667142200775
LM3NTA,108550,18.116667142200775
108550,LM3NTB,20.19509971140606
LM3NTB,108550,20.19509971140606
108550,LM3NTC,22.413593442803343
LM3NTC,108550,22.413593442803343
108550,LM3NTD,22.951466218082327
LM3NTD,108550,22.951466218082327
108550,LM3NTE,8.93779927997034
LM3NTE,108550,8.93779927997034
108550,LM3NTF,12.167125703997126
LM3NTF,108550,12.167125703997126
CSLM3NTF,F01245,4.721712882471798
F01245,CSLM3NTF,4.721712882471798
CSLM3NTF,F01246,11.511500461836244
F01246,CSLM3NTF,11.511500461836244
CSLM3NTF,F01247,13.191373970589018
F01247,CSLM3NTF,13.191373970589018
CSLM3NTF,F01248,12.556670528778445
F01248,CSLM3NTF,12.556670528778445
CSLM3NTF,F01249,21.4889187715419
F01249,CSLM3NTF,21.4889187715419
CSLM3NTF,F01252,4.267903629249048
F01252,CSLM3NTF,4.267903629249048
CSLM3NTF,F01253,27.843822151837838
F01253,CSLM3NTF,27.843822151837838
CSLM3NTF,LM3NT1,5.494841611114743
LM3NT1,CSLM3NTF,5.494841611114743
CSLM3NTF,LM3NTA,5.5258354186139345
LM3NTA,CSLM3NTF,5.5258354186139345
CSLM3NTF,LM3NTB,5.7920484307241065
LM3NTB,CSLM3NTF,5.7920484307241065
CSLM3NTF,LM3NTC,6.06824551517145
LM3NTC,CSLM3NTF,6.06824551517145
CSLM3NTF,LM3NTD,9.464995345598217
LM3NTD,CSLM3NTF,9.464995345598217
CSLM3NTF,LM3NTE,14.088212942146889
LM3NTE,CSLM3NTF,14.088212942146889
CSLM3NTF,LM3NTF,8.03210414454323
LM3NTF,CSLM3NTF,8.03210414454323
F01245,F01246,7.74690633246161
F01246,F01245,7.74690633246161
F01245,F01247,10.026124589872909
F01247,F01245,10.026124589872909
F01245,F01248,13.601661596615392
F01248,F01245,13.601661596615392
F01245,F01249,25.823833650174528
F01249,F01245,25.823833650174528
F01245,F01252,7.540865085474316
F01252,F01245,7.540865085474316
F01245,F01253,29.115173613313313
F01253,F01245,29.115173613313313
F01245,LM3NT1,8.794438577946751
LM3NT1,F01245,8.794438577946751
F01245,LM3NTA,0.8082605593527398
LM3NTA,F01245,0.8082605593527398
F01245,LM3NTB,2.4511468682323923
LM3NTB,F01245,2.4511468682323923
F01245,LM3NTC,5.513270920159521
LM3NTC,F01245,5.513270920159521
F01245,LM3NTD,13.677510668983475
LM3NTD,F01245,13.677510668983475
F01245,LM3NTE,17.280070170060426
LM3NTE,F01245,17.280070170060426
F01245,LM3NTF,6.2687683421195235
LM3NTF,F01245,6.2687683421195235
F01246,F01247,2.801343665161698
F01247,F01246,2.801343665161698
F01246,F01248,12.630220312826191
F01248,F01246,12.630220312826191
F01246,F01249,32.9858488647575
F01249,F01246,32.9858488647575
F01246,F01252,11.897107391308008
F01252,F01246,11.897107391308008
F01246,F01253,26.576616658030566
F01253,F01246,26.576616658030566
F01246,LM3NT1,12.696020257197148
LM3NT1,F01246,12.696020257197148
F01246,LM3NTA,7.150483226549208
LM3NTA,F01246,7.150483226549208
F01246,LM3NTB,5.76302202432841
LM3NTB,F01246,5.76302202432841
F01246,LM3NTC,7.007194604304669
LM3NTC,F01246,7.007194604304669
F01246,LM3NTD,18.008138743064574
LM3NTD,F01246,18.008138743064574
F01246,LM3NTE,25.004346483687012
LM3NTE,F01246,25.004346483687012
F01246,LM3NTF,12.906602467821203
LM3NTF,F01246,12.906602467821203
F01247,F01248,11.440874984703807
F01248,F01247,11.440874984703807
F01247,F01249,34.43628438396319
F01249,F01247,34.43628438396319
F01247,F01252,12.71072360281937
F01252,F01247,12.71072360281937
F01247,F01253,24.410922716567153
F01253,F01247,24.410922716567153
F01247,LM3NT1,13.275247703691821
LM3NT1,F01247,13.275247703691821
F01247,LM3NTA,9.53808215934758
LM3NTA,F01247,9.53808215934758
F01247,LM3NTB,7.761330664304945
LM3NTB,F01247,7.761330664304945
F01247,LM3NTC,7.782173822160158
LM3NTC,F01247,7.782173822160158
F01247,LM3NTD,18.40677972756959
LM3NTD,F01247,18.40677972756959
F01247,LM3NTE,27.0631347231793
LM3NTE,F01247,27.0631347231793
F01247,LM3NTF,15.558880555476494
LM3NTF,F01247,15.558880555476494
F01248,F01249,28.85973431336817
F01249,F01248,28.85973431336817
F01248,F01252,8.727246399337853
F01252,F01248,8.727246399337853
F01248,F01253,15.539379735558335
F01253,F01248,15.539379735558335
F01248,LM3NT1,8.00177827828483
LM3NT1,F01248,8.00177827828483
F01248,LM3NTA,13.852296062137318
LM3NTA,F01248,13.852296062137318
F01248,LM3NTB,11.702576537293476
LM3NTB,F01248,11.702576537293476
F01248,LM3NTC,8.123397793277585
LM3NTC,F01248,8.123397793277585
F01248,LM3NTD,10.505506044315373
LM3NTD,F01248,10.505506044315373
F01248,LM3NTE,25.180077018703024
LM3NTE,F01248,25.180077018703024
F01248,LM3NTF,19.61252983254997
LM3NTF,F01248,19.61252983254997
F01249,F01252,22.039239635257577
F01252,F01249,22.039239635257577
F01249,F01253,39.263663474388096
F01253,F01249,39.263663474388096
F01249,LM3NT1,21.910783804809064
LM3NT1,F01249,21.910783804809064
F01249,LM3NTA,26.605713839298993
LM3NTA,F01249,26.605713839298993
F01249,LM3NTB,27.279620662799047
LM3NTB,F01249,27.279620662799047
F01249,LM3NTC,26.7270802211826
LM3NTC,F01249,26.7270802211826
F01249,LM3NTD,18.400456673096162
LM3NTD,F01249,18.400456673096162
F01249,LM3NTE,11.311872934259979
LM3NTE,F01249,11.311872934259979
F01249,LM3NTF,24.581190787728364
LM3NTF,F01249,24.581190787728364
F01252,F01253,23.703819587693022
F01253,F01252,23.703819587693022
F01252,LM3NT1,1.2890311127748426
LM3NT1,F01252,1.2890311127748426
F01252,LM3NTA,8.19746634078304
LM3NTA,F01252,8.19746634078304
F01252,LM3NTB,7.170549394059321
LM3NTB,F01252,7.170549394059321
F01252,LM3NTC,4.9606928752164405
LM3NTC,F01252,4.9606928752164405
F01252,LM3NTD,6.348249503765535
LM3NTD,F01252,6.348249503765535
F01252,LM3NTE,16.651876127008386
LM3NTE,F01252,16.651876127008386
F01252,LM3NTF,12.20665479247258
LM3NTF,F01252,12.20665479247258
F01253,LM3NT1,22.66823807789452
LM3NT1,F01253,22.66823807789452
F01253,LM3NTA,29.319469878222243
LM3NTA,F01253,29.319469878222243
F01253,LM3NTB,27.0985598465708
LM3NTB,F01253,27.0985598465708
F01253,LM3NTC,23.607894195100066
LM3NTC,F01253,23.607894195100066
F01253,LM3NTD,22.374350654328133
LM3NTD,F01253,22.374350654328133
F01253,LM3NTE,38.87025111099738
LM3NTE,F01253,38.87025111099738
F01253,LM3NTF,35.149297291543256
LM3NTF,F01253,35.149297291543256
LM3NT1,LM3NTA,9.431810419689157
LM3NTA,LM3NT1,9.431810419689157
LM3NT1,LM3NTB,8.275739478081864
LM3NTB,LM3NT1,8.275739478081864
LM3NT1,LM3NTC,5.689480297370735
LM3NTC,LM3NT1,5.689480297370735
LM3NT1,LM3NTD,5.338693753772234
LM3NTD,LM3NT1,5.338693753772234
LM3NT1,LM3NTE,17.190588151426642
LM3NTE,LM3NT1,17.190588151426642
LM3NT1,LM3NTF,13.475631821231216
LM3NTF,LM3NT1,13.475631821231216
LM3NTA,LM3NTB,2.3123623125086223
LM3NTB,LM3NTA,2.3123623125086223
LM3NTA,LM3NTC,5.728988582120361
LM3NTC,LM3NTA,5.728988582120361
LM3NTA,LM3NTD,14.39460763844349
LM3NTD,LM3NTA,14.39460763844349
LM3NTA,LM3NTE,17.947232695006555
LM3NTE,LM3NTA,17.947232695006555
LM3NTA,LM3NTF,6.368667928997249
LM3NTF,LM3NTA,6.368667928997249
LM3NTB,LM3NTC,3.632963524896027
LM3NTC,LM3NTB,3.632963524896027
LM3NTB,LM3NTD,13.518135491620002
LM3NTD,LM3NTB,13.518135491620002
LM3NTB,LM3NTE,19.327856833974174
LM3NTE,LM3NTB,19.327856833974174
LM3NTB,LM3NTF,8.652007974792495
LM3NTF,LM3NTB,8.652007974792495
LM3NTC,LM3NTD,11.004831260587501
LM3NTD,LM3NTC,11.004831260587501
LM3NTC,LM3NTE,20.135310816020787
LM3NTE,LM3NTC,20.135310816020787
LM3NTC,LM3NTF,11.68280578939812
LM3NTF,LM3NTC,11.68280578939812
LM3NTD,LM3NTE,16.54544919391177
LM3NTE,LM3NTD,16.54544919391177
LM3NTD,LM3NTF,17.27136595626125
LM3NTF,LM3NTD,17.27136595626125
LM3NTE,LM3NTF,14.242281117072329
LM3NTF,LM3NTE,14.242281117072329
F01258,F01260,5.232611725093428
F01260,F01258,5.232611725093428
008146,008147,10.594128861602657
008147,008146,10.594128861602657
008146,F01257,11.123908792082563
F01257,008146,11.123908792082563
008146,F01262,7.608386145750829
F01262,008146,7.608386145750829
008147,F01257,21.71224764551598
F01257,008147,21.71224764551598
008147,F01262,4.9549835276520815
F01262,008147,4.9549835276520815
F01257,F01262,18.375938491636646
F01262,F01257,18.375938491636646
008269,008270,5.88078368915194
008270,008269,5.88078368915194
F01240,F01241,12.387972497519835
F01241,F01240,12.387972497519835
F01236,F01237,11.765836182640916
F01237,F01236,11.765836182640916
F01236,F01239,21.575009261802467
F01239,F01236,21.575009261802467
F01237,F01239,9.811902010369058
F01239,F01237,9.811902010369058
F01735,F01736,9.992000494851759
F01736,F01735,9.992000494851759
003002,004521,20.651067920877054
004521,003002,20.651067920877054
003002,008132,66.37076265407606
008132,003002,66.37076265407606
003002,008545,53.59442628726808
008545,003002,53.59442628726808
003002,008725,23.81207671916957
008725,003002,23.81207671916957
003002,008770,19.628555260328316
008770,003002,19.628555260328316
003002,008785,28.64228628388416
008785,003002,28.64228628388416
003002,061367,61.846583491407195
061367,003002,61.846583491407195
003002,081544,43.7346978218199
081544,003002,43.7346978218199
003002,CSLM2PF1,38.20905547287763
CSLM2PF1,003002,38.20905547287763
003002,F01316,12.772800491089436
F01316,003002,12.772800491089436
003002,F01317,4.742580826095301
F01317,003002,4.742580826095301
003002,F01319,65.94707074539357
F01319,003002,65.94707074539357
003002,F01320,73.33402614960436
F01320,003002,73.33402614960436
003002,F01321,90.31719228875755
F01321,003002,90.31719228875755
003002,F01322,70.09978533139126
F01322,003002,70.09978533139126
003002,F01323,70.33606197802551
F01323,003002,70.33606197802551
003002,F01324,20.388238526094977
F01324,003002,20.388238526094977
003002,F01325,44.153203259993745
F01325,003002,44.153203259993745
003002,LM2PF1,55.3562069344628
LM2PF1,003002,55.3562069344628
003002,LM2PF2,21.495241249467888
LM2PF2,003002,21.495241249467888
004521,008132,49.467126386956075
008132,004521,49.467126386956075
004521,008545,33.12231464487569
008545,004521,33.12231464487569
004521,008725,6.73544901455914
008725,004521,6.73544901455914
004521,008770,7.7422510529363375
008770,004521,7.7422510529363375
004521,008785,8.544620056019376
008785,004521,8.544620056019376
004521,061367,41.217555673463174
061367,004521,41.217555673463174
004521,081544,23.489162838233753
081544,004521,23.489162838233753
004521,CSLM2PF1,18.071016321711607
CSLM2PF1,004521,18.071016321711607
004521,F01316,17.49554345390694
F01316,004521,17.49554345390694
004521,F01317,18.230129793860836
F01317,004521,18.230129793860836
004521,F01319,46.66542082266824
F01319,004521,46.66542082266824
004521,F01320,54.26727357836063
F01320,004521,54.26727357836063
004521,F01321,69.96217957177495
F01321,004521,69.96217957177495
004521,F01322,50.12748772928118
F01322,004521,50.12748772928118
004521,F01323,51.8548093772692
F01323,004521,51.8548093772692
004521,F01324,0.9415864423912502
F01324,004521,0.9415864423912502
004521,F01325,23.755466038954555
F01325,004521,23.755466038954555
004521,LM2PF1,35.4711725303519
LM2PF1,004521,35.4711725303519
004521,LM2PF2,0.9050229460435706
LM2PF2,004521,0.9050229460435706
008132,008545,27.564704955453553
008545,008132,27.564704955453553
008132,008725,52.30533735369155
008725,008132,52.30533735369155
008132,008770,56.2979794843514
008770,008132,56.2979794843514
008132,008785,46.6538170538931
008785,008132,46.6538170538931
008132,061367,30.677905661734638
061367,008132,30.677905661734638
008132,081544,30.126368146555613
081544,008132,30.126368146555613
008132,CSLM2PF1,33.53340970286653
CSLM2PF1,008132,33.53340970286653
008132,F01316,66.93938816516275
F01316,008132,66.93938816516275
008132,F01317,65.96233882756398
F01317,008132,65.96233882756398
008132,F01319,13.912003122613283
F01319,008132,13.912003122613283
008132,F01320,14.330671984742288
F01320,008132,14.330671984742288
008132,F01321,37.0282356082929
F01321,008132,37.0282356082929
008132,F01322,20.681257822145376
F01322,008132,20.681257822145376
008132,F01323,9.34181435450353
F01323,008132,9.34181435450353
008132,F01324,49.09209849323939
F01324,008132,49.09209849323939
008132,F01325,30.96807245866453
F01325,008132,30.96807245866453
008132,LM2PF1,21.12837981073176
LM2PF1,008132,21.12837981073176
008132,LM2PF2,49.06313382783941
LM2PF2,008132,49.06313382783941
008545,008725,32.58767434685053
008725,008545,32.58767434685053
008545,008770,37.39270357467743
008770,008545,37.39270357467743
008545,008785,26.49468415945581
008785,008545,26.49468415945581
008545,061367,9.077159185252334
061367,008545,9.077159185252334
008545,081544,10.060733610375046
081544,008545,10.060733610375046
008545,CSLM2PF1,15.543967709040327
CSLM2PF1,008545,15.543967709040327
008545,F01316,49.2220931815571
F01316,008545,49.2220931815571
008545,F01317,51.34168937722406
F01317,008545,51.34168937722406
008545,F01319,17.20858905107704
F01319,008545,17.20858905107704
008545,F01320,24.52478728083219
F01320,008545,24.52478728083219
008545,F01321,36.85959129322491
F01321,008545,36.85959129322491
008545,F01322,17.900632383894134
F01322,008545,17.900632383894134
008545,F01323,24.331361259243025
F01323,008545,24.331361259243025
008545,F01324,33.264042635405296
F01324,008545,33.264042635405296
008545,F01325,9.457061751226682
F01325,008545,9.457061751226682
008545,LM2PF1,6.44490899043748
LM2PF1,008545,6.44490899043748
008545,LM2PF2,32.3515227889395
LM2PF2,008545,32.3515227889395
008725,008770,4.860411306267323
008770,008725,4.860411306267323
008725,008785,6.12849411857505
008785,008725,6.12849411857505
008725,061367,39.800756601210644
061367,008725,39.800756601210644
008725,081544,23.93041866120762
081544,008725,23.93041866120762
008725,CSLM2PF1,19.14261567677508
CSLM2PF1,008725,19.14261567677508
008725,F01316,16.69312476032651
F01316,008725,16.69312476032651
008725,F01317,20.28891377925405
F01317,008725,20.28891377925405
008725,F01319,47.740930787514635
F01319,008725,47.740930787514635
008725,F01320,55.43026193321271
F01320,008725,55.43026193321271
008725,F01321,69.23375847522642
F01321,008725,69.23375847522642
008725,F01322,50.28287803323981
F01322,008725,50.28287803323981
008725,F01323,53.57217553431694
F01323,008725,53.57217553431694
008725,F01324,7.6762231897437285
F01324,008725,7.6762231897437285
008725,F01325,23.804121146598426
F01325,008725,23.804121146598426
008725,LM2PF1,36.06469348918663
LM2PF1,008725,36.06469348918663
008725,LM2PF2,6.171979211886803
LM2PF2,008725,6.171979211886803
008770,008785,10.898116133248486
008785,008770,10.898116133248486
008770,061367,44.66100083156716
061367,008770,44.66100083156716
008770,081544,28.550764872776824
081544,008770,28.550764872776824
008770,CSLM2PF1,23.569023750592855
CSLM2PF1,008770,23.569023750592855
008770,F01316,11.844556022142404
F01316,008770,11.844556022142404
008770,F01317,15.779871429961917
F01317,008770,15.779871429961917
008770,F01319,52.3034342918701
F01319,008770,52.3034342918701
008770,F01320,59.98366451594141
F01320,008770,59.98366451594141
008770,F01321,74.08017638360714
F01321,008770,74.08017638360714
008770,F01322,55.02770786283186
F01322,008770,55.02770786283186
008770,F01323,57.97197526006823
F01323,008770,57.97197526006823
008770,F01324,8.522847130960496
F01324,008770,8.522847130960496
008770,F01325,28.497955492851734
F01325,008770,28.497955492851734
008770,LM2PF1,40.70654837822505
LM2PF1,008770,40.70654837822505
008770,LM2PF2,7.745547481141002
LM2PF2,008770,7.745547481141002
008785,061367,33.89710881681731
061367,008785,33.89710881681731
008785,081544,17.832866732242238
081544,008785,17.832866732242238
008785,CSLM2PF1,13.222945790097375
CSLM2PF1,008785,13.222945790097375
008785,F01316,22.731897449650983
F01316,008785,22.731897449650983
008785,F01317,25.598384109789166
F01317,008785,25.598384109789166
008785,F01319,41.65496882063352
F01319,008785,41.65496882063352
008785,F01320,49.34596736182084
F01320,008785,49.34596736182084
008785,F01321,63.21439038377396
F01321,008785,63.21439038377396
008785,F01322,44.15757629999204
F01322,008785,44.15757629999204
008785,F01323,47.57972906028978
F01323,008785,47.57972906028978
008785,F01324,9.201962635491482
F01324,008785,9.201962635491482
008785,F01325,17.67906496742301
F01325,008785,17.67906496742301
008785,LM2PF1,29.950105565740323
LM2PF1,008785,29.950105565740323
008785,LM2PF2,7.640995842374319
LM2PF2,008785,7.640995842374319
061367,081544,18.94705458178094
081544,061367,18.94705458178094
061367,CSLM2PF1,24.284819966135284
CSLM2PF1,061367,24.284819966135284
061367,F01316,56.47917447927502
F01316,061367,56.47917447927502
061367,F01317,59.29798059841257
F01317,061367,59.29798059841257
061367,F01319,17.523024227907726
F01319,061367,17.523024227907726
061367,F01320,23.08057413975679
F01320,061367,23.08057413975679
061367,F01321,29.65966802134247
F01321,061367,29.65966802134247
061367,F01322,14.364071584983918
F01322,061367,14.364071584983918
061367,F01323,24.744810942804392
F01323,061367,24.744810942804392
061367,F01324,41.45895887183829
F01324,061367,41.45895887183829
061367,F01325,18.14415505033605
F01325,061367,18.14415505033605
061367,LM2PF1,12.337694598040079
LM2PF1,061367,12.337694598040079
061367,LM2PF2,40.39792462947863
LM2PF2,061367,40.39792462947863
081544,CSLM2PF1,5.534400098345325
CSLM2PF1,081544,5.534400098345325
081544,F01316,40.2194640607268
F01316,081544,40.2194640607268
081544,F01317,41.700002898241486
F01317,081544,41.700002898241486
081544,F01319,23.823577739693746
F01319,081544,23.823577739693746
081544,F01320,31.51475677997543
F01320,081544,31.51475677997543
081544,F01321,46.58326963307156
F01321,081544,46.58326963307156
081544,F01322,26.662718136682653
F01322,081544,26.662718136682653
081544,F01323,29.911628132555382
F01323,081544,29.911628132555382
081544,F01324,23.539025300919814
F01324,081544,23.539025300919814
081544,F01325,1.3867548605310986
F01325,081544,1.3867548605310986
081544,LM2PF1,12.157091843135426
LM2PF1,081544,12.157091843135426
081544,LM2PF2,22.774423371677024
LM2PF2,081544,22.774423371677024
CSLM2PF1,F01316,35.06424584125478
F01316,CSLM2PF1,35.06424584125478
CSLM2PF1,F01317,36.240014747806434
F01317,CSLM2PF1,36.240014747806434
CSLM2PF1,F01319,28.778646946056497
F01319,CSLM2PF1,28.778646946056497
CSLM2PF1,F01320,36.44281846869799
F01320,CSLM2PF1,36.44281846869799
CSLM2PF1,F01321,52.108505662135734
F01321,CSLM2PF1,52.108505662135734
CSLM2PF1,F01322,32.06302862701185
F01322,CSLM2PF1,32.06302862701185
CSLM2PF1,F01323,34.43426241141117
F01323,CSLM2PF1,34.43426241141117
CSLM2PF1,F01324,18.07502058553258
F01324,CSLM2PF1,18.07502058553258
CSLM2PF1,F01325,6.142516791239041
F01325,CSLM2PF1,6.142516791239041
CSLM2PF1,LM2PF1,17.40514602313953
LM2PF1,CSLM2PF1,17.40514602313953
CSLM2PF1,LM2PF2,17.390576437608484
LM2PF2,CSLM2PF1,17.390576437608484
F01316,F01317,8.048855233082994
F01317,F01316,8.048855233082994
F01316,F01319,63.84068091699146
F01319,F01316,63.84068091699146
F01316,F01320,71.49508565930816
F01320,F01316,71.49508565930816
F01316,F01321,85.92426769401351
F01321,F01316,85.92426769401351
F01316,F01322,66.79517695502388
F01322,F01316,66.79517695502388
F01316,F01323,69.25849800777253
F01323,F01316,69.25849800777253
F01316,F01324,17.84760353338926
F01324,F01316,17.84760353338926
F01316,F01325,40.240100031312096
F01325,F01316,40.240100031312096
F01316,LM2PF1,52.3681260647043
LM2PF1,F01316,52.3681260647043
F01316,LM2PF2,17.970762444345173
LM2PF2,F01316,17.970762444345173
F01317,F01319,64.55509220197621
F01319,F01317,64.55509220197621
F01317,F01320,72.06740297970963
F01320,F01317,72.06740297970963
F01317,F01321,88.19003796954676
F01321,F01317,88.19003796954676
F01317,F01322,68.29789110878315
F01322,F01317,68.29789110878315
F01317,F01323,69.3349860877136
F01323,F01317,69.3349860877136
F01317,F01324,18.16568578920714
F01324,F01317,18.16568578920714
F01317,F01325,41.98552564668023
F01325,F01317,41.98552564668023
F01317,LM2PF1,53.59557625930499
LM2PF1,F01317,53.59557625930499
F01317,LM2PF2,18.990187664337295
LM2PF2,F01317,18.990187664337295
F01319,F01320,7.691179130788746
F01320,F01319,7.691179130788746
F01319,F01321,27.185377724698657
F01321,F01319,27.185377724698657
F01319,F01322,7.32481566142226
F01322,F01319,7.32481566142226
F01319,F01323,7.355630130755378
F01323,F01319,7.355630130755378
F01319,F01324,46.5491491393071
F01324,F01319,46.5491491393071
F01319,F01325,24.092771090057177
F01325,F01319,24.092771090057177
F01319,LM2PF1,11.849657637109125
LM2PF1,F01319,11.849657637109125
F01319,LM2PF2,46.04959371679634
LM2PF2,F01319,46.04959371679634
F01320,F01321,22.792913823510958
F01321,F01320,22.792913823510958
F01320,F01322,9.158199590074878
F01322,F01320,9.158199590074878
F01320,F01323,5.00998354251393
F01323,F01320,5.00998354251393
F01320,F01324,54.12799913211035
F01324,F01320,54.12799913211035
F01320,F01325,31.774608415666506
F01325,F01320,31.774608415666506
F01320,LM2PF1,19.50439243402298
LM2PF1,F01320,19.50439243402298
F01320,LM2PF2,53.66642131898196
LM2PF2,F01320,53.66642131898196
F01321,F01322,20.918170306160214
F01322,F01321,20.918170306160214
F01321,F01323,27.791915093806512
F01323,F01321,27.791915093806512
F01321,F01324,70.07367291307423
F01324,F01321,70.07367291307423
F01321,F01325,46.21495831479704
F01325,F01321,46.21495831479704
F01321,LM2PF1,35.292531514857195
LM2PF1,F01321,35.292531514857195
F01321,LM2PF2,69.20169467051714
LM2PF2,F01321,69.20169467051714
F01322,F01323,12.307595446218995
F01323,F01322,12.307595446218995
F01322,F01324,50.13608869375302
F01324,F01322,50.13608869375302
F01322,F01325,26.557597754736307
F01325,F01322,26.557597754736307
F01322,LM2PF1,14.743658399841816
LM2PF1,F01322,14.743658399841816
F01322,LM2PF2,49.428037374393604
LM2PF2,F01322,49.428037374393604
F01323,F01324,51.6392370901445
F01324,F01323,51.6392370901445
F01323,F01325,30.37856473387782
F01325,F01323,30.37856473387782
F01323,LM2PF1,18.51788992358156
LM2PF1,F01323,18.51788992358156
F01323,LM2PF2,51.31253200955663
LM2PF2,F01323,51.31253200955663
F01324,F01325,23.859088539903208
F01325,F01324,23.859088539903208
F01324,LM2PF1,35.44764437661417
LM2PF1,F01324,35.44764437661417
F01324,LM2PF2,1.667109243989042
LM2PF2,F01324,1.667109243989042
F01325,LM2PF1,12.297554257442826
LM2PF1,F01325,12.297554257442826
F01325,LM2PF2,23.0094075569402
LM2PF2,F01325,23.0094075569402
LM2PF1,LM2PF2,34.795722406963925
LM2PF2,LM2PF1,34.795722406963925
F01744,F01745,16.191881719351574
F01745,F01744,16.191881719351574
008724,F01737,21.992069759587995
F01737,008724,21.992069759587995
008724,F01738,19.028675825172595
F01738,008724,19.028675825172595
008724,F01739,12.682621157428683
F01739,008724,12.682621157428683
F01737,F01738,4.1626505651188435
F01738,F01737,4.1626505651188435
F01737,F01739,28.561093003512642
F01739,F01737,28.561093003512642
F01738,F01739,27.112096367987093
F01739,F01738,27.112096367987093
F02928,F02929,4.748972270377037
F02929,F02928,4.748972270377037
016532,CSLM2PU2,7.0576420887160936
CSLM2PU2,016532,7.0576420887160936
016532,F01740,8.878768155636365
F01740,016532,8.878768155636365
016532,F01741,12.749270787492636
F01741,016532,12.749270787492636
016532,F01742,23.131303097304148
F01742,016532,23.131303097304148
016532,F01743,10.006518147243176
F01743,016532,10.006518147243176
016532,LM2PU1,8.232966419710356
LM2PU1,016532,8.232966419710356
016532,LM2PU2,6.748143734309384
LM2PU2,016532,6.748143734309384
CSLM2PU2,F01740,7.678620738246629
F01740,CSLM2PU2,7.678620738246629
CSLM2PU2,F01741,8.013005463963939
F01741,CSLM2PU2,8.013005463963939
CSLM2PU2,F01742,18.858495378943093
F01742,CSLM2PU2,18.858495378943093
CSLM2PU2,F01743,5.798582498815121
F01743,CSLM2PU2,5.798582498815121
CSLM2PU2,LM2PU1,2.5860572629006167
LM2PU1,CSLM2PU2,2.5860572629006167
CSLM2PU2,LM2PU2,2.5984558778026208
LM2PU2,CSLM2PU2,2.5984558778026208
F01740,F01741,5.560629057126163
F01741,F01740,5.560629057126163
F01740,F01742,14.506105206231462
F01742,F01740,14.506105206231462
F01740,F01743,13.468053225091486
F01743,F01740,13.468053225091486
F01740,LM2PU1,5.721879431463254
LM2PU1,F01740,5.721879431463254
F01740,LM2PU2,9.948808743263788
LM2PU2,F01740,9.948808743263788
F01741,F01742,10.8749640977044
F01742,F01741,10.8749640977044
F01741,F01743,13.110114272761802
F01743,F01741,13.110114272761802
F01741,LM2PU1,5.458655070888952
LM2PU1,F01741,5.458655070888952
F01741,LM2PU2,10.592761570872586
LM2PU2,F01741,10.592761570872586
F01742,F01743,23.549092697951092
F01743,F01742,23.549092697951092
F01742,LM2PU1,16.328705890716336
LM2PU1,F01742,16.328705890716336
F01742,LM2PU2,21.40990905694989
LM2PU2,F01742,21.40990905694989
F01743,LM2PU1,8.145085366292047
LM2PU1,F01743,8.145085366292047
F01743,LM2PU2,3.753201848020491
LM2PU2,F01743,3.753201848020491
LM2PU1,LM2PU2,5.184461113478333
LM2PU2,LM2PU1,5.184461113478333
067334,F01326,18.518744853525448
F01326,067334,18.518744853525448
067334,F01327,15.035553490607178
F01327,067334,15.035553490607178
067334,F01328,9.203124631676967
F01328,067334,9.203124631676967
067334,F01329,11.213723094637164
F01329,067334,11.213723094637164
F01326,F01327,7.6619791700055515
F01327,F01326,7.6619791700055515
F01326,F01328,11.249415421534405
F01328,F01326,11.249415421534405
F01326,F01329,23.760193067359193
F01329,F01326,23.760193067359193
F01327,F01328,11.776465454730289
F01328,F01327,11.776465454730289
F01327,F01329,23.547520601466317
F01329,F01327,23.547520601466317
F01328,F01329,12.585065487188217
F01329,F01328,12.585065487188217
F01276,F01277,26.448772192086473
F01277,F01276,26.448772192086473
008916,008917,8.473442039847043
008917,008916,8.473442039847043
008916,009638,8.310458942934805
009638,008916,8.310458942934805
008916,074021,8.600544362491679
074021,008916,8.600544362491679
008916,CS074021,8.45261493941381
CS074021,008916,8.45261493941381
008916,F01798,2.95118064602133
F01798,008916,2.95118064602133
008916,F01799,6.48134936008098
F01799,008916,6.48134936008098
008917,009638,9.078473231339968
009638,008917,9.078473231339968
008917,074021,9.096349534535232
074021,008917,9.096349534535232
008917,CS074021,9.09043137132893
CS074021,008917,9.09043137132893
008917,F01798,5.868296221886178
F01798,008917,5.868296221886178
008917,F01799,2.994423773318011
F01799,008917,2.994423773318011
009638,074021,0.332595557150423
074021,009638,0.332595557150423
009638,CS074021,0.16079112154605157
CS074021,009638,0.16079112154605157
009638,F01798,6.454193967340739
F01798,009638,6.454193967340739
009638,F01799,9.88086381564447
F01799,009638,9.88086381564447
074021,CS074021,0.17194556965206106
CS074021,074021,0.17194556965206106
074021,F01798,6.681877648216064
F01798,074021,6.681877648216064
074021,F01799,9.997095466795543
F01799,074021,9.997095466795543
CS074021,F01798,6.566630277594591
F01798,CS074021,6.566630277594591
CS074021,F01799,9.940347516319068
F01799,CS074021,9.940347516319068
F01798,F01799,4.638945840608101
F01799,F01798,4.638945840608101
F01271,F01272,9.79652171227513
F01272,F01271,9.79652171227513
008262,008681,23.288476627907205
008681,008262,23.288476627907205
008262,008912,20.591416518204685
008912,008262,20.591416518204685
008262,F01273,8.610104529640735
F01273,008262,8.610104529640735
008262,F01274,15.608873930911146
F01274,008262,15.608873930911146
008262,F01275,10.36750445054826
F01275,008262,10.36750445054826
008681,008912,7.704926007111456
008912,008681,7.704926007111456
008681,F01273,21.529763678515856
F01273,008681,21.529763678515856
008681,F01274,13.963960125579222
F01274,008681,13.963960125579222
008681,F01275,26.11062773925642
F01275,008681,26.11062773925642
008912,F01273,21.835754260202645
F01273,008912,21.835754260202645
008912,F01274,7.195215834073844
F01274,008912,7.195215834073844
008912,F01275,26.39472698231437
F01275,008912,26.39472698231437
F01273,F01274,19.47148610678933
F01274,F01273,19.47148610678933
F01273,F01275,4.6311081232054185
F01275,F01273,4.6311081232054185
F01274,F01275,23.592253609785253
F01275,F01274,23.592253609785253
F01563,F01564,15.305543297135575
F01564,F01563,15.305543297135575
F01563,F01565,9.655474227043197
F01565,F01563,9.655474227043197
F01563,F01566,8.178411814037528
F01566,F01563,8.178411814037528
F01564,F01565,9.085324329251804
F01565,F01564,9.085324329251804
F01564,F01566,8.42153041602552
F01566,F01564,8.42153041602552
F01565,F01566,2.2429722535576198
F01566,F01565,2.2429722535576198
F01731,F01732,11.882982476581383
F01732,F01731,11.882982476581383
F01731,F01733,14.570022431521402
F01733,F01731,14.570022431521402
F01731,F01734,6.933416126650861
F01734,F01731,6.933416126650861
F01732,F01733,2.748599687248372
F01733,F01732,2.748599687248372
F01732,F01734,16.477855389033763
F01734,F01732,16.477855389033763
F01733,F01734,18.799060509802807
F01734,F01733,18.799060509802807
008148,008149,12.56456696785161
008149,008148,12.56456696785161
008148,F01265,23.842502981029103
F01265,008148,23.842502981029103
008148,F01266,25.748366939809905
F01266,008148,25.748366939809905
008148,F01267,21.812776015808762
F01267,008148,21.812776015808762
008148,F01268,8.969567928750651
F01268,008148,8.969567928750651
008148,F01269,8.233508583036475
F01269,008148,8.233508583036475
008148,F01270,19.97966455887679
F01270,008148,19.97966455887679
008149,F01265,11.974162631155997
F01265,008149,11.974162631155997
008149,F01266,15.865683194032236
F01266,008149,15.865683194032236
008149,F01267,13.613967540381603
F01267,008149,13.613967540381603
008149,F01268,5.49490514052405
F01268,008149,5.49490514052405
008149,F01269,6.293025994386177
F01269,008149,6.293025994386177
008149,F01270,11.49998268636667
F01270,008149,11.49998268636667
F01265,F01266,6.766619628866675
F01266,F01265,6.766619628866675
F01265,F01267,18.83298783371734
F01267,F01265,18.83298783371734
F01265,F01268,17.394180335795397
F01268,F01265,17.394180335795397
F01265,F01269,15.908535334293246
F01269,F01265,15.908535334293246
F01265,F01270,8.128488608184622
F01270,F01265,8.128488608184622
F01266,F01267,25.260752278856447
F01267,F01266,25.260752278856447
F01266,F01268,21.275090233250513
F01268,F01266,21.275090233250513
F01266,F01269,17.526073562474114
F01269,F01266,17.526073562474114
F01266,F01270,5.961812780117516
F01270,F01266,5.961812780117516
F01267,F01268,13.202138372443697
F01268,F01267,13.202138372443697
F01267,F01269,19.23011364590359
F01269,F01267,19.23011364590359
F01267,F01270,23.21826657463866
F01270,F01267,23.21826657463866
F01268,F01269,7.099371472632406
F01269,F01268,7.099371472632406
F01268,F01270,16.521352175773433
F01270,F01268,16.521352175773433
F01269,F01270,11.8296266517482
F01270,F01269,11.8296266517482
F01278,F01279,7.266001197237603
F01279,F01278,7.266001197237603
008036,008037,7.848915818136654
008037,008036,7.848915818136654
008036,F01263,6.7611255838102045
F01263,008036,6.7611255838102045
008036,F01264,4.207273017064481
F01264,008036,4.207273017064481
008037,F01263,4.041621990782268
F01263,008037,4.041621990782268
008037,F01264,7.0823547889186935
F01264,008037,7.0823547889186935
F01263,F01264,3.9501461431520304
F01264,F01263,3.9501461431520304
F01637,F01638,10.29080660756562
F01638,F01637,10.29080660756562
F01539,F01540,8.438079433777052
F01540,F01539,8.438079433777052
008490,040761,38.0556969785763
040761,008490,38.0556969785763
008490,040762,29.8539279357766
040762,008490,29.8539279357766
008490,040763,33.02730540883841
040763,008490,33.02730540883841
008490,072924,9.459822379134208
072924,008490,9.459822379134208
008490,099654,42.99285485849017
099654,008490,42.99285485849017
008490,CSF03930,20.190255373934136
CSF03930,008490,20.190255373934136
008490,F01459,4.475462357772363
F01459,008490,4.475462357772363
008490,F01460,4.991809752560738
F01460,008490,4.991809752560738
008490,F01461,9.485941079519193
F01461,008490,9.485941079519193
008490,F01462,8.607764765114835
F01462,008490,8.607764765114835
008490,F03928,22.050812087993435
F03928,008490,22.050812087993435
008490,F03929,19.900372907472633
F03929,008490,19.900372907472633
008490,F03930,20.455251862538805
F03930,008490,20.455251862538805
008490,F04014,16.690271032347123
F04014,008490,16.690271032347123
008490,F04015,14.679424366660642
F04015,008490,14.679424366660642
008490,F04017,8.431425745787053
F04017,008490,8.431425745787053
008490,F04018,14.56782119110112
F04018,008490,14.56782119110112
008490,F04019,24.635117310962077
F04019,008490,24.635117310962077
040761,040762,10.137873102410973
040762,040761,10.137873102410973
040761,040763,16.173901362465852
040763,040761,16.173901362465852
040761,072924,41.289877816335384
072924,040761,41.289877816335384
040761,099654,12.916063636914133
099654,040761,12.916063636914133
040761,CSF03930,18.094373234179283
CSF03930,040761,18.094373234179283
040761,F01459,39.01246795508459
F01459,040761,39.01246795508459
040761,F01460,37.41363084938813
F01460,040761,37.41363084938813
040761,F01461,31.977048180123166
F01461,040761,31.977048180123166
040761,F01462,33.83830609992577
F01462,040761,33.83830609992577
040761,F03928,23.777964841482564
F03928,040761,23.777964841482564
040761,F03929,18.364380757135944
F03929,040761,18.364380757135944
040761,F03930,17.85145961075956
F03930,040761,17.85145961075956
040761,F04014,28.51432962845739
F04014,040761,28.51432962845739
040761,F04015,25.30187187006764
F04015,040761,25.30187187006764
040761,F04017,34.8011073993279
F04017,040761,34.8011073993279
040761,F04018,38.35723017366205
F04018,040761,38.35723017366205
040761,F04019,34.381110500700586
F04019,040761,34.381110500700586
040762,040763,8.73949587495899
040763,040762,8.73949587495899
040762,072924,31.828608354567212
072924,040762,31.828608354567212
040762,099654,13.813969259415492
099654,040762,13.813969259415492
040762,CSF03930,9.830460771369424
CSF03930,040762,9.830460771369424
040762,F01459,30.104698080764205
F01459,040762,30.104698080764205
040762,F01460,30.182955936992247
F01460,040762,30.182955936992247
040762,F01461,25.550333130558077
F01461,040762,25.550333130558077
040762,F01462,27.349252616189275
F01462,040762,27.349252616189275
040762,F03928,13.643984939267439
F03928,040762,13.643984939267439
040762,F03929,10.12693453456348
F03929,040762,10.12693453456348
040762,F03930,9.556683205253266
F03930,040762,9.556683205253266
040762,F04014,18.50153682272444
F04014,040762,18.50153682272444
040762,F04015,15.951913665590999
F04015,040762,15.951913665590999
040762,F04017,25.428036469064946
F04017,040762,25.428036469064946
040762,F04018,28.398343970672993
F04018,040762,28.398343970672993
040762,F04019,24.3868993900193
F04019,040762,24.3868993900193
040763,072924,32.471927993976294
072924,040763,32.471927993976294
040763,099654,11.290097255653995
099654,040763,11.290097255653995
040763,CSF03930,15.436328804529236
CSF03930,040763,15.436328804529236
040763,F01459,32.085677579799516
F01459,040763,32.085677579799516
040763,F01460,34.56839024965031
F01460,040763,34.56839024965031
040763,F01461,30.999032483705022
F01461,040763,30.999032483705022
040763,F01462,32.634212557313155
F01462,040763,32.634212557313155
040763,F03928,11.99741526426227
F03928,040763,11.99741526426227
040763,F03929,15.68742808550838
F03929,040763,15.68742808550838
040763,F03930,15.198965484147879
F03930,040763,15.198965484147879
040763,F04014,18.07537756590096
F04014,040763,18.07537756590096
040763,F04015,18.355830742720766
F04015,040763,18.355830742720766
040763,F04017,26.697877659732878
F04017,040763,26.697877659732878
040763,F04018,27.439485742552982
F04018,040763,27.439485742552982
040763,F04019,20.040864960242462
F04019,040763,20.040864960242462
072924,099654,43.44612642715022
099654,072924,43.44612642715022
072924,CSF03930,23.386343590980555
CSF03930,072924,23.386343590980555
072924,F01459,5.00877599880283
F01459,072924,5.00877599880283
072924,F01460,14.449029195160833
F01460,072924,14.449029195160833
072924,F01461,18.204509077960328
F01461,072924,18.204509077960328
072924,F01462,17.744128676642415
F01462,072924,17.744128676642415
072924,F03928,20.494066378015262
F03928,072924,20.494066378015262
072924,F03929,23.146164367287867
F03929,072924,23.146164367287867
072924,F03930,23.601587832353665
F03930,072924,23.601587832353665
072924,F04014,14.401351013337907
F04014,072924,14.401351013337907
072924,F04015,15.991291201900937
F04015,072924,15.991291201900937
072924,F04017,6.501201750743484
F04017,072924,6.501201750743484
072924,F04018,6.961812960381077
F04018,072924,6.961812960381077
072924,F04019,18.588777469160945
F04019,072924,18.588777469160945
099654,CSF03930,23.49588107921229
CSF03930,099654,23.49588107921229
099654,F01459,42.6092247223002
F01459,099654,42.6092247223002
099654,F01460,43.78269969838049
F01460,099654,43.78269969838049
099654,F01461,39.34132015965117
F01461,099654,39.34132015965117
099654,F01462,41.12632330590652
F01462,099654,41.12632330590652
099654,F03928,23.134314508876916
F03928,099654,23.134314508876916
099654,F03929,23.78920029487185
F03929,099654,23.78920029487185
099654,F03930,23.223334261570134
F03930,099654,23.223334261570134
099654,F04014,29.131609455572974
F04014,099654,29.131609455572974
099654,F04015,28.46385042734426
F04015,099654,28.46385042734426
099654,F04017,37.42807015936861
F04017,099654,37.42807015936861
099654,F04018,38.67793849929259
F04018,099654,38.67793849929259
099654,F04019,31.06111334768413
F04019,099654,31.06111334768413
CSF03930,F01459,20.918167310630587
F01459,CSF03930,20.918167310630587
CSF03930,F01460,20.35409241458332
F01460,CSF03930,20.35409241458332
CSF03930,F01461,15.912642784530988
F01461,CSF03930,15.912642784530988
CSF03930,F01462,17.663868912165256
F01462,CSF03930,17.663868912165256
CSF03930,F03928,10.87092744234658
F03928,CSF03930,10.87092744234658
CSF03930,F03929,0.2965043979716635
F03929,CSF03930,0.2965043979716635
CSF03930,F03930,0.27393136096143933
F03930,CSF03930,0.27393136096143933
CSF03930,F04014,12.4752875537935
F04014,CSF03930,12.4752875537935
CSF03930,F04015,7.6446941171911895
F04015,CSF03930,7.6446941171911895
CSF03930,F04017,16.888569623191795
F04017,CSF03930,16.888569623191795
CSF03930,F04018,21.450405598077186
F04018,CSF03930,21.450405598077186
CSF03930,F04019,21.513102583287584
F04019,CSF03930,21.513102583287584
F01459,F01460,9.46574152901354
F01460,F01459,9.46574152901354
F01459,F01461,13.351288392701198
F01461,F01459,13.351288392701198
F01459,F01462,12.779649719480167
F01462,F01459,12.779649719480167
F01459,F03928,20.467490659138416
F03928,F01459,20.467490659138416
F01459,F03929,20.648461832117803
F03929,F01459,20.648461832117803
F01459,F03930,21.16237669455816
F03930,F01459,21.16237669455816
F01459,F04014,14.596276243758163
F04014,F01459,14.596276243758163
F01459,F04015,14.229244114271713
F04015,F01459,14.229244114271713
F01459,F04017,5.609489207271051
F04017,F01459,5.609489207271051
F01459,F04018,10.434681168260262
F04018,F01459,10.434681168260262
F01459,F04019,21.222722332357474
F04019,F01459,21.222722332357474
F01460,F01461,6.066629665506205
F01461,F01460,6.066629665506205
F01460,F01462,4.530058526891344
F01462,F01460,4.530058526891344
F01460,F03928,24.52370628427608
F03928,F01460,24.52370628427608
F01460,F03929,20.057788891665492
F03929,F01460,20.057788891665492
F01460,F03930,20.628007159460353
F03930,F01460,20.628007159460353
F01460,F04014,19.84729899617507
F04014,F01460,19.84729899617507
F01460,F04015,16.496310353179254
F04015,F01460,16.496310353179254
F01460,F04017,12.674453669330243
F04017,F01460,12.674453669330243
F01460,F04018,19.312076704673952
F04018,F01460,19.312076704673952
F01460,F04019,28.692356025327776
F04019,F01460,28.692356025327776
F01461,F01462,1.8612935154086387
F01462,F01461,1.8612935154086387
F01461,F03928,22.401414597577883
F03928,F01461,22.401414597577883
F01461,F03929,15.626814297690236
F03929,F01461,15.626814297690236
F01461,F03930,16.18013832218734
F03930,F01461,16.18013832218734
F01461,F04014,18.969016114475373
F04014,F01461,18.969016114475373
F01461,F04015,14.19109478508956
F04015,F01461,14.19109478508956
F01461,F04017,14.29665495972171
F04017,F01461,14.29665495972171
F01461,F04018,21.427054301892962
F04018,F01461,21.427054301892962
F01461,F04019,28.82557664997586
F04019,F01461,28.82557664997586
F01462,F03928,23.695977627993447
F03928,F01462,23.695977627993447
F01462,F03929,17.37523953350314
F03929,F01462,17.37523953350314
F01462,F03930,17.933372333530734
F03930,F01462,17.933372333530734
F01462,F04014,19.920358281556933
F04014,F01462,19.920358281556933
F01462,F04015,15.462397982056501
F04015,F01462,15.462397982056501
F01462,F04017,14.460894232179214
F04017,F01462,14.460894232179214
F01462,F04018,21.533561885635326
F04018,F01462,21.533561885635326
F01462,F04019,29.565058519420557
F04019,F01462,29.565058519420557
F03928,F03929,10.91036294615067
F03929,F03928,10.91036294615067
F03928,F03930,10.828620947004202
F03930,F03928,10.828620947004202
F03928,F04014,6.093998621901137
F04014,F03928,6.093998621901137
F03928,F04015,8.233599692831225
F04015,F03928,8.233599692831225
F03928,F04017,14.933177418620174
F04017,F03928,14.933177418620174
F03928,F04018,15.584640948629284
F04018,F03928,15.584640948629284
F03928,F04019,11.15000882210884
F04019,F03928,11.15000882210884
F03929,F03930,0.5702742506446992
F03930,F03929,0.5702742506446992
F03929,F04014,12.365474240502937
F04014,F03929,12.365474240502937
F03929,F04015,7.448647986319817
F04015,F03929,7.448647986319817
F03929,F04017,16.650519935790683
F04017,F03929,16.650519935790683
F03929,F04018,21.27269175226032
F04018,F03929,21.27269175226032
F03929,F04019,21.486096549978562
F04019,F03929,21.486096549978562
F03930,F04014,12.570018060373561
F04014,F03930,12.570018060373561
F03930,F04015,7.8217951903528515
F04015,F03930,7.8217951903528515
F03930,F04017,17.102249894608722
F04017,F03930,17.102249894608722
F03930,F04018,21.60640054856414
F04018,F03930,21.60640054856414
F03930,F04019,21.52865266484824
F04019,F03930,21.52865266484824
F04014,F04015,5.888689015723203
F04015,F04014,5.888689015723203
F04014,F04017,8.996122153496184
F04017,F04014,8.996122153496184
F04014,F04018,9.911507957699323
F04018,F04014,9.911507957699323
F04014,F04019,10.220720826249549
F04019,F04014,10.220720826249549
F04015,F04017,9.518938236098155
F04017,F04015,9.518938236098155
F04015,F04018,13.852432663198488
F04018,F04015,13.852432663198488
F04015,F04019,16.038298099724965
F04019,F04015,16.038298099724965
F04017,F04018,7.132429018454313
F04018,F04017,7.132429018454313
F04017,F04019,16.205462824052564
F04019,F04017,16.205462824052564
F04018,F04019,11.670419612558026
F04019,F04018,11.670419612558026
044126,044127,7.5447488137863745
044127,044126,7.5447488137863745
F01463,F01464,5.066053251979495
F01464,F01463,5.066053251979495
F01463,F01541,21.18990091491527
F01541,F01463,21.18990091491527
F01463,F01542,16.743857638882364
F01542,F01463,16.743857638882364
F01464,F01541,26.02470865229156
F01541,F01464,26.02470865229156
F01464,F01542,19.921001407210394
F01542,F01464,19.921001407210394
F01541,F01542,23.856826217118755
F01542,F01541,23.856826217118755
F03924,F03925,10.933464373125874
F03925,F03924,10.933464373125874
F01455,F01456,17.022702926406353
F01456,F01455,17.022702926406353
F01455,F01457,11.322238193258036
F01457,F01455,11.322238193258036
F01455,F01458,9.242317541304336
F01458,F01455,9.242317541304336
F01456,F01457,6.367743037405401
F01457,F01456,6.367743037405401
F01456,F01458,10.183188130230034
F01458,F01456,10.183188130230034
F01457,F01458,3.9109305595388966
F01458,F01457,3.9109305595388966
F01365,F01477,6.661504423929172
F01477,F01365,6.661504423929172
086857,F01498,25.81499663564262
F01498,086857,25.81499663564262
086857,F01499,23.728761837284015
F01499,086857,23.728761837284015
086857,F01500,22.69559175148794
F01500,086857,22.69559175148794
F01498,F01499,11.278812328723463
F01499,F01498,11.278812328723463
F01498,F01500,3.261713194333946
F01500,F01498,3.261713194333946
F01499,F01500,11.328561087954709
F01500,F01499,11.328561087954709
008174,008175,4.675572968038423
008175,008174,4.675572968038423
008174,008286,20.431620276072184
008286,008174,20.431620276072184
008174,008287,25.558108841119505
008287,008174,25.558108841119505
008174,042933,3.1313210043914323
042933,008174,3.1313210043914323
008174,066434,43.158484971073186
066434,008174,43.158484971073186
008174,073088,55.81859301899671
073088,008174,55.81859301899671
008174,086858,1.183991210004277
086858,008174,1.183991210004277
008174,086859,15.753831985476642
086859,008174,15.753831985476642
008174,086880,8.354262010229224
086880,008174,8.354262010229224
008174,F01256,18.04298172352003
F01256,008174,18.04298172352003
008174,F01282,19.52944306025887
F01282,008174,19.52944306025887
008174,F01283,20.41299802005076
F01283,008174,20.41299802005076
008174,F01284,27.876244458032843
F01284,008174,27.876244458032843
008174,F01286,23.543611059219167
F01286,008174,23.543611059219167
008174,F01530,9.439108077259467
F01530,008174,9.439108077259467
008175,008286,16.625855797408605
008286,008175,16.625855797408605
008175,008287,21.545562851066958
008287,008175,21.545562851066958
008175,042933,1.5789205405201674
042933,008175,1.5789205405201674
008175,066434,38.57979594999696
066434,008175,38.57979594999696
008175,073088,51.176296278846216
073088,008175,51.176296278846216
008175,086858,5.852784384979434
086858,008175,5.852784384979434
008175,086859,17.653469388536575
086859,008175,17.653469388536575
008175,086880,10.396481022120616
086880,008175,10.396481022120616
008175,F01256,14.694304933629843
F01256,008175,14.694304933629843
008175,F01282,15.265406181346938
F01282,008175,15.265406181346938
008175,F01283,21.298043492616497
F01283,008175,21.298043492616497
008175,F01284,28.85378292710601
F01284,008175,28.85378292710601
008175,F01286,18.887117925002666
F01286,008175,18.887117925002666
008175,F01530,5.040379522745382
F01530,008175,5.040379522745382
008286,008287,5.305540807365566
008287,008286,5.305540807365566
008286,042933,18.008675061423073
042933,008286,18.008675061423073
008286,066434,25.057077094367912
066434,008286,25.057077094367912
008286,073088,38.27859687911723
073088,008286,38.27859687911723
008286,086858,21.372495529037842
086858,008286,21.372495529037842
008286,086859,22.313525543246882
086859,008286,22.313525543246882
008286,086880,19.340396398513334
086880,008286,19.340396398513334
008286,F01256,3.4168262208223004
F01256,008286,3.4168262208223004
008286,F01282,17.76707434169684
F01282,008286,17.76707434169684
008286,F01283,36.39772642494124
F01283,008286,36.39772642494124
008286,F01284,43.70392125198397
F01284,008286,43.70392125198397
008286,F01286,10.656377761503851
F01286,008286,10.656377761503851
008286,F01530,15.40816730867825
F01530,008286,15.40816730867825
008287,042933,22.995563002161237
042933,008287,22.995563002161237
008287,066434,20.165208129121638
066434,008287,20.165208129121638
008287,073088,33.38875157087144
073088,008287,33.38875157087144
008287,086858,26.53728828053194
086858,008287,26.53728828053194
008287,086859,27.173959799603157
086859,008287,27.173959799603157
008287,086880,24.61205425668517
086880,008287,24.61205425668517
008287,F01256,8.519491682902517
F01256,008287,8.519491682902517
008287,F01282,19.590430098070723
F01282,008287,19.590430098070723
008287,F01283,40.39958953582207
F01283,008287,40.39958953582207
008287,F01284,47.5125202968257
F01284,008287,47.5125202968257
008287,F01286,10.168483105286128
F01286,008287,10.168483105286128
008287,F01530,19.636420786072982
F01530,008287,19.636420786072982
042933,066434,40.157206204304636
066434,042933,40.157206204304636
042933,073088,52.753559170711924
073088,042933,52.753559170711924
042933,086858,4.314821032104135
086858,042933,4.314821032104135
042933,086859,17.142867373452287
086859,042933,17.142867373452287
042933,086880,9.74462532716466
086880,042933,9.74462532716466
042933,F01256,15.928084542500324
F01256,042933,15.928084542500324
042933,F01282,16.54738289605743
F01282,042933,16.54738289605743
042933,F01283,20.62987330629137
F01283,042933,20.62987330629137
042933,F01284,28.18566511408281
F01284,042933,28.18566511408281
042933,F01286,20.462439041248942
F01286,042933,20.462439041248942
042933,F01530,6.369298719012315
F01530,042933,6.369298719012315
066434,073088,13.231263187221899
073088,066434,13.231263187221899
066434,086858,44.286632833914716
086858,066434,44.286632833914716
066434,086859,47.30728650678471
086859,066434,47.30728650678471
066434,086880,44.117402146571635
086880,066434,44.117402146571635
066434,F01256,28.462107607035218
F01256,066434,28.462107607035218
066434,F01282,28.612819970966576
F01282,066434,28.612819970966576
066434,F01283,52.45992602671823
F01283,066434,52.45992602671823
066434,F01284,58.31769651274804
F01284,066434,58.31769651274804
066434,F01286,19.93528163232883
F01286,066434,19.93528163232883
066434,F01530,34.85750131806011
F01530,066434,34.85750131806011
073088,086858,56.97094562242537
086858,073088,56.97094562242537
073088,086859,60.538540232786055
086859,073088,60.538540232786055
073088,086880,57.240099307668785
086880,073088,57.240099307668785
073088,F01256,41.687248919470974
F01256,073088,41.687248919470974
073088,F01282,39.60010208556258
F01282,073088,39.60010208556258
073088,F01283,63.008105611797646
F01283,073088,63.008105611797646
073088,F01284,68.14076510883673
F01284,073088,68.14076510883673
073088,F01286,32.29763506122827
F01286,073088,32.29763506122827
073088,F01530,47.11359342120728
F01530,073088,47.11359342120728
086858,086859,15.324742221657635
086859,086858,15.324742221657635
086858,086880,8.046869653792802
086880,086858,8.046869653792802
086858,F01256,18.889359111166797
F01256,086858,18.889359111166797
086858,F01282,20.678503621646513
F01282,086858,20.678503621646513
086858,F01283,20.49556375393884
F01283,086858,20.49556375393884
086858,F01284,27.890259457972828
F01284,086858,27.890259457972828
086858,F01286,24.704951290978496
F01286,086858,24.704951290978496
086858,F01530,10.614382667707211
F01530,086858,10.614382667707211
086859,086880,7.448563103793783
086880,086859,7.448563103793783
086859,F01256,18.89715288187941
F01256,086859,18.89715288187941
086859,F01282,31.706647256202704
F01282,086859,31.706647256202704
086859,F01283,35.57549198174655
F01283,086859,35.57549198174655
086859,F01284,42.76498922108645
F01284,086859,42.76498922108645
086859,F01286,30.88299352291724
F01286,086859,30.88299352291724
086859,F01530,22.11079533042123
F01530,086859,22.11079533042123
086880,F01256,16.12679908970311
F01256,086880,16.12679908970311
086880,F01282,25.113599633279026
F01282,086880,25.113599633279026
086880,F01283,28.517152560757847
F01283,086880,28.517152560757847
086880,F01284,35.85813996779609
F01284,086880,35.85813996779609
086880,F01286,25.99005184955804
F01286,086880,25.99005184955804
086880,F01530,15.132256348264335
F01530,086880,15.132256348264335
F01256,F01282,18.839746347929033
F01282,F01256,18.839746347929033
F01256,F01283,35.32240246964109
F01283,F01256,35.32240246964109
F01256,F01284,42.76409216653734
F01284,F01256,42.76409216653734
F01256,F01286,13.299852775875578
F01286,F01256,13.299852775875578
F01256,F01530,14.487345036311426
F01530,F01256,14.487345036311426
F01282,F01283,23.851081946009053
F01283,F01282,23.851081946009053
F01282,F01284,29.971253164347722
F01284,F01282,29.971253164347722
F01282,F01286,10.404344690103901
F01286,F01282,10.404344690103901
F01282,F01530,10.225055559607187
F01530,F01282,10.225055559607187
F01283,F01284,7.55900137277127
F01284,F01283,7.55900137277127
F01283,F01286,33.526162560188176
F01286,F01283,33.526162560188176
F01283,F01530,20.993174304256026
F01530,F01283,20.993174304256026
F01284,F01286,40.06507586675792
F01286,F01284,40.06507586675792
F01284,F01530,28.346060179758293
F01530,F01284,28.346060179758293
F01286,F01530,14.928293178676409
F01530,F01286,14.928293178676409
F01525,F01526,4.1674291629099445
F01526,F01525,4.1674291629099445
008498,F01476,5.223609463308541
F01476,008498,5.223609463308541
008589,F01478,20.278363718785048
F01478,008589,20.278363718785048
008500,102797,35.72383540175855
102797,008500,35.72383540175855
008500,CSF01489,14.465436184192603
CSF01489,008500,14.465436184192603
008500,F01489,14.735946395506735
F01489,008500,14.735946395506735
008500,F01490,14.195083988849124
F01490,008500,14.195083988849124
008500,F01491,14.060543519507977
F01491,008500,14.060543519507977
008500,F01493,26.95139506207877
F01493,008500,26.95139506207877
008500,F01494,42.50673128620012
F01494,008500,42.50673128620012
008500,F01495,19.405313603019785
F01495,008500,19.405313603019785
008500,F01496,46.454014927501824
F01496,008500,46.454014927501824
008500,F01497,35.22867481966472
F01497,008500,35.22867481966472
102797,CSF01489,27.84880295657693
CSF01489,102797,27.84880295657693
102797,F01489,27.796873985554498
F01489,102797,27.796873985554498
102797,F01490,27.903338358082642
F01490,102797,27.903338358082642
102797,F01491,35.933269254860534
F01491,102797,35.933269254860534
102797,F01493,24.012187444693947
F01493,102797,24.012187444693947
102797,F01494,10.747610682161161
F01494,102797,10.747610682161161
102797,F01495,34.7658798559957
F01495,102797,34.7658798559957
102797,F01496,18.578354739131075
F01496,102797,18.578354739131075
102797,F01497,15.659203957170451
F01497,102797,15.659203957170451
CSF01489,F01489,0.274625761558568
F01489,CSF01489,0.274625761558568
CSF01489,F01490,0.2746257844270379
F01490,CSF01489,0.2746257844270379
CSF01489,F01491,8.088278619224095
F01491,CSF01489,8.088278619224095
CSF01489,F01493,12.57743597662454
F01493,CSF01489,12.57743597662454
CSF01489,F01494,31.632450225360778
F01494,CSF01489,31.632450225360778
CSF01489,F01495,8.7045951348154
F01495,CSF01489,8.7045951348154
CSF01489,F01496,33.92336011266562
F01496,CSF01489,33.92336011266562
CSF01489,F01497,22.35257184863925
F01497,CSF01489,22.35257184863925
F01489,F01490,0.5492515459856192
F01490,F01489,0.5492515459856192
F01489,F01491,8.136603777031645
F01491,F01489,8.136603777031645
F01489,F01493,12.318864610971229
F01493,F01489,12.318864610971229
F01489,F01494,31.493165973953545
F01494,F01489,31.493165973953545
F01489,F01495,8.564961980556198
F01495,F01489,8.564961980556198
F01489,F01496,33.73189624625515
F01496,F01489,33.73189624625515
F01489,F01497,22.158025462463904
F01497,F01489,22.158025462463904
F01490,F01491,8.049038357994394
F01491,F01490,8.049038357994394
F01490,F01493,12.836674255342393
F01493,F01490,12.836674255342393
F01490,F01494,31.77349767663227
F01494,F01490,31.77349767663227
F01490,F01495,8.850548965632166
F01495,F01490,8.850548965632166
F01490,F01496,34.11596021481203
F01496,F01490,34.11596021481203
F01490,F01497,22.54878457120772
F01497,F01490,22.54878457120772
F01491,F01493,17.9214438821089
F01493,F01491,17.9214438821089
F01491,F01494,39.26947825105739
F01494,F01491,39.26947825105739
F01491,F01495,5.843836660338194
F01495,F01491,5.843836660338194
F01491,F01496,40.80066951930757
F01496,F01491,40.80066951930757
F01491,F01497,29.27346904468137
F01497,F01491,29.27346904468137
F01493,F01494,23.4044294693463
F01494,F01493,23.4044294693463
F01493,F01495,13.745497869833663
F01495,F01493,13.745497869833663
F01493,F01496,23.30306363738049
F01496,F01493,23.30306363738049
F01493,F01497,12.204070411098586
F01497,F01493,12.204070411098586
F01494,F01495,36.53273066431595
F01495,F01494,36.53273066431595
F01494,F01496,8.130527589144346
F01496,F01494,8.130527589144346
F01494,F01497,11.496801097917567
F01497,F01494,11.496801097917567
F01495,F01496,37.04509251084003
F01496,F01495,37.04509251084003
F01495,F01497,25.786691484415734
F01497,F01495,25.786691484415734
F01496,F01497,11.580498079352395
F01497,F01496,11.580498079352395
008499,F01481,25.022599093559197
F01481,008499,25.022599093559197
008499,F01482,4.288625976916515
F01482,008499,4.288625976916515
008499,F01483,15.150842100069907
F01483,008499,15.150842100069907
008499,F01484,14.766241048256664
F01484,008499,14.766241048256664
008499,F01485,16.285810525166386
F01485,008499,16.285810525166386
008499,F01486,24.69469717740226
F01486,008499,24.69469717740226
F01481,F01482,28.890904361527532
F01482,F01481,28.890904361527532
F01481,F01483,12.205693074262605
F01483,F01481,12.205693074262605
F01481,F01484,15.362496138211778
F01484,F01481,15.362496138211778
F01481,F01485,9.449551351967143
F01485,F01481,9.449551351967143
F01481,F01486,8.565185509734555
F01486,F01481,8.565185509734555
F01482,F01483,19.41876609611715
F01483,F01482,19.41876609611715
F01482,F01484,17.188022386749996
F01484,F01482,17.188022386749996
F01482,F01485,19.84721516408428
F01485,F01482,19.84721516408428
F01482,F01486,27.775113937476178
F01486,F01482,27.775113937476178
F01483,F01484,14.017109581532395
F01484,F01483,14.017109581532395
F01483,F01485,8.596765004451886
F01485,F01483,8.596765004451886
F01483,F01486,16.590399499850655
F01486,F01483,16.590399499850655
F01484,F01485,6.723764065673877
F01485,F01484,6.723764065673877
F01484,F01486,11.078594037611314
F01486,F01484,11.078594037611314
F01485,F01486,9.053139232079362
F01486,F01485,9.053139232079362
F01363,F01364,6.7039350054340145
F01364,F01363,6.7039350054340145
F01487,F01488,2.856345102522346
F01488,F01487,2.856345102522346
F01368,F01369,9.24264064239523
F01369,F01368,9.24264064239523
044115,F01465,21.474981914747175
F01465,044115,21.474981914747175
044115,F01466,16.898537933780844
F01466,044115,16.898537933780844
044115,F01878,21.891048752344656
F01878,044115,21.891048752344656
F01465,F01466,5.280433545078112
F01466,F01465,5.280433545078112
F01465,F01878,5.503766076529689
F01878,F01465,5.503766076529689
F01466,F01878,5.463180553498487
F01878,F01466,5.463180553498487
044128,F01468,19.701454083349013
F01468,044128,19.701454083349013
044128,F01469,17.10598569257836
F01469,044128,17.10598569257836
F01468,F01469,26.78363438100584
F01469,F01468,26.78363438100584
F01623,F01624,14.850510860805839
F01624,F01623,14.850510860805839
F01623,F01625,17.7060179940285
F01625,F01623,17.7060179940285
F01623,F01626,19.233357040919177
F01626,F01623,19.233357040919177
F01623,F01627,3.235416262539105
F01627,F01623,3.235416262539105
F01624,F01625,10.066630344814833
F01625,F01624,10.066630344814833
F01624,F01626,6.810884444834881
F01626,F01624,6.810884444834881
F01624,F01627,13.621173565330317
F01627,F01624,13.621173565330317
F01625,F01626,5.630780067739767
F01626,F01625,5.630780067739767
F01625,F01627,14.899705719176369
F01627,F01625,14.899705719176369
F01626,F01627,17.055387213144247
F01627,F01626,17.055387213144247
F01781,F01782,8.983450415933232
F01782,F01781,8.983450415933232
F01781,F01783,9.726710516652831
F01783,F01781,9.726710516652831
F01782,F01783,15.805259367666492
F01783,F01782,15.805259367666492
F01827,F01828,14.557967573966572
F01828,F01827,14.557967573966572
F01630,F01631,12.178019270707185
F01631,F01630,12.178019270707185
F01629,F01826,14.47515586427663
F01826,F01629,14.47515586427663
F01727,F01728,4.201993247200243
F01728,F01727,4.201993247200243
F01669,F01670,20.85911386310902
F01670,F01669,20.85911386310902
008915,009774,11.704930969487723
009774,008915,11.704930969487723
008915,F01615,10.473615250904077
F01615,008915,10.473615250904077
008915,F01616,18.721150039009082
F01616,008915,18.721150039009082
008915,F01617,11.742738230010223
F01617,008915,11.742738230010223
008915,F01618,3.9186519716922756
F01618,008915,3.9186519716922756
009774,F01615,13.071355304553189
F01615,009774,13.071355304553189
009774,F01616,16.11421091676818
F01616,009774,16.11421091676818
009774,F01617,5.131982468167425
F01617,009774,5.131982468167425
009774,F01618,8.197352935170969
F01618,009774,8.197352935170969
F01615,F01616,8.86246835515269
F01616,F01615,8.86246835515269
F01615,F01617,8.881596586042283
F01617,F01615,8.881596586042283
F01615,F01618,8.512938763153619
F01618,F01615,8.512938763153619
F01616,F01617,11.013139936342554
F01617,F01616,11.013139936342554
F01616,F01618,15.762204330292494
F01618,F01616,15.762204330292494
F01617,F01618,7.834846941100548
F01618,F01617,7.834846941100548
049914,F01619,6.052291590529232
F01619,049914,6.052291590529232
049914,F01620,1.9888430201538705
F01620,049914,1.9888430201538705
049914,F01621,26.662688224946955
F01621,049914,26.662688224946955
049914,F01622,4.438754221756567
F01622,049914,4.438754221756567
F01619,F01620,7.733628829966377
F01620,F01619,7.733628829966377
F01619,F01621,20.610447180550725
F01621,F01619,20.610447180550725
F01619,F01622,7.961770439722301
F01622,F01619,7.961770439722301
F01620,F01621,28.280193027784126
F01621,F01620,28.280193027784126
F01620,F01622,3.35703375935379
F01622,F01620,3.35703375935379
F01621,F01622,27.614005928369142
F01622,F01621,27.614005928369142
F01575,F01576,6.849676432028027
F01576,F01575,6.849676432028027
F01533,F01534,12.268733877314345
F01534,F01533,12.268733877314345
F01531,F01532,8.311923035269166
F01532,F01531,8.311923035269166
F01535,F01536,13.777885027386313
F01536,F01535,13.777885027386313
F01535,F01538,8.720131505112565
F01538,F01535,8.720131505112565
F01536,F01538,14.76172594005863
F01538,F01536,14.76172594005863
F01725,F01726,13.521098286296878
F01726,F01725,13.521098286296878
041139,041140,3.001784850958693
041140,041139,3.001784850958693
041139,109234,23.914306032183173
109234,041139,23.914306032183173
041139,F01567,7.894374025080886
F01567,041139,7.894374025080886
041139,F01568,6.26893696669128
F01568,041139,6.26893696669128
041140,109234,22.790154871343375
109234,041140,22.790154871343375
041140,F01567,9.523638618087311
F01567,041140,9.523638618087311
041140,F01568,7.386698465705615
F01568,041140,7.386698465705615
109234,F01567,19.721732446775658
F01567,109234,19.721732446775658
109234,F01568,19.11499947358768
F01568,109234,19.11499947358768
F01567,F01568,2.4123041609400127
F01568,F01567,2.4123041609400127
F01648,F01649,6.448614466361052
F01649,F01648,6.448614466361052
F01648,F01650,4.545370701451119
F01650,F01648,4.545370701451119
F01648,F01651,8.870985146418208
F01651,F01648,8.870985146418208
F01648,F01652,17.703930135935437
F01652,F01648,17.703930135935437
F01648,F01653,14.949278374572085
F01653,F01648,14.949278374572085
F01649,F01650,7.077438396956072
F01650,F01649,7.077438396956072
F01649,F01651,2.977505467534842
F01651,F01649,2.977505467534842
F01649,F01652,23.873761267495635
F01652,F01649,23.873761267495635
F01649,F01653,21.397827414260885
F01653,F01649,21.397827414260885
F01650,F01651,8.070406332069178
F01651,F01650,8.070406332069178
F01650,F01652,20.460306626927952
F01652,F01650,20.460306626927952
F01650,F01653,16.48035411409987
F01653,F01650,16.48035411409987
F01651,F01652,26.536030818149772
F01652,F01651,26.536030818149772
F01651,F01653,23.66700072799759
F01653,F01651,23.66700072799759
F01652,F01653,6.2925564397969005
F01653,F01652,6.2925564397969005
F01641,F01642,14.129531780006609
F01642,F01641,14.129531780006609
F01641,F01644,17.459224327448453
F01644,F01641,17.459224327448453
F01641,F01647,11.79063780348535
F01647,F01641,11.79063780348535
F01642,F01644,25.38694058716728
F01644,F01642,25.38694058716728
F01642,F01647,21.371028102273275
F01647,F01642,21.371028102273275
F01644,F01647,5.768231215729646
F01647,F01644,5.768231215729646
F01639,F01640,5.823249126483009
F01640,F01639,5.823249126483009
F01639,F01645,16.422381073438775
F01645,F01639,16.422381073438775
F01639,F01646,16.184903977063318
F01646,F01639,16.184903977063318
F01640,F01645,13.77487657751355
F01645,F01640,13.77487657751355
F01640,F01646,18.546689239517846
F01646,F01640,18.546689239517846
F01645,F01646,14.122390791238322
F01646,F01645,14.122390791238322
F01569,F01570,4.1499862726071015
F01570,F01569,4.1499862726071015
F01569,F01571,16.65700585551344
F01571,F01569,16.65700585551344
F01569,F01572,20.045657056438767
F01572,F01569,20.045657056438767
F01570,F01571,15.458568586738714
F01571,F01570,15.458568586738714
F01570,F01572,20.543093034582345
F01572,F01570,20.543093034582345
F01571,F01572,8.543977342587294
F01572,F01571,8.543977342587294
002138,008379,19.148183182388955
008379,002138,19.148183182388955
002138,008380,4.356620244090954
008380,002138,4.356620244090954
002138,008381,19.57835362861066
008381,002138,19.57835362861066
002138,038791,5.348410313917825
038791,002138,5.348410313917825
002138,048277,1.260994677167494
048277,002138,1.260994677167494
002138,F01635,5.902112611956144
F01635,002138,5.902112611956144
002138,F01636,11.209797031629865
F01636,002138,11.209797031629865
002138,F01800,23.94253330723643
F01800,002138,23.94253330723643
002138,F01801,4.529926375618916
F01801,002138,4.529926375618916
002138,F01803,17.866136094576063
F01803,002138,17.866136094576063
008379,008380,19.340990001135324
008380,008379,19.340990001135324
008379,008381,6.079357709103524
008381,008379,6.079357709103524
008379,038791,22.972535247512745
038791,008379,22.972535247512745
008379,048277,18.84384241628544
048277,008379,18.84384241628544
008379,F01635,16.322417312222388
F01635,008379,16.322417312222388
008379,F01636,10.631462986127657
F01636,008379,10.631462986127657
008379,F01800,6.640493783973523
F01800,008379,6.640493783973523
008379,F01801,16.56992303844829
F01801,008379,16.56992303844829
008379,F01803,4.899184275600341
F01803,008379,4.899184275600341
008380,008381,18.395937472307327
008381,008380,18.395937472307327
008380,038791,3.770615597530251
038791,008380,3.770615597530251
008380,048277,5.559631204837258
048277,008380,5.559631204837258
008380,F01635,3.248094843397496
F01635,008380,3.248094843397496
008380,F01636,9.644622290943309
F01636,008380,9.644622290943309
008380,F01800,23.102028963448607
F01800,008380,23.102028963448607
008380,F01801,2.7880474406393883
F01801,008380,2.7880474406393883
008380,F01803,16.9814717511781
F01803,008380,16.9814717511781
008381,038791,22.165782240867674
038791,008381,22.165782240867674
008381,048277,19.667480198075797
048277,008381,19.667480198075797
008381,F01635,15.149188099247352
F01635,008381,15.149188099247352
008381,F01636,8.751322542506015
F01636,008381,8.751322542506015
008381,F01800,4.866440072025129
F01800,008381,4.866440072025129
008381,F01801,15.893443935080837
F01801,008381,15.893443935080837
008381,F01803,2.028251854210828
F01803,008381,2.028251854210828
038791,048277,6.516914651663305
048277,038791,6.516914651663305
038791,F01635,7.0166737690349645
F01635,038791,7.0166737690349645
038791,F01636,13.414517865790835
F01636,038791,13.414517865790835
038791,F01800,26.870315329753442
F01800,038791,26.870315329753442
038791,F01801,6.431069749473809
F01801,038791,6.431069749473809
038791,F01803,20.74652102083406
F01803,038791,20.74652102083406
048277,F01635,6.744365238584912
F01635,048277,6.744365238584912
048277,F01636,11.54074603393892
F01636,048277,11.54074603393892
048277,F01800,23.89902237534949
F01800,048277,23.89902237534949
048277,F01801,5.334071822104708
F01801,048277,5.334071822104708
048277,F01803,17.886043497373176
F01803,048277,17.886043497373176
F01635,F01636,6.398090602335003
F01636,F01635,6.398090602335003
F01635,F01800,19.867970889269213
F01800,F01635,19.867970889269213
F01635,F01801,1.413950087140507
F01801,F01635,1.413950087140507
F01635,F01803,13.756925525323679
F01803,F01635,13.756925525323679
F01636,F01800,13.488124639854378
F01800,F01636,13.488124639854378
F01636,F01801,7.193571753449962
F01801,F01636,7.193571753449962
F01636,F01803,7.4135192958616365
F01803,F01636,7.4135192958616365
F01800,F01801,20.51822934674731
F01801,F01800,20.51822934674731
F01800,F01803,6.136276129164139
F01803,F01800,6.136276129164139
F01801,F01803,14.38272129661563
F01803,F01801,14.38272129661563
043746,F01558,26.55028975141058
F01558,043746,26.55028975141058
F01856,F01857,7.610569995576942
F01857,F01856,7.610569995576942
F01559,F01560,9.879554402220391
F01560,F01559,9.879554402220391
F01729,F01730,4.673103196620765
F01730,F01729,4.673103196620765
F01561,F01562,7.257766669099664
F01562,F01561,7.257766669099664
F01600,F01601,12.283147632843121
F01601,F01600,12.283147632843121
F01808,F01810,10.272408305732911
F01810,F01808,10.272408305732911
F01808,F01811,4.190830443236864
F01811,F01808,4.190830443236864
F01810,F01811,12.929374661943166
F01811,F01810,12.929374661943166
F01816,F01817,2.8050490874032867
F01817,F01816,2.8050490874032867
F01605,F01606,8.643471061448592
F01606,F01605,8.643471061448592
F01613,F01614,8.93914350375208
F01614,F01613,8.93914350375208
F01814,F01815,11.777707936147848
F01815,F01814,11.777707936147848
F01812,F01813,7.298277000654011
F01813,F01812,7.298277000654011
F01602,F01603,18.96483144686454
F01603,F01602,18.96483144686454
F01673,F01674,2.72081423170788
F01674,F01673,2.72081423170788
F01673,F01675,24.660045319798122
F01675,F01673,24.660045319798122
F01674,F01675,22.007554908481744
F01675,F01674,22.007554908481744
F01822,F01823,21.86976725092549
F01823,F01822,21.86976725092549
F01824,F01825,27.94496941224629
F01825,F01824,27.94496941224629
008923,008924,3.774370806506597
008924,008923,3.774370806506597
F01786,F01787,8.590292916919621
F01787,F01786,8.590292916919621
F01611,F01612,11.052058921559908
F01612,F01611,11.052058921559908
F01818,F01819,13.349975538749646
F01819,F01818,13.349975538749646
F01784,F01785,27.49979289367528
F01785,F01784,27.49979289367528
F01773,F01774,3.3615764581277836
F01774,F01773,3.3615764581277836
CSF01820,F01790,2.1247621867943507
F01790,CSF01820,2.1247621867943507
CSF01820,F01791,10.705480782861434
F01791,CSF01820,10.705480782861434
CSF01820,F01820,11.181618466663684
F01820,CSF01820,11.181618466663684
CSF01820,F01821,11.17668928881091
F01821,CSF01820,11.17668928881091
F01790,F01791,10.119409081078015
F01791,F01790,10.119409081078015
F01790,F01820,10.62168807436865
F01820,F01790,10.62168807436865
F01790,F01821,12.092700883276882
F01821,F01790,12.092700883276882
F01791,F01820,20.42252981019349
F01820,F01791,20.42252981019349
F01791,F01821,7.90361436253137
F01821,F01791,7.90361436253137
F01820,F01821,22.35829756977941
F01821,F01820,22.35829756977941
F01775,F01776,4.582531017998095
F01776,F01775,4.582531017998095
F01852,F01853,15.89965822124253
F01853,F01852,15.89965822124253
F01788,F01789,5.96761593750423
F01789,F01788,5.96761593750423
CSF03423,F01777,18.775071269533083
F01777,CSF03423,18.775071269533083
CSF03423,F01778,8.915107546393534
F01778,CSF03423,8.915107546393534
CSF03423,F03423,1.4072239660501076
F03423,CSF03423,1.4072239660501076
CSF03423,F03424,1.4026576954361367
F03424,CSF03423,1.4026576954361367
F01777,F01778,9.893357203981896
F01778,F01777,9.893357203981896
F01777,F03423,17.76940060617247
F03423,F01777,17.76940060617247
F01777,F03424,19.839764251688006
F03424,F01777,19.839764251688006
F01778,F03423,7.876123216920947
F03423,F01778,7.876123216920947
F01778,F03424,10.052244023785756
F03424,F01778,10.052244023785756
F03423,F03424,2.8098007909784872
F03424,F03423,2.8098007909784872
F01549,F01550,9.999292761442979
F01550,F01549,9.999292761442979
F01551,F01552,11.12479807766304
F01552,F01551,11.12479807766304
F01866,F01867,10.274973918699253
F01867,F01866,10.274973918699253
008156,047671,22.431708818542486
047671,008156,22.431708818542486
008156,F01593,18.53660348388441
F01593,008156,18.53660348388441
008156,F01594,15.278037612338524
F01594,008156,15.278037612338524
008156,F01595,4.731387276924925
F01595,008156,4.731387276924925
008156,F01596,8.63925057159815
F01596,008156,8.63925057159815
008156,F01597,22.08545088797925
F01597,008156,22.08545088797925
047671,F01593,13.711583983733272
F01593,047671,13.711583983733272
047671,F01594,16.317409680019423
F01594,047671,16.317409680019423
047671,F01595,18.03353208337879
F01595,047671,18.03353208337879
047671,F01596,16.502933635492045
F01596,047671,16.502933635492045
047671,F01597,13.65404077285469
F01597,047671,13.65404077285469
F01593,F01594,4.204987814815138
F01594,F01593,4.204987814815138
F01593,F01595,14.123865478406675
F01595,F01593,14.123865478406675
F01593,F01596,9.897702847475893
F01596,F01593,9.897702847475893
F01593,F01597,3.6116784259041155
F01597,F01593,3.6116784259041155
F01594,F01595,11.288773835906811
F01595,F01594,11.288773835906811
F01594,F01596,6.862792419055979
F01596,F01594,6.862792419055979
F01594,F01597,7.657983450040378
F01597,F01594,7.657983450040378
F01595,F01596,4.426052150234271
F01596,F01595,4.426052150234271
F01595,F01597,17.598223602014052
F01597,F01595,17.598223602014052
F01596,F01597,13.457392891675793
F01597,F01596,13.457392891675793
F01591,F01592,14.124469497695108
F01592,F01591,14.124469497695108
F01711,F01712,6.870704865849052
F01712,F01711,6.870704865849052
F01711,F01713,2.354401647767757
F01713,F01711,2.354401647767757
F01712,F01713,7.395950498452152
F01713,F01712,7.395950498452152
F03744,F03745,14.819429493956681
F03745,F03744,14.819429493956681
F03742,F03743,16.112190667105
F03743,F03742,16.112190667105
F01546,F01587,23.032309565300146
F01587,F01546,23.032309565300146
F01843,F01844,12.613114087664773
F01844,F01843,12.613114087664773
F01695,F01696,26.042093460406925
F01696,F01695,26.042093460406925
F01588,F01589,10.864150376639708
F01589,F01588,10.864150376639708
F01714,F01842,21.7136170028553
F01842,F01714,21.7136170028553
F01585,F01586,26.987533414850617
F01586,F01585,26.987533414850617
F01547,F01548,21.95710452399181
F01548,F01547,21.95710452399181
F01806,F01807,9.1659170355632
F01807,F01806,9.1659170355632
F01583,F01584,9.244698106404694
F01584,F01583,9.244698106404694
009289,F01693,20.947321133520855
F01693,009289,20.947321133520855
009289,F01694,19.637971944496908
F01694,009289,19.637971944496908
F01693,F01694,22.865650032450198
F01694,F01693,22.865650032450198
F01829,F01830,3.9055637725130965
F01830,F01829,3.9055637725130965
F01829,F01831,7.4890865954391215
F01831,F01829,7.4890865954391215
F01829,F01832,3.7278390978723146
F01832,F01829,3.7278390978723146
F01830,F01831,3.744541400186104
F01831,F01830,3.744541400186104
F01830,F01832,6.149550842072668
F01832,F01830,6.149550842072668
F01831,F01832,8.695656755482084
F01832,F01831,8.695656755482084
009773,F01676,5.782112803144751
F01676,009773,5.782112803144751
009773,F01677,11.968236438643197
F01677,009773,11.968236438643197
009773,F01678,16.99088599768183
F01678,009773,16.99088599768183
009773,F01679,12.225923270833949
F01679,009773,12.225923270833949
009773,F01680,19.333827531920367
F01680,009773,19.333827531920367
F01676,F01677,9.074576412381045
F01677,F01676,9.074576412381045
F01676,F01678,14.404914472201714
F01678,F01676,14.404914472201714
F01676,F01679,6.449763823234702
F01679,F01676,6.449763823234702
F01676,F01680,13.682969245415258
F01680,F01676,13.682969245415258
F01677,F01678,5.3386372202274375
F01678,F01677,5.3386372202274375
F01677,F01679,10.021717076244977
F01679,F01677,10.021717076244977
F01677,F01680,12.098240768829205
F01680,F01677,12.098240768829205
F01678,F01679,14.389330771020548
F01679,F01678,14.389330771020548
F01678,F01680,13.795322141707254
F01680,F01678,13.795322141707254
F01679,F01680,7.817124068566915
F01680,F01679,7.817124068566915
F01684,F01685,11.50408501773518
F01685,F01684,11.50408501773518
F01681,F01682,7.459015065476689
F01682,F01681,7.459015065476689
F01681,F01683,20.20369585172733
F01683,F01681,20.20369585172733
F01682,F01683,14.17663510742046
F01683,F01682,14.17663510742046
F01833,F01834,13.400153552160909
F01834,F01833,13.400153552160909
F01833,F01835,2.9409908503384616
F01835,F01833,2.9409908503384616
F01833,F01836,12.183959174215389
F01836,F01833,12.183959174215389
F01834,F01835,11.227599182713305
F01835,F01834,11.227599182713305
F01834,F01836,2.558982755808746
F01836,F01834,2.558982755808746
F01835,F01836,9.681262173701858
F01836,F01835,9.681262173701858
F01706,F01707,8.331073131901665
F01707,F01706,8.331073131901665
F01706,F01708,11.772760771351336
F01708,F01706,11.772760771351336
F01706,F01709,14.489678091192998
F01709,F01706,14.489678091192998
F01707,F01708,3.527622848731415
F01708,F01707,3.527622848731415
F01707,F01709,6.233862387072558
F01709,F01707,6.233862387072558
F01708,F01709,3.4751162969153597
F01709,F01708,3.4751162969153597
F01697,F01698,13.027040120633083
F01698,F01697,13.027040120633083
F01700,F01841,27.16928823602137
F01841,F01700,27.16928823602137
F01664,F01665,17.14008559150791
F01665,F01664,17.14008559150791
F01666,F01667,20.938952662123157
F01667,F01666,20.938952662123157
F01794,F01795,10.302937446488489
F01795,F01794,10.302937446488489
F01659,F01660,4.098256951783174
F01660,F01659,4.098256951783174
F01655,F01661,9.506111825217676
F01661,F01655,9.506111825217676
F01655,F01662,25.168049381621298
F01662,F01655,25.168049381621298
F01661,F01662,15.702562572857406
F01662,F01661,15.702562572857406
F01581,F01582,2.5578286467406155
F01582,F01581,2.5578286467406155
F01579,F01580,5.285034213424478
F01580,F01579,5.285034213424478
009225,F01692,2.3326008686796804
F01692,009225,2.3326008686796804
F01804,F01805,9.192087981437682
F01805,F01804,9.192087981437682
F01577,F01578,1.6441954814127984
F01578,F01577,1.6441954814127984
F01796,F01797,7.0357000091516975
F01797,F01796,7.0357000091516975
F01686,F01687,7.021973965896282
F01687,F01686,7.021973965896282
F01839,F01840,16.25876929987654
F01840,F01839,16.25876929987654
F01688,F01689,7.250826574378873
F01689,F01688,7.250826574378873
009631,F01690,3.4261605141750473
F01690,009631,3.4261605141750473
009631,F01691,14.543910492394785
F01691,009631,14.543910492394785
F01690,F01691,11.124777019075104
F01691,F01690,11.124777019075104
009002,009003,34.02318465028734
009003,009002,34.02318465028734
009002,103692,3.320480108007758
103692,009002,3.320480108007758
009002,CSF04662,15.314770051511422
CSF04662,009002,15.314770051511422
009002,F04662,25.15036179289995
F04662,009002,25.15036179289995
009002,F04663,6.887392431876779
F04663,009002,6.887392431876779
009003,103692,31.07674142759644
103692,009003,31.07674142759644
009003,CSF04662,48.54713410574073
CSF04662,009003,48.54713410574073
009003,F04662,58.7666580404861
F04662,009003,58.7666580404861
009003,F04663,38.35386106077956
F04663,009003,38.35386106077956
103692,CSF04662,17.69584234229506
CSF04662,103692,17.69584234229506
103692,F04662,27.78489202229416
F04662,103692,27.78489202229416
103692,F04663,8.073257106055063
F04663,103692,8.073257106055063
CSF04662,F04662,10.268682177080917
F04662,CSF04662,10.268682177080917
CSF04662,F04663,10.268713558503089
F04663,CSF04662,10.268713558503089
F04662,F04663,20.537395735447365
F04663,F04662,20.537395735447365
009000,009001,2.7860867575305486
009001,009000,2.7860867575305486
009000,CSF04658,7.1724601605767795
CSF04658,009000,7.1724601605767795
009000,F04658,7.615081758168593
F04658,009000,7.615081758168593
009000,F04659,6.879516947103837
F04659,009000,6.879516947103837
009001,CSF04658,5.615685616868146
CSF04658,009001,5.615685616868146
009001,F04658,5.7219686317411105
F04658,009001,5.7219686317411105
009001,F04659,5.711319385843773
F04659,009001,5.711319385843773
CSF04658,F04658,1.0349702071305351
F04658,CSF04658,1.0349702071305351
CSF04658,F04659,1.0145715455543995
F04659,CSF04658,1.0145715455543995
F04658,F04659,2.0494741662515645
F04659,F04658,2.0494741662515645
009763,009764,8.377097117572127
009764,009763,8.377097117572127
009763,CSF04660,9.052823526483866
CSF04660,009763,9.052823526483866
009763,F04660,8.926581102511562
F04660,009763,8.926581102511562
009763,F04661,9.24300142582847
F04661,009763,9.24300142582847
009764,CSF04660,15.72866217739759
CSF04660,009764,15.72866217739759
009764,F04660,15.22995735953281
F04660,009764,15.22995735953281
009764,F04661,16.24502875491121
F04661,009764,16.24502875491121
CSF04660,F04660,0.8898621204191296
F04660,CSF04660,0.8898621204191296
CSF04660,F04661,0.8922622964586574
F04661,CSF04660,0.8922622964586574
F04660,F04661,1.7819926977311045
F04661,F04660,1.7819926977311045
F03284,F03285,24.422031140547947
F03285,F03284,24.422031140547947
008670,074909,7.925391869348441
074909,008670,7.925391869348441
CSF04656,F04656,12.117468156073887
F04656,CSF04656,12.117468156073887
CSF04656,F04657,12.132975471924537
F04657,CSF04656,12.132975471924537
F04656,F04657,24.250438844797383
F04657,F04656,24.250438844797383
F03300,F03301,24.903514693286713
F03301,F03300,24.903514693286713
F03390,F03391,12.208174336628531
F03391,F03390,12.208174336628531
F03377,F03378,12.638790726817897
F03378,F03377,12.638790726817897
CSF03411,F03411,10.111015315838193
F03411,CSF03411,10.111015315838193
CSF03411,F03412,10.13254481358184
F03412,CSF03411,10.13254481358184
F03411,F03412,20.243559842828837
F03412,F03411,20.243559842828837
CSF03409,F03409,9.333567350371885
F03409,CSF03409,9.333567350371885
CSF03409,F03410,9.332661660627672
F03410,CSF03409,9.332661660627672
F03409,F03410,18.666210348476874
F03410,F03409,18.666210348476874
F03295,F03296,12.12342502409067
F03296,F03295,12.12342502409067
F03295,F03297,12.674735514926718
F03297,F03295,12.674735514926718
F03296,F03297,6.188405828933706
F03297,F03296,6.188405828933706
F03302,F03303,11.218439385134625
F03303,F03302,11.218439385134625
006390,044125,53.926606710829724
044125,006390,53.926606710829724
006390,050003,50.380447745326535
050003,006390,50.380447745326535
006390,CSF03414,5.522579709315829
CSF03414,006390,5.522579709315829
006390,F03304,31.10298928175166
F03304,006390,31.10298928175166
006390,F03305,34.568830119287135
F03305,006390,34.568830119287135
006390,F03306,34.93702826849011
F03306,006390,34.93702826849011
006390,F03379,5.946920892193294
F03379,006390,5.946920892193294
006390,F03380,9.153273733922896
F03380,006390,9.153273733922896
006390,F03413,4.390963101237883
F03413,006390,4.390963101237883
006390,F03414,6.687524579127898
F03414,006390,6.687524579127898
044125,050003,3.574686566584389
050003,044125,3.574686566584389
044125,CSF03414,48.426753061315175
CSF03414,044125,48.426753061315175
044125,F03304,31.97777292709188
F03304,044125,31.97777292709188
044125,F03305,19.883527227153532
F03305,044125,19.883527227153532
044125,F03306,21.25578972115074
F03306,044125,21.25578972115074
044125,F03379,48.09940534162462
F03379,044125,48.09940534162462
044125,F03380,59.150252036483224
F03380,044125,59.150252036483224
044125,F03413,49.61433709458934
F03413,044125,49.61433709458934
044125,F03414,47.24112734747762
F03414,044125,47.24112734747762
050003,CSF03414,44.87640467574235
CSF03414,050003,44.87640467574235
050003,F03304,28.74258714128606
F03304,050003,28.74258714128606
050003,F03305,16.317079308559283
F03305,050003,16.317079308559283
050003,F03306,17.809489382282813
F03306,050003,17.809489382282813
050003,F03379,44.56549485957825
F03379,050003,44.56549485957825
050003,F03380,55.69879743775488
F03380,050003,55.69879743775488
050003,F03413,46.061336792796226
F03413,050003,46.061336792796226
050003,F03414,43.69373389332862
F03414,050003,43.69373389332862
CSF03414,F03304,26.292418556955667
F03304,CSF03414,26.292418556955667
CSF03414,F03305,29.04746971905315
F03305,CSF03414,29.04746971905315
CSF03414,F03306,29.473613547649776
F03306,CSF03414,29.473613547649776
CSF03414,F03379,1.6309173931944685
F03379,CSF03414,1.6309173931944685
CSF03414,F03380,13.170055631419029
F03380,CSF03414,13.170055631419029
CSF03414,F03413,1.2259208792383516
F03413,CSF03414,1.2259208792383516
CSF03414,F03414,1.2259208559502364
F03414,CSF03414,1.2259208559502364
F03304,F03305,14.995818273700392
F03305,F03304,14.995818273700392
F03304,F03306,11.594390261133448
F03306,F03304,11.594390261133448
F03304,F03379,27.027425896379228
F03379,F03304,27.027425896379228
F03304,F03380,39.45684452466314
F03380,F03304,39.45684452466314
F03304,F03413,27.059787363094706
F03413,F03304,27.059787363094706
F03304,F03414,25.560832639208613
F03414,F03304,25.560832639208613
F03305,F03306,4.0187919355279895
F03306,F03305,4.0187919355279895
F03305,F03379,28.93035042989149
F03379,F03305,28.93035042989149
F03305,F03380,40.73048890063142
F03380,F03305,40.73048890063142
F03305,F03413,30.19258393783326
F03413,F03305,30.19258393783326
F03305,F03414,27.909220820744842
F03414,F03305,27.909220820744842
F03306,F03379,29.578512283329715
F03379,F03306,29.578512283329715
F03306,F03380,41.7713585748885
F03380,F03306,41.7713585748885
F03306,F03413,30.5498238722318
F03413,F03306,30.5498238722318
F03306,F03414,28.409536779186187
F03414,F03306,28.409536779186187
F03379,F03380,12.507261982336216
F03380,F03379,12.507261982336216
F03379,F03413,2.445931068720258
F03413,F03379,2.445931068720258
F03379,F03414,1.5306770001825531
F03414,F03379,1.5306770001825531
F03380,F03413,12.495038547011825
F03413,F03380,12.495038547011825
F03380,F03414,13.920507677471235
F03414,F03380,13.920507677471235
F03413,F03414,2.4518417351854414
F03414,F03413,2.4518417351854414
F03386,F03387,11.50391978390097
F03387,F03386,11.50391978390097
F03325,F03326,16.238488414558294
F03326,F03325,16.238488414558294
F03335,F03336,10.978431766288493
F03336,F03335,10.978431766288493
F03327,F03328,20.312053874445542
F03328,F03327,20.312053874445542
F03405,F03406,10.78334830388856
F03406,F03405,10.78334830388856
CSF03293,F03293,9.27130419238145
F03293,CSF03293,9.27130419238145
CSF03293,F03294,9.271304311508102
F03294,CSF03293,9.271304311508102
F03293,F03294,18.542608503707413
F03294,F03293,18.542608503707413
CSF03421,F03421,8.55526397688085
F03421,CSF03421,8.55526397688085
CSF03421,F03422,8.545861923892017
F03422,CSF03421,8.545861923892017
F03421,F03422,17.101122164438
F03422,F03421,17.101122164438
008775,F03332,27.240706182818016
F03332,008775,27.240706182818016
008775,F03333,7.948417838446609
F03333,008775,7.948417838446609
008775,F03334,2.2420449101836963
F03334,008775,2.2420449101836963
F03332,F03333,25.858339807732786
F03333,F03332,25.858339807732786
F03332,F03334,29.14259859570122
F03334,F03332,29.14259859570122
F03333,F03334,9.804639180775977
F03334,F03333,9.804639180775977
F03214,F03215,13.049366539792885
F03215,F03214,13.049366539792885
F02981,F02982,3.5804404722058165
F02982,F02981,3.5804404722058165
F03210,F03211,19.468371733533747
F03211,F03210,19.468371733533747
009379,F02994,14.202938859419177
F02994,009379,14.202938859419177
F02983,F02984,9.168449510053991
F02984,F02983,9.168449510053991
F02985,F02986,15.007979773389792
F02986,F02985,15.007979773389792
F03219,F03220,13.320276938908338
F03220,F03219,13.320276938908338
F03349,F03350,16.21366459315076
F03350,F03349,16.21366459315076
043341,F03221,11.032303779396768
F03221,043341,11.032303779396768
043341,F03222,4.6859304179890024
F03222,043341,4.6859304179890024
043341,F03223,12.928751939097513
F03223,043341,12.928751939097513
F03221,F03222,9.534233959928063
F03222,F03221,9.534233959928063
F03221,F03223,14.972392674904713
F03223,F03221,14.972392674904713
F03222,F03223,8.579247194922392
F03223,F03222,8.579247194922392
009239,F03257,20.321599361873112
F03257,009239,20.321599361873112
009239,F03258,15.87762892989934
F03258,009239,15.87762892989934
009239,F03259,8.69442337648651
F03259,009239,8.69442337648651
F03257,F03258,23.982596276448422
F03258,F03257,23.982596276448422
F03257,F03259,27.997333837740275
F03259,F03257,27.997333837740275
F03258,F03259,14.479703245864483
F03259,F03258,14.479703245864483
F03359,F03360,9.700642132349895
F03360,F03359,9.700642132349895
F03260,F03261,7.324594032214511
F03261,F03260,7.324594032214511
F03260,F03262,10.555057155544606
F03262,F03260,10.555057155544606
F03261,F03262,8.054222309359389
F03262,F03261,8.054222309359389
F03253,F03254,11.101115244569716
F03254,F03253,11.101115244569716
F03253,F03255,8.572566342038414
F03255,F03253,8.572566342038414
F03253,F03256,14.432628186576906
F03256,F03253,14.432628186576906
F03254,F03255,5.739350094696665
F03255,F03254,5.739350094696665
F03254,F03256,15.631187979764059
F03256,F03254,15.631187979764059
F03255,F03256,10.126530781582378
F03256,F03255,10.126530781582378
009383,F03251,9.585681320451728
F03251,009383,9.585681320451728
009383,F03252,10.243004236570695
F03252,009383,10.243004236570695
F03251,F03252,9.38466890127505
F03252,F03251,9.38466890127505
009238,F03357,11.649112674842804
F03357,009238,11.649112674842804
F03212,F03213,5.523381068655669
F03213,F03212,5.523381068655669
F03347,F03348,7.187383828918239
F03348,F03347,7.187383828918239
008947,F03216,26.858296622071677
F03216,008947,26.858296622071677
008947,F03217,13.786118063246766
F03217,008947,13.786118063246766
008947,F03218,11.581807926656856
F03218,008947,11.581807926656856
F03216,F03217,13.192337022167468
F03217,F03216,13.192337022167468
F03216,F03218,15.2835708176724
F03218,F03216,15.2835708176724
F03217,F03218,2.665939897238794
F03218,F03217,2.665939897238794
009375,F03351,28.817622880354882
F03351,009375,28.817622880354882
F03342,F03343,12.541212339869086
F03343,F03342,12.541212339869086
F03224,F03225,12.435142580041584
F03225,F03224,12.435142580041584
F03224,F03226,17.75803151523222
F03226,F03224,17.75803151523222
F03225,F03226,14.129392210879798
F03226,F03225,14.129392210879798
F03352,F03353,9.156494998210087
F03353,F03352,9.156494998210087
008946,F03227,4.315993809814818
F03227,008946,4.315993809814818
008946,F03228,19.392124630208727
F03228,008946,19.392124630208727
008946,F03229,13.683445559864525
F03229,008946,13.683445559864525
F03227,F03228,16.08678109684472
F03228,F03227,16.08678109684472
F03227,F03229,9.60470494672951
F03229,F03227,9.60470494672951
F03228,F03229,8.008387987368026
F03229,F03228,8.008387987368026
F03384,F03385,3.163981884917346
F03385,F03384,3.163981884917346
F03382,F03383,4.388288069199498
F03383,F03382,4.388288069199498
F03401,F03402,7.0728894093257795
F03402,F03401,7.0728894093257795
F03314,F03315,10.680969634563771
F03315,F03314,10.680969634563771
F03399,F03400,12.088146081022316
F03400,F03399,12.088146081022316
F03316,F03317,5.395568799395115
F03317,F03316,5.395568799395115
F03316,F03318,18.774459347006292
F03318,F03316,18.774459347006292
F03316,F03319,14.935312323884302
F03319,F03316,14.935312323884302
F03317,F03318,15.048735956657639
F03318,F03317,15.048735956657639
F03317,F03319,11.211328936610025
F03319,F03317,11.211328936610025
F03318,F03319,3.872343992756104
F03319,F03318,3.872343992756104
CSF03416,F03394,13.707980692772564
F03394,CSF03416,13.707980692772564
CSF03416,F03395,22.39143886535988
F03395,CSF03416,22.39143886535988
CSF03416,F03415,1.6541015107336394
F03415,CSF03416,1.6541015107336394
CSF03416,F03416,1.6688702742377906
F03416,CSF03416,1.6688702742377906
F03394,F03395,8.750850700428842
F03395,F03394,8.750850700428842
F03394,F03415,12.388041053296059
F03415,F03394,12.388041053296059
F03394,F03416,15.106525118590918
F03416,F03394,15.106525118590918
F03395,F03415,21.121491157042396
F03415,F03395,21.121491157042396
F03395,F03416,23.720766042056752
F03416,F03395,23.720766042056752
F03415,F03416,3.322971784970565
F03416,F03415,3.322971784970565
CSF03417,F03396,7.775074128496835
F03396,CSF03417,7.775074128496835
CSF03417,F03397,15.385370201944419
F03397,CSF03417,15.385370201944419
CSF03417,F03417,11.278003498177062
F03417,CSF03417,11.278003498177062
CSF03417,F03418,11.268031020052225
F03418,CSF03417,11.268031020052225
F03396,F03397,9.718136776019442
F03397,F03396,9.718136776019442
F03396,F03417,7.70682835084354
F03417,F03396,7.70682835084354
F03396,F03418,17.769727192437713
F03418,F03396,17.769727192437713
F03397,F03417,4.8128041880147805
F03417,F03397,4.8128041880147805
F03397,F03418,26.537329064743577
F03418,F03397,26.537329064743577
F03417,F03418,22.546026099035775
F03418,F03417,22.546026099035775
F03320,F03321,6.500220824091201
F03321,F03320,6.500220824091201
F03322,F03323,8.4366249666958
F03323,F03322,8.4366249666958
F03322,F03324,9.149344100980452
F03324,F03322,9.149344100980452
F03323,F03324,6.442430969735862
F03324,F03323,6.442430969735862
F03388,F03389,6.513378298354031
F03389,F03388,6.513378298354031
F03311,F03313,11.045628508264986
F03313,F03311,11.045628508264986
CSF03419,F03308,9.075879558976887
F03308,CSF03419,9.075879558976887
CSF03419,F03309,8.17072907516784
F03309,CSF03419,8.17072907516784
CSF03419,F03419,10.080052725964073
F03419,CSF03419,10.080052725964073
CSF03419,F03420,10.08008427030728
F03420,CSF03419,10.08008427030728
F03308,F03309,4.378275854689005
F03309,F03308,4.378275854689005
F03308,F03419,19.068514837864168
F03419,F03308,19.068514837864168
F03308,F03420,2.0857252243380486
F03420,F03308,2.0857252243380486
F03309,F03419,17.17487325669196
F03419,F03309,17.17487325669196
F03309,F03420,6.462315077727547
F03420,F03309,6.462315077727547
F03419,F03420,20.160136996167253
F03420,F03419,20.160136996167253
009377,F03392,16.583939995057346
F03392,009377,16.583939995057346
009377,F03393,14.522038614101497
F03393,009377,14.522038614101497
F03392,F03393,22.34422651359392
F03393,F03392,22.34422651359392
F03237,F03238,13.263363297850658
F03238,F03237,13.263363297850658
F03239,F03240,9.397306959213559
F03240,F03239,9.397306959213559
F03344,F03345,14.38838217287295
F03345,F03344,14.38838217287295
F03235,F03236,9.050625478128534
F03236,F03235,9.050625478128534
F03247,F03248,14.439627181170101
F03248,F03247,14.439627181170101
CSF03425,F03241,5.959960340518524
F03241,CSF03425,5.959960340518524
CSF03425,F03242,27.70941088638358
F03242,CSF03425,27.70941088638358
CSF03425,F03243,25.78288607117194
F03243,CSF03425,25.78288607117194
CSF03425,F03244,12.384959856153852
F03244,CSF03425,12.384959856153852
CSF03425,F03425,11.71935415637452
F03425,CSF03425,11.71935415637452
CSF03425,F03426,11.719386751400055
F03426,CSF03425,11.719386751400055
F03241,F03242,27.841730532115022
F03242,F03241,27.841730532115022
F03241,F03243,29.766372824011047
F03243,F03241,29.766372824011047
F03241,F03244,18.200491532371487
F03244,F03241,18.200491532371487
F03241,F03425,16.441466020813014
F03425,F03241,16.441466020813014
F03241,F03426,8.683808469189403
F03426,F03241,8.683808469189403
F03242,F03243,19.288911613949413
F03243,F03242,19.288911613949413
F03242,F03244,28.22087340776016
F03244,F03242,28.22087340776016
F03242,F03425,21.913194227409555
F03425,F03242,21.913194227409555
F03242,F03426,36.4709269105114
F03426,F03242,36.4709269105114
F03243,F03244,17.638148229448955
F03244,F03243,17.638148229448955
F03243,F03425,14.225098162159686
F03425,F03243,14.225098162159686
F03243,F03426,37.441297446049425
F03426,F03243,37.441297446049425
F03244,F03425,6.351204577051435
F03425,F03244,6.351204577051435
F03244,F03426,23.26205247603006
F03426,F03244,23.26205247603006
F03425,F03426,23.43874090769974
F03426,F03425,23.43874090769974
F03367,F03368,4.822846788599164
F03368,F03367,4.822846788599164
F03272,F03273,5.519806594754496
F03273,F03272,5.519806594754496
F03272,F03275,17.23670311064253
F03275,F03272,17.23670311064253
F03273,F03275,20.9411275007579
F03275,F03273,20.9411275007579
F03355,F03356,9.110815707414556
F03356,F03355,9.110815707414556
F03249,F03250,11.544443474912462
F03250,F03249,11.544443474912462
F03365,F03366,2.085773879890467
F03366,F03365,2.085773879890467
F03270,F03271,12.159480633614272
F03271,F03270,12.159480633614272
009241,F03245,3.432502116436311
F03245,009241,3.432502116436311
F03339,F03340,12.188954127615643
F03340,F03339,12.188954127615643
F03407,F03408,14.545931069620986
F03408,F03407,14.545931069620986
009240,F03354,7.298528444413445
F03354,009240,7.298528444413445
F03230,F03231,5.06311107802786
F03231,F03230,5.06311107802786
F03232,F03233,14.819642324733346
F03233,F03232,14.819642324733346
F03582,F03583,3.340472240646287
F03583,F03582,3.340472240646287
011768,F03584,3.7655046119995577
F03584,011768,3.7655046119995577
F03598,F03599,5.570273473375358
F03599,F03598,5.570273473375358
009707,F03443,1.3625440954502273
F03443,009707,1.3625440954502273
009704,F03580,17.513859515966047
F03580,009704,17.513859515966047
009484,F03448,3.347740052392544
F03448,009484,3.347740052392544
009483,009708,10.503428547762217
009708,009483,10.503428547762217
009483,019316,18.51399997618731
019316,009483,18.51399997618731
009483,F03441,2.9469122862013952
F03441,009483,2.9469122862013952
009483,F03442,13.896008121252594
F03442,009483,13.896008121252594
009708,019316,18.7159509112187
019316,009708,18.7159509112187
009708,F03441,10.039183968479437
F03441,009708,10.039183968479437
009708,F03442,3.5159039729552943
F03442,009708,3.5159039729552943
019316,F03441,15.568799169638455
F03441,019316,15.568799169638455
019316,F03442,20.93183506219428
F03442,019316,20.93183506219428
F03441,F03442,13.554448069011283
F03442,F03441,13.554448069011283
F03444,F03445,11.19299893824373
F03445,F03444,11.19299893824373
066687,066688,3.2534604560913416
066688,066687,3.2534604560913416
066687,F03433,21.76481303209901
F03433,066687,21.76481303209901
066687,F03434,15.269093213485167
F03434,066687,15.269093213485167
066688,F03433,18.518487435293103
F03433,066688,18.518487435293103
066688,F03434,13.18076173010133
F03434,066688,13.18076173010133
F03433,F03434,14.514133405406696
F03434,F03433,14.514133405406696
F03435,F03436,2.8902372436126886
F03436,F03435,2.8902372436126886
066685,066686,1.0535514681953628
066686,066685,1.0535514681953628
066683,066684,5.611992535767687
066684,066683,5.611992535767687
043548,F03482,10.562705981418679
F03482,043548,10.562705981418679
043548,F03483,9.958013983807374
F03483,043548,9.958013983807374
043548,F03484,23.639190236680406
F03484,043548,23.639190236680406
F03482,F03483,1.9428888071220927
F03483,F03482,1.9428888071220927
F03482,F03484,18.67783041725992
F03484,F03482,18.67783041725992
F03483,F03484,20.60006712234011
F03484,F03483,20.60006712234011
F03439,F03440,18.15160966471185
F03440,F03439,18.15160966471185
066679,066680,5.111476827837038
066680,066679,5.111476827837038
066681,066682,8.890074485566346
066682,066681,8.890074485566346
043556,066697,1.2553434051244643
066697,043556,1.2553434051244643
F03493,F03494,7.135209819013844
F03494,F03493,7.135209819013844
F03566,F03567,13.793183496856209
F03567,F03566,13.793183496856209
F03488,F03489,12.278111955285748
F03489,F03488,12.278111955285748
F03488,F03490,18.369821366901316
F03490,F03488,18.369821366901316
F03489,F03490,11.938635879369148
F03490,F03489,11.938635879369148
F03451,F03452,10.82415344180303
F03452,F03451,10.82415344180303
F03451,F03453,10.042760506284248
F03453,F03451,10.042760506284248
F03452,F03453,2.166165404352988
F03453,F03452,2.166165404352988
109702,F03456,2.2876680824529374
F03456,109702,2.2876680824529374
F03454,F03455,5.781454191012037
F03455,F03454,5.781454191012037
F03471,F03472,4.1705299917806755
F03472,F03471,4.1705299917806755
F03446,F03447,19.5590893960028
F03447,F03446,19.5590893960028
009706,F03466,12.606665179305656
F03466,009706,12.606665179305656
009706,F03468,13.638749332927102
F03468,009706,13.638749332927102
009706,F03469,21.152958723431023
F03469,009706,21.152958723431023
F03466,F03468,15.136291357463865
F03468,F03466,15.136291357463865
F03466,F03469,12.204738186018123
F03469,F03466,12.204738186018123
F03468,F03469,13.68941946888695
F03469,F03468,13.68941946888695
F03578,F03579,9.938410073168413
F03579,F03578,9.938410073168413
F03576,F03577,6.133267874917
F03577,F03576,6.133267874917
F03572,F03573,8.79954002100992
F03573,F03572,8.79954002100992
009487,F03458,21.170359340258617
F03458,009487,21.170359340258617
009487,F03459,6.857962462086478
F03459,009487,6.857962462086478
009487,F03604,14.304287491907779
F03604,009487,14.304287491907779
F03458,F03459,17.81063091856964
F03459,F03458,17.81063091856964
F03458,F03604,25.330748600838657
F03604,F03458,25.330748600838657
F03459,F03604,9.718270591995012
F03604,F03459,9.718270591995012
009485,F03461,4.525849998909289
F03461,009485,4.525849998909289
009544,066711,20.541705075761925
066711,009544,20.541705075761925
F03464,F03465,6.940518074649728
F03465,F03464,6.940518074649728
F03462,F03463,16.00505398664738
F03463,F03462,16.00505398664738
F03587,F03588,9.552363391249454
F03588,F03587,9.552363391249454
F03516,F03517,9.68505313766542
F03517,F03516,9.68505313766542
F03593,F03594,22.379228957268914
F03594,F03593,22.379228957268914
009685,F03473,19.869098613673902
F03473,009685,19.869098613673902
011722,011725,6.419141285804636
011725,011722,6.419141285804636
011722,011726,6.749524331110661
011726,011722,6.749524331110661
011725,011726,8.867266678225317
011726,011725,8.867266678225317
009684,011723,16.001344093674692
011723,009684,16.001344093674692
009684,011724,9.487905904923135
011724,009684,9.487905904923135
009684,F03605,26.36525878381406
F03605,009684,26.36525878381406
009684,F03610,23.943973659502113
F03610,009684,23.943973659502113
011723,011724,8.952537168254386
011724,011723,8.952537168254386
011723,F03605,22.020543117181276
F03605,011723,22.020543117181276
011723,F03610,22.164532748147668
F03610,011723,22.164532748147668
011724,F03605,18.48608335331656
F03605,011724,18.48608335331656
011724,F03610,17.056913542094946
F03610,011724,17.056913542094946
F03605,F03610,4.034588098162905
F03610,F03605,4.034588098162905
F03512,F03513,11.22086309579993
F03513,F03512,11.22086309579993
F03437,F03438,11.45524386089815
F03438,F03437,11.45524386089815
F03514,F03515,11.29180580708335
F03515,F03514,11.29180580708335
F03474,F03475,15.768755617471651
F03475,F03474,15.768755617471651
066718,066719,4.408004614668969
066719,066718,4.408004614668969
066720,066722,21.417703424696295
066722,066720,21.417703424696295
F03510,F03511,14.352748009964452
F03511,F03510,14.352748009964452
043192,043193,18.92262319301806
043193,043192,18.92262319301806
F03478,F03479,9.986943532212011
F03479,F03478,9.986943532212011
F03478,F03480,15.362526797259388
F03480,F03478,15.362526797259388
F03478,F03481,25.042383773497015
F03481,F03478,25.042383773497015
F03479,F03480,8.36173366152172
F03480,F03479,8.36173366152172
F03479,F03481,19.5560834757019
F03481,F03479,19.5560834757019
F03480,F03481,11.200230353545354
F03481,F03480,11.200230353545354
F03491,F03492,25.996953033006324
F03492,F03491,25.996953033006324
066716,066717,3.6599291434276666
066717,066716,3.6599291434276666
F03486,F03487,9.125675248596652
F03487,F03486,9.125675248596652
066714,066715,7.105141969960635
066715,066714,7.105141969960635
066712,066713,12.520017758596186
066713,066712,12.520017758596186
066712,F03476,13.040868913039318
F03476,066712,13.040868913039318
066712,F03477,8.04915264263184
F03477,066712,8.04915264263184
066713,F03476,8.35112893392606
F03476,066713,8.35112893392606
066713,F03477,12.423138097056198
F03477,066713,12.423138097056198
F03476,F03477,17.372037553377726
F03477,F03476,17.372037553377726
F04587,F04588,5.700754231527914
F04588,F04587,5.700754231527914
F04585,F04586,10.009185993789522
F04586,F04585,10.009185993789522
F04594,F04595,10.007327387342032
F04595,F04594,10.007327387342032
F04580,F04581,25.54117584174415
F04581,F04580,25.54117584174415
F04589,F04590,2.3134894031146382
F04590,F04589,2.3134894031146382
F04645,F04646,16.66147839659408
F04646,F04645,16.66147839659408
F04643,F04644,2.950777151905934
F04644,F04643,2.950777151905934
F04591,F04592,3.676621715351371
F04592,F04591,3.676621715351371
F03508,F03509,3.666457499978918
F03509,F03508,3.666457499978918
008948,009482,13.4266852228835
009482,008948,13.4266852228835
008948,F03498,16.002129855746492
F03498,008948,16.002129855746492
008948,F03499,10.124923425920215
F03499,008948,10.124923425920215
009482,F03498,27.081199586662077
F03498,009482,27.081199586662077
009482,F03499,21.820321138078263
F03499,009482,21.820321138078263
F03498,F03499,5.887845718525744
F03499,F03498,5.887845718525744
043554,066699,4.474129050752806
066699,043554,4.474129050752806
043555,066698,6.312687324610195
066698,043555,6.312687324610195
F03495,F03496,6.693555682050003
F03496,F03495,6.693555682050003
F03602,F03603,7.04509938948233
F03603,F03602,7.04509938948233
F03570,F03571,7.3951204284915875
F03571,F03570,7.3951204284915875
F03585,F03586,2.856364604913975
F03586,F03585,2.856364604913975
019314,F03506,8.5673193591546
F03506,019314,8.5673193591546
019314,F03507,20.11272432204994
F03507,019314,20.11272432204994
F03506,F03507,11.755756657371617
F03507,F03506,11.755756657371617
009728,009729,9.417088603502002
009729,009728,9.417088603502002
F03504,F03505,4.081808452276751
F03505,F03504,4.081808452276751
009625,F03502,5.8845801417766355
F03502,009625,5.8845801417766355
009625,F03503,8.555011980964007
F03503,009625,8.555011980964007
F03502,F03503,2.7339102360198115
F03503,F03502,2.7339102360198115
F03574,F03575,13.005503633989457
F03575,F03574,13.005503633989457
F03568,F03569,3.6020104327770053
F03569,F03568,3.6020104327770053
F03500,F03501,13.812410439925623
F03501,F03500,13.812410439925623
F03427,F03428,8.83535514559741
F03428,F03427,8.83535514559741
F03829,F03830,10.476465883730157
F03830,F03829,10.476465883730157
F03700,F03701,10.002472768968506
F03701,F03700,10.002472768968506
F03700,F03702,19.03429639017478
F03702,F03700,19.03429639017478
F03701,F03702,15.337250007675463
F03702,F03701,15.337250007675463
F03826,F03882,5.107703009166434
F03882,F03826,5.107703009166434
F03697,F03698,5.889442473205849
F03698,F03697,5.889442473205849
F03697,F03699,8.699716761916411
F03699,F03697,8.699716761916411
F03698,F03699,2.965791272825376
F03699,F03698,2.965791272825376
F03693,F03694,12.853309867736142
F03694,F03693,12.853309867736142
F03693,F03695,14.239209116894482
F03695,F03693,14.239209116894482
F03693,F03696,8.806297245834944
F03696,F03693,8.806297245834944
F03694,F03695,6.826525356477764
F03695,F03694,6.826525356477764
F03694,F03696,15.49733893728573
F03696,F03694,15.49733893728573
F03695,F03696,19.94619868043679
F03696,F03695,19.94619868043679
F03683,F03684,15.369170073580399
F03684,F03683,15.369170073580399
F03713,F03715,21.58254268331152
F03715,F03713,21.58254268331152
F03713,F03718,1.7778895396750087
F03718,F03713,1.7778895396750087
F03713,F03719,12.185873293890989
F03719,F03713,12.185873293890989
F03715,F03718,21.11380407143288
F03718,F03715,21.11380407143288
F03715,F03719,13.867854059056969
F03719,F03715,13.867854059056969
F03718,F03719,12.87709867838497
F03719,F03718,12.87709867838497
F03703,F03704,7.527739642111516
F03704,F03703,7.527739642111516
F03705,F03706,18.949599224657046
F03706,F03705,18.949599224657046
009208,F03711,15.042935505055455
F03711,009208,15.042935505055455
009208,F03720,8.703012617887499
F03720,009208,8.703012617887499
009208,F03721,4.904261968250775
F03721,009208,4.904261968250775
F03711,F03720,22.459790255354452
F03720,F03711,22.459790255354452
F03711,F03721,18.007583157638486
F03721,F03711,18.007583157638486
F03720,F03721,4.457143818856771
F03721,F03720,4.457143818856771
F03827,F03828,3.073677326758083
F03828,F03827,3.073677326758083
F03831,F03832,12.424428090046865
F03832,F03831,12.424428090046865
F03767,F03769,8.300438059479035
F03769,F03767,8.300438059479035
F03768,F03770,15.713256834190238
F03770,F03768,15.713256834190238
F03768,F03771,4.358262496189253
F03771,F03768,4.358262496189253
F03768,F03772,6.598713119386878
F03772,F03768,6.598713119386878
F03770,F03771,12.066844854461252
F03771,F03770,12.066844854461252
F03770,F03772,9.175943147925105
F03772,F03770,9.175943147925105
F03771,F03772,3.071882626792522
F03772,F03771,3.071882626792522
009569,F03710,18.73416826628576
F03710,009569,18.73416826628576
F03707,F03708,13.212323445582573
F03708,F03707,13.212323445582573
F03707,F03709,8.606848889730337
F03709,F03707,8.606848889730337
F03708,F03709,5.08734580282681
F03709,F03708,5.08734580282681
008692,F01870,18.93722985212874
F01870,008692,18.93722985212874
F01545,F03746,27.917481566984844
F03746,F01545,27.917481566984844
F01545,F03747,29.23084844605996
F03747,F01545,29.23084844605996
F03746,F03747,3.641086390429799
F03747,F03746,3.641086390429799
F03843,F03881,13.884139293612726
F03881,F03843,13.884139293612726
F03845,F03880,5.579585158326306
F03880,F03845,5.579585158326306
008772,F03776,5.586020779213517
F03776,008772,5.586020779213517
F03833,F03834,8.727971284511717
F03834,F03833,8.727971284511717
F03833,F03835,13.485411052954767
F03835,F03833,13.485411052954767
F03833,F03836,11.25878186159851
F03836,F03833,11.25878186159851
F03834,F03835,22.19940168001727
F03835,F03834,22.19940168001727
F03834,F03836,3.4591809023368993
F03836,F03834,3.4591809023368993
F03835,F03836,24.659900959381755
F03836,F03835,24.659900959381755
F03750,F03751,21.0921054683538
F03751,F03750,21.0921054683538
F03752,F03755,8.84184070185974
F03755,F03752,8.84184070185974
F03752,F03756,12.669694944904355
F03756,F03752,12.669694944904355
F03755,F03756,4.1675863886339615
F03756,F03755,4.1675863886339615
F03753,F03754,15.688873592496776
F03754,F03753,15.688873592496776
008850,F03774,11.365952952804436
F03774,008850,11.365952952804436
F03748,F03749,4.6515143866935595
F03749,F03748,4.6515143866935595
F03839,F03840,10.561487111229553
F03840,F03839,10.561487111229553
F03808,F03869,22.03934497706154
F03869,F03808,22.03934497706154
F03808,F03870,27.84902808891033
F03870,F03808,27.84902808891033
F03869,F03870,5.81103976963269
F03870,F03869,5.81103976963269
F03564,F03565,14.527064132558236
F03565,F03564,14.527064132558236
F03431,F03432,27.172211075731152
F03432,F03431,27.172211075731152
F03429,F03430,6.8612468448794
F03430,F03429,6.8612468448794
F03600,F03601,15.667912797856404
F03601,F03600,15.667912797856404
007927,007928,19.16234968310674
007928,007927,19.16234968310674
F03867,F03868,4.709378065190098
F03868,F03867,4.709378065190098
F03793,F03794,9.925728162514842
F03794,F03793,9.925728162514842
050180,050182,10.014704051448536
050182,050180,10.014704051448536
050180,CS050182,9.84361439247484
CS050182,050180,9.84361439247484
050180,CSF03785,0.3549867258540039
CSF03785,050180,0.3549867258540039
050180,F03784,9.688112737224422
F03784,050180,9.688112737224422
050180,F03785,0.7099734098892598
F03785,050180,0.7099734098892598
050182,CS050182,0.4449712396641296
CS050182,050182,0.4449712396641296
050182,CSF03785,9.835597999970357
CSF03785,050182,9.835597999970357
050182,F03784,0.8766904150127668
F03784,050182,0.8766904150127668
050182,F03785,9.666214785327885
F03785,050182,9.666214785327885
CS050182,CSF03785,9.677537359454595
CSF03785,CS050182,9.677537359454595
CS050182,F03784,0.4317441787759168
F03784,CS050182,0.4317441787759168
CS050182,F03785,9.52180360051513
F03785,CS050182,9.52180360051513
CSF03785,F03784,9.53530574466898
F03784,CSF03785,9.53530574466898
CSF03785,F03785,0.3549866841045236
F03785,CSF03785,0.3549866841045236
F03784,F03785,9.39343452953123
F03785,F03784,9.39343452953123
009372,050178,8.542791785661949
050178,009372,8.542791785661949
009372,050183,13.054859766582496
050183,009372,13.054859766582496
009372,CS050183,12.75556463207867
CS050183,009372,12.75556463207867
009372,CSF03788,8.806187650185509
CSF03788,009372,8.806187650185509
009372,F03787,7.873870629306184
F03787,009372,7.873870629306184
009372,F03788,9.11104151724415
F03788,009372,9.11104151724415
009372,F03789,12.460293060588347
F03789,009372,12.460293060588347
009372,F03790,10.44624065507503
F03790,009372,10.44624065507503
009372,F03791,11.313727715184008
F03791,009372,11.313727715184008
009372,F03792,15.7190555665039
F03792,009372,15.7190555665039
050178,050183,4.837833549033219
050183,050178,4.837833549033219
050178,CS050183,4.463235496476029
CS050183,050178,4.463235496476029
050178,CSF03788,0.4717337275967384
CSF03788,050178,0.4717337275967384
050178,F03787,15.21191945197988
F03787,050178,15.21191945197988
050178,F03788,0.96608375624159
F03788,050178,0.96608375624159
050178,F03789,4.092818952247799
F03789,050178,4.092818952247799
050178,F03790,18.09239461523371
F03790,050178,18.09239461523371
050178,F03791,9.33096621951496
F03791,050178,9.33096621951496
050178,F03792,14.556356276116839
F03792,050178,14.556356276116839
050183,CS050183,0.4317687353670389
CS050183,050183,0.4317687353670389
050183,CSF03788,4.440008163511365
CSF03788,050183,4.440008163511365
050183,F03787,20.0344728057922
F03787,050183,20.0344728057922
050183,F03788,4.0318804428831045
F03788,050183,4.0318804428831045
050183,F03789,0.8767407908700264
F03789,050183,0.8767407908700264
050183,F03790,22.90354194732723
F03790,050183,22.90354194732723
050183,F03791,9.350018969125857
F03791,050183,9.350018969125857
050183,F03792,13.877637969914813
F03792,050183,13.877637969914813
CS050183,CSF03788,4.0787862707551925
CSF03788,CS050183,4.0787862707551925
CS050183,F03787,19.6716535161829
F03787,CS050183,19.6716535161829
CS050183,F03788,3.688604833421071
F03788,CS050183,3.688604833421071
CS050183,F03789,0.4449970609280521
F03789,CS050183,0.4449970609280521
CS050183,F03790,22.54633445609129
F03790,CS050183,22.54633445609129
CS050183,F03791,9.458657825609913
F03791,CS050183,9.458657825609913
CS050183,F03792,14.077395436271399
F03792,CS050183,14.077395436271399
CSF03788,F03787,15.595068131160062
F03787,CSF03788,15.595068131160062
CSF03788,F03788,0.49444234917405816
F03788,CSF03788,0.49444234917405816
CSF03788,F03789,3.726509491553925
F03789,CSF03788,3.726509491553925
CSF03788,F03790,18.467645953842705
F03790,CSF03788,18.467645953842705
CSF03788,F03791,8.998999364723748
F03791,CSF03788,8.998999364723748
CSF03788,F03792,14.20579981272353
F03792,CSF03788,14.20579981272353
F03787,F03788,16.009266234697474
F03788,F03787,16.009266234697474
F03787,F03789,19.30448010234572
F03789,F03787,19.30448010234572
F03787,F03790,2.9151439484153965
F03790,F03787,2.9151439484153965
F03787,F03791,19.12137994703426
F03791,F03787,19.12137994703426
F03787,F03792,23.206597802383307
F03792,F03787,23.206597802383307
F03788,F03789,3.360986752266802
F03789,F03788,3.360986752266802
F03788,F03790,18.873489237862728
F03790,F03788,18.873489237862728
F03788,F03791,8.675378721929839
F03791,F03788,8.675378721929839
F03788,F03792,13.855735273596359
F03792,F03788,13.855735273596359
F03789,F03790,22.18486923655704
F03790,F03789,22.18486923655704
F03789,F03791,9.596061489170438
F03791,F03789,9.596061489170438
F03789,F03792,14.299805380328761
F03792,F03789,14.299805380328761
F03790,F03791,21.4819288213243
F03791,F03790,21.4819288213243
F03790,F03792,25.27008297978863
F03792,F03790,25.27008297978863
F03791,F03792,5.257641853599828
F03792,F03791,5.257641853599828
F03801,F03806,12.405225552948833
F03806,F03801,12.405225552948833
F03802,F03803,14.461515528779513
F03803,F03802,14.461515528779513
F03802,F03804,21.208085809848995
F03804,F03802,21.208085809848995
F03802,F03805,12.237616507160427
F03805,F03802,12.237616507160427
F03803,F03804,19.334375957089406
F03804,F03803,19.334375957089406
F03803,F03805,6.003575727319958
F03805,F03803,6.003575727319958
F03804,F03805,13.824013139009464
F03805,F03804,13.824013139009464
F03853,F03854,3.1421481658930843
F03854,F03853,3.1421481658930843
F03853,F03855,6.77483002711632
F03855,F03853,6.77483002711632
F03853,F03856,12.495960383292868
F03856,F03853,12.495960383292868
F03854,F03855,4.817788724388263
F03855,F03854,4.817788724388263
F03854,F03856,15.167524541127849
F03856,F03854,15.167524541127849
F03855,F03856,19.25576279354415
F03856,F03855,19.25576279354415
CSF03884,F03883,10.770771092260448
F03883,CSF03884,10.770771092260448
CSF03884,F03884,0.3500501252242442
F03884,CSF03884,0.3500501252242442
CSF03884,F03885,8.372785338814507
F03885,CSF03884,8.372785338814507
CSF03884,F03886,0.3491112738810091
F03886,CSF03884,0.3491112738810091
CSF03884,F03887,7.032135948177481
F03887,CSF03884,7.032135948177481
F03883,F03884,10.739775669729804
F03884,F03883,10.739775669729804
F03883,F03885,6.328994724568382
F03885,F03883,6.328994724568382
F03883,F03886,10.798244097235576
F03886,F03883,10.798244097235576
F03883,F03887,8.190289552296278
F03887,F03883,8.190289552296278
F03884,F03885,8.552749227333123
F03885,F03884,8.552749227333123
F03884,F03886,0.6990055372806411
F03886,F03884,0.6990055372806411
F03884,F03887,7.2774927183233595
F03887,F03884,7.2774927183233595
F03885,F03886,8.191365929460645
F03886,F03885,8.191365929460645
F03885,F03887,2.255592504192199
F03887,F03885,2.255592504192199
F03886,F03887,6.785727787274022
F03887,F03886,6.785727787274022
F03816,F03817,1.9439103624835512
F03817,F03816,1.9439103624835512
F03877,F03878,9.945393059737555
F03878,F03877,9.945393059737555
F03822,F03823,6.098625997347598
F03823,F03822,6.098625997347598
F03822,F03824,2.812341826245542
F03824,F03822,2.812341826245542
F03822,F03825,6.348553020650945
F03825,F03822,6.348553020650945
F03823,F03824,8.442301236831106
F03824,F03823,8.442301236831106
F03823,F03825,11.422494434666257
F03825,F03823,11.422494434666257
F03824,F03825,3.569051351107897
F03825,F03824,3.569051351107897
F03689,F03690,2.0021502563930165
F03690,F03689,2.0021502563930165
F03689,F03691,12.599752427573094
F03691,F03689,12.599752427573094
F03689,F03692,18.072635241037695
F03692,F03689,18.072635241037695
F03690,F03691,11.080844840727739
F03691,F03690,11.080844840727739
F03690,F03692,16.389384476719233
F03692,F03690,16.389384476719233
F03691,F03692,5.739643420668782
F03692,F03691,5.739643420668782
F03639,F03640,4.235453363308472
F03640,F03639,4.235453363308472
F03857,F03858,10.990376441795789
F03858,F03857,10.990376441795789
F03589,F03590,13.766892640201663
F03590,F03589,13.766892640201663
F03518,F03519,8.183638926522704
F03519,F03518,8.183638926522704
008577,F03525,18.42886846386359
F03525,008577,18.42886846386359
008577,F03526,16.963300472320434
F03526,008577,16.963300472320434
008577,F03528,9.404480638357368
F03528,008577,9.404480638357368
F03525,F03526,10.413757397897534
F03526,F03525,10.413757397897534
F03525,F03528,26.94283110601074
F03528,F03525,26.94283110601074
F03526,F03528,22.643208402899774
F03528,F03526,22.643208402899774
F03596,F03597,11.10362853844881
F03597,F03596,11.10362853844881
F03562,F03563,15.578409944905358
F03563,F03562,15.578409944905358
F03591,F03592,10.409856074021324
F03592,F03591,10.409856074021324
F03522,F03523,8.582182649273495
F03523,F03522,8.582182649273495
F03522,F03524,7.269560425643591
F03524,F03522,7.269560425643591
F03523,F03524,11.936613561751273
F03524,F03523,11.936613561751273
F03544,F03545,8.845720619238342
F03545,F03544,8.845720619238342
F03541,F03542,9.934065889040745
F03542,F03541,9.934065889040745
F03546,F03547,6.079921024424254
F03547,F03546,6.079921024424254
009494,F03595,6.096520709014971
F03595,009494,6.096520709014971
009491,009492,3.756862921283701
009492,009491,3.756862921283701
009493,F03554,16.596553757004507
F03554,009493,16.596553757004507
011715,F03548,14.425027111981496
F03548,011715,14.425027111981496
011715,F03549,6.254011151907561
F03549,011715,6.254011151907561
F03548,F03549,20.40679218947091
F03549,F03548,20.40679218947091
011773,067335,6.339606438939531
067335,011773,6.339606438939531
009543,F03550,12.2330665959257
F03550,009543,12.2330665959257
009139,009140,18.719633183697855
009140,009139,18.719633183697855
F03535,F03536,8.486455189875091
F03536,F03535,8.486455189875091
009549,009550,2.95046899297259
009550,009549,2.95046899297259
F03537,F03538,19.211216917852838
F03538,F03537,19.211216917852838
F03533,F03534,15.261854685577912
F03534,F03533,15.261854685577912
F03529,F03530,19.104696140057218
F03530,F03529,19.104696140057218
F03529,F03531,12.109553515862268
F03531,F03529,12.109553515862268
F03529,F03532,9.813625473110717
F03532,F03529,9.813625473110717
F03530,F03531,20.632553828404678
F03531,F03530,20.632553828404678
F03530,F03532,23.777045118266656
F03532,F03530,23.777045118266656
F03531,F03532,5.552085755639218
F03532,F03531,5.552085755639218
F03337,F03338,5.026212407775087
F03338,F03337,5.026212407775087
F03449,F03450,10.48520373445549
F03450,F03449,10.48520373445549
008181,008535,10.011742959972532
008535,008181,10.011742959972532
008181,008569,13.006913750708424
008569,008181,13.006913750708424
008181,009634,2.514851661150065
009634,008181,2.514851661150065
008181,F03286,21.351726170816086
F03286,008181,21.351726170816086
008181,F03287,14.692972804413007
F03287,008181,14.692972804413007
008181,F03289,5.029709581128004
F03289,008181,5.029709581128004
008535,008569,4.5250249991495215
008569,008535,4.5250249991495215
008535,009634,10.482901089680592
009634,008535,10.482901089680592
008535,F03286,22.94208481770102
F03286,008535,22.94208481770102
008535,F03287,24.563557512182566
F03287,008535,24.563557512182566
008535,F03289,5.384807341253569
F03289,008535,5.384807341253569
008569,009634,12.667057895855882
009634,008569,12.667057895855882
008569,F03286,27.40339693993858
F03286,008569,27.40339693993858
008569,F03287,27.677549321292034
F03287,008569,27.677549321292034
008569,F03289,7.97756473348832
F03289,008569,7.97756473348832
009634,F03286,23.866563834326037
F03286,009634,23.866563834326037
009634,F03287,15.276528930822185
F03287,009634,15.276528930822185
009634,F03289,5.102336838910909
F03289,009634,5.102336838910909
F03286,F03287,24.066148216402933
F03287,F03286,24.066148216402933
F03286,F03289,22.976155532350283
F03289,F03286,22.976155532350283
F03287,F03289,19.713213952572293
F03289,F03287,19.713213952572293
F03290,F03291,9.022453949229208
F03291,F03290,9.022453949229208
F03403,F03404,25.00277386376028
F03404,F03403,25.00277386376028
F01719,F01720,21.919148597389174
F01720,F01719,21.919148597389174
F01719,F01721,28.438566475740654
F01721,F01719,28.438566475740654
F01719,F01722,22.76467160985018
F01722,F01719,22.76467160985018
F01720,F01721,6.523134949190896
F01721,F01720,6.523134949190896
F01720,F01722,13.651204757942784
F01722,F01720,13.651204757942784
F01721,F01722,16.724909093849764
F01722,F01721,16.724909093849764
007913,007914,2.0521862132463076
007914,007913,2.0521862132463076
F01715,F01716,6.0955996141439
F01716,F01715,6.0955996141439
F01846,F01847,21.388418103540577
F01847,F01846,21.388418103540577
F01846,F01864,15.784550042871754
F01864,F01846,15.784550042871754
F01846,F01865,9.70187675350153
F01865,F01846,9.70187675350153
F01847,F01864,16.371192098703734
F01864,F01847,16.371192098703734
F01847,F01865,19.42225498250628
F01865,F01847,19.42225498250628
F01864,F01865,6.955292191449319
F01865,F01864,6.955292191449319
F01848,F01849,7.938576025736637
F01849,F01848,7.938576025736637
F01858,F01859,20.16661699195415
F01859,F01858,20.16661699195415
F01868,F01869,1.754195467496601
F01869,F01868,1.754195467496601
F01874,F01875,3.4780775192117783
F01875,F01874,3.4780775192117783
F01609,F01610,8.366463708990652
F01610,F01609,8.366463708990652
008491,F01608,13.007830608462704
F01608,008491,13.007830608462704
F01553,F01554,2.1125590961489684
F01554,F01553,2.1125590961489684
F01872,F01873,4.24469572154137
F01873,F01872,4.24469572154137
F03657,F03658,9.807684389045649
F03658,F03657,9.807684389045649
F03875,F03876,9.914653287346544
F03876,F03875,9.914653287346544
F03655,F03656,22.515766444623374
F03656,F03655,22.515766444623374
F03724,F03725,16.12472969895935
F03725,F03724,16.12472969895935
009201,009202,14.430020101513863
009202,009201,14.430020101513863
009194,009195,6.310197640234028
009195,009194,6.310197640234028
009194,F04602,21.309438750520336
F04602,009194,21.309438750520336
009195,F04602,27.45423324357706
F04602,009195,27.45423324357706
F03778,F03779,8.045995041178122
F03779,F03778,8.045995041178122
009199,009200,4.268086671032664
009200,009199,4.268086671032664
009192,009193,8.436549092042597
009193,009192,8.436549092042597
009197,F04649,4.281073477259689
F04649,009197,4.281073477259689
009196,F04603,22.089755802337184
F04603,009196,22.089755802337184
009198,F04650,14.326095033700456
F04650,009198,14.326095033700456
F04600,F04601,25.84027769941751
F04601,F04600,25.84027769941751
F04605,F04606,26.918916967259676
F04606,F04605,26.918916967259676
050175,050176,5.5704674781735815
050176,050175,5.5704674781735815
F03780,F03781,13.47505298059581
F03781,F03780,13.47505298059581
F03796,F03797,9.70068736883647
F03797,F03796,9.70068736883647
F03782,F03783,14.661468751416562
F03783,F03782,14.661468751416562
050177,F03795,14.847385812950485
F03795,050177,14.847385812950485
F04596,F04597,15.139143970753805
F04597,F04596,15.139143970753805
F04056,F04057,13.360736159617284
F04057,F04056,13.360736159617284
F04058,F04059,18.482111319555838
F04059,F04058,18.482111319555838
CSF04052,F04050,8.324266020408174
F04050,CSF04052,8.324266020408174
CSF04052,F04051,13.99962108592551
F04051,CSF04052,13.99962108592551
CSF04052,F04052,4.842649977737391
F04052,CSF04052,4.842649977737391
CSF04052,F04053,4.8426546476825125
F04053,CSF04052,4.8426546476825125
F04050,F04051,21.5322451980662
F04051,F04050,21.5322451980662
F04050,F04052,3.484912076580231
F04052,F04050,3.484912076580231
F04050,F04053,13.166048962911566
F04053,F04050,13.166048962911566
F04051,F04052,18.34393685893869
F04052,F04051,18.34393685893869
F04051,F04053,10.118373058074424
F04053,F04051,10.118373058074424
F04052,F04053,9.685304625285198
F04053,F04052,9.685304625285198
F04161,F04162,6.438285212670385
F04162,F04161,6.438285212670385
F04157,F04158,18.63034363604184
F04158,F04157,18.63034363604184
F04073,F04075,16.967705420436477
F04075,F04073,16.967705420436477
069403,F04082,21.74378041515344
F04082,069403,21.74378041515344
069403,F04083,7.0293008197961155
F04083,069403,7.0293008197961155
069403,F04084,17.643476673985866
F04084,069403,17.643476673985866
F04082,F04083,15.120749035924826
F04083,F04082,15.120749035924826
F04082,F04084,5.312396699051442
F04084,F04082,5.312396699051442
F04083,F04084,11.743921644001551
F04084,F04083,11.743921644001551
008964,008965,4.22326732071695
008965,008964,4.22326732071695
008964,F04572,18.627918809589666
F04572,008964,18.627918809589666
008964,F04573,15.552604294668743
F04573,008964,15.552604294668743
008965,F04572,14.58940116211954
F04572,008965,14.58940116211954
008965,F04573,11.674870582093837
F04573,008965,11.674870582093837
F04572,F04573,3.420233973662204
F04573,F04572,3.420233973662204
085772,F04164,28.77228081685258
F04164,085772,28.77228081685258
F04063,F04064,6.810279945267316
F04064,F04063,6.810279945267316
F04061,F04062,15.73011890238507
F04062,F04061,15.73011890238507
F04065,F04066,12.627568536279899
F04066,F04065,12.627568536279899
F04072,F04074,4.299637990545063
F04074,F04072,4.299637990545063
F04068,F04069,10.068807235821193
F04069,F04068,10.068807235821193
F04045,F04046,10.162401780213798
F04046,F04045,10.162401780213798
F04045,F04048,16.402296954027694
F04048,F04045,16.402296954027694
F04045,F04092,15.880902023984218
F04092,F04045,15.880902023984218
F04046,F04048,25.986170010173286
F04048,F04046,25.986170010173286
F04046,F04092,22.888858921985452
F04092,F04046,22.888858921985452
F04048,F04092,21.438627973605847
F04092,F04048,21.438627973605847
008966,008967,6.044661675009359
008967,008966,6.044661675009359
008966,043331,5.302791926985648
043331,008966,5.302791926985648
008966,F04576,10.819809138900165
F04576,008966,10.819809138900165
008966,F04577,13.378258605201339
F04577,008966,13.378258605201339
008967,043331,8.261619294550735
043331,008967,8.261619294550735
008967,F04576,9.196992268652965
F04576,008967,9.196992268652965
008967,F04577,7.82238893736527
F04577,008967,7.82238893736527
043331,F04576,7.159893246104608
F04576,043331,7.159893246104608
043331,F04577,13.12672251069756
F04577,043331,13.12672251069756
F04576,F04577,8.758331463695836
F04577,F04576,8.758331463695836
009568,F04524,26.19037851700528
F04524,009568,26.19037851700528
009568,F04574,25.650456705312063
F04574,009568,25.650456705312063
009568,F04575,22.827286968330984
F04575,009568,22.827286968330984
F04524,F04574,22.836907243771122
F04574,F04524,22.836907243771122
F04524,F04575,17.637533364609624
F04575,F04524,17.637533364609624
F04574,F04575,5.355108696664175
F04575,F04574,5.355108696664175
F04165,F04166,16.957432429528673
F04166,F04165,16.957432429528673
075654,075655,4.5546161983715745
075655,075654,4.5546161983715745
F04085,F04086,8.00467990218596
F04086,F04085,8.00467990218596
008953,008954,7.691812193785188
008954,008953,7.691812193785188
008481,CSF04534,10.401192618176797
CSF04534,008481,10.401192618176797
008481,F04530,7.299996289030562
F04530,008481,7.299996289030562
008481,F04531,7.8924946885518
F04531,008481,7.8924946885518
008481,F04534,6.384942705646496
F04534,008481,6.384942705646496
008481,F04535,15.909337653198083
F04535,008481,15.909337653198083
CSF04534,F04530,16.580565882236648
F04530,CSF04534,16.580565882236648
CSF04534,F04531,13.842861306194896
F04531,CSF04534,13.842861306194896
CSF04534,F04534,6.235902551331921
F04534,CSF04534,6.235902551331921
CSF04534,F04535,6.232654508384861
F04535,CSF04534,6.232654508384861
F04530,F04531,5.340999029581867
F04531,F04530,5.340999029581867
F04530,F04534,10.820138785860392
F04534,F04530,10.820138785860392
F04530,F04535,22.5884273249858
F04535,F04530,22.5884273249858
F04531,F04534,7.607458241476071
F04534,F04531,7.607458241476071
F04531,F04535,20.07522185311966
F04535,F04531,20.07522185311966
F04534,F04535,12.468548717712125
F04535,F04534,12.468548717712125
F04564,F04565,6.6201130040365825
F04565,F04564,6.6201130040365825
008957,109462,26.75191994862619
109462,008957,26.75191994862619
008957,F04077,19.705953474595038
F04077,008957,19.705953474595038
109462,F04077,9.383048459664547
F04077,109462,9.383048459664547
009147,F04078,18.99949030224018
F04078,009147,18.99949030224018
009147,F04079,11.365129022920046
F04079,009147,11.365129022920046
F04078,F04079,9.676044817966458
F04079,F04078,9.676044817966458
F04528,F04529,7.615161688437273
F04529,F04528,7.615161688437273
008958,009243,8.817407425603387
009243,008958,8.817407425603387
008955,008956,10.715714452619425
008956,008955,10.715714452619425
F03926,F03927,8.211117792810823
F03927,F03926,8.211117792810823
F03899,F03900,5.945296039932376
F03900,F03899,5.945296039932376
F03899,F03901,13.89927535094199
F03901,F03899,13.89927535094199
F03899,F03902,9.056740375446111
F03902,F03899,9.056740375446111
F03900,F03901,8.754711212321318
F03901,F03900,8.754711212321318
F03900,F03902,14.821789823962144
F03902,F03900,14.821789823962144
F03901,F03902,22.934862156705936
F03902,F03901,22.934862156705936
F03958,F03959,7.3755488623494605
F03959,F03958,7.3755488623494605
F03958,F03960,12.223081922267513
F03960,F03958,12.223081922267513
F03958,F03961,20.16620972075504
F03961,F03958,20.16620972075504
F03959,F03960,8.602156759919914
F03960,F03959,8.602156759919914
F03959,F03961,13.070977783464084
F03961,F03959,13.070977783464084
F03960,F03961,11.607684897776691
F03961,F03960,11.607684897776691
F03931,F03932,9.145765135438555
F03932,F03931,9.145765135438555
F03931,F03933,3.689087961754477
F03933,F03931,3.689087961754477
F03931,F03934,13.606503666643398
F03934,F03931,13.606503666643398
F03932,F03933,12.748408821876964
F03933,F03932,12.748408821876964
F03932,F03934,22.6490703751857
F03934,F03932,22.6490703751857
F03933,F03934,10.411346904870241
F03934,F03933,10.411346904870241
F04020,F04021,16.37349987065951
F04021,F04020,16.37349987065951
F04020,F04022,10.222221786851375
F04022,F04020,10.222221786851375
F04021,F04022,6.524121222440527
F04022,F04021,6.524121222440527
F03955,F03956,20.228572722382722
F03956,F03955,20.228572722382722
F03946,F03947,9.588580999152194
F03947,F03946,9.588580999152194
F03946,F03948,20.11606865907946
F03948,F03946,20.11606865907946
F03946,F03949,4.426211212428072
F03949,F03946,4.426211212428072
F03947,F03948,29.317439541447566
F03948,F03947,29.317439541447566
F03947,F03949,13.717522820286959
F03949,F03947,13.717522820286959
F03948,F03949,15.717307575460703
F03949,F03948,15.717307575460703
F03951,F03952,15.02560580405514
F03952,F03951,15.02560580405514
F03951,F03953,6.125741345236941
F03953,F03951,6.125741345236941
F03951,F03954,15.940770582775007
F03954,F03951,15.940770582775007
F03952,F03953,9.070012920988063
F03953,F03952,9.070012920988063
F03952,F03954,1.8071565285199425
F03954,F03952,1.8071565285199425
F03953,F03954,9.848225398196933
F03954,F03953,9.848225398196933
F03945,F03950,23.85146582164777
F03950,F03945,23.85146582164777
009592,038670,56.575894201294574
038670,009592,56.575894201294574
009592,038671,54.007193297964335
038671,009592,54.007193297964335
009592,038673,56.26269344841901
038673,009592,56.26269344841901
009592,038674,36.05958023280842
038674,009592,36.05958023280842
009592,038675,26.998976832178823
038675,009592,26.998976832178823
009592,038678,36.97994771153756
038678,009592,36.97994771153756
009592,038680,44.125589645777595
038680,009592,44.125589645777595
009592,038681,52.193189252432965
038681,009592,52.193189252432965
009592,038682,55.88699445336292
038682,009592,55.88699445336292
009592,038683,48.17104600401171
038683,009592,48.17104600401171
009592,038686,25.277372165932277
038686,009592,25.277372165932277
009592,038687,35.27484544568209
038687,009592,35.27484544568209
009592,038688,40.516049003532906
038688,009592,40.516049003532906
009592,038690,50.73482516031501
038690,009592,50.73482516031501
009592,038692,54.82111287915709
038692,009592,54.82111287915709
009592,043176,70.70228245404596
043176,009592,70.70228245404596
009592,082333,60.388397653826544
082333,009592,60.388397653826544
009592,088969,47.07557441481216
088969,009592,47.07557441481216
009592,099640,82.78698882210641
099640,009592,82.78698882210641
009592,F01543,22.586700277757917
F01543,009592,22.586700277757917
009592,F01544,44.958474618185335
F01544,009592,44.958474618185335
009592,F03940,73.01680380293949
F03940,009592,73.01680380293949
009592,F03941,75.84137490484729
F03941,009592,75.84137490484729
038670,038671,3.640017275119401
038671,038670,3.640017275119401
038670,038673,10.058257993861405
038673,038670,10.058257993861405
038670,038674,20.586554208330902
038674,038670,20.586554208330902
038670,038675,30.229558278973332
038675,038670,30.229558278973332
038670,038678,19.69306690610839
038678,038670,19.69306690610839
038670,038680,13.83918722465592
038680,038670,13.83918722465592
038670,038681,10.433894355129521
038681,038670,10.433894355129521
038670,038682,15.450513679378105
038682,038670,15.450513679378105
038670,038683,13.953039234216629
038683,038670,13.953039234216629
038670,038686,31.539047121545263
038686,038670,31.539047121545263
038670,038687,23.34458889426549
038687,038670,23.34458889426549
038670,038688,19.9633291137998
038688,038670,19.9633291137998
038670,038690,17.033555225186376
038690,038670,17.033555225186376
038670,038692,4.157891825401215
038692,038670,4.157891825401215
038670,043176,14.205168431928254
043176,038670,14.205168431928254
038670,082333,15.24843212603894
082333,038670,15.24843212603894
038670,088969,10.642117444167052
088969,038670,10.642117444167052
038670,099640,29.68014376706623
099640,038670,29.68014376706623
038670,F01543,38.849376038991906
F01543,038670,38.849376038991906
038670,F01544,24.24760376894472
F01544,038670,24.24760376894472
038670,F03940,17.026361286051902
F03940,038670,17.026361286051902
038670,F03941,22.190004825699365
F03941,038670,22.190004825699365
038671,038673,12.585266396857401
038673,038671,12.585266396857401
038671,038674,17.952046784066123
038674,038671,17.952046784066123
038671,038675,27.352557254144333
038675,038671,27.352557254144333
038671,038678,17.48909118791784
038678,038671,17.48909118791784
038671,038680,12.825306295277569
038680,038671,12.825306295277569
038671,038681,11.856141627204426
038681,038671,11.856141627204426
038671,038682,17.715632144213718
038682,038671,17.715632144213718
038671,038683,14.47383992142392
038683,038671,14.47383992142392
038671,038686,29.25511386027072
038686,038671,29.25511386027072
038671,038687,21.904975595466265
038687,038671,21.904975595466265
038671,038688,19.26212341011787
038688,038671,19.26212341011787
038671,038690,18.338271201270846
038690,038671,18.338271201270846
038671,038692,6.272207528806752
038692,038671,6.272207528806752
038671,043176,17.250521628334965
043176,038671,17.250521628334965
038671,082333,18.21843752209713
082333,038671,18.21843752209713
038671,088969,9.875664165922915
088969,038671,9.875664165922915
038671,099640,33.27639474398011
099640,038671,33.27639474398011
038671,F01543,37.21902241551972
F01543,038671,37.21902241551972
038671,F01544,24.749693296070532
F01544,038671,24.749693296070532
038671,F03940,20.34585742003111
F03940,038671,20.34585742003111
038671,F03941,25.79259157439844
F03941,038671,25.79259157439844
038673,038674,22.416438638455002
038674,038673,22.416438638455002
038673,038675,32.073592985551606
038675,038673,32.073592985551606
038673,038678,20.250649475831892
038678,038673,20.250649475831892
038673,038680,12.469611987253018
038680,038673,12.469611987253018
038673,038681,4.075149171313563
038681,038673,4.075149171313563
038673,038682,5.446696573769636
038682,038673,5.446696573769636
038673,038683,8.297961874474176
038683,038673,8.297961874474176
038673,038686,31.116072266472163
038686,038673,31.116072266472163
038673,038687,21.04833145728677
038687,038673,21.04833145728677
038673,038688,16.096158735242643
038688,038673,16.096158735242643
038673,038690,8.517045185027706
038690,038673,8.517045185027706
038673,038692,6.313302736820733
038692,038673,6.313302736820733
038673,043176,17.42529390678107
043176,038673,17.42529390678107
038673,082333,6.003476526046318
082333,038673,6.003476526046318
038673,088969,10.185232209565362
088969,038673,10.185232209565362
038673,099640,26.580814095016535
099640,038673,26.580814095016535
038673,F01543,35.94201219819828
F01543,038673,35.94201219819828
038673,F01544,16.764391630373968
F01544,038673,16.764391630373968
038673,F03940,18.16447845109176
F03940,038673,18.16447845109176
038673,F03941,19.589874086094728
F03941,038673,19.589874086094728
038674,038675,9.831730363123155
038675,038674,9.831730363123155
038674,038678,3.073657371686458
038678,038674,3.073657371686458
038674,038680,10.247773024166554
038680,038674,10.247773024166554
038674,038681,18.564406589929934
038681,038674,18.564406589929934
038674,038682,24.26805464858584
038682,038674,24.26805464858584
038674,038683,15.995948935348755
038683,038674,15.995948935348755
038674,038686,11.584980694538675
038686,038674,11.584980694538675
038674,038687,8.992567747066706
038687,038674,8.992567747066706
038674,038688,11.768550956579327
038688,038674,11.768550956579327
038674,038690,20.534307467225624
038690,038674,20.534307467225624
038674,038692,19.33653748387801
038692,038674,19.33653748387801
038674,043176,34.78040058175249
043176,038674,34.78040058175249
038674,082333,27.83616243782393
082333,038674,27.83616243782393
038674,088969,12.257890688722517
088969,038674,12.257890688722517
038674,099640,48.54502351907529
099640,038674,48.54502351907529
038674,F01543,20.958420673438823
F01543,038674,20.958420673438823
038674,F01544,20.501255432015135
F01544,038674,20.501255432015135
038674,F03940,37.35872269624515
F03940,038674,37.35872269624515
038674,F03941,41.208466887461476
F03941,038674,41.208466887461476
038675,038678,11.853920907123436
038678,038675,11.853920907123436
038675,038680,19.66715825746015
038680,038675,19.66715825746015
038675,038681,28.123843607822142
038681,038675,28.123843607822142
038675,038682,33.407511558940875
038682,038675,33.407511558940875
038675,038683,25.0569588015634
038683,038675,25.0569588015634
038675,038686,7.060643745272464
038686,038675,7.060643745272464
038675,038687,14.153844661302621
038687,038675,14.153844661302621
038675,038688,19.041742524216907
038688,038675,19.041742524216907
038675,038690,29.119087623786886
038690,038675,29.119087623786886
038675,038692,29.163239454413237
038692,038675,29.163239454413237
038675,043176,44.4317156077009
043176,038675,44.4317156077009
038675,082333,37.27468964783433
082333,038675,37.27468964783433
038675,088969,21.999572814656407
088969,038675,21.999572814656407
038675,099640,58.351848050587996
099640,038675,58.351848050587996
038675,F01543,17.335335891405528
F01543,038675,17.335335891405528
038675,F01544,26.95437603594344
F01544,038675,26.95437603594344
038675,F03940,47.1220509743863
F03940,038675,47.1220509743863
038675,F03941,51.03255667733711
F03941,038675,51.03255667733711
038678,038680,7.814079020348556
038680,038678,7.814079020348556
038678,038681,16.27583662973989
038681,038678,16.27583662973989
038678,038682,21.65277159258642
038682,038678,21.65277159258642
038678,038683,13.312708987964193
038683,038678,13.312708987964193
038678,038686,11.84609748679982
038686,038678,11.84609748679982
038678,038687,6.417633709486498
038687,038678,6.417633709486498
038678,038688,8.695942613108013
038688,038678,8.695942613108013
038678,038690,17.6776706264866
038690,038678,17.6776706264866
038678,038692,17.876602880861014
038692,038678,17.876602880861014
038678,043176,33.73645480618013
043176,038678,33.73645480618013
038678,082333,25.428235068027586
082333,038678,25.428235068027586
038678,088969,10.310988958023689
088969,038678,10.310988958023689
038678,099640,46.6644572819348
099640,038678,46.6644572819348
038678,F01543,20.09110306529606
F01543,038678,20.09110306529606
038678,F01544,17.433866898759508
F01544,038678,17.433866898759508
038678,F03940,36.0625108145898
F03940,038678,36.0625108145898
038678,F03941,39.42567067738984
F03941,038678,39.42567067738984
038680,038681,8.465602472919562
038681,038680,8.465602472919562
038680,038682,14.034574910418712
038682,038680,14.034574910418712
038680,038683,5.885064539859824
038683,038680,5.885064539859824
038680,038686,18.8579757109921
038686,038680,18.8579757109921
038680,038687,9.583793199343518
038687,038680,9.583793199343518
038680,038688,6.477899616852262
038688,038680,6.477899616852262
038680,038690,10.72539980609259
038690,038680,10.72539980609259
038680,038692,11.0121961863612
038692,038680,11.0121961863612
038680,043176,27.127246511497408
043176,038680,27.127246511497408
038680,082333,17.635735822108995
082333,038680,17.635735822108995
038680,088969,3.2151145591954604
088969,038680,3.2151145591954604
038680,099640,38.98377661706817
099640,038680,38.98377661706817
038680,F01543,25.10777142563317
F01543,038680,25.10777142563317
038680,F01544,13.522161116325837
F01544,038680,13.522161116325837
038680,F03940,29.042303982250157
F03940,038680,29.042303982250157
038680,F03941,31.83347954616183
F03941,038680,31.83347954616183
038681,038682,6.581310052544135
038682,038681,6.581310052544135
038681,038683,4.4784471910581924
038683,038681,4.4784471910581924
038681,038686,27.041190396627005
038686,038681,27.041190396627005
038681,038687,17.004092561499977
038687,038681,17.004092561499977
038681,038688,12.160664199912707
038688,038681,12.160664199912707
038681,038690,6.606874893999379
038690,038681,6.606874893999379
038681,038692,6.28453177872776
038692,038681,6.28453177872776
038681,043176,20.649420306858946
043176,038681,20.649420306858946
038681,082333,9.312364715741824
082333,038681,9.312364715741824
038681,088969,6.5196401020683
088969,038681,6.5196401020683
038681,099640,30.654534521329214
099640,038681,30.654534521329214
038681,F01543,32.03345588697371
F01543,038681,32.03345588697371
038681,F01544,14.109819972093822
F01544,038681,14.109819972093822
038681,F03940,21.819051889510874
F03940,038681,21.819051889510874
038681,F03941,23.651381160744165
F03941,038681,23.651381160744165
038682,038683,8.35184806830934
038683,038682,8.35184806830934
038682,038686,31.28721507371859
038686,038682,31.28721507371859
038682,038687,20.790119987251515
038687,038682,20.790119987251515
038682,038688,15.424749163533203
038688,038682,15.424749163533203
038682,038690,5.313588692967598
038690,038682,5.313588692967598
038682,038692,11.523605092358274
038692,038682,11.523605092358274
038682,043176,21.64697991295481
043176,038682,21.64697991295481
038682,082333,4.680935249860806
082333,038682,4.680935249860806
038682,088969,12.842751421514771
088969,038682,12.842751421514771
038682,099640,27.336577694262633
099640,038682,27.336577694262633
038682,F01543,34.525092447493044
F01543,038682,34.525092447493044
038682,F01544,13.256541449467639
F01544,038682,13.256541449467639
038682,F03940,21.605465915621124
F03940,038682,21.605465915621124
038682,F03941,21.135914909417952
F03941,038682,21.135914909417952
038683,038686,23.218121975879445
038686,038683,23.218121975879445
038683,038687,12.896215119033615
038687,038683,12.896215119033615
038683,038688,7.805792938762586
038688,038683,7.805792938762586
038683,038690,4.964684836403043
038690,038683,4.964684836403043
038683,038692,10.022784933412671
038692,038683,10.022784933412671
038683,043176,25.107830611494805
043176,038683,25.107830611494805
038683,082333,12.40181807852455
082333,038683,12.40181807852455
038683,088969,5.852094281974666
088969,038683,5.852094281974666
038683,099640,34.62163186024837
099640,038683,34.62163186024837
038683,F01543,27.644994892925464
F01543,038683,27.644994892925464
038683,F01544,10.333999841760175
F01544,038683,10.333999841760175
038683,F03940,26.28686923414039
F03940,038683,26.28686923414039
038683,F03941,27.80640009163631
F03941,038683,27.80640009163631
038686,038687,10.535561724365623
038687,038686,10.535561724365623
038686,038688,15.93268636381291
038688,038686,15.93268636381291
038686,038690,26.413171011352485
038690,038686,26.413171011352485
038686,038692,29.5727017390702
038692,038686,29.5727017390702
038686,043176,45.54815486695739
043176,038686,45.54815486695739
038686,082333,35.59853388809918
082333,038686,35.59853388809918
038686,088969,21.80087151987609
088969,038686,21.80087151987609
038686,099640,57.694625377576365
099640,038686,57.694625377576365
038686,F01543,10.539232772674154
F01543,038686,10.539232772674154
038686,F01544,22.459191496254515
F01544,038686,22.459191496254515
038686,F03940,47.76172527236102
F03940,038686,47.76172527236102
038686,F03941,50.64509621872053
F03941,038686,50.64509621872053
038687,038688,5.397347037840008
038688,038687,5.397347037840008
038687,038690,15.877748636960174
038690,038687,15.877748636960174
038687,038692,20.57911484633674
038692,038687,20.57911484633674
038687,043176,36.68013399812962
043176,038687,36.68013399812962
038687,082333,25.178114508871108
082333,038687,25.178114508871108
038687,088969,12.792397553146753
088969,038687,12.792397553146753
038687,099640,47.515472693274525
099640,038687,47.515472693274525
038687,F01543,15.526631709282926
F01543,038687,15.526631709282926
038687,F01544,12.810312253335166
F01544,038687,12.810312253335166
038687,F03940,38.45472583137817
F03940,038687,38.45472583137817
038687,F03941,40.63601928815499
F03941,038687,40.63601928815499
038688,038690,10.481696506998741
038690,038688,10.481696506998741
038688,038692,16.64025639530505
038692,038688,16.64025639530505
038688,043176,32.48423680468264
043176,038688,32.48423680468264
038688,082333,19.87385704854665
082333,038688,19.87385704854665
038688,088969,9.432341487876792
088969,038688,9.432341487876792
038688,099640,42.34942955408796
099640,038688,42.34942955408796
038688,F01543,19.872810770595958
F01543,038688,19.872810770595958
038688,F01544,8.751028003002242
F01544,038688,8.751028003002242
038688,F03940,33.930677116928244
F03940,038688,33.930677116928244
038688,F03941,35.60261101483884
F03941,038688,35.60261101483884
038690,038692,12.877601112571703
038692,038690,12.877601112571703
038690,043176,25.894420909206136
043176,038690,25.894420909206136
038690,082333,9.99090767805466
082333,038690,9.99090767805466
038690,088969,10.73246883387214
088969,038690,10.73246883387214
038690,099640,32.64952601259701
099640,038690,32.64952601259701
038690,F01543,29.2260092050232
F01543,038690,29.2260092050232
038690,F01544,8.318765162262201
F01544,038690,8.318765162262201
038690,F03940,26.326886038844403
F03940,038690,26.326886038844403
038690,F03941,26.396321464873726
F03941,038690,26.396321464873726
038692,043176,16.116447495394482
043176,038692,16.116447495394482
038692,082333,12.027849838385071
082333,038692,12.027849838385071
038692,088969,7.8511288458204325
088969,038692,7.8511288458204325
038692,099640,29.428677823651427
099640,038692,29.428677823651427
038692,F01543,36.081960724198204
F01543,038692,36.081960724198204
038692,F01544,20.22226167219489
F01544,038692,20.22226167219489
038692,F03940,18.195845630309204
F03940,038692,18.195845630309204
038692,F03941,21.997467671153338
F03941,038692,21.997467671153338
043176,082333,18.181055506095383
082333,043176,18.181055506095383
043176,088969,23.962813804619525
088969,043176,23.962813804619525
043176,099640,18.318668894726336
099640,043176,18.318668894726336
043176,F01543,52.1533399549902
F01543,043176,52.1533399549902
043176,F01544,34.18338604347692
F01544,043176,34.18338604347692
043176,F03940,3.9913466794672297
F03940,043176,3.9913466794672297
043176,F03941,11.766071970057983
F03941,043176,11.766071970057983
082333,088969,15.81550364834984
088969,082333,15.81550364834984
082333,099640,22.66981935619646
099640,082333,22.66981935619646
082333,F01543,39.175427809935876
F01543,082333,39.175427809935876
082333,F01544,17.836624776658006
F01544,082333,17.836624776658006
082333,F03940,17.577181590988737
F03940,082333,17.577181590988737
082333,F03941,16.48771241669851
F03941,082333,16.48771241669851
088969,099640,36.375096039422694
099640,088969,36.375096039422694
088969,F01543,28.318568976505496
F01543,088969,28.318568976505496
088969,F01544,15.361163784213714
F01544,088969,15.361163784213714
088969,F03940,25.979602441167135
F03940,088969,25.979602441167135
088969,F03941,29.115679355142706
F03941,088969,29.115679355142706
099640,F01543,61.841813758486985
F01543,099640,61.841813758486985
099640,F01544,40.15816420552715
F01544,099640,40.15816420552715
099640,F03940,14.329771745742823
F03940,099640,14.329771745742823
099640,F03941,7.494201441673502
F03941,099640,7.494201441673502
F01543,F01544,22.63183895054658
F01544,F01543,22.63183895054658
F01543,F03940,53.77301285705408
F03940,F01543,53.77301285705408
F01543,F03941,55.325599240564095
F03941,F01543,55.325599240564095
F01544,F03940,34.6361595712002
F03940,F01544,34.6361595712002
F01544,F03941,34.315737276992564
F03941,F01544,34.315737276992564
F03940,F03941,7.915593246041065
F03941,F03940,7.915593246041065
F03903,F03904,7.625877789859151
F03904,F03903,7.625877789859151
F03903,F03905,9.147194939922436
F03905,F03903,9.147194939922436
F03903,F03906,14.8036119257525
F03906,F03903,14.8036119257525
F03904,F03905,16.772364257253273
F03905,F03904,16.772364257253273
F03904,F03906,7.5073505450574505
F03906,F03904,7.5073505450574505
F03905,F03906,23.80673034553215
F03906,F03905,23.80673034553215
F04005,F04006,14.312859546797053
F04006,F04005,14.312859546797053
F03943,F03944,27.586172941256944
F03944,F03943,27.586172941256944
F04028,F04029,3.354672140668357
F04029,F04028,3.354672140668357
F04028,F04030,5.841780279909138
F04030,F04028,5.841780279909138
F04028,F04031,4.448952344596784
F04031,F04028,4.448952344596784
F04029,F04030,8.211955314000972
F04030,F04029,8.211955314000972
F04029,F04031,5.0696456191425705
F04031,F04029,5.0696456191425705
F04030,F04031,4.109045825061911
F04031,F04030,4.109045825061911
F03732,F03733,9.464787300531322
F03733,F03732,9.464787300531322
F03738,F03739,8.602884977768142
F03739,F03738,8.602884977768142
F03738,F03740,15.335728557291693
F03740,F03738,15.335728557291693
F03738,F03741,18.188290294277355
F03741,F03738,18.188290294277355
F03739,F03740,6.738969016043114
F03740,F03739,6.738969016043114
F03739,F03741,9.589355853245452
F03741,F03739,9.589355853245452
F03740,F03741,2.958632049778599
F03741,F03740,2.958632049778599
008047,F03734,2.4011150346644543
F03734,008047,2.4011150346644543
008047,F03737,22.459659906930433
F03737,008047,22.459659906930433
F03734,F03737,20.347414350574404
F03737,F03734,20.347414350574404
F03730,F03731,9.495319702987441
F03731,F03730,9.495319702987441
F04000,F04039,26.798764064880412
F04039,F04000,26.798764064880412
F03837,F03838,9.685699506788936
F03838,F03837,9.685699506788936
050129,F03728,16.080069139649208
F03728,050129,16.080069139649208
050129,F03729,10.25413008430552
F03729,050129,10.25413008430552
F03728,F03729,8.280416583863154
F03729,F03728,8.280416583863154
F04026,F04027,7.843594759189855
F04027,F04026,7.843594759189855
109566,F04035,25.519558922502274
F04035,109566,25.519558922502274
F03977,F03978,6.238660576330353
F03978,F03977,6.238660576330353
F03977,F03979,11.961686062094381
F03979,F03977,11.961686062094381
F03977,F03980,10.186055993480869
F03980,F03977,10.186055993480869
F03978,F03979,5.758802887213182
F03979,F03978,5.758802887213182
F03978,F03980,5.497480329780935
F03980,F03978,5.497480329780935
F03979,F03980,4.837180818511632
F03980,F03979,4.837180818511632
F04002,F04003,5.307052094491758
F04003,F04002,5.307052094491758
F04002,F04004,7.311443190739704
F04004,F04002,7.311443190739704
F04003,F04004,4.928690574196277
F04004,F04003,4.928690574196277
F04024,F04025,10.011101371830982
F04025,F04024,10.011101371830982
F03981,F03982,8.568205920266209
F03982,F03981,8.568205920266209
F03981,F03983,13.880865069433343
F03983,F03981,13.880865069433343
F03981,F03984,15.868102456745603
F03984,F03981,15.868102456745603
F03982,F03983,9.287712356559563
F03983,F03982,9.287712356559563
F03982,F03984,8.654411622621549
F03984,F03982,8.654411622621549
F03983,F03984,15.828847489018989
F03984,F03983,15.828847489018989
F03895,F03896,13.677768659265
F03896,F03895,13.677768659265
F03913,F03914,17.121943708632546
F03914,F03913,17.121943708632546
F03997,F03998,10.801143352868207
F03998,F03997,10.801143352868207
F03997,F03999,7.979423168026721
F03999,F03997,7.979423168026721
F03998,F03999,8.14303289020086
F03999,F03998,8.14303289020086
F03726,F03727,12.619077615771662
F03727,F03726,12.619077615771662
F03995,F03996,13.330061480686147
F03996,F03995,13.330061480686147
F03888,F03889,21.265777481610435
F03889,F03888,21.265777481610435
F04089,F04090,14.3118594715683
F04090,F04089,14.3118594715683
009074,F03907,22.363899805245875
F03907,009074,22.363899805245875
009074,F03908,4.844616662177941
F03908,009074,4.844616662177941
F03907,F03908,26.114015278754973
F03908,F03907,26.114015278754973
F04087,F04167,27.838445783294823
F04167,F04087,27.838445783294823
F04033,F04034,9.786839827516916
F04034,F04033,9.786839827516916
F03992,F03993,19.35392183143614
F03993,F03992,19.35392183143614
109565,F03989,15.586990208932344
F03989,109565,15.586990208932344
109565,F03990,14.23711954355352
F03990,109565,14.23711954355352
109565,F03991,16.769977854780553
F03991,109565,16.769977854780553
F03989,F03990,16.68938759209297
F03990,F03989,16.68938759209297
F03989,F03991,29.357369496145104
F03991,F03989,29.357369496145104
F03990,F03991,16.19706175765069
F03991,F03990,16.19706175765069
F03911,F03912,7.137648064037567
F03912,F03911,7.137648064037567
F04133,F04134,8.349283234335296
F04134,F04133,8.349283234335296
F04133,F04135,22.767665167809355
F04135,F04133,22.767665167809355
F04134,F04135,24.37558550812576
F04135,F04134,24.37558550812576
008898,009582,27.27925625720822
009582,008898,27.27925625720822
008898,F04131,21.311675599653366
F04131,008898,21.311675599653366
008898,F04132,22.544346117799893
F04132,008898,22.544346117799893
009582,F04131,6.779912009455074
F04131,009582,6.779912009455074
009582,F04132,12.916584840886074
F04132,009582,12.916584840886074
F04131,F04132,7.857365364774084
F04132,F04131,7.857365364774084
F04129,F04130,13.387445348269706
F04130,F04129,13.387445348269706
F04127,F04128,13.665617478133246
F04128,F04127,13.665617478133246
F04108,F04109,9.903871823536745
F04109,F04108,9.903871823536745
F04111,F04112,14.589997532612873
F04112,F04111,14.589997532612873
F04111,F04113,10.304082589020757
F04113,F04111,10.304082589020757
F04111,F04114,24.628514267764096
F04114,F04111,24.628514267764096
F04111,F04115,11.936186133193434
F04115,F04111,11.936186133193434
F04112,F04113,10.170799688650135
F04113,F04112,10.170799688650135
F04112,F04114,21.762712180407227
F04114,F04112,21.762712180407227
F04112,F04115,15.664761199977823
F04115,F04112,15.664761199977823
F04113,F04114,15.082792840362186
F04114,F04113,15.082792840362186
F04113,F04115,5.5023707717821475
F04115,F04113,5.5023707717821475
F04114,F04115,13.064518918643035
F04115,F04114,13.064518918643035
F04116,F04117,22.79599978739008
F04117,F04116,22.79599978739008
F04041,F04054,17.399285337536313
F04054,F04041,17.399285337536313
F04041,F04055,19.65383797208572
F04055,F04041,19.65383797208572
F04041,F04156,29.10651678408467
F04156,F04041,29.10651678408467
F04054,F04055,2.5743317386612574
F04055,F04054,2.5743317386612574
F04054,F04156,14.716442817907154
F04156,F04054,14.716442817907154
F04055,F04156,14.539415755380308
F04156,F04055,14.539415755380308
008896,009716,7.214605840296139
009716,008896,7.214605840296139
008896,F04120,19.895623081184528
F04120,008896,19.895623081184528
008896,F04121,22.363964458043544
F04121,008896,22.363964458043544
009716,F04120,26.675544127775677
F04120,009716,26.675544127775677
009716,F04121,27.776086544623787
F04121,009716,27.776086544623787
F04120,F04121,9.077791053211278
F04121,F04120,9.077791053211278
008894,009718,11.579619268258218
009718,008894,11.579619268258218
F04148,F04149,11.280107676072339
F04149,F04148,11.280107676072339
F04146,F04147,11.108058795766828
F04147,F04146,11.108058795766828
008893,009719,14.52112916335319
009719,008893,14.52112916335319
CSF04150,F04142,22.956304348421558
F04142,CSF04150,22.956304348421558
CSF04150,F04143,8.128901207830582
F04143,CSF04150,8.128901207830582
CSF04150,F04150,6.241555545307311
F04150,CSF04150,6.241555545307311
CSF04150,F04151,6.215475046905474
F04151,CSF04150,6.215475046905474
F04142,F04143,26.132997844044205
F04143,F04142,26.132997844044205
F04142,F04150,19.307654382029757
F04150,F04142,19.307654382029757
F04142,F04151,27.533684010376984
F04151,F04142,27.533684010376984
F04143,F04150,13.937582784824075
F04150,F04143,13.937582784824075
F04143,F04151,3.986480116203306
F04151,F04143,3.986480116203306
F04150,F04151,12.457030057994901
F04151,F04150,12.457030057994901
F04122,F04123,6.205064939681636
F04123,F04122,6.205064939681636
F04122,F04124,10.569481130899128
F04124,F04122,10.569481130899128
F04123,F04124,12.571503655142061
F04124,F04123,12.571503655142061
F04118,F04119,6.364947754249868
F04119,F04118,6.364947754249868
009586,F04144,23.04450564001612
F04144,009586,23.04450564001612
009586,F04145,17.613637163795353
F04145,009586,17.613637163795353
F04144,F04145,6.278701048546518
F04145,F04144,6.278701048546518
F04102,F04105,7.630815295483034
F04105,F04102,7.630815295483034
F04103,F04104,5.026945036983993
F04104,F04103,5.026945036983993
F04103,F04106,19.86925036712443
F04106,F04103,19.86925036712443
F04104,F04106,22.241741026815937
F04106,F04104,22.241741026815937
F04098,F04099,19.800744993851378
F04099,F04098,19.800744993851378
F04098,F04101,15.779429212821801
F04101,F04098,15.779429212821801
F04099,F04101,25.467366918564238
F04101,F04099,25.467366918564238
F04096,F04097,9.514366749799157
F04097,F04096,9.514366749799157
F04170,F04171,15.211640139404375
F04171,F04170,15.211640139404375
F04094,F04095,4.1533634081102475
F04095,F04094,4.1533634081102475
F04168,F04169,10.50327169768955
F04169,F04168,10.50327169768955
F01444,F01445,9.611682601107264
F01445,F01444,9.611682601107264
F01444,F01446,12.082629289178454
F01446,F01444,12.082629289178454
F01445,F01446,12.476422194765028
F01446,F01445,12.476422194765028
F01447,F01448,4.666873977641155
F01448,F01447,4.666873977641155
F01447,F01450,6.929220521029878
F01450,F01447,6.929220521029878
F01448,F01450,6.6947520371588265
F01450,F01448,6.6947520371588265
F04136,F04137,10.02786299099445
F04137,F04136,10.02786299099445
F04136,F04138,15.209564930092446
F04138,F04136,15.209564930092446
F04137,F04138,23.436648081716235
F04138,F04137,23.436648081716235
F04173,F04174,9.031501220252247
F04174,F04173,9.031501220252247
F04139,F04140,12.592052383823997
F04140,F04139,12.592052383823997
F04139,F04141,16.690311880507018
F04141,F04139,16.690311880507018
F04140,F04141,14.039373375868607
F04141,F04140,14.039373375868607
F03919,F03920,23.6472216809553
F03920,F03919,23.6472216809553
F03967,F03968,4.75644545048333
F03968,F03967,4.75644545048333
F03897,F03898,5.439332667946989
F03898,F03897,5.439332667946989
008587,008588,10.372559637022796
008588,008587,10.372559637022796
F01370,F01371,19.980970743845138
F01371,F01370,19.980970743845138
008377,009632,6.504497450534816
009632,008377,6.504497450534816
008377,F01451,22.503496435114403
F01451,008377,22.503496435114403
008377,F01452,23.66625363788798
F01452,008377,23.66625363788798
008377,F01453,21.417315466658813
F01453,008377,21.417315466658813
008377,F01454,15.437790301964716
F01454,008377,15.437790301964716
009632,F01451,22.081323639050897
F01451,009632,22.081323639050897
009632,F01452,20.602256765679257
F01452,009632,20.602256765679257
009632,F01453,16.588832308551904
F01453,009632,16.588832308551904
009632,F01454,15.43757386214234
F01454,009632,15.43757386214234
F01451,F01452,9.375231939040027
F01452,F01451,9.375231939040027
F01451,F01453,15.805277366947502
F01453,F01451,15.805277366947502
F01451,F01454,7.065797352414938
F01454,F01451,7.065797352414938
F01452,F01453,7.703708110967667
F01453,F01452,7.703708110967667
F01452,F01454,11.248247889340943
F01454,F01452,11.248247889340943
F01453,F01454,14.334023433864605
F01454,F01453,14.334023433864605
F01470,F01471,12.176004298605406
F01471,F01470,12.176004298605406
044129,066826,1.982810098695983
066826,044129,1.982810098695983
088018,F01366,28.01637694368105
F01366,088018,28.01637694368105
088018,F01367,24.595370323920502
F01367,088018,24.595370323920502
F01366,F01367,3.691607828190909
F01367,F01366,3.691607828190909
F04042,F04043,5.28464647732178
F04043,F04042,5.28464647732178
F03915,F03916,4.900920194628983
F03916,F03915,4.900920194628983
F04037,F04038,12.166048965941673
F04038,F04037,12.166048965941673
F03917,F03918,21.869029774995074
F03918,F03917,21.869029774995074
F03965,F03966,7.881546090663324
F03966,F03965,7.881546090663324
F03969,F03970,16.09372558968184
F03970,F03969,16.09372558968184
F03975,F03976,12.01491181653379
F03976,F03975,12.01491181653379
F03971,F03972,7.666104645911565
F03972,F03971,7.666104645911565
F03971,F03973,13.608451835619293
F03973,F03971,13.608451835619293
F03971,F03974,14.204383810654342
F03974,F03971,14.204383810654342
F03972,F03973,10.40680228432455
F03973,F03972,10.40680228432455
F03972,F03974,18.485689886617987
F03974,F03972,18.485689886617987
F03973,F03974,14.425602375482697
F03974,F03973,14.425602375482697
F03963,F03964,16.89933613612832
F03964,F03963,16.89933613612832
F03921,F03922,14.698846041683122
F03922,F03921,14.698846041683122
F01427,F01428,10.169391369510121
F01428,F01427,10.169391369510121
F01429,F01430,17.353861697507902
F01430,F01429,17.353861697507902
F01357,F01358,17.108704284747954
F01358,F01357,17.108704284747954
F01359,F01360,27.046128593996873
F01360,F01359,27.046128593996873
F01440,F01441,11.030420367971093
F01441,F01440,11.030420367971093
F01431,F01432,17.075442851933236
F01432,F01431,17.075442851933236
008440,008469,17.704727162695715
008469,008440,17.704727162695715
008440,F01434,18.106661030458312
F01434,008440,18.106661030458312
008440,F01435,22.495822837951927
F01435,008440,22.495822837951927
008440,F01436,9.686283190823694
F01436,008440,9.686283190823694
008440,F01437,15.261416040908516
F01437,008440,15.261416040908516
008440,F01438,23.383857711210492
F01438,008440,23.383857711210492
008440,F01439,3.6854143773403245
F01439,008440,3.6854143773403245
008469,F01434,9.642714067642602
F01434,008469,9.642714067642602
008469,F01435,13.91495444980252
F01435,008469,13.91495444980252
008469,F01436,9.196825642746065
F01436,008469,9.196825642746065
008469,F01437,2.856431291682695
F01437,008469,2.856431291682695
008469,F01438,17.36726899014937
F01438,008469,17.36726899014937
008469,F01439,14.127207422363547
F01439,008469,14.127207422363547
F01434,F01435,5.032838712951391
F01435,F01434,5.032838712951391
F01434,F01436,8.822469056343186
F01436,F01434,8.822469056343186
F01434,F01437,10.76000992106717
F01437,F01434,10.76000992106717
F01434,F01438,7.881463901615509
F01438,F01434,7.881463901615509
F01434,F01439,15.645597467637153
F01439,F01434,15.645597467637153
F01435,F01436,13.652080485567092
F01436,F01435,13.652080485567092
F01435,F01437,15.486578103988405
F01437,F01435,15.486578103988405
F01435,F01438,3.846588497124501
F01438,F01435,3.846588497124501
F01435,F01439,20.356526270555428
F01439,F01435,20.356526270555428
F01436,F01437,7.661827263921542
F01437,F01436,7.661827263921542
F01436,F01438,15.48499111417171
F01438,F01436,15.48499111417171
F01436,F01439,6.8545290452201995
F01439,F01436,6.8545290452201995
F01437,F01438,18.64122751780158
F01438,F01437,18.64122751780158
F01437,F01439,11.614522528616384
F01439,F01437,11.614522528616384
F01438,F01439,21.773667476352482
F01439,F01438,21.773667476352482
F04152,F04153,2.825170297506432
F04153,F04152,2.825170297506432
F01442,F01443,3.4008853810997577
F01443,F01442,3.4008853810997577
F01425,F01426,18.165069521137028
F01426,F01425,18.165069521137028
F01474,F01475,25.59713362884613
F01475,F01474,25.59713362884613
F01413,F01414,4.3254129472874725
F01414,F01413,4.3254129472874725
F01349,F01350,6.2783861311083315
F01350,F01349,6.2783861311083315
CSF01415,F01415,4.242536532463164
F01415,CSF01415,4.242536532463164
CSF01415,F01416,4.242540450208647
F01416,CSF01415,4.242540450208647
CSF01415,F01417,14.218032987731398
F01417,CSF01415,14.218032987731398
CSF01415,F01418,6.272523181532706
F01418,CSF01415,6.272523181532706
CSF01415,F01419,16.184395323784813
F01419,CSF01415,16.184395323784813
CSF01415,F01420,21.60190566460387
F01420,CSF01415,21.60190566460387
F01415,F01416,8.485076982582196
F01416,F01415,8.485076982582196
F01415,F01417,17.31477255003682
F01417,F01415,17.31477255003682
F01415,F01418,2.4478643741501016
F01418,F01415,2.4478643741501016
F01415,F01419,20.394449079546217
F01419,F01415,20.394449079546217
F01415,F01420,25.059939356559205
F01420,F01415,25.059939356559205
F01416,F01417,11.853330880396667
F01417,F01416,11.853330880396667
F01416,F01418,10.42570470768393
F01418,F01416,10.42570470768393
F01416,F01419,11.997242379289023
F01419,F01416,11.997242379289023
F01416,F01420,18.4738147826037
F01420,F01416,18.4738147826037
F01417,F01418,17.885961658983
F01418,F01417,17.885961658983
F01417,F01419,10.735684327535589
F01419,F01417,10.735684327535589
F01417,F01420,8.007148983000025
F01420,F01417,8.007148983000025
F01418,F01419,22.088133834686655
F01419,F01418,22.088133834686655
F01418,F01420,25.809048836472993
F01420,F01418,25.809048836472993
F01419,F01420,11.250373352564452
F01420,F01419,11.250373352564452
F01421,F01422,9.143612835273588
F01422,F01421,9.143612835273588
F01421,F01423,27.718294702043796
F01423,F01421,27.718294702043796
F01421,F01424,25.617106225215817
F01424,F01421,25.617106225215817
F01422,F01423,28.544888471318764
F01423,F01422,28.544888471318764
F01422,F01424,22.758102478556054
F01424,F01422,22.758102478556054
F01423,F01424,11.312471097294145
F01424,F01423,11.312471097294145
007924,F03659,5.623336533643213
F03659,007924,5.623336533643213
F03676,F03677,3.66418166270991
F03677,F03676,3.66418166270991
F03820,F03821,8.42628883858977
F03821,F03820,8.42628883858977
F03818,F03819,12.41655907622357
F03819,F03818,12.41655907622357
F03674,F03675,25.814128503683346
F03675,F03674,25.814128503683346
F03662,F03873,23.00714982880492
F03873,F03662,23.00714982880492
F03663,F03664,16.991634284309256
F03664,F03663,16.991634284309256
008754,008949,14.30591121092306
008949,008754,14.30591121092306
008754,F03668,8.807109950397557
F03668,008754,8.807109950397557
008754,F03672,4.252237903781646
F03672,008754,4.252237903781646
008949,F03668,14.690835838455316
F03668,008949,14.690835838455316
008949,F03672,17.753153090845032
F03672,008949,17.753153090845032
F03668,F03672,7.978857405982091
F03672,F03668,7.978857405982091
008399,008950,12.719483109134032
008950,008399,12.719483109134032
008399,009234,10.966542887814668
009234,008399,10.966542887814668
008399,F03665,11.933082175336985
F03665,008399,11.933082175336985
008950,009234,22.45779163282734
009234,008950,22.45779163282734
008950,F03665,4.853297002617144
F03665,008950,4.853297002617144
009234,F03665,19.878762539240565
F03665,009234,19.878762539240565
F04566,F04567,6.091392072329027
F04567,F04566,6.091392072329027
F04562,F04563,15.17797613653594
F04563,F04562,15.17797613653594
F04560,F04561,4.733078481010734
F04561,F04560,4.733078481010734
F04556,F04557,3.313521364556908
F04557,F04556,3.313521364556908
F04558,F04559,12.077896979168797
F04559,F04558,12.077896979168797
008904,F03798,14.089849017533599
F03798,008904,14.089849017533599
022005,F03799,21.68724639664151
F03799,022005,21.68724639664151
F03865,F03866,1.6850855162782492
F03866,F03865,1.6850855162782492
F03863,F03864,2.5669138900931965
F03864,F03863,2.5669138900931965
F03846,F03847,11.011196449336738
F03847,F03846,11.011196449336738
F03848,F03849,16.230225358430832
F03849,F03848,16.230225358430832
F03848,F03850,10.928876007583344
F03850,F03848,10.928876007583344
F03849,F03850,11.288352319347577
F03850,F03849,11.288352319347577
F03647,F03648,8.458166744773417
F03648,F03647,8.458166744773417
F03649,F03650,14.085277625750983
F03650,F03649,14.085277625750983
F03649,F03651,17.307559666857106
F03651,F03649,17.307559666857106
F03649,F03652,19.134599670633712
F03652,F03649,19.134599670633712
F03650,F03651,3.2340029474851777
F03651,F03650,3.2340029474851777
F03650,F03652,18.165422330661418
F03652,F03650,18.165422330661418
F03651,F03652,19.698568955917594
F03652,F03651,19.698568955917594
F03653,F03654,13.653028390754853
F03654,F03653,13.653028390754853
F03859,F03860,11.645787631935127
F03860,F03859,11.645787631935127
F03859,F03861,23.20793797801509
F03861,F03859,23.20793797801509
F03859,F03862,25.292443266908293
F03862,F03859,25.292443266908293
F03860,F03861,12.418456173561315
F03861,F03860,12.418456173561315
F03860,F03862,16.125909754054927
F03862,F03860,16.125909754054927
F03861,F03862,5.925802734238404
F03862,F03861,5.925802734238404
F03645,F03646,8.186524032923163
F03646,F03645,8.186524032923163
F03687,F03688,14.48205011665036
F03688,F03687,14.48205011665036
F03641,F03642,5.279440074029711
F03642,F03641,5.279440074029711
F03643,F03644,17.730000083079666
F03644,F03643,17.730000083079666
009480,009551,20.44159280623541
009551,009480,20.44159280623541
F03620,F03621,6.680999487021802
F03621,F03620,6.680999487021802
007923,009478,14.468882910368214
009478,007923,14.468882910368214
007923,009479,11.591672173537237
009479,007923,11.591672173537237
009478,009479,3.3282638555342077
009479,009478,3.3282638555342077
F03633,F03634,7.2822397397255765
F03634,F03633,7.2822397397255765
F03685,F03686,7.4951246357180885
F03686,F03685,7.4951246357180885
F03635,F03636,6.424167114219261
F03636,F03635,6.424167114219261
F03637,F03638,12.37886680449176
F03638,F03637,12.37886680449176
F03892,F03893,10.465831030555176
F03893,F03892,10.465831030555176
F03892,F03894,6.688556086824617
F03894,F03892,6.688556086824617
F03893,F03894,10.408912951118165
F03894,F03893,10.408912951118165
F03890,F03891,10.597852412981775
F03891,F03890,10.597852412981775
086874,F03759,3.2324298387807233
F03759,086874,3.2324298387807233
086875,F03760,12.346390667312619
F03760,086875,12.346390667312619
F03722,F03723,9.132899497088175
F03723,F03722,9.132899497088175
086876,F03761,28.208349740801
F03761,086876,28.208349740801
086876,F03764,13.544056452015184
F03764,086876,13.544056452015184
F03761,F03764,23.350555860321133
F03764,F03761,23.350555860321133
F03762,F03763,12.055995567454426
F03763,F03762,12.055995567454426
F03765,F03766,13.149887374717816
F03766,F03765,13.149887374717816
F03871,F03872,25.305655181008174
F03872,F03871,25.305655181008174
F03625,F03626,3.062051579974259
F03626,F03625,3.062051579974259
056189,F03622,14.71906941913315
F03622,056189,14.71906941913315
056189,F03623,15.527217296811243
F03623,056189,15.527217296811243
056189,F03624,10.651480675888454
F03624,056189,10.651480675888454
F03622,F03623,25.047643648889544
F03623,F03622,25.047643648889544
F03622,F03624,21.707560428897143
F03624,F03622,21.707560428897143
F03623,F03624,5.001190686519586
F03624,F03623,5.001190686519586
008267,F03629,15.968669255631333
F03629,008267,15.968669255631333
008095,008096,7.229287267147104
008096,008095,7.229287267147104
008095,F03631,18.034147341707676
F03631,008095,18.034147341707676
008095,F03632,11.341685073990892
F03632,008095,11.341685073990892
008096,F03631,11.085887710647722
F03631,008096,11.085887710647722
008096,F03632,6.300706395716126
F03632,008096,6.300706395716126
F03631,F03632,8.063632009533483
F03632,F03631,8.063632009533483
008093,008094,17.180028655576855
008094,008093,17.180028655576855
008093,008471,15.068988743806175
008471,008093,15.068988743806175
008093,008472,9.44336155355473
008472,008093,9.44336155355473
008093,008921,11.496931671108577
008921,008093,11.496931671108577
008093,043154,16.518819657984753
043154,008093,16.518819657984753
008094,008471,8.943584596398846
008471,008094,8.943584596398846
008094,008472,13.070399121670423
008472,008094,13.070399121670423
008094,008921,9.277245695607453
008921,008094,9.277245695607453
008094,043154,16.570136021465203
043154,008094,16.570136021465203
008471,008472,6.696730782985244
008472,008471,6.696730782985244
008471,008921,3.580868635728922
008921,008471,3.580868635728922
008471,043154,7.646843115467397
043154,008471,7.646843115467397
008472,008921,3.946041177090891
008921,008472,3.946041177090891
008472,043154,7.403639457294152
043154,008472,7.403639457294152
008921,043154,8.463951959805764
043154,008921,8.463951959805764
F03679,F03680,12.204581067397045
F03680,F03679,12.204581067397045
F03681,F03682,13.325227919234852
F03682,F03681,13.325227919234852
098531,098532,6.857788614328862
098532,098531,6.857788614328862
047985,061378,4.62639305960203
061378,047985,4.62639305960203
098882,099012,3.175203419514297
099012,098882,3.175203419514297
044380,044381,3.474978256166016
044381,044380,3.474978256166016
044380,F04788,15.594622948075129
F04788,044380,15.594622948075129
044380,F04790,11.557090312574891
F04790,044380,11.557090312574891
044381,F04788,14.120729498953365
F04788,044381,14.120729498953365
044381,F04790,11.971917848338652
F04790,044381,11.971917848338652
F04788,F04790,7.916003999684698
F04790,F04788,7.916003999684698
044382,044383,8.576795712301562
044383,044382,8.576795712301562
044382,108563,25.464862796261766
108563,044382,25.464862796261766
044383,108563,17.55005614218801
108563,044383,17.55005614218801
F02268,F02269,5.533111379646009
F02269,F02268,5.533111379646009
F02272,F02273,2.295605831182529
F02273,F02272,2.295605831182529
F02270,F02271,8.543058540011213
F02271,F02270,8.543058540011213
F02318,F02319,6.50198564724744
F02319,F02318,6.50198564724744
F02318,F02440,5.303349523578174
F02440,F02318,5.303349523578174
F02318,F02441,6.1489080192120005
F02441,F02318,6.1489080192120005
F02319,F02440,9.960933192441809
F02440,F02319,9.960933192441809
F02319,F02441,6.899523291453607
F02441,F02319,6.899523291453607
F02440,F02441,4.781473274555246
F02441,F02440,4.781473274555246
F02316,F02317,12.23987121504001
F02317,F02316,12.23987121504001
F02316,F02442,6.664484663853968
F02442,F02316,6.664484663853968
F02316,F02458,11.971051265389882
F02458,F02316,11.971051265389882
F02316,F02459,7.303022927666005
F02459,F02316,7.303022927666005
F02317,F02442,7.661472788641764
F02442,F02317,7.661472788641764
F02317,F02458,3.519189104528072
F02458,F02317,3.519189104528072
F02317,F02459,6.327283696731962
F02459,F02317,6.327283696731962
F02442,F02458,9.28499604240459
F02458,F02442,9.28499604240459
F02442,F02459,6.793150550155671
F02459,F02442,6.793150550155671
F02458,F02459,4.825356838458275
F02459,F02458,4.825356838458275
F02314,F02315,5.775828841591584
F02315,F02314,5.775828841591584
F02443,F02444,13.067854735383499
F02444,F02443,13.067854735383499
F02445,F02446,12.047489575736686
F02446,F02445,12.047489575736686
F02449,F02450,5.801239945633747
F02450,F02449,5.801239945633747
F02447,F02448,11.96662136193243
F02448,F02447,11.96662136193243
008792,094273,27.204555899031366
094273,008792,27.204555899031366
008792,F02489,17.046407011522938
F02489,008792,17.046407011522938
008792,F02490,16.990605929306223
F02490,008792,16.990605929306223
094273,F02489,12.191742642546789
F02489,094273,12.191742642546789
094273,F02490,10.86112533443352
F02490,094273,10.86112533443352
F02489,F02490,2.4214399478052315
F02490,F02489,2.4214399478052315
F02455,F02456,11.26935449453802
F02456,F02455,11.26935449453802
F02453,F02454,1.8157741421091629
F02454,F02453,1.8157741421091629
F02451,F02452,3.9294677390382216
F02452,F02451,3.9294677390382216
F04684,F04685,8.541215704607193
F04685,F04684,8.541215704607193
F04682,F04683,17.143982120911094
F04683,F04682,17.143982120911094
F04733,F04734,7.547315500989364
F04734,F04733,7.547315500989364
F04708,F04709,4.162725343972255
F04709,F04708,4.162725343972255
009442,009443,17.139378093734923
009443,009442,17.139378093734923
047670,107799,9.6000780359777
107799,047670,9.6000780359777
009439,009440,12.557301644606898
009440,009439,12.557301644606898
F00115,F00116,7.390993019713015
F00116,F00115,7.390993019713015
F00183,F00184,10.0680964397762
F00184,F00183,10.0680964397762
F00177,F00178,2.7535258695478877
F00178,F00177,2.7535258695478877
F00175,F00176,7.8802500170139425
F00176,F00175,7.8802500170139425
F00181,F00182,3.376647276828087
F00182,F00181,3.376647276828087
F00179,F00180,4.920050096790567
F00180,F00179,4.920050096790567
F00376,F00377,8.187042017887142
F00377,F00376,8.187042017887142
F00378,F00379,11.292432920746045
F00379,F00378,11.292432920746045
F00388,F00389,11.955855652149475
F00389,F00388,11.955855652149475
F00380,F00381,9.788337938325183
F00381,F00380,9.788337938325183
F00380,F00390,22.41254161643022
F00390,F00380,22.41254161643022
F00380,F00391,25.85232822569405
F00391,F00380,25.85232822569405
F00381,F00390,27.73076592676912
F00390,F00381,27.73076592676912
F00381,F00391,27.869805575369437
F00391,F00381,27.869805575369437
F00390,F00391,9.613967332736424
F00391,F00390,9.613967332736424
F00394,F00395,5.340097923860695
F00395,F00394,5.340097923860695
F00392,F00393,11.306325997024096
F00393,F00392,11.306325997024096
F00404,F00405,14.477829157380746
F00405,F00404,14.477829157380746
F00400,F00401,8.124126371200216
F00401,F00400,8.124126371200216
F00402,F00403,13.90430129358492
F00403,F00402,13.90430129358492
F00360,F00361,3.656589724436388
F00361,F00360,3.656589724436388
F00406,F00407,8.830908422158597
F00407,F00406,8.830908422158597
F00339,F00340,4.186876245246506
F00340,F00339,4.186876245246506
007972,007973,2.8965985004140196
007973,007972,2.8965985004140196
007972,007974,9.805471870886674
007974,007972,9.805471870886674
007972,007975,5.893943344630419
007975,007972,5.893943344630419
007972,007976,9.07570067580144
007976,007972,9.07570067580144
007972,007977,4.315279923522324
007977,007972,4.315279923522324
007972,007978,6.841357970056414
007978,007972,6.841357970056414
007973,007974,6.911938050433564
007974,007973,6.911938050433564
007973,007975,8.789616110263166
007975,007973,8.789616110263166
007973,007976,11.781917541997183
007976,007973,11.781917541997183
007973,007977,5.834675230984669
007977,007973,5.834675230984669
007973,007978,5.168745168735593
007978,007973,5.168745168735593
007974,007975,15.690526738860253
007975,007974,15.690526738860253
007974,007976,18.392394080020324
007976,007974,18.392394080020324
007974,007977,11.636944935161157
007977,007974,11.636944935161157
007974,007978,6.558663638634189
007978,007974,6.558663638634189
007975,007976,4.246427731880894
007976,007975,4.246427731880894
007975,007977,6.12800742092229
007977,007975,6.12800742092229
007975,007978,11.735895099559714
007978,007975,11.735895099559714
007976,007977,7.096151008359327
007977,007976,7.096151008359327
007976,007978,13.254636913057233
007978,007976,13.254636913057233
007977,007978,6.160579123470134
007978,007977,6.160579123470134
F00356,F00357,6.8747050294205305
F00357,F00356,6.8747050294205305
F00358,F00359,11.80852252400682
F00359,F00358,11.80852252400682
F00370,F00371,2.081818755267238
F00371,F00370,2.081818755267238
F00366,F00367,6.712164194321098
F00367,F00366,6.712164194321098
F00368,F00369,4.663446960004263
F00369,F00368,4.663446960004263
F00353,F00354,5.129176858734986
F00354,F00353,5.129176858734986
F00374,F00375,3.598471054288683
F00375,F00374,3.598471054288683
F00362,F00363,2.888890440665899
F00363,F00362,2.888890440665899
F00364,F00365,7.208745155060775
F00365,F00364,7.208745155060775
F00351,F00352,9.43127877875475
F00352,F00351,9.43127877875475
F04821,F04822,11.510110652731317
F04822,F04821,11.510110652731317
F04781,F04782,7.684979411278096
F04782,F04781,7.684979411278096
F04777,F04778,4.832020707926132
F04778,F04777,4.832020707926132
F04779,F04780,8.89579775470734
F04780,F04779,8.89579775470734
F04823,F04824,11.539523127067406
F04824,F04823,11.539523127067406
F04696,F04697,4.398828098494656
F04697,F04696,4.398828098494656
F00117,F00118,22.634464001840428
F00118,F00117,22.634464001840428
072046,072047,4.389381710153509
072047,072046,4.389381710153509
F00396,F00397,2.942557232800524
F00397,F00396,2.942557232800524
F00398,F00399,10.624319838706882
F00399,F00398,10.624319838706882
F00382,F00383,10.895548327122688
F00383,F00382,10.895548327122688
044375,F00387,2.192063913107363
F00387,044375,2.192063913107363
F00384,F00385,3.947141739167757
F00385,F00384,3.947141739167757
F04827,F04828,6.1564524238969724
F04828,F04827,6.1564524238969724
F04783,F04784,7.612884219244356
F04784,F04783,7.612884219244356
F04785,F04825,27.472098421640332
F04825,F04785,27.472098421640332
044511,F04703,8.301120599109918
F04703,044511,8.301120599109918
F04706,F04707,3.0076741694896763
F04707,F04706,3.0076741694896763
F04704,F04705,16.159052986662218
F04705,F04704,16.159052986662218
F04799,F04800,7.209260952568807
F04800,F04799,7.209260952568807
F04831,F04832,20.141933334578187
F04832,F04831,20.141933334578187
044602,044603,10.65090503368227
044603,044602,10.65090503368227
F04698,F04699,22.414934358075723
F04699,F04698,22.414934358075723
F04797,F04798,7.952971299062052
F04798,F04797,7.952971299062052
F04700,F04701,10.756315029592532
F04701,F04700,10.756315029592532
F04700,F04702,18.122327931935914
F04702,F04700,18.122327931935914
F04701,F04702,23.0976791529357
F04702,F04701,23.0976791529357
009170,009171,3.3330845550925696
009171,009170,3.3330845550925696
008434,008435,32.71874925041308
008435,008434,32.71874925041308
008434,CSF04690,35.902494109883826
CSF04690,008434,35.902494109883826
008434,F04690,29.118651531779136
F04690,008434,29.118651531779136
008434,F04691,42.737421361187515
F04691,008434,42.737421361187515
008435,CSF04690,15.500665874128869
CSF04690,008435,15.500665874128869
008435,F04690,15.458350856770245
F04690,008435,15.458350856770245
008435,F04691,18.384378395190197
F04691,008435,18.384378395190197
CSF04690,F04690,6.942731454396941
F04690,CSF04690,6.942731454396941
CSF04690,F04691,6.94274603759322
F04691,CSF04690,6.94274603759322
F04690,F04691,13.885477491858799
F04691,F04690,13.885477491858799
CSF04688,F04688,8.685417279341507
F04688,CSF04688,8.685417279341507
CSF04688,F04689,8.68543890597586
F04689,CSF04688,8.68543890597586
F04688,F04689,17.370856185184003
F04689,F04688,17.370856185184003
008438,008439,7.943029919475421
008439,008438,7.943029919475421
008436,008437,26.841863144857122
008437,008436,26.841863144857122
008432,008433,31.206992484645337
008433,008432,31.206992484645337
008432,CSF04793,7.821642971110831
CSF04793,008432,7.821642971110831
008432,F04793,18.932910933248653
F04793,008432,18.932910933248653
008432,F04794,3.6857622847580402
F04794,008432,3.6857622847580402
008433,CSF04793,38.92944852362076
CSF04793,008433,38.92944852362076
008433,F04793,50.10068282781818
F04793,008433,50.10068282781818
008433,F04794,27.75984396515104
F04794,008433,27.75984396515104
CSF04793,F04793,11.173262860649452
F04793,CSF04793,11.173262860649452
CSF04793,F04794,11.173267471807794
F04794,CSF04793,11.173267471807794
F04793,F04794,22.346530332242622
F04794,F04793,22.346530332242622
008430,008431,34.26050954349607
008431,008430,34.26050954349607
008430,CSF04693,32.61346687334474
CSF04693,008430,32.61346687334474
008430,F04692,31.280982786051826
F04692,008430,31.280982786051826
008430,F04693,34.138649716366935
F04693,008430,34.138649716366935
008431,CSF04693,16.072722370735825
CSF04693,008431,16.072722370735825
008431,F04692,18.573662421265375
F04692,008431,18.573662421265375
008431,F04693,13.775941303845688
F04693,008431,13.775941303845688
CSF04693,F04692,3.0127076805351978
F04692,CSF04693,3.0127076805351978
CSF04693,F04693,2.9991864181398267
F04693,CSF04693,2.9991864181398267
F04692,F04693,6.011869794695383
F04693,F04692,6.011869794695383
CSF04695,F04694,1.5284104907190785
F04694,CSF04695,1.5284104907190785
CSF04695,F04695,1.5381736027220025
F04695,CSF04695,1.5381736027220025
F04694,F04695,3.0665221316837314
F04695,F04694,3.0665221316837314
008428,008429,8.050747075822622
008429,008428,8.050747075822622
F00438,F00439,4.238099637386955
F00439,F00438,4.238099637386955
F00449,F00450,6.390576500822926
F00450,F00449,6.390576500822926
F00445,F00446,5.6886269236502205
F00446,F00445,5.6886269236502205
F00447,F00448,11.958881023482515
F00448,F00447,11.958881023482515
F00447,F00452,27.522684476904708
F00452,F00447,27.522684476904708
F00447,F00453,23.410071942559927
F00453,F00447,23.410071942559927
F00448,F00452,15.80738081126762
F00452,F00448,15.80738081126762
F00448,F00453,14.376619855894818
F00453,F00448,14.376619855894818
F00452,F00453,10.272774189479888
F00453,F00452,10.272774189479888
009630,009633,0.9058404415529285
009633,009630,0.9058404415529285
009630,CS009630,0.44706780352032655
CS009630,009630,0.44706780352032655
009633,CS009630,0.45907529965327265
CS009630,009633,0.45907529965327265
F00462,F00463,1.9611839515003684
F00463,F00462,1.9611839515003684
F00645,F00646,16.871343732676717
F00646,F00645,16.871343732676717
F00638,F00639,6.088679955290415
F00639,F00638,6.088679955290415
F00641,F00642,9.98640504583873
F00642,F00641,9.98640504583873
F00641,F00644,4.920368398276238
F00644,F00641,4.920368398276238
F00642,F00644,7.721442566637209
F00644,F00642,7.721442566637209
008406,008407,7.302397205681738
008407,008406,7.302397205681738
056165,056166,1.6668385532140813
056166,056165,1.6668385532140813
008408,008409,2.000800823587992
008409,008408,2.000800823587992
009563,009564,8.193128315058653
009564,009563,8.193128315058653
009563,056162,9.118514122381617
056162,009563,9.118514122381617
009563,056163,8.605832956352486
056163,009563,8.605832956352486
009564,056162,7.9377663599572985
056162,009564,7.9377663599572985
009564,056163,5.951587291965145
056163,009564,5.951587291965145
056162,056163,2.048837881737132
056163,056162,2.048837881737132
F00530,F00531,9.922965493583336
F00531,F00530,9.922965493583336
100837,100838,2.0846079676453675
100838,100837,2.0846079676453675
056172,056188,1.4927859901584515
056188,056172,1.4927859901584515
100835,100836,1.8459151214116178
100836,100835,1.8459151214116178
056173,056174,1.5803198059813799
056174,056173,1.5803198059813799
056173,056175,17.837502587789576
056175,056173,17.837502587789576
056173,056176,17.686110870465363
056176,056173,17.686110870465363
056173,CS056176,17.763270913011166
CS056176,056173,17.763270913011166
056174,056175,18.006869235547104
056175,056174,18.006869235547104
056174,056176,17.927872138651253
056176,056174,17.927872138651253
056174,CS056176,17.96953523241929
CS056176,056174,17.96953523241929
056175,056176,0.8333923889799933
056176,056175,0.8333923889799933
056175,CS056176,0.4244650188817506
CS056176,056175,0.4244650188817506
056176,CS056176,0.409070302792419
CS056176,056176,0.409070302792419
056170,056187,1.492743523686579
056187,056170,1.492743523686579
056168,056169,2.289543950060685
056169,056168,2.289543950060685
008410,008411,3.1035683553239553
008411,008410,3.1035683553239553
076396,076397,12.157679620593235
076397,076396,12.157679620593235
076394,076395,21.185993150609033
076395,076394,21.185993150609033
F00630,F00631,21.76760979542474
F00631,F00630,21.76760979542474
076398,076399,9.970400168513484
076399,076398,9.970400168513484
F00617,F00618,24.012068616233908
F00618,F00617,24.012068616233908
F00532,F00533,7.544775497120105
F00533,F00532,7.544775497120105
F00433,F00434,2.432180337350223
F00434,F00433,2.432180337350223
F04817,F04818,19.146718353514675
F04818,F04817,19.146718353514675
009065,009066,13.11659563388915
009066,009065,13.11659563388915
F04774,F04775,5.720418928473501
F04775,F04774,5.720418928473501
F04819,F04820,20.672478234811592
F04820,F04819,20.672478234811592
F00906,F00907,7.981841033671465
F00907,F00906,7.981841033671465
003103,008910,9.966359695312383
008910,003103,9.966359695312383
003103,009536,2.650214768438654
009536,003103,2.650214768438654
003103,F00722,6.94613042354159
F00722,003103,6.94613042354159
003103,F00899,4.805360510613636
F00899,003103,4.805360510613636
008910,009536,8.194824251861894
009536,008910,8.194824251861894
008910,F00722,4.247240917372556
F00722,008910,4.247240917372556
008910,F00899,7.889458054477021
F00899,008910,7.889458054477021
009536,F00722,4.582413034699534
F00722,009536,4.582413034699534
009536,F00899,5.614861436871782
F00899,009536,5.614861436871782
F00722,F00899,7.10205221023783
F00899,F00722,7.10205221023783
008911,F00856,18.79655119901036
F00856,008911,18.79655119901036
063399,F03005,13.298056055446903
F03005,063399,13.298056055446903
F03003,F03004,22.585544904866314
F03004,F03003,22.585544904866314
F02999,F03001,23.11480134158746
F03001,F02999,23.11480134158746
F02997,F02998,25.761824030167134
F02998,F02997,25.761824030167134
F02995,F02996,6.362981072341539
F02996,F02995,6.362981072341539
F00723,F00724,2.3676778963761875
F00724,F00723,2.3676778963761875
F00723,F00725,8.063232212170263
F00725,F00723,8.063232212170263
F00724,F00725,6.583477557863667
F00725,F00724,6.583477557863667
F00908,F00909,23.588647294409686
F00909,F00908,23.588647294409686
F00726,F00727,14.524756519806482
F00727,F00726,14.524756519806482
F00728,F00729,19.68289975061646
F00729,F00728,19.68289975061646
F00900,F00901,16.874795369097043
F00901,F00900,16.874795369097043
F00824,F00825,10.606652084656806
F00825,F00824,10.606652084656806
F00824,F00826,15.489564025772417
F00826,F00824,15.489564025772417
F00824,F00827,6.463141842756723
F00827,F00824,6.463141842756723
F00825,F00826,5.204738674538834
F00826,F00825,5.204738674538834
F00825,F00827,5.450429658259357
F00827,F00825,5.450429658259357
F00826,F00827,9.479176599769813
F00827,F00826,9.479176599769813
F00902,F00903,19.62394786263092
F00903,F00902,19.62394786263092
F00902,F00904,21.28297727575743
F00904,F00902,21.28297727575743
F00902,F00905,11.721375735808895
F00905,F00902,11.721375735808895
F00903,F00904,2.9757072441824906
F00904,F00903,2.9757072441824906
F00903,F00905,8.19487108864551
F00905,F00903,8.19487108864551
F00904,F00905,9.568025939953163
F00905,F00904,9.568025939953163
009421,009422,20.597534642185963
009422,009421,20.597534642185963
008649,008650,10.723198993986085
008650,008649,10.723198993986085
008708,F00916,3.048435238691019
F00916,008708,3.048435238691019
008644,008645,18.50803357867642
008645,008644,18.50803357867642
008283,008284,22.577892795414215
008284,008283,22.577892795414215
009047,F00720,16.66772640276832
F00720,009047,16.66772640276832
009047,F00721,19.579328676884902
F00721,009047,19.579328676884902
F00720,F00721,3.956842534175844
F00721,F00720,3.956842534175844
008841,008842,20.29670719308941
008842,008841,20.29670719308941
008841,044135,15.225021140027344
044135,008841,15.225021140027344
008842,044135,12.280857295119533
044135,008842,12.280857295119533
008243,049185,12.63681361142672
049185,008243,12.63681361142672
008243,F03009,13.202580217769913
F03009,008243,13.202580217769913
049185,F03009,14.607910350923712
F03009,049185,14.607910350923712
009659,106388,2.2336027308001674
106388,009659,2.2336027308001674
F03175,F03176,4.813533704777619
F03176,F03175,4.813533704777619
F03170,F03171,9.030441940101312
F03171,F03170,9.030441940101312
009503,009504,5.789671349280684
009504,009503,5.789671349280684
F03017,F03018,12.525574257048847
F03018,F03017,12.525574257048847
106324,106325,2.160053906559481
106325,106324,2.160053906559481
F03015,F03016,6.620576259722231
F03016,F03015,6.620576259722231
F03013,F03014,1.8012966193468374
F03014,F03013,1.8012966193468374
F03061,F03062,9.960309865834555
F03062,F03061,9.960309865834555
F03061,F03063,5.571433731883093
F03063,F03061,5.571433731883093
F03062,F03063,15.417076049305908
F03063,F03062,15.417076049305908
043342,F03058,28.68157034435824
F03058,043342,28.68157034435824
043342,F03059,20.86775710597267
F03059,043342,20.86775710597267
043342,F03060,4.135760512273879
F03060,043342,4.135760512273879
F03058,F03059,11.322209003157738
F03059,F03058,11.322209003157738
F03058,F03060,24.812347553283114
F03060,F03058,24.812347553283114
F03059,F03060,16.732006096537926
F03060,F03059,16.732006096537926
F03034,F03037,19.556315352876094
F03037,F03034,19.556315352876094
048519,F03026,11.807727204940353
F03026,048519,11.807727204940353
F03029,F03030,6.092063923670666
F03030,F03029,6.092063923670666
041207,F03027,4.985319027490409
F03027,041207,4.985319027490409
041207,F03028,8.874760096108899
F03028,041207,8.874760096108899
041207,F03033,22.895319902898045
F03033,041207,22.895319902898045
F03027,F03028,13.837187018980835
F03028,F03027,13.837187018980835
F03027,F03033,21.23181058099611
F03033,F03027,21.23181058099611
F03028,F03033,27.07009838974971
F03033,F03028,27.07009838974971
F03019,F03020,5.966098120482277
F03020,F03019,5.966098120482277
F03019,F03021,19.919841590580337
F03021,F03019,19.919841590580337
F03019,F03022,14.8952317932936
F03022,F03019,14.8952317932936
F03020,F03021,19.025249461118808
F03021,F03020,19.025249461118808
F03020,F03022,11.16879888894325
F03022,F03020,11.16879888894325
F03021,F03022,10.506555467894248
F03022,F03021,10.506555467894248
F03023,F03024,29.240882943159956
F03024,F03023,29.240882943159956
F03038,F03039,11.064509943242044
F03039,F03038,11.064509943242044
F03038,F03040,6.712441364885573
F03040,F03038,6.712441364885573
F03039,F03040,7.810148121307165
F03040,F03039,7.810148121307165
F03045,F03046,8.825056831977447
F03046,F03045,8.825056831977447
F03056,F03057,21.787180734431153
F03057,F03056,21.787180734431153
F03053,F03054,5.300957985397756
F03054,F03053,5.300957985397756
F03053,F03055,21.868604803778727
F03055,F03053,21.868604803778727
F03054,F03055,17.336768872329394
F03055,F03054,17.336768872329394
F03049,F03050,9.72806490240187
F03050,F03049,9.72806490240187
008426,F00742,6.4261373702033024
F00742,008426,6.4261373702033024
008426,F00746,7.760169623719633
F00746,008426,7.760169623719633
008426,F00859,8.29787012710409
F00859,008426,8.29787012710409
F00742,F00746,13.41969857765342
F00746,F00742,13.41969857765342
F00742,F00859,5.108722764196152
F00859,F00742,5.108722764196152
F00746,F00859,12.657545128652918
F00859,F00746,12.657545128652918
F00741,F00743,3.689930087600687
F00743,F00741,3.689930087600687
F00741,F00744,6.095341743877929
F00744,F00741,6.095341743877929
F00741,F00745,8.39521731628056
F00745,F00741,8.39521731628056
F00743,F00744,8.8254028243136
F00744,F00743,8.8254028243136
F00743,F00745,8.323974120089348
F00745,F00743,8.323974120089348
F00744,F00745,14.200905663449648
F00745,F00744,14.200905663449648
F00734,F00735,7.648954188306754
F00735,F00734,7.648954188306754
F00734,F00736,16.673180240244594
F00736,F00734,16.673180240244594
F00734,F00737,21.209877526128817
F00737,F00734,21.209877526128817
F00735,F00736,9.834200038077611
F00736,F00735,9.834200038077611
F00735,F00737,15.06728570606403
F00737,F00735,15.06728570606403
F00736,F00737,5.5871451990980345
F00737,F00736,5.5871451990980345
F00730,F00731,3.8589091791438297
F00731,F00730,3.8589091791438297
F00871,F00872,24.69261614821692
F00872,F00871,24.69261614821692
F00748,F00749,4.921887370238891
F00749,F00748,4.921887370238891
F00748,F00750,18.852491071859195
F00750,F00748,18.852491071859195
F00749,F00750,13.974949184115248
F00750,F00749,13.974949184115248
F00732,F00733,4.6680573391236315
F00733,F00732,4.6680573391236315
F00739,F00740,5.275197585942389
F00740,F00739,5.275197585942389
F00757,F00758,4.115862613038578
F00758,F00757,4.115862613038578
F00757,F00759,11.303096337629793
F00759,F00757,11.303096337629793
F00758,F00759,11.86141014743379
F00759,F00758,11.86141014743379
F00751,F00760,20.00362013146736
F00760,F00751,20.00362013146736
F00751,F00761,12.558492410204215
F00761,F00751,12.558492410204215
F00751,F00762,17.93791449181349
F00762,F00751,17.93791449181349
F00760,F00761,7.690226886658801
F00761,F00760,7.690226886658801
F00760,F00762,12.525259121221298
F00762,F00760,12.525259121221298
F00761,F00762,9.678772927274792
F00762,F00761,9.678772927274792
F00773,F00774,6.013953230028427
F00774,F00773,6.013953230028427
F00773,F00775,8.193238088035482
F00775,F00773,8.193238088035482
F00774,F00775,11.922172183694732
F00775,F00774,11.922172183694732
F00779,F00780,20.67478760290334
F00780,F00779,20.67478760290334
F00779,F00781,24.530648388594464
F00781,F00779,24.530648388594464
F00780,F00781,13.825534557580218
F00781,F00780,13.825534557580218
009557,F00772,3.1406526667423535
F00772,009557,3.1406526667423535
F00776,F00777,12.00548274790301
F00777,F00776,12.00548274790301
F00776,F00778,14.150511484383655
F00778,F00776,14.150511484383655
F00777,F00778,9.43717102014297
F00778,F00777,9.43717102014297
009515,009516,4.529329080337016
009516,009515,4.529329080337016
009515,F00845,5.128098955407752
F00845,009515,5.128098955407752
009515,F00846,11.961171037867073
F00846,009515,11.961171037867073
009516,F00845,2.4737844339786776
F00845,009516,2.4737844339786776
009516,F00846,7.878438278024972
F00846,009516,7.878438278024972
F00845,F00846,9.453748307516385
F00846,F00845,9.453748307516385
F03051,F03052,6.759403819717637
F03052,F03051,6.759403819717637
F00841,F00842,9.48498542539982
F00842,F00841,9.48498542539982
F00843,F00844,2.0488132039512323
F00844,F00843,2.0488132039512323
F00843,F00847,13.445419450898617
F00847,F00843,13.445419450898617
F00844,F00847,14.728635883754466
F00847,F00844,14.728635883754466
F00837,F00838,5.001789483423377
F00838,F00837,5.001789483423377
F00837,F00840,16.673389236157607
F00840,F00837,16.673389236157607
F00838,F00840,12.803119754315068
F00840,F00838,12.803119754315068
F00853,F00880,27.672070264270722
F00880,F00853,27.672070264270722
F00853,F00881,21.895595677627863
F00881,F00853,21.895595677627863
F00880,F00881,6.712088047491554
F00881,F00880,6.712088047491554
F00873,F00874,12.707232622105796
F00874,F00873,12.707232622105796
009154,009155,9.544317975655803
009155,009154,9.544317975655803
009154,011316,7.624036074892849
011316,009154,7.624036074892849
009154,011317,12.392982791634436
011317,009154,12.392982791634436
009155,011316,7.020987275408893
011316,009155,7.020987275408893
009155,011317,3.3421207904870767
011317,009155,3.3421207904870767
011316,011317,7.850484020913404
011317,011316,7.850484020913404
008289,009555,21.2705468157669
009555,008289,21.2705468157669
008289,F00764,21.924538947891477
F00764,008289,21.924538947891477
009555,F00764,3.194242920592099
F00764,009555,3.194242920592099
F02633,F02634,7.773149879533758
F02634,F02633,7.773149879533758
F02627,F02628,7.633979450729293
F02628,F02627,7.633979450729293
F02629,F02631,18.639058646542306
F02631,F02629,18.639058646542306
F02629,F02632,14.963626208591537
F02632,F02629,14.963626208591537
F02631,F02632,11.124136407202334
F02632,F02631,11.124136407202334
F02667,F02668,6.2576842030050726
F02668,F02667,6.2576842030050726
F02667,F02669,11.014016693986386
F02669,F02667,11.014016693986386
F02667,F02670,7.366191464198398
F02670,F02667,7.366191464198398
F02668,F02669,5.696478540692644
F02669,F02668,5.696478540692644
F02668,F02670,12.979949851413759
F02670,F02668,12.979949851413759
F02669,F02670,18.253676955610814
F02670,F02669,18.253676955610814
F02591,F02592,5.612488217374
F02592,F02591,5.612488217374
F02591,F02593,10.115729041688578
F02593,F02591,10.115729041688578
F02591,F02594,17.418234290559358
F02594,F02591,17.418234290559358
F02591,F02596,17.470367985481335
F02596,F02591,17.470367985481335
F02591,F02597,22.96623469747663
F02597,F02591,22.96623469747663
F02591,F02598,3.0765949209847734
F02598,F02591,3.0765949209847734
F02592,F02593,15.444267348585639
F02593,F02592,15.444267348585639
F02592,F02594,22.38151253275168
F02594,F02592,22.38151253275168
F02592,F02596,23.062083721124473
F02596,F02592,23.062083721124473
F02592,F02597,27.646946097476054
F02597,F02592,27.646946097476054
F02592,F02598,6.841876448430722
F02598,F02592,6.841876448430722
F02593,F02594,14.206362181240223
F02594,F02593,14.206362181240223
F02593,F02596,9.835987190046454
F02596,F02593,9.835987190046454
F02593,F02597,19.92735242422422
F02597,F02593,19.92735242422422
F02593,F02598,11.217130043205485
F02598,F02593,11.217130043205485
F02594,F02596,7.909693080009588
F02596,F02594,7.909693080009588
F02594,F02597,5.848423335263861
F02597,F02594,5.848423335263861
F02594,F02598,15.54589476389415
F02598,F02594,15.54589476389415
F02596,F02597,12.186952496943713
F02597,F02596,12.186952496943713
F02596,F02598,16.914756316500068
F02598,F02596,16.914756316500068
F02597,F02598,20.82529286352106
F02598,F02597,20.82529286352106
F02645,F02646,13.295492047351777
F02646,F02645,13.295492047351777
F02645,F02647,22.260640211994026
F02647,F02645,22.260640211994026
F02645,F02648,25.818950908032264
F02648,F02645,25.818950908032264
F02646,F02647,11.645642561281068
F02647,F02646,11.645642561281068
F02646,F02648,14.627577846993963
F02648,F02646,14.627577846993963
F02647,F02648,3.6070453366620465
F02648,F02647,3.6070453366620465
F02585,F02586,6.02501783790238
F02586,F02585,6.02501783790238
F02585,F02587,9.13377926459614
F02587,F02585,9.13377926459614
F02585,F02589,16.363644345131394
F02589,F02585,16.363644345131394
F02585,F02590,18.02819137074527
F02590,F02585,18.02819137074527
F02586,F02587,15.0711541090786
F02587,F02586,15.0711541090786
F02586,F02589,21.986283263639613
F02589,F02586,21.986283263639613
F02586,F02590,22.42465157533636
F02590,F02586,22.42465157533636
F02587,F02589,10.629790922820128
F02589,F02587,10.629790922820128
F02587,F02590,15.921948565303818
F02590,F02587,15.921948565303818
F02589,F02590,7.552966659051851
F02590,F02589,7.552966659051851
F02673,F02674,10.470311715069972
F02674,F02673,10.470311715069972
F02673,F02675,1.1927560971286955
F02675,F02673,1.1927560971286955
F02674,F02675,11.59986750009797
F02675,F02674,11.59986750009797
F02635,F02636,3.9175010272034254
F02636,F02635,3.9175010272034254
F02671,F02672,9.417717912132249
F02672,F02671,9.417717912132249
CSL008159,F02677,36.68870127324206
F02677,CSL008159,36.68870127324206
CSL008159,F02678,1.6939362982036144
F02678,CSL008159,1.6939362982036144
CSL008159,F02679,15.630035670034172
F02679,CSL008159,15.630035670034172
CSL008159,F02682,4.91941096634204
F02682,CSL008159,4.91941096634204
CSL008159,F02683,27.773793030886523
F02683,CSL008159,27.773793030886523
CSL008159,L008159,0.0
L008159,CSL008159,0.0
F02677,F02678,38.145202722659555
F02678,F02677,38.145202722659555
F02677,F02679,49.86817643594526
F02679,F02677,49.86817643594526
F02677,F02682,31.81672761850972
F02682,F02677,31.81672761850972
F02677,F02683,20.18574369656083
F02683,F02677,20.18574369656083
F02677,L008159,36.68870127324206
L008159,F02677,36.68870127324206
F02678,F02679,13.95114035041312
F02679,F02678,13.95114035041312
F02678,F02682,6.503871570431975
F02682,F02678,6.503871570431975
F02678,F02683,29.467116220369423
F02683,F02678,29.467116220369423
F02678,L008159,1.6939362982036144
L008159,F02678,1.6939362982036144
F02679,F02682,20.001796597523576
F02682,F02679,20.001796597523576
F02679,F02683,43.35558153452086
F02683,F02679,43.35558153452086
F02679,L008159,15.630035670034172
L008159,F02679,15.630035670034172
F02682,F02683,23.431571874670208
F02683,F02682,23.431571874670208
F02682,L008159,4.91941096634204
L008159,F02682,4.91941096634204
F02683,L008159,27.773793030886523
L008159,F02683,27.773793030886523
062757,F02571,16.962505491450507
F02571,062757,16.962505491450507
062756,062861,6.262023845973026
062861,062756,6.262023845973026
049180,F02565,19.76126365680914
F02565,049180,19.76126365680914
008080,008900,63.59342719967379
008900,008080,63.59342719967379
008080,066828,48.55991430333865
066828,008080,48.55991430333865
008080,CSLM3AHG,44.35266451685038
CSLM3AHG,008080,44.35266451685038
008080,F02578,52.21394102297889
F02578,008080,52.21394102297889
008080,F02579,45.75092522891547
F02579,008080,45.75092522891547
008080,F02580,48.58523885574861
F02580,008080,48.58523885574861
008080,F02581,54.53543904268871
F02581,008080,54.53543904268871
008080,F02582,60.73067623105879
F02582,008080,60.73067623105879
008080,F02599,67.66234278784748
F02599,008080,67.66234278784748
008080,F02600,43.495056073051266
F02600,008080,43.495056073051266
008080,F02601,23.060236333876883
F02601,008080,23.060236333876883
008080,F02602,38.98597450933538
F02602,008080,38.98597450933538
008080,F02603,8.872345140310495
F02603,008080,8.872345140310495
008080,F02604,23.209490976501883
F02604,008080,23.209490976501883
008080,F02605,27.065997248055375
F02605,008080,27.065997248055375
008080,F02637,31.89559352234747
F02637,008080,31.89559352234747
008080,F02638,56.45451683162142
F02638,008080,56.45451683162142
008080,LM3AH1,46.44823215371859
LM3AH1,008080,46.44823215371859
008080,LM3AH2,41.07340601555589
LM3AH2,008080,41.07340601555589
008080,LM3AHA,32.27691056028677
LM3AHA,008080,32.27691056028677
008080,LM3AHB,44.215692653118076
LM3AHB,008080,44.215692653118076
008080,LM3AHC,52.19152486578701
LM3AHC,008080,52.19152486578701
008080,LM3AHD,57.839881350894196
LM3AHD,008080,57.839881350894196
008080,LM3AHE,54.52329223759757
LM3AHE,008080,54.52329223759757
008080,LM3AHF,42.31424458373567
LM3AHF,008080,42.31424458373567
008080,LM3AHG,33.881894197619324
LM3AHG,008080,33.881894197619324
008900,066828,20.2586467860565
066828,008900,20.2586467860565
008900,CSLM3AHG,19.55651236779254
CSLM3AHG,008900,19.55651236779254
008900,F02578,18.20556195808566
F02578,008900,18.20556195808566
008900,F02579,21.953786028881407
F02579,008900,21.953786028881407
008900,F02580,22.91724582010242
F02580,008900,22.91724582010242
008900,F02581,27.345916627844996
F02581,008900,27.345916627844996
008900,F02582,32.02224546116941
F02582,008900,32.02224546116941
008900,F02599,29.873879745486207
F02599,008900,29.873879745486207
008900,F02600,23.333361777733472
F02600,008900,23.333361777733472
008900,F02601,41.673365545275196
F02601,008900,41.673365545275196
008900,F02602,40.1968922346976
F02602,008900,40.1968922346976
008900,F02603,54.76401292920938
F02603,008900,54.76401292920938
008900,F02604,40.70170561818146
F02604,008900,40.70170561818146
008900,F02605,36.94912635327713
F02605,008900,36.94912635327713
008900,F02637,31.752996023830356
F02637,008900,31.752996023830356
008900,F02638,7.432074650365838
F02638,008900,7.432074650365838
008900,LM3AH1,19.19666149608572
LM3AH1,008900,19.19666149608572
008900,LM3AH2,22.52886741501963
LM3AH2,008900,22.52886741501963
008900,LM3AHA,32.01057702834429
LM3AHA,008900,32.01057702834429
008900,LM3AHB,24.364067646613037
LM3AHB,008900,24.364067646613037
008900,LM3AHC,17.34532082606219
LM3AHC,008900,17.34532082606219
008900,LM3AHD,11.408556265050809
LM3AHD,008900,11.408556265050809
008900,LM3AHE,10.139217880040183
LM3AHE,008900,10.139217880040183
008900,LM3AHF,24.07101441895411
LM3AHF,008900,24.07101441895411
008900,LM3AHG,30.93325362369904
LM3AHG,008900,30.93325362369904
066828,CSLM3AHG,14.973377317661166
CSLM3AHG,066828,14.973377317661166
066828,F02578,24.806542526998125
F02578,066828,24.806542526998125
066828,F02579,22.70500545466248
F02579,066828,22.70500545466248
066828,F02580,26.745469845064946
F02580,066828,26.745469845064946
066828,F02581,35.159505034569136
F02581,066828,35.159505034569136
066828,F02582,42.277354489283994
F02582,066828,42.277354489283994
066828,F02599,43.709424121227265
F02599,066828,43.709424121227265
066828,F02600,5.140517127673158
F02600,066828,5.140517127673158
066828,F02601,25.5012690987321
F02601,066828,25.5012690987321
066828,F02602,19.939141392667967
F02602,066828,19.939141392667967
066828,F02603,40.291038690185395
F02603,066828,40.291038690185395
066828,F02604,28.303882672892005
F02604,066828,28.303882672892005
066828,F02605,25.47103401330702
F02605,066828,25.47103401330702
066828,F02637,20.099374710126135
F02637,066828,20.099374710126135
066828,F02638,16.584853137511146
F02638,066828,16.584853137511146
066828,LM3AH1,19.17415891627008
LM3AH1,066828,19.17415891627008
066828,LM3AH2,13.68928497279362
LM3AH2,066828,13.68928497279362
066828,LM3AHA,22.410899561041422
LM3AHA,066828,22.410899561041422
066828,LM3AHB,24.41126547636908
LM3AHB,066828,24.41126547636908
066828,LM3AHC,23.837608503578483
LM3AHC,066828,23.837608503578483
066828,LM3AHD,23.373306169403094
LM3AHD,066828,23.373306169403094
066828,LM3AHE,10.493507430345387
LM3AHE,066828,10.493507430345387
066828,LM3AHF,6.370084578584916
LM3AHF,066828,6.370084578584916
066828,LM3AHG,14.873594091280719
LM3AHG,066828,14.873594091280719
CSLM3AHG,F02578,11.736169250593708
F02578,CSLM3AHG,11.736169250593708
CSLM3AHG,F02579,7.854185665966351
F02579,CSLM3AHG,7.854185665966351
CSLM3AHG,F02580,12.192246123190962
F02580,CSLM3AHG,12.192246123190962
CSLM3AHG,F02581,21.006953962629197
F02581,CSLM3AHG,21.006953962629197
CSLM3AHG,F02582,28.49289383459276
F02582,CSLM3AHG,28.49289383459276
CSLM3AHG,F02599,31.498626646274545
F02599,CSLM3AHG,31.498626646274545
CSLM3AHG,F02600,12.798591745695393
F02600,CSLM3AHG,12.798591745695393
CSLM3AHG,F02601,23.59721674086313
F02601,CSLM3AHG,23.59721674086313
CSLM3AHG,F02602,29.617259535216995
F02602,CSLM3AHG,29.617259535216995
CSLM3AHG,F02603,35.483893506345254
F02603,CSLM3AHG,35.483893506345254
CSLM3AHG,F02604,21.249896102846723
F02604,CSLM3AHG,21.249896102846723
CSLM3AHG,F02605,17.44808968483567
F02605,CSLM3AHG,17.44808968483567
CSLM3AHG,F02637,12.490751186619683
F02637,CSLM3AHG,12.490751186619683
CSLM3AHG,F02638,12.203540995328082
F02638,CSLM3AHG,12.203540995328082
CSLM3AHG,LM3AH1,4.716326354214333
LM3AH1,CSLM3AHG,4.716326354214333
CSLM3AHG,LM3AH2,3.9973479937024416
LM3AH2,CSLM3AHG,3.9973479937024416
CSLM3AHG,LM3AHA,12.454192150617281
LM3AHA,CSLM3AHG,12.454192150617281
CSLM3AHG,LM3AHB,9.43795096451099
LM3AHB,CSLM3AHG,9.43795096451099
CSLM3AHG,LM3AHC,11.030145427700559
LM3AHC,CSLM3AHG,11.030145427700559
CSLM3AHG,LM3AHD,14.348332856971185
LM3AHD,CSLM3AHG,14.348332856971185
CSLM3AHG,LM3AHE,12.358613116247191
LM3AHE,CSLM3AHG,12.358613116247191
CSLM3AHG,LM3AHF,12.398760195354882
LM3AHF,CSLM3AHG,12.398760195354882
CSLM3AHG,LM3AHG,14.292558359330252
LM3AHG,CSLM3AHG,14.292558359330252
F02578,F02579,6.47983874304361
F02579,F02578,6.47983874304361
F02578,F02580,4.907463551388944
F02580,F02578,4.907463551388944
F02578,F02581,10.618092642417166
F02581,F02578,10.618092642417166
F02578,F02582,17.473150807324703
F02582,F02578,17.473150807324703
F02578,F02599,19.766836635550245
F02599,F02578,19.766836635550245
F02578,F02600,23.97775734418121
F02600,F02578,23.97775734418121
F02578,F02601,33.84654130228197
F02601,F02578,33.84654130228197
F02578,F02602,41.301430633933506
F02602,F02578,41.301430633933506
F02578,F02603,43.47110169901927
F02603,F02578,43.47110169901927
F02578,F02604,29.279238373923494
F02604,F02578,29.279238373923494
F02578,F02605,25.50367214454491
F02605,F02578,25.50367214454491
F02578,F02637,21.978534229897182
F02637,F02578,21.978534229897182
F02578,F02638,12.284183727161045
F02638,F02578,12.284183727161045
F02578,LM3AH1,7.218088915712449
LM3AH1,F02578,7.218088915712449
F02578,LM3AH2,15.553048069424618
LM3AH2,F02578,15.553048069424618
F02578,LM3AHA,20.361445852738186
LM3AHA,F02578,20.361445852738186
F02578,LM3AHB,8.146271279273442
LM3AHB,F02578,8.146271279273442
F02578,LM3AHC,1.037451991575791
LM3AHC,F02578,1.037451991575791
F02578,LM3AHD,7.298563471525948
LM3AHD,F02578,7.298563471525948
F02578,LM3AHE,17.377838787178657
LM3AHE,F02578,17.377838787178657
F02578,LM3AHF,23.798401757687714
LM3AHF,F02578,23.798401757687714
F02578,LM3AHG,25.739559575963646
LM3AHG,F02578,25.739559575963646
F02579,F02580,4.536812727077023
F02580,F02579,4.536812727077023
F02579,F02581,13.44111714347177
F02581,F02579,13.44111714347177
F02579,F02582,21.04380423367051
F02582,F02579,21.04380423367051
F02579,F02599,25.016682484567013
F02599,F02579,25.016682484567013
F02579,F02600,20.617856728969265
F02600,F02579,20.617856728969265
F02579,F02601,27.646613579376545
F02601,F02579,27.646613579376545
F02579,F02602,36.886264686971714
F02602,F02579,36.886264686971714
F02579,F02603,36.99612939013411
F02603,F02579,36.99612939013411
F02579,F02604,22.80172571208133
F02604,F02579,22.80172571208133
F02579,F02605,19.035784958185726
F02605,F02579,19.035784958185726
F02579,F02637,15.746049881919056
F02637,F02579,15.746049881919056
F02579,F02638,14.861017472348983
F02638,F02579,14.861017472348983
F02579,LM3AH1,3.691610491599205
LM3AH1,F02579,3.691610491599205
F02579,LM3AH2,10.812088536498024
LM3AH2,F02579,10.812088536498024
F02579,LM3AHA,13.92236963475175
LM3AHA,F02579,13.92236963475175
F02579,LM3AHB,2.4244034677160706
LM3AHB,F02579,2.4244034677160706
F02579,LM3AHC,6.460319608632801
LM3AHC,F02579,6.460319608632801
F02579,LM3AHD,12.690709917029661
LM3AHD,F02579,12.690709917029661
F02579,LM3AHE,17.942477623378824
LM3AHE,F02579,17.942477623378824
F02579,LM3AHF,20.144306142973733
LM3AHF,F02579,20.144306142973733
F02579,LM3AHG,20.362614437799774
LM3AHG,F02579,20.362614437799774
F02580,F02581,8.907566773326987
F02581,F02580,8.907566773326987
F02580,F02582,16.507059164868362
F02582,F02580,16.507059164868362
F02580,F02599,20.74448968712444
F02599,F02580,20.74448968712444
F02580,F02600,24.990037089807387
F02600,F02580,24.990037089807387
F02580,F02601,31.644659222301765
F02601,F02580,31.644659222301765
F02580,F02602,41.42165496716524
F02602,F02580,41.42165496716524
F02580,F02603,39.97732109458621
F02603,F02580,39.97732109458621
F02580,F02604,26.088714197152054
F02604,F02580,26.088714197152054
F02580,F02605,22.470081241883992
F02605,F02580,22.470081241883992
F02580,F02637,19.79686420225947
F02637,F02580,19.79686420225947
F02580,F02638,16.525211589026704
F02638,F02580,16.525211589026704
F02580,LM3AH1,7.6061350746056
LM3AH1,F02580,7.6061350746056
F02580,LM3AH2,15.338772809726008
LM3AH2,F02580,15.338772809726008
F02580,LM3AHA,17.586299152073625
LM3AHA,F02580,17.586299152073625
F02580,LM3AHB,4.636163637495099
LM3AHB,F02580,4.636163637495099
F02580,LM3AHC,5.614368822118441
LM3AHC,F02580,5.614368822118441
F02580,LM3AHD,12.204902339094835
LM3AHD,F02580,12.204902339094835
F02580,LM3AHE,20.802893307274083
LM3AHE,F02580,20.802893307274083
F02580,LM3AHF,24.5728479619145
LM3AHF,F02580,24.5728479619145
F02580,LM3AHG,24.838478330597415
LM3AHG,F02580,24.838478330597415
F02581,F02582,7.626365930186472
F02582,F02581,7.626365930186472
F02581,F02599,13.152014059230302
F02599,F02581,13.152014059230302
F02581,F02600,33.76875691649061
F02600,F02581,33.76875691649061
F02581,F02601,39.67898234547179
F02601,F02581,39.67898234547179
F02581,F02602,50.327289336546635
F02602,F02581,50.327289336546635
F02581,F02603,46.30255240146937
F02603,F02581,46.30255240146937
F02581,F02604,33.19026915516666
F02604,F02581,33.19026915516666
F02581,F02605,29.88308480270897
F02605,F02581,29.88308480270897
F02581,F02637,28.061036828253577
F02637,F02581,28.061036828253577
F02581,F02638,22.52163760424068
F02638,F02581,22.52163760424068
F02581,LM3AH1,16.324018778276518
LM3AH1,F02581,16.324018778276518
F02581,LM3AH2,24.24608511338911
LM3AH2,F02581,24.24608511338911
F02581,LM3AHA,25.451555302361733
LM3AHA,F02581,25.451555302361733
F02581,LM3AHB,13.03360566013935
LM3AHB,F02581,13.03360566013935
F02581,LM3AHC,11.651669545250082
LM3AHC,F02581,11.651669545250082
F02581,LM3AHD,15.970256066642362
LM3AHD,F02581,15.970256066642362
F02581,LM3AHE,27.968325034653855
LM3AHE,F02581,27.968325034653855
F02581,LM3AHF,33.40567136352141
LM3AHF,F02581,33.40567136352141
F02581,LM3AHG,33.62151750936759
LM3AHG,F02581,33.62151750936759
F02582,F02599,8.052055607597293
F02599,F02582,8.052055607597293
F02582,F02600,41.18444722875305
F02600,F02582,41.18444722875305
F02582,F02601,47.05400981100748
F02601,F02582,47.05400981100748
F02582,F02602,57.92347431149372
F02602,F02582,57.92347431149372
F02582,F02603,52.78604306236709
F02603,F02582,52.78604306236709
F02582,F02604,40.200830752324464
F02604,F02582,40.200830752324464
F02582,F02605,37.062783066271535
F02605,F02582,37.062783066271535
F02582,F02637,35.56334423870391
F02637,F02582,35.56334423870391
F02582,F02638,28.417540612895138
F02638,F02582,28.417540612895138
F02582,LM3AH1,23.782374546021078
LM3AH1,F02582,23.782374546021078
F02582,LM3AH2,31.830422679636314
LM3AH2,F02582,31.830422679636314
F02582,LM3AHA,32.841404003047344
LM3AHA,F02582,32.841404003047344
F02582,LM3AHB,20.643743180298447
LM3AHB,F02582,20.643743180298447
F02582,LM3AHC,18.45557746151111
LM3AHC,F02582,18.45557746151111
F02582,LM3AHD,21.209638899406233
LM3AHD,F02582,21.209638899406233
F02582,LM3AHE,34.355895041688854
LM3AHE,F02582,34.355895041688854
F02582,LM3AHF,40.87458408431989
LM3AHF,F02582,40.87458408431989
F02582,LM3AHG,41.24521976145011
LM3AHG,F02582,41.24521976145011
F02599,F02600,43.55203803643389
F02600,F02599,43.55203803643389
F02599,F02601,52.35009522921666
F02601,F02599,52.35009522921666
F02599,F02602,61.05460418120871
F02602,F02599,61.05460418120871
F02599,F02603,59.45451966827239
F02603,F02599,59.45451966827239
F02599,F02604,46.24225865171334
F02604,F02599,46.24225865171334
F02599,F02605,42.83627695649142
F02605,F02599,42.83627695649142
F02599,F02637,40.53542589675746
F02637,F02599,40.53542589675746
F02599,F02638,28.13272569528881
F02638,F02599,28.13272569528881
F02599,LM3AH1,26.897815254711283
LM3AH1,F02599,26.897815254711283
F02599,LM3AH2,35.254689294624995
LM3AH2,F02599,35.254689294624995
F02599,LM3AHA,38.19040222460705
LM3AHA,F02599,38.19040222460705
F02599,LM3AHB,25.334472657176878
LM3AHB,F02599,25.334472657176878
F02599,LM3AHC,20.53474878475074
LM3AHC,F02599,20.53474878475074
F02599,LM3AHD,20.709459175377003
LM3AHD,F02599,20.709459175377003
F02599,LM3AHE,34.534526554546865
LM3AHE,F02599,34.534526554546865
F02599,LM3AHF,43.46335261411607
LM3AHF,F02599,43.46335261411607
F02599,LM3AHG,45.28464471811795
LM3AHG,F02599,45.28464471811795
F02600,F02601,20.45354948730991
F02601,F02600,20.45354948730991
F02600,F02602,17.900738943410914
F02602,F02600,17.900738943410914
F02600,F02603,35.17423238364749
F02603,F02600,35.17423238364749
F02600,F02604,23.228587112132743
F02604,F02600,23.228587112132743
F02600,F02605,20.51709559698511
F02605,F02600,20.51709559698511
F02600,F02637,15.269425197647669
F02637,F02600,15.269425197647669
F02600,F02638,18.26072921332526
F02638,F02600,18.26072921332526
F02600,LM3AH1,17.4453369508033
LM3AH1,F02600,17.4453369508033
F02600,LM3AH2,10.33244595734118
LM3AH2,F02600,10.33244595734118
F02600,LM3AHA,17.83876300688391
LM3AHA,F02600,17.83876300688391
F02600,LM3AHB,21.935354195351835
LM3AHB,F02600,21.935354195351835
F02600,LM3AHC,23.10897456887601
LM3AHC,F02600,23.10897456887601
F02600,LM3AHD,24.097311980327415
LM3AHD,F02600,24.097311980327415
F02600,LM3AHE,13.194309051216667
LM3AHE,F02600,13.194309051216667
F02600,LM3AHF,1.2360749813471397
LM3AHF,F02600,1.2360749813471397
F02600,LM3AHG,9.73596470767446
LM3AHG,F02600,9.73596470767446
F02601,F02602,19.822525765605885
F02602,F02601,19.822525765605885
F02601,F02603,15.012651919580483
F02603,F02601,15.012651919580483
F02601,F02604,8.869450656864524
F02604,F02601,8.869450656864524
F02601,F02605,10.427041112662618
F02605,F02601,10.427041112662618
F02601,F02637,11.900604099044195
F02637,F02601,11.900604099044195
F02601,F02638,34.96291880649556
F02638,F02601,34.96291880649556
F02601,LM3AH1,26.9575711432401
LM3AH1,F02601,26.9575711432401
F02601,LM3AH2,19.774221836486394
LM3AH2,F02601,19.774221836486394
F02601,LM3AHA,14.227861211255352
LM3AHA,F02601,14.227861211255352
F02601,LM3AHB,27.024691450657492
LM3AHB,F02601,27.024691450657492
F02601,LM3AHC,33.49048672405192
LM3AHC,F02601,33.49048672405192
F02601,LM3AHD,37.91110501347509
LM3AHD,F02601,37.91110501347509
F02601,LM3AHE,32.07797421647514
LM3AHE,F02601,32.07797421647514
F02601,LM3AHF,19.287094058637255
LM3AHF,F02601,19.287094058637255
F02601,LM3AHG,10.986239457524606
LM3AHG,F02601,10.986239457524606
F02602,F02603,32.988359537924985
F02603,F02602,32.988359537924985
F02602,F02604,27.83023807334051
F02604,F02602,27.83023807334051
F02602,F02605,27.533584862600478
F02605,F02602,27.533584862600478
F02602,F02637,24.92325793751015
F02637,F02602,24.92325793751015
F02602,F02638,35.99903063094754
F02638,F02602,35.99903063094754
F02602,LM3AH1,34.30668018482519
LM3AH1,F02602,34.30668018482519
F02602,LM3AH2,26.09571424725703
LM3AH2,F02602,26.09571424725703
F02602,LM3AHA,28.309382173570214
LM3AHA,F02602,28.309382173570214
F02602,LM3AHB,37.569431152042334
LM3AHB,F02602,37.569431152042334
F02602,LM3AHC,40.520108760738395
LM3AHC,F02602,40.520108760738395
F02602,LM3AHD,41.9930455201004
LM3AHD,F02602,41.9930455201004
F02602,LM3AHE,30.328571832701808
LM3AHE,F02602,30.328571832701808
F02602,LM3AHF,17.739881390621658
LM3AHF,F02602,17.739881390621658
F02602,LM3AHG,17.475388939618032
LM3AHG,F02602,17.475388939618032
F02603,F02604,14.349163433475322
F02604,F02603,14.349163433475322
F02603,F02605,18.20583023298997
F02605,F02603,18.20583023298997
F02603,F02637,23.038457617158585
F02637,F02603,23.038457617158585
F02603,F02638,47.599149618077746
F02638,F02603,47.599149618077746
F02603,LM3AH1,37.60102814566557
LM3AH1,F02603,37.60102814566557
F02603,LM3AH2,32.23629452158016
LM3AH2,F02603,32.23629452158016
F02603,LM3AHA,23.423167648478096
LM3AHA,F02603,23.423167648478096
F02603,LM3AHB,35.53862581691472
LM3AHB,F02603,35.53862581691472
F02603,LM3AHC,43.417877659610625
LM3AHC,F02603,43.417877659610625
F02603,LM3AHD,48.994164552531075
LM3AHD,F02603,48.994164552531075
F02603,LM3AHE,45.80039284961027
LM3AHE,F02603,45.80039284961027
F02603,LM3AHF,33.968236998426406
LM3AHF,F02603,33.968236998426406
F02603,LM3AHG,25.463641330280062
LM3AHG,F02603,25.463641330280062
F02604,F02605,3.8568480442532302
F02605,F02604,3.8568480442532302
F02604,F02637,9.029470947531257
F02637,F02604,9.029470947531257
F02604,F02638,33.432553697807336
F02638,F02604,33.432553697807336
F02604,LM3AH1,23.255413801045933
LM3AH1,F02604,23.255413801045933
F02604,LM3AH2,18.242830899034455
LM3AH2,F02604,18.242830899034455
F02604,LM3AHA,9.075793289465256
LM3AHA,F02604,9.075793289465256
F02604,LM3AHB,21.528024760270764
LM3AHB,F02604,21.528024760270764
F02604,LM3AHC,29.170496311542966
LM3AHC,F02604,29.170496311542966
F02604,LM3AHD,34.64828791171504
LM3AHD,F02604,34.64828791171504
F02604,LM3AHE,32.18284586506929
LM3AHE,F02604,32.18284586506929
F02604,LM3AHF,21.995008389904232
LM3AHF,F02604,21.995008389904232
F02604,LM3AHG,13.882266775002641
LM3AHG,F02604,13.882266775002641
F02605,F02637,5.544602472434926
F02637,F02605,5.544602472434926
F02605,F02638,29.645975358186643
F02638,F02605,29.645975358186643
F02605,LM3AH1,19.402117965284972
LM3AH1,F02605,19.402117965284972
F02605,LM3AH2,14.584633477725973
LM3AH2,F02605,14.584633477725973
F02605,LM3AHA,5.223359361467721
LM3AHA,F02605,5.223359361467721
F02605,LM3AHB,17.8684421357843
LM3AHB,F02605,17.8684421357843
F02605,LM3AHC,25.367868875103568
LM3AHC,F02605,25.367868875103568
F02605,LM3AHD,30.794310289117977
LM3AHD,F02605,30.794310289117977
F02605,LM3AHE,28.627175465447937
LM3AHE,F02605,28.627175465447937
F02605,LM3AHF,19.30407808729196
LM3AHF,F02605,19.30407808729196
F02605,LM3AHG,11.813045944855048
LM3AHG,F02605,11.813045944855048
F02637,F02638,24.560743973218063
F02638,F02637,24.560743973218063
F02637,LM3AH1,15.23837560760235
LM3AH1,F02637,15.23837560760235
F02637,LM3AH2,9.23842509932655
LM3AH2,F02637,9.23842509932655
F02637,LM3AHA,3.386434887857752
LM3AHA,F02637,3.386434887857752
F02637,LM3AHB,15.205630374870905
LM3AHB,F02637,15.205630374870905
F02637,LM3AHC,21.662127771858913
LM3AHC,F02637,21.662127771858913
F02637,LM3AHD,26.45969413803571
LM3AHD,F02637,26.45969413803571
F02637,LM3AHE,23.160602636265608
LM3AHE,F02637,23.160602636265608
F02637,LM3AHF,14.088922368173785
LM3AHF,F02637,14.088922368173785
F02637,LM3AHG,7.7144411569100715
LM3AHG,F02637,7.7144411569100715
F02638,LM3AH1,11.863649030224808
LM3AH1,F02638,11.863649030224808
F02638,LM3AH2,15.418026141863361
LM3AH2,F02638,15.418026141863361
F02638,LM3AHA,24.645020322515418
LM3AHA,F02638,24.645020322515418
F02638,LM3AHB,17.28533271554752
LM3AHB,F02638,17.28533271554752
F02638,LM3AHC,11.289397301571078
LM3AHC,F02638,11.289397301571078
F02638,LM3AHD,7.44612310341481
LM3AHD,F02638,7.44612310341481
F02638,LM3AHE,6.4761293793838215
LM3AHE,F02638,6.4761293793838215
F02638,LM3AHF,18.725679311719237
LM3AHF,F02638,18.725679311719237
F02638,LM3AHG,24.53354151682773
LM3AHG,F02638,24.53354151682773
LM3AH1,LM3AH2,8.358530895653477
LM3AH2,LM3AH1,8.358530895653477
LM3AH1,LM3AHA,14.179683666899463
LM3AHA,LM3AH1,14.179683666899463
LM3AH1,LM3AHB,5.89157861913929
LM3AHB,LM3AH1,5.89157861913929
LM3AH1,LM3AHC,6.655992209836982
LM3AHC,LM3AH1,6.655992209836982
LM3AH1,LM3AHD,11.393157294828061
LM3AHD,LM3AH1,11.393157294828061
LM3AH1,LM3AHE,14.339623575718477
LM3AHE,LM3AH1,14.339623575718477
LM3AH1,LM3AHF,17.095092975500787
LM3AHF,LM3AH1,17.095092975500787
LM3AH1,LM3AHG,18.52302896881448
LM3AHG,LM3AH1,18.52302896881448
LM3AH2,LM3AHA,10.059171912518421
LM3AHA,LM3AH2,10.059171912518421
LM3AH2,LM3AHB,11.774530297919787
LM3AHB,LM3AH2,11.774530297919787
LM3AH2,LM3AHC,14.911264435393457
LM3AHC,LM3AH2,14.911264435393457
LM3AH2,LM3AHD,18.29355911357653
LM3AHD,LM3AH2,18.29355911357653
LM3AH2,LM3AHE,14.098173039890302
LM3AHE,LM3AH2,14.098173039890302
LM3AH2,LM3AHF,9.634882684388225
LM3AHF,LM3AH2,9.634882684388225
LM3AH2,LM3AHG,10.301821826860273
LM3AHG,LM3AH2,10.301821826860273
LM3AHA,LM3AHB,12.950901568209579
LM3AHB,LM3AHA,12.950901568209579
LM3AHA,LM3AHC,20.189469857758965
LM3AHC,LM3AHA,20.189469857758965
LM3AHA,LM3AHD,25.57249466459621
LM3AHD,LM3AHA,25.57249466459621
LM3AHA,LM3AHE,24.132954319742193
LM3AHE,LM3AHA,24.132954319742193
LM3AHA,LM3AHF,16.71907436618761
LM3AHF,LM3AHA,16.71907436618761
LM3AHA,LM3AHG,11.051346602014046
LM3AHG,LM3AHA,11.051346602014046
LM3AHB,LM3AHC,8.358409295194004
LM3AHC,LM3AHB,8.358409295194004
LM3AHB,LM3AHD,14.848274224417084
LM3AHD,LM3AHB,14.848274224417084
LM3AHB,LM3AHE,20.22964274102942
LM3AHE,LM3AHB,20.22964274102942
LM3AHB,LM3AHF,21.351727647071048
LM3AHF,LM3AHB,21.351727647071048
LM3AHB,LM3AHG,20.617627700226866
LM3AHG,LM3AHB,20.617627700226866
LM3AHC,LM3AHD,6.67535476015381
LM3AHD,LM3AHC,6.67535476015381
LM3AHC,LM3AHE,16.34038730057243
LM3AHE,LM3AHC,16.34038730057243
LM3AHC,LM3AHF,22.960409160693185
LM3AHF,LM3AHC,22.960409160693185
LM3AHC,LM3AHG,25.15386227081385
LM3AHG,LM3AHC,25.15386227081385
LM3AHD,LM3AHE,13.826421829216942
LM3AHE,LM3AHD,13.826421829216942
LM3AHD,LM3AHF,24.292872057454904
LM3AHF,LM3AHD,24.292872057454904
LM3AHD,LM3AHG,28.4491534607751
LM3AHG,LM3AHD,28.4491534607751
LM3AHE,LM3AHF,13.944147997206269
LM3AHF,LM3AHE,13.944147997206269
LM3AHE,LM3AHG,21.163243206413735
LM3AHG,LM3AHE,21.163243206413735
LM3AHF,LM3AHG,8.51701111097561
LM3AHG,LM3AHF,8.51701111097561
F02641,F02642,24.121913402282836
F02642,F02641,24.121913402282836
F02641,F02643,12.92632471872369
F02643,F02641,12.92632471872369
F02641,F02644,18.131862080849512
F02644,F02641,18.131862080849512
F02642,F02643,11.846844370020571
F02643,F02642,11.846844370020571
F02642,F02644,9.13586914373044
F02644,F02642,9.13586914373044
F02643,F02644,5.478138204972201
F02644,F02643,5.478138204972201
F02575,F02576,25.009611819299916
F02576,F02575,25.009611819299916
F02575,F02577,20.651578764008075
F02577,F02575,20.651578764008075
F02576,F02577,16.913997231129862
F02577,F02576,16.913997231129862
F02507,F02508,13.458871684055678
F02508,F02507,13.458871684055678
CSF02680,F02608,14.181800083657976
F02608,CSF02680,14.181800083657976
CSF02680,F02609,14.533895087222025
F02609,CSF02680,14.533895087222025
CSF02680,F02610,14.754177350056022
F02610,CSF02680,14.754177350056022
CSF02680,F02611,17.03730788307468
F02611,CSF02680,17.03730788307468
CSF02680,F02680,18.79711959277593
F02680,CSF02680,18.79711959277593
CSF02680,F02681,6.684390423263886
F02681,CSF02680,6.684390423263886
CSF02680,LM3DG1,4.388783965161106
LM3DG1,CSF02680,4.388783965161106
CSF02680,LM3DGA,6.108627048650464
LM3DGA,CSF02680,6.108627048650464
CSF02680,LM3DGB,8.83026867642853
LM3DGB,CSF02680,8.83026867642853
CSF02680,LM3DGC,9.69831714258827
LM3DGC,CSF02680,9.69831714258827
CSF02680,LM3DGD,6.928168517339771
LM3DGD,CSF02680,6.928168517339771
CSF02680,LM3DGE,8.63431099042832
LM3DGE,CSF02680,8.63431099042832
CSF02680,LM3DGF,8.67027970788921
LM3DGF,CSF02680,8.67027970788921
F02608,F02609,21.70061554487271
F02609,F02608,21.70061554487271
F02608,F02610,26.48612932387977
F02610,F02608,26.48612932387977
F02608,F02611,20.34966795594411
F02611,F02608,20.34966795594411
F02608,F02680,23.37746614927818
F02680,F02608,23.37746614927818
F02608,F02681,13.865425001885471
F02681,F02608,13.865425001885471
F02608,LM3DG1,15.700351606958904
LM3DG1,F02608,15.700351606958904
F02608,LM3DGA,18.05198853186303
LM3DGA,F02608,18.05198853186303
F02608,LM3DGB,22.681314922986655
LM3DGB,F02608,22.681314922986655
F02608,LM3DGC,20.673981025450626
LM3DGC,F02608,20.673981025450626
F02608,LM3DGD,12.54968143843006
LM3DGD,F02608,12.54968143843006
F02608,LM3DGE,5.721361494253738
LM3DGE,F02608,5.721361494253738
F02608,LM3DGF,11.433684997217352
LM3DGF,F02608,11.433684997217352
F02609,F02610,26.47204447894281
F02610,F02609,26.47204447894281
F02609,F02611,31.56992050495101
F02611,F02609,31.56992050495101
F02609,F02680,4.993335437005109
F02680,F02609,4.993335437005109
F02609,F02681,21.170953375397804
F02681,F02609,21.170953375397804
F02609,LM3DG1,10.159989541723654
LM3DG1,F02609,10.159989541723654
F02609,LM3DGA,9.169445338794063
LM3DGA,F02609,9.169445338794063
F02609,LM3DGB,18.489697600117847
LM3DGB,F02609,18.489697600117847
F02609,LM3DGC,23.037674871326182
LM3DGC,F02609,23.037674871326182
F02609,LM3DGD,21.187728708260714
LM3DGD,F02609,21.187728708260714
F02609,LM3DGE,17.02321171674188
LM3DGE,F02609,17.02321171674188
F02609,LM3DGF,10.321325102560873
LM3DGF,F02609,10.321325102560873
F02610,F02611,14.01302017864509
F02611,F02610,14.01302017864509
F02610,F02680,31.393083553883578
F02680,F02610,31.393083553883578
F02610,F02681,12.668734975038037
F02681,F02610,12.668734975038037
F02610,LM3DG1,17.662205113512123
LM3DG1,F02610,17.662205113512123
F02610,LM3DGA,17.55820154798073
LM3DGA,F02610,17.55820154798073
F02610,LM3DGB,8.032925842325911
LM3DGB,F02610,8.032925842325911
F02610,LM3DGC,5.8121707231929935
LM3DGC,F02610,5.8121707231929935
F02610,LM3DGD,14.0263137810729
LM3DGD,F02610,14.0263137810729
F02610,LM3DGE,22.061171490985757
LM3DGE,F02610,22.061171490985757
F02610,LM3DGF,23.392464531351475
LM3DGF,F02610,23.392464531351475
F02611,F02680,35.69683877362969
F02680,F02611,35.69683877362969
F02611,F02681,10.439413504223113
F02681,F02611,10.439413504223113
F02611,LM3DG1,21.421598200250063
LM3DG1,F02611,21.421598200250063
F02611,LM3DGA,22.842338895638463
LM3DGA,F02611,22.842338895638463
F02611,LM3DGB,17.659188393619534
LM3DGB,F02611,17.659188393619534
F02611,LM3DGC,11.121308940523958
LM3DGC,F02611,11.121308940523958
F02611,LM3DGD,10.701066838256033
LM3DGD,F02611,10.701066838256033
F02611,LM3DGE,18.836358295320498
LM3DGE,F02611,18.836358295320498
F02611,LM3DGF,23.927571971843644
LM3DGF,F02611,23.927571971843644
F02680,F02681,25.25843406531235
F02681,F02680,25.25843406531235
F02680,LM3DG1,14.553562428906428
LM3DG1,F02680,14.553562428906428
F02680,LM3DGA,13.933203601008872
LM3DGA,F02680,13.933203601008872
F02680,LM3DGB,23.441738273909184
LM3DGB,F02680,23.441738273909184
F02680,LM3DGC,27.743075539244575
LM3DGC,F02680,27.743075539244575
F02680,LM3DGD,25.09793205744349
LM3DGD,F02680,25.09793205744349
F02680,LM3DGE,19.547589254909184
LM3DGE,F02680,19.547589254909184
F02680,LM3DGF,12.764953257262365
LM3DGF,F02680,12.764953257262365
F02681,LM3DG1,11.065724399910842
LM3DG1,F02681,11.065724399910842
F02681,LM3DGA,12.699209106226892
LM3DGA,F02681,12.699209106226892
F02681,LM3DGB,10.735271861926686
LM3DGB,F02681,10.735271861926686
F02681,LM3DGC,6.87618728400671
LM3DGC,F02681,6.87618728400671
F02681,LM3DGD,1.371916522987886
LM3DGD,F02681,1.371916522987886
F02681,LM3DGE,10.043226332356232
LM3DGE,F02681,10.043226332356232
F02681,LM3DGF,13.787404220201774
LM3DGF,F02681,13.787404220201774
LM3DG1,LM3DGA,2.3747456531196303
LM3DGA,LM3DG1,2.3747456531196303
LM3DG1,LM3DGB,10.386618754804076
LM3DGB,LM3DG1,10.386618754804076
LM3DG1,LM3DGC,13.33112815817585
LM3DGC,LM3DG1,13.33112815817585
LM3DG1,LM3DGD,11.216485668657885
LM3DGD,LM3DG1,11.216485668657885
LM3DG1,LM3DGE,10.01154814810576
LM3DGE,LM3DG1,10.01154814810576
LM3DG1,LM3DGF,6.62665190572019
LM3DGF,LM3DG1,6.62665190572019
LM3DGA,LM3DGB,9.797774552567107
LM3DGB,LM3DGA,9.797774552567107
LM3DGA,LM3DGC,13.868252330429323
LM3DGC,LM3DGA,13.868252330429323
LM3DGA,LM3DGD,13.03367024218241
LM3DGD,LM3DGA,13.03367024218241
LM3DGA,LM3DGE,12.376477468249044
LM3DGE,LM3DGA,12.376477468249044
LM3DGA,LM3DGF,8.391863454611148
LM3DGF,LM3DGA,8.391863454611148
LM3DGB,LM3DGC,6.57893537203476
LM3DGC,LM3DGB,6.57893537203476
LM3DGB,LM3DGD,11.939522182283863
LM3DGD,LM3DGB,11.939522182283863
LM3DGB,LM3DGE,17.356543448927408
LM3DGE,LM3DGB,17.356543448927408
LM3DGB,LM3DGF,16.749263538409167
LM3DGF,LM3DGB,16.749263538409167
LM3DGC,LM3DGD,8.242252827874823
LM3DGD,LM3DGC,8.242252827874823
LM3DGC,LM3DGE,16.340484508345735
LM3DGE,LM3DGC,16.340484508345735
LM3DGC,LM3DGF,18.32873489662548
LM3DGF,LM3DGC,18.32873489662548
LM3DGD,LM3DGE,8.976200213342326
LM3DGE,LM3DGD,8.976200213342326
LM3DGD,LM3DGF,13.254182304033236
LM3DGF,LM3DGD,13.254182304033236
LM3DGE,LM3DGF,6.824478560351381
LM3DGF,LM3DGE,6.824478560351381
F02573,F02574,3.6087969835980673
F02574,F02573,3.6087969835980673
F02509,F02510,3.7490949838703007
F02510,F02509,3.7490949838703007
F02504,F02606,20.288480001280245
F02606,F02504,20.288480001280245
F02569,F02570,3.802355128853744
F02570,F02569,3.802355128853744
F02567,F02568,4.315229237150702
F02568,F02567,4.315229237150702
F02525,F02526,10.323477361244784
F02526,F02525,10.323477361244784
F02525,F02527,8.906450035739121
F02527,F02525,8.906450035739121
F02525,F02528,5.772691084334147
F02528,F02525,5.772691084334147
F02526,F02527,14.393590787370378
F02527,F02526,14.393590787370378
F02526,F02528,4.591365181352983
F02528,F02526,4.591365181352983
F02527,F02528,10.791517098339208
F02528,F02527,10.791517098339208
F02498,F02499,3.431542879539496
F02499,F02498,3.431542879539496
F02500,F02501,5.829059552112057
F02501,F02500,5.829059552112057
F02502,F02503,14.5625097603886
F02503,F02502,14.5625097603886
F02494,F02495,9.14797414437034
F02495,F02494,9.14797414437034
F02496,F02497,20.52343652611599
F02497,F02496,20.52343652611599
008518,008519,2.7664847312206904
008519,008518,2.7664847312206904
CSF00632,F00632,10.133378645887388
F00632,CSF00632,10.133378645887388
CSF00632,F00633,10.116295893173781
F00633,CSF00632,10.116295893173781
F00632,F00633,20.249669972356028
F00633,F00632,20.249669972356028
F02547,F02548,3.4194073893921098
F02548,F02547,3.4194073893921098
F02657,F02658,3.532394102917641
F02658,F02657,3.532394102917641
F00691,F00692,3.901313767647168
F00692,F00691,3.901313767647168
F00863,F00864,8.186642967106321
F00864,F00863,8.186642967106321
F02532,F02533,19.688354715820164
F02533,F02532,19.688354715820164
F02538,F02539,21.739829373585742
F02539,F02538,21.739829373585742
F02540,F02541,24.027082691600985
F02541,F02540,24.027082691600985
F02653,F02654,9.05452099666612
F02654,F02653,9.05452099666612
091816,091817,11.304952414457304
091817,091816,11.304952414457304
091816,091821,9.849017123528958
091821,091816,9.849017123528958
091816,F00693,4.824049012954091
F00693,091816,4.824049012954091
091817,091821,3.2146803861779345
091821,091817,3.2146803861779345
091817,F00693,8.179626183267294
F00693,091817,8.179626183267294
091821,F00693,8.118857534734179
F00693,091821,8.118857534734179
F02559,F02560,9.124418097185531
F02560,F02559,9.124418097185531
F02542,F02543,22.460122256535417
F02543,F02542,22.460122256535417
F02542,F02544,18.68760490706409
F02544,F02542,18.68760490706409
F02542,F02545,26.368182850492573
F02545,F02542,26.368182850492573
F02542,F02546,9.61715074888408
F02546,F02542,9.61715074888408
F02543,F02544,15.67693338081988
F02544,F02543,15.67693338081988
F02543,F02545,21.076526381142113
F02545,F02543,21.076526381142113
F02543,F02546,14.037024955567206
F02546,F02543,14.037024955567206
F02544,F02545,8.115455946285072
F02545,F02544,8.115455946285072
F02544,F02546,10.343822576739939
F02546,F02544,10.343822576739939
F02545,F02546,18.454190872981293
F02546,F02545,18.454190872981293
CSF02684,F02534,15.233407045934184
F02534,CSF02684,15.233407045934184
CSF02684,F02535,20.27451676753732
F02535,CSF02684,20.27451676753732
CSF02684,F02536,6.161256190871623
F02536,CSF02684,6.161256190871623
CSF02684,F02537,3.690926158763649
F02537,CSF02684,3.690926158763649
CSF02684,F02684,16.135492844056447
F02684,CSF02684,16.135492844056447
CSF02684,F02685,7.598303436641241
F02685,CSF02684,7.598303436641241
CSF02684,L008162,0.0
L008162,CSF02684,0.0
F02534,F02535,7.289240882867706
F02535,F02534,7.289240882867706
F02534,F02536,11.553725004270126
F02536,F02534,11.553725004270126
F02534,F02537,13.782951090159953
F02537,F02534,13.782951090159953
F02534,F02684,2.9072195631953655
F02684,F02534,2.9072195631953655
F02534,F02685,22.820677565360462
F02685,F02534,22.820677565360462
F02534,L008162,15.233407045934184
L008162,F02534,15.233407045934184
F02535,F02536,18.062361077194282
F02536,F02535,18.062361077194282
F02535,F02537,17.758149163707117
F02537,F02535,17.758149163707117
F02535,F02684,9.499137613913222
F02684,F02535,9.499137613913222
F02535,F02685,27.502912981899318
F02685,F02535,27.502912981899318
F02535,L008162,20.27451676753732
L008162,F02535,20.27451676753732
F02536,F02537,7.8936414674056055
F02537,F02536,7.8936414674056055
F02536,F02684,11.488567392276419
F02684,F02536,11.488567392276419
F02536,F02685,12.956979964289259
F02685,F02536,12.956979964289259
F02536,L008162,6.161256190871623
L008162,F02536,6.161256190871623
F02537,F02684,15.29879104854847
F02684,F02537,15.29879104854847
F02537,F02685,9.791428036108648
F02685,F02537,9.791428036108648
F02537,L008162,3.690926158763649
L008162,F02537,3.690926158763649
F02684,F02685,23.702251820279876
F02685,F02684,23.702251820279876
F02684,L008162,16.135492844056447
L008162,F02684,16.135492844056447
F02685,L008162,7.598303436641241
L008162,F02685,7.598303436641241
049182,049183,4.442891788220616
049183,049182,4.442891788220616
F02563,F02564,8.030089045360036
F02564,F02563,8.030089045360036
F02659,F02660,3.5806633414287035
F02660,F02659,3.5806633414287035
F02659,F02661,5.432783098205547
F02661,F02659,5.432783098205547
F02659,F02662,12.54791160730655
F02662,F02659,12.54791160730655
F02660,F02661,8.996621546438865
F02661,F02660,8.996621546438865
F02660,F02662,15.26271180254932
F02662,F02660,15.26271180254932
F02661,F02662,8.968619108365344
F02662,F02661,8.968619108365344
F02551,F02552,3.0970352261963314
F02552,F02551,3.0970352261963314
F02551,F02553,12.48131041753087
F02553,F02551,12.48131041753087
F02551,F02554,17.700958905711353
F02554,F02551,17.700958905711353
F02551,F02555,13.450939211599353
F02555,F02551,13.450939211599353
F02551,F02556,17.31128400529744
F02556,F02551,17.31128400529744
F02552,F02553,10.62812066363673
F02553,F02552,10.62812066363673
F02552,F02554,17.26456891222559
F02554,F02552,17.26456891222559
F02552,F02555,12.953017668939296
F02555,F02552,12.953017668939296
F02552,F02556,15.989061591728634
F02556,F02552,15.989061591728634
F02553,F02554,9.212412909390867
F02554,F02553,9.212412909390867
F02553,F02555,6.0943729408029395
F02555,F02553,6.0943729408029395
F02553,F02556,5.820165904502701
F02556,F02553,5.820165904502701
F02554,F02555,4.313508530843545
F02555,F02554,4.313508530843545
F02554,F02556,5.160911326444387
F02556,F02554,5.160911326444387
F02555,F02556,5.391297148104943
F02556,F02555,5.391297148104943
F02655,F02656,4.350372349497535
F02656,F02655,4.350372349497535
F02549,F02550,8.054534469557822
F02550,F02549,8.054534469557822
F02557,F02558,10.076459681400827
F02558,F02557,10.076459681400827
F02663,F02664,18.724717888288858
F02664,F02663,18.724717888288858
F02665,F02666,19.305283539090517
F02666,F02665,19.305283539090517
007902,011762,13.081524272025192
011762,007902,13.081524272025192
007902,CSF00897,16.498708776546533
CSF00897,007902,16.498708776546533
007902,F00809,85.59148019515047
F00809,007902,85.59148019515047
007902,F00810,84.17046826802918
F00810,007902,84.17046826802918
007902,F00898,23.1686963852409
F00898,007902,23.1686963852409
007902,L008163,16.498708776546533
L008163,007902,16.498708776546533
011762,CSF00897,7.083976580269914
CSF00897,011762,7.083976580269914
011762,F00809,73.52263377938665
F00809,011762,73.52263377938665
011762,F00810,71.77238792904522
F00810,011762,71.77238792904522
011762,F00898,11.607173407429263
F00898,011762,11.607173407429263
011762,L008163,7.083976580269914
L008163,011762,7.083976580269914
CSF00897,F00809,69.12970211051535
F00809,CSF00897,69.12970211051535
CSF00897,F00810,67.83603780059241
F00810,CSF00897,67.83603780059241
CSF00897,F00898,6.919542088420918
F00898,CSF00897,6.919542088420918
CSF00897,L008163,0.0
L008163,CSF00897,0.0
F00809,F00810,5.824620761048744
F00810,F00809,5.824620761048744
F00809,F00898,62.441242216530156
F00898,F00809,62.441242216530156
F00809,L008163,69.12970211051535
L008163,F00809,69.12970211051535
F00810,F00898,61.01861885751451
F00898,F00810,61.01861885751451
F00810,L008163,67.83603780059241
L008163,F00810,67.83603780059241
F00898,L008163,6.919542088420918
L008163,F00898,6.919542088420918
F00811,F00897,19.269784229747124
F00897,F00811,19.269784229747124
008941,F00808,5.537550024131157
F00808,008941,5.537550024131157
044557,F00706,15.128413375286428
F00706,044557,15.128413375286428
F00784,F00785,2.6337673701244686
F00785,F00784,2.6337673701244686
F00782,F00783,8.789398737320399
F00783,F00782,8.789398737320399
F00795,F00796,8.140063085477635
F00796,F00795,8.140063085477635
F00793,F00794,23.29449601822793
F00794,F00793,23.29449601822793
F00893,F00894,5.716033471405425
F00894,F00893,5.716033471405425
F00702,F00703,20.408564292593685
F00703,F00702,20.408564292593685
F00851,F00852,2.362239791004579
F00852,F00851,2.362239791004579
F00704,F00705,13.868493833348928
F00705,F00704,13.868493833348928
F00878,F00879,6.699961344914229
F00879,F00878,6.699961344914229
F00820,F00821,18.419457952973346
F00821,F00820,18.419457952973346
F00820,F00822,15.046768798172648
F00822,F00820,15.046768798172648
F00820,F00823,13.266469410020783
F00823,F00820,13.266469410020783
F00821,F00822,4.036214941591939
F00822,F00821,4.036214941591939
F00821,F00823,7.174848007227058
F00823,F00821,7.174848007227058
F00822,F00823,3.1881679963658307
F00823,F00822,3.1881679963658307
008697,008862,17.074000532598937
008862,008697,17.074000532598937
008697,CSF00913,7.309758890705161
CSF00913,008697,7.309758890705161
008697,F00797,13.788466376496222
F00797,008697,13.788466376496222
008697,F00798,4.734496120110658
F00798,008697,4.734496120110658
008697,F00799,26.834822859439882
F00799,008697,26.834822859439882
008697,F00800,17.204466687624883
F00800,008697,17.204466687624883
008697,F00801,14.527256841258534
F00801,008697,14.527256841258534
008697,F00803,6.154649185903326
F00803,008697,6.154649185903326
008697,F00804,6.405432387837035
F00804,008697,6.405432387837035
008697,F00805,12.78697039692113
F00805,008697,12.78697039692113
008697,F00806,22.451852605202124
F00806,008697,22.451852605202124
008697,F00814,33.957444243484524
F00814,008697,33.957444243484524
008697,F00815,38.60642206173229
F00815,008697,38.60642206173229
008697,F00910,16.753911966079805
F00910,008697,16.753911966079805
008697,F00912,21.801498190659753
F00912,008697,21.801498190659753
008697,F00913,8.405311704280825
F00913,008697,8.405311704280825
008697,L008186,7.309758890705161
L008186,008697,7.309758890705161
008862,CSF00913,18.965035789682027
CSF00913,008862,18.965035789682027
008862,F00797,22.46878036092815
F00797,008862,22.46878036092815
008862,F00798,20.642893402045097
F00798,008862,20.642893402045097
008862,F00799,42.77375398599669
F00799,008862,42.77375398599669
008862,F00800,7.507953495174157
F00800,008862,7.507953495174157
008862,F00801,9.529015375083596
F00801,008862,9.529015375083596
008862,F00803,13.544304959914069
F00803,008862,13.544304959914069
008862,F00804,19.171237572699752
F00804,008862,19.171237572699752
008862,F00805,5.614152016221734
F00805,008862,5.614152016221734
008862,F00806,29.72379602979911
F00806,008862,29.72379602979911
008862,F00814,35.95768917394312
F00814,008862,35.95768917394312
008862,F00815,42.44444596430717
F00815,008862,42.44444596430717
008862,F00910,29.634950889450835
F00910,008862,29.634950889450835
008862,F00912,6.789000252965137
F00912,008862,6.789000252965137
008862,F00913,21.264522143048794
F00913,008862,21.264522143048794
008862,L008186,18.965035789682027
L008186,008862,18.965035789682027
CSF00913,F00797,6.479439440749383
F00797,CSF00913,6.479439440749383
CSF00913,F00798,4.823364331356249
F00798,CSF00913,4.823364331356249
CSF00913,F00799,24.00723294437118
F00799,CSF00913,24.00723294437118
CSF00913,F00800,15.9853457672573
F00800,CSF00913,15.9853457672573
CSF00913,F00801,12.51505360700025
F00801,CSF00913,12.51505360700025
CSF00913,F00803,5.510629247799216
F00803,CSF00913,5.510629247799216
CSF00913,F00804,13.632933022934255
F00804,CSF00913,13.632933022934255
CSF00913,F00805,13.497941521329828
F00805,CSF00913,13.497941521329828
CSF00913,F00806,15.159013049277856
F00806,CSF00913,15.159013049277856
CSF00913,F00814,26.815098655104443
F00814,CSF00913,26.815098655104443
CSF00913,F00815,31.305455286364314
F00815,CSF00913,31.305455286364314
CSF00913,F00910,23.086611280184332
F00910,CSF00913,23.086611280184332
CSF00913,F00912,21.615321939279877
F00912,CSF00913,21.615321939279877
CSF00913,F00913,2.3085779401650313
F00913,CSF00913,2.3085779401650313
CSF00913,L008186,0.0
L008186,CSF00913,0.0
F00797,F00798,10.685381403486355
F00798,F00797,10.685381403486355
F00797,F00799,23.33422016218502
F00799,F00797,23.33422016218502
F00797,F00800,17.456779704988975
F00800,F00797,17.456779704988975
F00797,F00801,13.942435143133268
F00801,F00797,13.942435143133268
F00797,F00803,10.575163451727414
F00803,F00797,10.575163451727414
F00797,F00804,20.097644409988305
F00804,F00797,20.097644409988305
F00797,F00805,16.873975613944708
F00805,F00797,16.873975613944708
F00797,F00806,8.73990681559006
F00806,F00797,8.73990681559006
F00797,F00814,20.542564218653553
F00814,F00797,20.542564218653553
F00797,F00815,24.83069089074772
F00815,F00797,24.83069089074772
F00797,F00910,29.129640452186063
F00910,F00797,29.129640452186063
F00797,F00912,23.316781850934053
F00912,F00797,23.316781850934053
F00797,F00913,6.111957565294344
F00913,F00797,6.111957565294344
F00797,L008186,6.479439440749383
L008186,F00797,6.479439440749383
F00798,F00799,22.419846212810103
F00799,F00798,22.419846212810103
F00798,F00800,19.248003118577866
F00800,F00798,19.248003118577866
F00798,F00801,16.04525720499807
F00801,F00798,16.04525720499807
F00798,F00803,7.628033153716089
F00803,F00798,7.628033153716089
F00798,F00804,9.991133660048952
F00804,F00798,9.991133660048952
F00798,F00805,15.690424737534647
F00805,F00798,15.690424737534647
F00798,F00806,18.90822330929413
F00806,F00798,18.90822330929413
F00798,F00814,31.227836064078602
F00814,F00798,31.227836064078602
F00798,F00815,35.29759669138612
F00815,F00798,35.29759669138612
F00798,F00910,18.459080430477776
F00910,F00798,18.459080430477776
F00798,F00912,24.4779496567606
F00912,F00798,24.4779496567606
F00798,F00913,4.61825730787724
F00913,F00798,4.61825730787724
F00798,L008186,4.823364331356249
L008186,F00798,4.823364331356249
F00799,F00800,39.79160538076192
F00800,F00799,39.79160538076192
F00799,F00801,36.23254539476484
F00801,F00799,36.23254539476484
F00799,F00803,29.250739712625506
F00803,F00799,29.250739712625506
F00799,F00804,29.411444312880143
F00804,F00799,29.411444312880143
F00799,F00805,37.44919731330441
F00805,F00799,37.44919731330441
F00799,F00806,23.691005542858175
F00806,F00799,23.691005542858175
F00799,F00814,35.658058285669036
F00814,F00799,35.658058285669036
F00799,F00815,35.34392099990242
F00815,F00799,35.34392099990242
F00799,F00910,30.231925016807693
F00910,F00799,30.231925016807693
F00799,F00912,45.545670982548835
F00912,F00799,45.545670982548835
F00799,F00913,21.71131938985569
F00913,F00799,21.71131938985569
F00799,L008186,24.00723294437118
L008186,F00799,24.00723294437118
F00800,F00801,3.5755516721405662
F00801,F00800,3.5755516721405662
F00800,F00803,11.652922780292414
F00803,F00800,11.652922780292414
F00800,F00804,21.491255120771456
F00804,F00800,21.491255120771456
F00800,F00805,5.282649023531695
F00805,F00800,5.282649023531695
F00800,F00806,23.498374683557653
F00806,F00800,23.498374683557653
F00800,F00814,28.563477197502067
F00814,F00800,28.563477197502067
F00800,F00815,35.16554544891474
F00815,F00800,35.16554544891474
F00800,F00910,32.61326947535441
F00910,F00800,32.61326947535441
F00800,F00912,5.8651286888231144
F00912,F00800,5.8651286888231144
F00800,F00913,18.200947097223484
F00913,F00800,18.200947097223484
F00800,L008186,15.9853457672573
L008186,F00800,15.9853457672573
F00801,F00803,8.607287506729872
F00803,F00801,8.607287506729872
F00801,F00804,19.473986986150425
F00804,F00801,19.473986986150425
F00801,F00805,5.000574679378564
F00805,F00801,5.000574679378564
F00801,F00806,20.39091029295037
F00806,F00801,20.39091029295037
F00801,F00814,26.674167687867055
F00814,F00801,26.674167687867055
F00801,F00815,33.01202344196716
F00815,F00801,33.01202344196716
F00801,F00910,30.614250063579224
F00910,F00801,30.614250063579224
F00801,F00912,9.425471463218013
F00912,F00801,9.425471463218013
F00801,F00913,14.694465584170644
F00913,F00801,14.694465584170644
F00801,L008186,12.51505360700025
L008186,F00801,12.51505360700025
F00803,F00804,11.986222160517087
F00804,F00803,11.986222160517087
F00803,F00805,8.233757198178688
F00805,F00803,8.233757198178688
F00803,F00806,19.14220913545257
F00806,F00803,19.14220913545257
F00803,F00814,29.237694354115074
F00814,F00803,29.237694354115074
F00803,F00815,34.51567410136823
F00815,F00803,34.51567410136823
F00803,F00910,22.815684333009642
F00910,F00803,22.815684333009642
F00803,F00912,16.86380956508171
F00912,F00803,16.86380956508171
F00803,F00913,7.769846750160536
F00913,F00803,7.769846750160536
F00803,L008186,5.510629247799216
L008186,F00803,5.510629247799216
F00804,F00805,16.410956254208855
F00805,F00804,16.410956254208855
F00804,F00806,28.66868780667217
F00806,F00804,28.66868780667217
F00804,F00814,40.36053848344707
F00814,F00804,40.36053848344707
F00804,F00815,44.927416046736475
F00815,F00804,44.927416046736475
F00804,F00910,11.151129048323098
F00910,F00804,11.151129048323098
F00804,F00912,25.072938482668086
F00912,F00804,25.072938482668086
F00804,F00913,14.394762187039888
F00913,F00804,14.394762187039888
F00804,L008186,13.632933022934255
L008186,F00804,13.632933022934255
F00805,F00806,24.342576593567212
F00806,F00805,24.342576593567212
F00805,F00814,31.572426422527773
F00814,F00805,31.572426422527773
F00805,F00815,37.786298723633095
F00815,F00805,37.786298723633095
F00805,F00910,27.470450002633363
F00910,F00805,27.470450002633363
F00805,F00912,9.015346091243492
F00912,F00805,9.015346091243492
F00805,F00913,15.806320354243594
F00913,F00805,15.806320354243594
F00805,L008186,13.497941521329828
L008186,F00805,13.497941521329828
F00806,F00814,13.35335366357604
F00814,F00806,13.35335366357604
F00806,F00815,16.42078058322387
F00815,F00806,16.42078058322387
F00806,F00910,37.01488520226222
F00910,F00806,37.01488520226222
F00806,F00912,29.05868245709794
F00912,F00806,29.05868245709794
F00806,F00913,14.322625502777196
F00913,F00806,14.322625502777196
F00806,L008186,15.159013049277856
L008186,F00806,15.159013049277856
F00814,F00815,7.036461975901069
F00815,F00814,7.036461975901069
F00814,F00910,49.66425070738565
F00910,F00814,49.66425070738565
F00814,F00912,32.75923333665568
F00912,F00814,32.75923333665568
F00814,F00913,26.641671519465692
F00913,F00814,26.641671519465692
F00814,L008186,26.815098655104443
L008186,F00814,26.815098655104443
F00815,F00910,53.42073031526822
F00910,F00815,53.42073031526822
F00815,F00912,39.60121732654686
F00912,F00815,39.60121732654686
F00815,F00913,30.690282863167578
F00913,F00815,30.690282863167578
F00815,L008186,31.305455286364314
L008186,F00815,31.305455286364314
F00910,F00912,35.90148124377063
F00912,F00910,35.90148124377063
F00910,F00913,23.023129990614834
F00913,F00910,23.023129990614834
F00910,L008186,23.086611280184332
L008186,F00910,23.086611280184332
F00912,F00913,23.875415491474268
F00913,F00912,23.875415491474268
F00912,L008186,21.615321939279877
L008186,F00912,21.615321939279877
F00913,L008186,2.3085779401650313
L008186,F00913,2.3085779401650313
F00818,F00861,13.543868073629762
F00861,F00818,13.543868073629762
F00818,F00862,15.819678187654944
F00862,F00818,15.819678187654944
F00861,F00862,5.845199840217962
F00862,F00861,5.845199840217962
F00816,F00817,4.551113343204281
F00817,F00816,4.551113343204281
F00816,F00819,16.852897863569424
F00819,F00816,16.852897863569424
F00817,F00819,12.905150466989717
F00819,F00817,12.905150466989717
F00830,F00831,6.912678384027118
F00831,F00830,6.912678384027118
F00889,F00890,6.4746960639939095
F00890,F00889,6.4746960639939095
F00828,F00829,17.842164181938873
F00829,F00828,17.842164181938873
F00885,F00886,14.579180076677892
F00886,F00885,14.579180076677892
F00891,F00892,8.194281688293499
F00892,F00891,8.194281688293499
F00887,F00888,11.303696108424969
F00888,F00887,11.303696108424969
F00854,F00855,22.69079351091844
F00855,F00854,22.69079351091844
F00833,F00834,4.097861634301182
F00834,F00833,4.097861634301182
F00833,F00835,23.60781899073078
F00835,F00833,23.60781899073078
F00833,F00836,20.52697130312011
F00836,F00833,20.52697130312011
F00834,F00835,25.012708882640077
F00835,F00834,25.012708882640077
F00834,F00836,17.096712297808523
F00836,F00834,17.096712297808523
F00835,F00836,27.144193907920894
F00836,F00835,27.144193907920894
F00786,F00788,8.929748221172703
F00788,F00786,8.929748221172703
F00789,F00790,16.301497957779898
F00790,F00789,16.301497957779898
F00789,F00791,6.995062031777512
F00791,F00789,6.995062031777512
F00789,F00792,15.282063203565494
F00792,F00789,15.282063203565494
F00790,F00791,9.574158757997631
F00791,F00790,9.574158757997631
F00790,F00792,10.509888850847254
F00792,F00790,10.509888850847254
F00791,F00792,9.556890277176734
F00792,F00791,9.556890277176734
F00876,F00877,21.659652297119163
F00877,F00876,21.659652297119163
F00522,F00523,20.705901421604953
F00523,F00522,20.705901421604953
F00522,F00524,16.50454496702671
F00524,F00522,16.50454496702671
F00523,F00524,8.640933677395783
F00524,F00523,8.640933677395783
008359,008360,8.99752797370463
008360,008359,8.99752797370463
008359,009637,22.202738699338198
009637,008359,22.202738699338198
008359,075220,18.236146252273844
075220,008359,18.236146252273844
008359,CSF00678,0.2743803600366431
CSF00678,008359,0.2743803600366431
008359,F00678,0.5487606971343808
F00678,008359,0.5487606971343808
008359,F00679,4.13507220746458
F00679,008359,4.13507220746458
008360,009637,15.419951478820805
009637,008360,15.419951478820805
008360,075220,13.535043040795333
075220,008360,13.535043040795333
008360,CSF00678,8.996561510559642
CSF00678,008360,8.996561510559642
008360,F00678,9.003960033563004
F00678,008360,9.003960033563004
008360,F00679,12.04210471116073
F00679,008360,12.04210471116073
009637,075220,5.963481362178004
075220,009637,5.963481362178004
009637,CSF00678,22.347911614458166
CSF00678,009637,22.347911614458166
009637,F00678,22.495494377240853
F00678,009637,22.495494377240853
009637,F00679,26.163764066115824
F00679,009637,26.163764066115824
075220,CSF00678,18.42899326558256
CSF00678,075220,18.42899326558256
075220,F00678,18.6238857967762
F00678,075220,18.6238857967762
075220,F00679,22.35599822933867
F00679,075220,22.35599822933867
CSF00678,F00678,0.27438033709785964
F00678,CSF00678,0.27438033709785964
CSF00678,F00679,3.92950786856853
F00679,CSF00678,3.92950786856853
F00678,F00679,3.732802120685952
F00679,F00678,3.732802120685952
040591,F00690,2.9897364081919653
F00690,040591,2.9897364081919653
F00549,F00550,26.802723483809505
F00550,F00549,26.802723483809505
F00520,F00521,24.07365305876224
F00521,F00520,24.07365305876224
F00547,F00548,4.046688550951759
F00548,F00547,4.046688550951759
F00670,F00671,20.77721549412272
F00671,F00670,20.77721549412272
F00516,F00517,12.646677206243648
F00517,F00516,12.646677206243648
F00551,F00552,1.7561441205139026
F00552,F00551,1.7561441205139026
F00543,F00544,5.697801096090473
F00544,F00543,5.697801096090473
F00541,F00542,6.4971323272470505
F00542,F00541,6.4971323272470505
F00559,F00560,6.1841588615117935
F00560,F00559,6.1841588615117935
F00561,F00562,6.709721766221122
F00562,F00561,6.709721766221122
F00518,F00519,16.01044889489839
F00519,F00518,16.01044889489839
F00672,F00673,9.858062093894016
F00673,F00672,9.858062093894016
F00534,F00535,25.16044887002349
F00535,F00534,25.16044887002349
F00534,F00536,13.683646085757983
F00536,F00534,13.683646085757983
F00535,F00536,11.833727466070226
F00536,F00535,11.833727466070226
F00556,F00557,2.6483865118319336
F00557,F00556,2.6483865118319336
F00553,F00554,19.80114666430875
F00554,F00553,19.80114666430875
F00553,F00555,10.082926380293795
F00555,F00553,10.082926380293795
F00554,F00555,10.100039512689895
F00555,F00554,10.100039512689895
F00537,F00538,2.3854955734879857
F00538,F00537,2.3854955734879857
F00539,F00540,3.0577893526806337
F00540,F00539,3.0577893526806337
049894,049896,5.743398495691577
049896,049894,5.743398495691577
049893,049897,7.893345010815271
049897,049893,7.893345010815271
CSF00579,F00578,1.9348690261214787
F00578,CSF00579,1.9348690261214787
CSF00579,F00579,1.934867799586142
F00579,CSF00579,1.934867799586142
F00578,F00579,3.8697368256428684
F00579,F00578,3.8697368256428684
049892,049898,4.032167964767419
049898,049892,4.032167964767419
009554,011322,4.320722903723109
011322,009554,4.320722903723109
009554,F00573,17.730875237080568
F00573,009554,17.730875237080568
009554,F00574,17.25157345884659
F00574,009554,17.25157345884659
009554,F00575,11.95943023101385
F00575,009554,11.95943023101385
011322,F00573,21.403284736583707
F00573,011322,21.403284736583707
011322,F00574,20.193865449025513
F00574,011322,20.193865449025513
011322,F00575,13.25952495229956
F00575,011322,13.25952495229956
F00573,F00574,5.142358744840434
F00574,F00573,5.142358744840434
F00573,F00575,12.936410451130286
F00575,F00573,12.936410451130286
F00574,F00575,9.12910515819764
F00575,F00574,9.12910515819764
008520,009295,25.888083617077598
009295,008520,25.888083617077598
008520,009692,12.861458986172169
009692,008520,12.861458986172169
008520,091556,21.550130412005405
091556,008520,21.550130412005405
008520,CSF00619,21.5989847025984
CSF00619,008520,21.5989847025984
008520,CSF00625,6.477744947412554
CSF00625,008520,6.477744947412554
008520,F00619,21.647841291944008
F00619,008520,21.647841291944008
008520,F00620,15.098925317472439
F00620,008520,15.098925317472439
008520,F00621,25.743597023296587
F00621,008520,25.743597023296587
008520,F00622,21.666594659935868
F00622,008520,21.666594659935868
008520,F00623,19.01988209467289
F00623,008520,19.01988209467289
008520,F00624,4.660231424211411
F00624,008520,4.660231424211411
008520,F00625,8.445429196376038
F00625,008520,8.445429196376038
008520,F00626,28.297446905621523
F00626,008520,28.297446905621523
008520,F00627,20.865917371456554
F00627,008520,20.865917371456554
008520,F00628,21.051140604397215
F00628,008520,21.051140604397215
008520,F00629,17.00745552865383
F00629,008520,17.00745552865383
009295,009692,26.95502000202061
009692,009295,26.95502000202061
009295,091556,19.14186561049041
091556,009295,19.14186561049041
009295,CSF00619,19.1445126169652
CSF00619,009295,19.1445126169652
009295,CSF00625,28.90992031490182
CSF00625,009295,28.90992031490182
009295,F00619,19.14728651142918
F00619,009295,19.14728651142918
009295,F00620,20.397588285755788
F00620,009295,20.397588285755788
009295,F00621,25.53996326221285
F00621,009295,25.53996326221285
009295,F00622,26.771820237074362
F00622,009295,26.771820237074362
009295,F00623,27.876186637065686
F00623,009295,27.876186637065686
009295,F00624,28.766845009732968
F00624,009295,28.766845009732968
009295,F00625,29.192006249775776
F00625,009295,29.192006249775776
009295,F00626,11.129661931338816
F00626,009295,11.129661931338816
009295,F00627,14.331375598758523
F00627,009295,14.331375598758523
009295,F00628,4.982801176309806
F00628,009295,4.982801176309806
009295,F00629,10.34961631181834
F00629,009295,10.34961631181834
009692,091556,13.066235564733864
091556,009692,13.066235564733864
009692,CSF00619,13.110896071087668
CSF00619,009692,13.110896071087668
009692,CSF00625,8.039430642704184
CSF00625,009692,8.039430642704184
009692,F00619,13.155590170293916
F00619,009692,13.155590170293916
009692,F00620,7.2499654486507294
F00620,009692,7.2499654486507294
009692,F00621,14.529633436936782
F00621,009692,14.529633436936782
009692,F00622,9.550636661412074
F00622,009692,9.550636661412074
009692,F00623,6.343547173956536
F00623,009692,6.343547173956536
009692,F00624,10.017887278614147
F00624,009692,10.017887278614147
009692,F00625,6.197604693100461
F00625,009692,6.197604693100461
009692,F00626,23.962001662368003
F00626,009692,23.962001662368003
009692,F00627,15.323542928499561
F00627,009692,15.323542928499561
009692,F00628,22.19556654087287
F00628,009692,22.19556654087287
009692,F00629,16.640262397867108
F00629,009692,16.640262397867108
091556,CSF00619,0.04936106894154925
CSF00619,091556,0.04936106894154925
091556,CSF00625,19.72293522194577
CSF00625,091556,19.72293522194577
091556,F00619,0.09872213712331405
F00619,091556,0.09872213712331405
091556,F00620,6.6740705588144404
F00620,091556,6.6740705588144404
091556,F00621,6.720970500125915
F00621,091556,6.720970500125915
091556,F00622,8.010899537034382
F00622,091556,8.010899537034382
091556,F00623,10.28657832420872
F00623,091556,10.28657832420872
091556,F00624,21.056266786296263
F00624,091556,21.056266786296263
091556,F00625,18.5404777243911
F00625,091556,18.5404777243911
091556,F00626,12.052232335222651
F00626,091556,12.052232335222651
091556,F00627,4.821438396339966
F00627,091556,4.821438396339966
091556,F00628,15.811228990274367
F00628,091556,15.811228990274367
091556,F00629,11.471851210447822
F00629,091556,11.471851210447822
CSF00619,CSF00625,19.77167506337938
CSF00625,CSF00619,19.77167506337938
CSF00619,F00619,0.049361068043304535
F00619,CSF00619,0.049361068043304535
CSF00619,F00620,6.723303425756686
F00620,CSF00619,6.723303425756686
CSF00619,F00621,6.701289125770717
F00621,CSF00619,6.701289125770717
CSF00619,F00622,8.026363331435148
F00622,CSF00619,8.026363331435148
CSF00619,F00623,10.315859440380839
F00623,CSF00619,10.315859440380839
CSF00619,F00624,21.105491659222018
F00624,CSF00619,21.105491659222018
CSF00619,F00625,18.58826168203056
F00625,CSF00619,18.58826168203056
CSF00619,F00626,12.027770186099497
F00626,CSF00619,12.027770186099497
CSF00619,F00627,4.827139453974783
F00627,CSF00619,4.827139453974783
CSF00619,F00628,15.824266853874784
F00628,CSF00619,15.824266853874784
CSF00619,F00629,11.496700379725102
F00629,CSF00619,11.496700379725102
CSF00625,F00619,19.82041797866527
F00619,CSF00625,19.82041797866527
CSF00625,F00620,13.086668121381695
F00620,CSF00625,13.086668121381695
CSF00625,F00621,22.380909853106953
F00621,CSF00625,22.380909853106953
CSF00625,F00622,17.570571828431863
F00622,CSF00625,17.570571828431863
CSF00625,F00623,14.351597856658152
F00623,CSF00625,14.351597856658152
CSF00625,F00624,2.1795105564267443
F00624,CSF00625,2.1795105564267443
CSF00625,F00625,2.1634945681211564
F00625,CSF00625,2.1634945681211564
CSF00625,F00626,28.860434286141757
F00626,CSF00625,28.860434286141757
CSF00625,F00627,20.52879593090806
F00627,CSF00625,20.52879593090806
CSF00625,F00628,23.927332451797987
F00628,CSF00625,23.927332451797987
CSF00625,F00629,18.93053162801097
F00629,CSF00625,18.93053162801097
F00619,F00620,6.772538158083819
F00620,F00619,6.772538158083819
F00619,F00621,6.6819144290195105
F00621,F00619,6.6819144290195105
F00619,F00622,8.04210036373951
F00622,F00619,8.04210036373951
F00619,F00623,10.345293198134371
F00623,F00619,10.345293198134371
F00619,F00624,21.15471716632969
F00624,F00619,21.15471716632969
F00619,F00625,18.63605385938781
F00625,F00619,18.63605385938781
F00619,F00626,12.00346117298846
F00626,F00619,12.00346117298846
F00619,F00627,4.833337920946896
F00627,F00619,4.833337920946896
F00619,F00628,15.837447832093519
F00628,F00619,15.837447832093519
F00619,F00629,11.521707430716416
F00629,F00619,11.521707430716416
F00620,F00621,10.94207351869628
F00621,F00620,10.94207351869628
F00620,F00622,8.261630029156015
F00622,F00620,8.261630029156015
F00620,F00623,7.831343735360832
F00623,F00620,7.831343735360832
F00620,F00624,14.38221647146479
F00624,F00620,14.38221647146479
F00620,F00625,12.036371037350436
F00625,F00620,12.036371037350436
F00620,F00626,16.722902467988163
F00626,F00620,16.722902467988163
F00620,F00627,8.082328862916835
F00627,F00620,8.082328862916835
F00620,F00628,15.936299455891673
F00628,F00620,15.936299455891673
F00620,F00629,10.444213667728686
F00629,F00620,10.444213667728686
F00621,F00622,5.389581684442278
F00622,F00621,5.389581684442278
F00621,F00623,9.043072858942782
F00623,F00621,9.043072858942782
F00621,F00624,24.138929307523398
F00624,F00621,24.138929307523398
F00621,F00625,20.701476967663588
F00625,F00621,20.701476967663588
F00621,F00626,16.934866218816786
F00626,F00621,16.934866218816786
F00621,F00627,11.413951978087864
F00627,F00621,11.413951978087864
F00621,F00628,22.480795305927003
F00628,F00621,22.480795305927003
F00621,F00629,18.166155718222083
F00629,F00621,18.166155718222083
F00622,F00623,3.6619631814803864
F00623,F00622,3.6619631814803864
F00622,F00624,19.474256793703027
F00624,F00622,19.474256793703027
F00622,F00625,15.739942178490306
F00625,F00622,15.739942178490306
F00622,F00626,19.962548600936934
F00626,F00622,19.962548600936934
F00622,F00627,12.55995243804871
F00627,F00622,12.55995243804871
F00622,F00628,22.93152221438624
F00628,F00622,22.93152221438624
F00622,F00629,17.839962197067305
F00629,F00622,17.839962197067305
F00623,F00624,16.359551161756883
F00624,F00623,16.359551161756883
F00623,F00625,12.40587161296157
F00625,F00623,12.40587161296157
F00623,F00626,22.30349778011014
F00626,F00623,22.30349778011014
F00623,F00627,14.214689548369062
F00627,F00623,14.214689548369062
F00623,F00628,23.62816839219594
F00628,F00623,23.62816839219594
F00623,F00629,18.21887845295758
F00629,F00623,18.21887845295758
F00624,F00625,4.3429548629848735
F00625,F00624,4.3429548629848735
F00624,F00626,29.546046143088105
F00626,F00624,29.546046143088105
F00624,F00627,21.43005689443723
F00627,F00624,21.43005689443723
F00624,F00628,23.805208290985714
F00628,F00624,23.805208290985714
F00624,F00629,19.08581923487806
F00629,F00624,19.08581923487806
F00625,F00626,28.309346875539298
F00626,F00625,28.309346875539298
F00625,F00627,19.81153331044452
F00627,F00625,19.81153331044452
F00625,F00628,24.222060715238445
F00628,F00625,24.222060715238445
F00625,F00629,19.00297300213268
F00629,F00625,19.00297300213268
F00626,F00627,8.640608756233288
F00627,F00626,8.640608756233288
F00626,F00628,11.222330223542421
F00628,F00626,11.222330223542421
F00626,F00629,11.760262347264895
F00629,F00626,11.760262347264895
F00627,F00628,11.072773735342285
F00628,F00627,11.072773735342285
F00627,F00629,7.322483763576129
F00629,F00627,7.322483763576129
F00628,F00629,5.568903639567728
F00629,F00628,5.568903639567728
F00606,F00607,11.440611412896667
F00607,F00606,11.440611412896667
F00613,F00614,3.72019643855149
F00614,F00613,3.72019643855149
F00613,F00616,13.345586016925738
F00616,F00613,13.345586016925738
F00614,F00616,11.94297158919182
F00616,F00614,11.94297158919182
F00612,F00615,21.42419685664136
F00615,F00612,21.42419685664136
F00594,F00595,7.283464271903826
F00595,F00594,7.283464271903826
F00594,F00596,2.368021581963984
F00596,F00594,2.368021581963984
F00594,F00597,13.411801425333296
F00597,F00594,13.411801425333296
F00595,F00596,6.470534448327557
F00596,F00595,6.470534448327557
F00595,F00597,20.277187784000162
F00597,F00595,20.277187784000162
F00596,F00597,15.375596110688692
F00597,F00596,15.375596110688692
007881,007882,22.879002240463095
007882,007881,22.879002240463095
007881,F00590,5.221144236482418
F00590,007881,5.221144236482418
007881,F00591,3.191833694868537
F00591,007881,3.191833694868537
007881,F00592,20.346895215644903
F00592,007881,20.346895215644903
007882,F00590,18.42554757720982
F00590,007882,18.42554757720982
007882,F00591,25.09505794103487
F00591,007882,25.09505794103487
007882,F00592,28.702434509581394
F00592,007882,28.702434509581394
F00590,F00591,6.7166040021108815
F00591,F00590,6.7166040021108815
F00590,F00592,22.73538405768348
F00592,F00590,22.73538405768348
F00591,F00592,23.058078055181614
F00592,F00591,23.058078055181614
F00580,F00581,7.527100444156517
F00581,F00580,7.527100444156517
F00580,F00582,8.681495534652523
F00582,F00580,8.681495534652523
F00580,F00583,15.564001564698975
F00583,F00580,15.564001564698975
F00581,F00582,6.970648080425577
F00582,F00581,6.970648080425577
F00581,F00583,9.525646327355707
F00583,F00581,9.525646327355707
F00582,F00583,8.297752477675617
F00583,F00582,8.297752477675617
F00588,F00589,10.054118539966055
F00589,F00588,10.054118539966055
009153,F00585,3.3935366121004624
F00585,009153,3.3935366121004624
009153,F00586,13.744541503151597
F00586,009153,13.744541503151597
F00585,F00586,10.45098006765031
F00586,F00585,10.45098006765031
F00512,F00513,15.206071823763452
F00513,F00512,15.206071823763452
F00443,F00444,23.964482997256326
F00444,F00443,23.964482997256326
F00440,F00441,5.750712392876268
F00441,F00440,5.750712392876268
049900,CSF00511,26.461509123393586
CSF00511,049900,26.461509123393586
049900,F00508,37.94278995275082
F00508,049900,37.94278995275082
049900,F00509,23.37622831001254
F00509,049900,23.37622831001254
049900,F00510,20.460761690227667
F00510,049900,20.460761690227667
049900,F00511,32.49589673294144
F00511,049900,32.49589673294144
CSF00511,F00508,15.274980984719978
F00508,CSF00511,15.274980984719978
CSF00511,F00509,6.102605037563194
F00509,CSF00511,6.102605037563194
CSF00511,F00510,6.042414165335092
F00510,CSF00511,6.042414165335092
CSF00511,F00511,6.058964577636296
F00511,CSF00511,6.058964577636296
F00508,F00509,14.912100339148731
F00509,F00508,14.912100339148731
F00508,F00510,19.990695520873526
F00510,F00508,19.990695520873526
F00508,F00511,11.846304296663485
F00511,F00508,11.846304296663485
F00509,F00510,6.04145751169255
F00510,F00509,6.04145751169255
F00509,F00511,10.560498247259842
F00511,F00509,10.560498247259842
F00510,F00511,12.10136139871621
F00511,F00510,12.10136139871621
F00571,F00680,4.566940605291712
F00680,F00571,4.566940605291712
F00564,F00565,11.900397819441787
F00565,F00564,11.900397819441787
007880,F00567,15.176951992337562
F00567,007880,15.176951992337562
003105,008365,13.564917197985874
008365,003105,13.564917197985874
003105,008412,10.995027655401863
008412,003105,10.995027655401863
003105,CSF00568,13.227938841277114
CSF00568,003105,13.227938841277114
003105,F00566,28.40042840534877
F00566,003105,28.40042840534877
003105,F00568,12.90675550795454
F00568,003105,12.90675550795454
003105,F00569,5.312997043479017
F00569,003105,5.312997043479017
003105,F00570,9.783322887609067
F00570,003105,9.783322887609067
008365,008412,3.5493132820773194
008412,008365,3.5493132820773194
008365,CSF00568,0.39851030507418034
CSF00568,008365,0.39851030507418034
008365,F00566,17.070753813346727
F00566,008365,17.070753813346727
008365,F00568,0.782260969256576
F00568,008365,0.782260969256576
008365,F00569,8.749758060712756
F00569,008365,8.749758060712756
008365,F00570,9.50620429090287
F00570,008365,9.50620429090287
008412,CSF00568,3.153553700662871
CSF00568,008412,3.153553700662871
008412,F00566,20.602919026685125
F00566,008412,20.602919026685125
008412,F00568,2.773196605229524
F00568,008412,2.773196605229524
008412,F00569,7.0159205849837445
F00569,008412,7.0159205849837445
008412,F00570,6.011655272389011
F00570,008412,6.011655272389011
CSF00568,F00566,17.459973166540628
F00566,CSF00568,17.459973166540628
CSF00568,F00568,0.38375066418240705
F00568,CSF00568,0.38375066418240705
CSF00568,F00569,8.465840698146465
F00569,CSF00568,8.465840698146465
CSF00568,F00570,9.120643793468389
F00570,CSF00568,9.120643793468389
F00566,F00568,17.83516480474326
F00568,F00566,17.83516480474326
F00566,F00569,23.113429936504016
F00569,F00566,23.113429936504016
F00566,F00570,26.573943344443595
F00570,F00566,26.573943344443595
F00568,F00569,8.20145553071758
F00569,F00568,8.20145553071758
F00568,F00570,8.750460097017317
F00570,F00568,8.750460097017317
F00569,F00570,8.87288001290749
F00570,F00569,8.87288001290749
007883,082200,21.728158730283447
082200,007883,21.728158730283447
F00895,F00896,4.03522149519363
F00896,F00895,4.03522149519363
F00848,F00849,9.61007905325589
F00849,F00848,9.61007905325589
F00848,F00850,10.061363417389469
F00850,F00848,10.061363417389469
F00849,F00850,9.802582224229754
F00850,F00849,9.802582224229754
F00700,F00701,2.454640708980338
F00701,F00700,2.454640708980338
009148,F00767,5.9912497940553076
F00767,009148,5.9912497940553076
F00869,F00870,8.16719031290537
F00870,F00869,8.16719031290537
F00753,F00754,11.579420979198712
F00754,F00753,11.579420979198712
F00753,F00755,20.377721761595133
F00755,F00753,20.377721761595133
F00753,F00756,13.774859804819227
F00756,F00753,13.774859804819227
F00754,F00755,12.142837717808852
F00755,F00754,12.142837717808852
F00754,F00756,16.226492464729322
F00756,F00754,16.226492464729322
F00755,F00756,15.011309117384604
F00756,F00755,15.011309117384604
F00769,F00771,19.777414976148258
F00771,F00769,19.777414976148258
F00867,F00868,9.794638593684947
F00868,F00867,9.794638593684947
F00712,F00713,17.87901649302432
F00713,F00712,17.87901649302432
F00712,F00714,14.216907090698054
F00714,F00712,14.216907090698054
F00712,F00715,4.873697891309967
F00715,F00712,4.873697891309967
F00713,F00714,26.63451321204005
F00714,F00713,26.63451321204005
F00713,F00715,22.635475300270397
F00715,F00713,22.635475300270397
F00714,F00715,14.41789013144564
F00715,F00714,14.41789013144564
F00716,F00717,10.169580808022351
F00717,F00716,10.169580808022351
F00716,F00718,11.649788750158566
F00718,F00716,11.649788750158566
F00717,F00718,20.95803401615909
F00718,F00717,20.95803401615909
F00709,F00710,26.746659863821044
F00710,F00709,26.746659863821044
009574,009575,6.163739548546533
009575,009574,6.163739548546533
009572,009573,8.147040598747358
009573,009572,8.147040598747358
F00697,F00698,26.11105786769832
F00698,F00697,26.11105786769832
F00697,F00699,12.033796345942942
F00699,F00697,12.033796345942942
F00698,F00699,21.629815252150575
F00699,F00698,21.629815252150575
CSF00483,F00483,15.617099017289425
F00483,CSF00483,15.617099017289425
CSF00483,F00484,15.596577684201838
F00484,CSF00483,15.596577684201838
CSF00483,F00666,10.063395139545415
F00666,CSF00483,10.063395139545415
CSF00483,F00667,7.455244813752463
F00667,CSF00483,7.455244813752463
CSF00483,F00668,24.023092741967687
F00668,CSF00483,24.023092741967687
F00483,F00484,31.21367232833269
F00484,F00483,31.21367232833269
F00483,F00666,17.79637684675677
F00666,F00483,17.79637684675677
F00483,F00667,8.921385731787314
F00667,F00483,8.921385731787314
F00483,F00668,37.74113889923829
F00668,F00483,37.74113889923829
F00484,F00666,19.303146466328656
F00666,F00484,19.303146466328656
F00484,F00667,22.76723858495908
F00667,F00484,22.76723858495908
F00484,F00668,14.740863808224677
F00668,F00484,14.740863808224677
F00666,F00667,9.738582303693274
F00667,F00666,9.738582303693274
F00666,F00668,20.672502106546936
F00668,F00666,20.672502106546936
F00667,F00668,28.889485477144028
F00668,F00667,28.889485477144028
F00505,F00506,18.14225050039949
F00506,F00505,18.14225050039949
F00662,F00663,3.4996804079076997
F00663,F00662,3.4996804079076997
F00500,F00501,12.790009114232477
F00501,F00500,12.790009114232477
009394,CSF00487,9.749245884529982
CSF00487,009394,9.749245884529982
009394,F00487,21.606266857030512
F00487,009394,21.606266857030512
009394,F00488,3.259420606535159
F00488,009394,3.259420606535159
009394,F00489,9.991121387951784
F00489,009394,9.991121387951784
CSF00487,F00487,11.986633915244195
F00487,CSF00487,11.986633915244195
CSF00487,F00488,11.986637190670171
F00488,CSF00487,11.986637190670171
CSF00487,F00489,7.834430578809832
F00489,CSF00487,7.834430578809832
F00487,F00488,23.97327110591016
F00488,F00487,23.97327110591016
F00487,F00489,15.328441663360202
F00489,F00487,15.328441663360202
F00488,F00489,13.234615900345268
F00489,F00488,13.234615900345268
F00656,F00657,7.387983658913623
F00657,F00656,7.387983658913623
F00654,F00655,8.62902422825253
F00655,F00654,8.62902422825253
F00649,F00650,12.966190189402946
F00650,F00649,12.966190189402946
F00456,F00457,10.368821377553376
F00457,F00456,10.368821377553376
F00454,F00455,15.622939476135839
F00455,F00454,15.622939476135839
008402,008403,5.5070818629071
008403,008402,5.5070818629071
009539,F00653,6.708790313253062
F00653,009539,6.708790313253062
F00464,F00465,11.848333494218094
F00465,F00464,11.848333494218094
F00466,F00467,20.994514554629987
F00467,F00466,20.994514554629987
008939,008940,5.52880139317352
008940,008939,5.52880139317352
008939,009584,28.286707530668053
009584,008939,28.286707530668053
008939,044192,13.350133701596457
044192,008939,13.350133701596457
008939,071154,12.013801002291128
071154,008939,12.013801002291128
008939,CSF00461,11.875210371370658
CSF00461,008939,11.875210371370658
008939,CSF00471,8.555453192576291
CSF00471,008939,8.555453192576291
008939,F00460,6.148604858977408
F00460,008939,6.148604858977408
008939,F00461,11.745670202169702
F00461,008939,11.745670202169702
008939,F00468,35.89921960802737
F00468,008939,35.89921960802737
008939,F00469,23.744670900782875
F00469,008939,23.744670900782875
008939,F00471,12.543679015776409
F00471,008939,12.543679015776409
008939,F00472,17.994378661868762
F00472,008939,17.994378661868762
008940,009584,33.66707005081475
009584,008940,33.66707005081475
008940,044192,17.244056123188923
044192,008940,17.244056123188923
008940,071154,16.7502815368229
071154,008940,16.7502815368229
008940,CSF00461,16.547860205011347
CSF00461,008940,16.547860205011347
008940,CSF00471,14.048208702886056
CSF00471,008940,14.048208702886056
008940,F00460,11.367071728938944
F00460,008940,11.367071728938944
008940,F00461,16.350607426582187
F00461,008940,16.350607426582187
008940,F00468,40.869650539657144
F00468,008940,40.869650539657144
008940,F00469,27.712735593515813
F00469,008940,27.712735593515813
008940,F00471,14.446201975178544
F00471,008940,14.446201975178544
008940,F00472,22.8138420025629
F00472,008940,22.8138420025629
009584,044192,26.295539929909037
044192,009584,26.295539929909037
009584,071154,22.902739989217228
071154,009584,22.902739989217228
009584,CSF00461,23.251646920491424
CSF00461,009584,23.251646920491424
009584,CSF00471,19.80155443044274
CSF00471,009584,19.80155443044274
009584,F00460,23.992471963855955
F00460,009584,23.992471963855955
009584,F00461,23.600712058947796
F00461,009584,23.600712058947796
009584,F00468,10.603896883579399
F00468,009584,10.603896883579399
009584,F00469,15.84728061900826
F00469,009584,15.84728061900826
009584,F00471,26.046535394555903
F00471,009584,26.046535394555903
009584,F00472,21.024094200617856
F00472,009584,21.024094200617856
044192,071154,3.735836853540517
071154,044192,3.735836853540517
044192,CSF00461,3.458101697120875
CSF00461,044192,3.458101697120875
044192,CSF00471,11.938649083444941
CSF00471,044192,11.938649083444941
044192,F00460,8.322421959847363
F00460,044192,8.322421959847363
044192,F00461,3.195528281625788
F00461,044192,3.195528281625788
044192,F00468,36.28557189960759
F00468,044192,36.28557189960759
044192,F00469,29.513014378359706
F00469,044192,29.513014378359706
044192,F00471,23.88285743573791
F00471,044192,23.88285743573791
044192,F00472,7.055175342131552
F00472,044192,7.055175342131552
071154,CSF00461,0.35421926430426465
CSF00461,071154,0.35421926430426465
071154,CSF00471,8.59936314375539
CSF00471,071154,8.59936314375539
071154,F00460,6.083597659347731
F00460,071154,6.083597659347731
071154,F00461,0.7084384871350432
F00461,071154,0.7084384871350432
071154,F00468,32.71840934860948
F00468,071154,32.71840934860948
071154,F00469,25.834057604053157
F00469,071154,25.834057604053157
071154,F00471,21.126698303957067
F00471,071154,21.126698303957067
071154,F00472,6.0635667816357675
F00472,071154,6.0635667816357675
CSF00461,CSF00471,8.735890954361041
CSF00471,CSF00461,8.735890954361041
CSF00461,F00460,6.014373049815385
F00460,CSF00461,6.014373049815385
CSF00461,F00461,0.3542192228306823
F00461,CSF00461,0.3542192228306823
CSF00461,F00468,33.05467708892525
F00468,CSF00461,33.05467708892525
CSF00461,F00469,26.07533526725897
F00469,CSF00461,26.07533526725897
CSF00461,F00471,21.1763258315574
F00471,CSF00461,21.1763258315574
CSF00461,F00472,6.275634609856577
F00472,CSF00461,6.275634609856577
CSF00471,F00460,4.972643125214551
F00460,CSF00471,4.972643125214551
CSF00471,F00461,8.884451327679157
F00461,CSF00471,8.884451327679157
CSF00471,F00468,27.977131612425527
F00468,CSF00471,27.977131612425527
CSF00471,F00469,18.075269319599276
F00469,CSF00471,18.075269319599276
CSF00471,F00471,12.951395443046009
F00471,CSF00471,12.951395443046009
CSF00471,F00472,12.940763941872582
F00472,CSF00471,12.940763941872582
F00460,F00461,5.965412566905592
F00461,F00460,5.965412566905592
F00460,F00468,32.700293636325554
F00468,F00460,32.700293636325554
F00460,F00469,22.948447446162177
F00469,F00460,22.948447446162177
F00460,F00471,15.57421996764947
F00471,F00460,15.57421996764947
F00460,F00472,11.913003647297824
F00472,F00460,11.913003647297824
F00461,F00468,33.39131596731006
F00468,F00461,33.39131596731006
F00461,F00469,26.31916835318329
F00469,F00461,26.31916835318329
F00461,F00471,21.23174763111367
F00471,F00461,21.23174763111367
F00461,F00472,6.500098522517371
F00472,F00461,6.500098522517371
F00468,F00469,16.076251650238135
F00469,F00468,16.076251650238135
F00468,F00471,30.18129854836584
F00471,F00468,30.18129854836584
F00468,F00472,31.480942499079863
F00472,F00468,31.480942499079863
F00469,F00471,14.843059509531157
F00471,F00469,14.843059509531157
F00469,F00472,27.72723537299441
F00472,F00469,27.72723537299441
F00471,F00472,25.8921480803141
F00472,F00471,25.8921480803141
F00458,F00459,2.6368334695451807
F00459,F00458,2.6368334695451807
044130,044131,3.1081641391241264
044131,044130,3.1081641391241264
044130,F00473,7.06902670383164
F00473,044130,7.06902670383164
044130,F00474,11.019076680124158
F00474,044130,11.019076680124158
044130,F00475,17.03374739247033
F00475,044130,17.03374739247033
044130,F00476,28.60316850810364
F00476,044130,28.60316850810364
044131,F00473,8.02018563252774
F00473,044131,8.02018563252774
044131,F00474,11.91698870969571
F00474,044131,11.91698870969571
044131,F00475,15.090795840757165
F00475,044131,15.090795840757165
044131,F00476,25.79082859994388
F00476,044131,25.79082859994388
F00473,F00474,3.9779986683341506
F00474,F00473,3.9779986683341506
F00473,F00475,13.498521716107945
F00475,F00473,13.498521716107945
F00473,F00476,27.296231289031226
F00476,F00473,27.296231289031226
F00474,F00475,13.449280472247288
F00475,F00474,13.449280472247288
F00474,F00476,27.929825106338487
F00476,F00474,27.929825106338487
F00475,F00476,14.596601383214168
F00476,F00475,14.596601383214168
F00660,F00661,25.302073586580015
F00661,F00660,25.302073586580015
F00658,F00659,6.3857337785292945
F00659,F00658,6.3857337785292945
F00676,F00677,18.585350267609883
F00677,F00676,18.585350267609883
008404,008405,3.038252646258485
008405,008404,3.038252646258485
008404,009392,64.43786618811095
009392,008404,64.43786618811095
008404,009393,36.979702421779244
009393,008404,36.979702421779244
008404,056161,32.059422090232104
056161,008404,32.059422090232104
008404,056178,16.362674705883634
056178,008404,16.362674705883634
008404,CSF00481,51.76886783249501
CSF00481,008404,51.76886783249501
008404,F00478,77.72803424656968
F00478,008404,77.72803424656968
008404,F00479,56.37338267095464
F00479,008404,56.37338267095464
008404,F00480,49.000486580693334
F00480,008404,49.000486580693334
008404,F00481,54.64656492877924
F00481,008404,54.64656492877924
008405,009392,67.28315807804769
009392,008405,67.28315807804769
008405,009393,39.854920938445375
009393,008405,39.854920938445375
008405,056161,34.76167226334998
056161,008405,34.76167226334998
008405,056178,19.080344172788436
056178,008405,19.080344172788436
008405,CSF00481,54.66614648632391
CSF00481,008405,54.66614648632391
008405,F00478,80.76574527142331
F00478,008405,80.76574527142331
008405,F00479,59.312892660314674
F00479,008405,59.312892660314674
008405,F00480,51.93800590653154
F00480,008405,51.93800590653154
008405,F00481,57.50201769400436
F00481,008405,57.50201769400436
009392,009393,43.602820496703664
009393,009392,43.602820496703664
009392,056161,49.920877250125315
056161,009392,49.920877250125315
009392,056178,55.318129686588776
056178,009392,55.318129686588776
009392,CSF00481,13.019478156793808
CSF00481,009392,13.019478156793808
009392,F00478,27.830153876637752
F00478,009392,27.830153876637752
009392,F00479,10.21664917174872
F00479,009392,10.21664917174872
009392,F00480,16.43641773219733
F00480,009392,16.43641773219733
009392,F00481,9.804172285956762
F00481,009392,9.804172285956762
009393,056161,7.22625821805221
056161,009393,7.22625821805221
009393,056178,20.994704216697276
056178,009393,20.994704216697276
009393,CSF00481,31.85806396012757
CSF00481,009393,31.85806396012757
009393,F00478,45.074291124232225
F00478,009393,45.074291124232225
009393,F00479,33.39070294168182
F00479,009393,33.39070294168182
009393,F00480,28.182219994671204
F00480,009393,28.182219994671204
009393,F00481,35.537288044385
F00481,009393,35.537288044385
056161,056178,15.697681429037607
056178,056161,15.697681429037607
056161,CSF00481,37.687392715098795
CSF00481,056161,37.687392715098795
056161,F00478,52.27420706397624
F00478,056161,52.27420706397624
056161,F00479,39.76996925297933
F00479,056161,39.76996925297933
056161,F00480,33.997740218261356
F00480,056161,33.997740218261356
056161,F00481,41.377489298513005
F00481,056161,41.377489298513005
056178,CSF00481,42.302071445101255
CSF00481,056178,42.302071445101255
056178,F00478,64.07296176246555
F00478,056178,64.07296176246555
056178,F00479,45.998997694698005
F00479,056178,45.998997694698005
056178,F00480,38.94846703739132
F00480,056178,38.94846703739132
056178,F00481,45.70788797051943
F00481,056178,45.70788797051943
CSF00481,F00478,31.97182304471786
F00478,CSF00481,31.97182304471786
CSF00481,F00479,5.398161791067816
F00479,CSF00481,5.398161791067816
CSF00481,F00480,3.692147820194511
F00480,CSF00481,3.692147820194511
CSF00481,F00481,3.692146947486204
F00481,CSF00481,3.692146947486204
F00478,F00479,26.71621106723083
F00479,F00478,26.71621106723083
F00478,F00480,32.496852804709405
F00480,F00478,32.496852804709405
F00478,F00481,31.868696715528973
F00481,F00478,31.868696715528973
F00479,F00480,7.37539457619847
F00480,F00479,7.37539457619847
F00479,F00481,5.581024335038975
F00481,F00479,5.581024335038975
F00480,F00481,7.384294767505088
F00481,F00480,7.384294767505088
F00497,F00498,4.297672835187631
F00498,F00497,4.297672835187631
062950,F00682,5.510646389703954
F00682,062950,5.510646389703954
062950,F00683,12.66433924945037
F00683,062950,12.66433924945037
F00682,F00683,7.195804734751509
F00683,F00682,7.195804734751509
F00495,F00496,6.935797366807674
F00496,F00495,6.935797366807674
F00493,F00494,8.280132241962288
F00494,F00493,8.280132241962288
062944,F00490,19.807145044895023
F00490,062944,19.807145044895023
062944,F00491,16.49923631091669
F00491,062944,16.49923631091669
062944,F00492,18.11696216075287
F00492,062944,18.11696216075287
F00490,F00491,5.784921875190559
F00491,F00490,5.784921875190559
F00490,F00492,23.94342808410952
F00492,F00490,23.94342808410952
F00491,F00492,18.15853110392569
F00492,F00491,18.15853110392569
F04641,F04642,12.619566405803765
F04642,F04641,12.619566405803765
F04680,F04681,16.495491371343743
F04681,F04680,16.495491371343743
037747,037748,17.781523211254008
037748,037747,17.781523211254008
037747,F04653,9.579289013218899
F04653,037747,9.579289013218899
037748,F04653,10.050750166393074
F04653,037748,10.050750166393074
064246,064316,20.357095578341177
064316,064246,20.357095578341177
064239,064240,4.910283740800111
064240,064239,4.910283740800111
064241,064242,10.272498349186009
064242,064241,10.272498349186009
064241,069195,23.992705458650804
069195,064241,23.992705458650804
064242,069195,18.863443145471347
069195,064242,18.863443145471347
F04265,F04266,28.12598069308231
F04266,F04265,28.12598069308231
008651,008652,4.916559347881843
008652,008651,4.916559347881843
008646,008647,7.271928925520848
008647,008646,7.271928925520848
F04353,F04354,8.502649449970855
F04354,F04353,8.502649449970855
F04289,F04290,5.505921685446981
F04290,F04289,5.505921685446981
F04351,F04352,11.125836622437301
F04352,F04351,11.125836622437301
064092,064184,4.4736394773786765
064184,064092,4.4736394773786765
064093,064183,17.359715035154164
064183,064093,17.359715035154164
044033,044034,20.25286099584768
044034,044033,20.25286099584768
CSF04613,F04613,1.6635852944880674
F04613,CSF04613,1.6635852944880674
CSF04613,F04614,1.6774546176182632
F04614,CSF04613,1.6774546176182632
F04613,F04614,3.341035828305033
F04614,F04613,3.341035828305033
064091,064185,3.7699129615038354
064185,064091,3.7699129615038354
CSF04615,F04615,9.515864151529385
F04615,CSF04615,9.515864151529385
CSF04615,F04616,9.515865767702108
F04616,CSF04615,9.515865767702108
F04615,F04616,19.031729919083308
F04616,F04615,19.031729919083308
064103,064182,10.255708333800087
064182,064103,10.255708333800087
064090,064106,6.826785284726901
064106,064090,6.826785284726901
064104,064181,8.35463150924745
064181,064104,8.35463150924745
064244,064319,20.441850056255582
064319,064244,20.441850056255582
009292,044032,12.161854649239773
044032,009292,12.161854649239773
009292,101178,15.210555765315327
101178,009292,15.210555765315327
044032,101178,22.84254986549079
101178,044032,22.84254986549079
CSF04611,F04611,1.916967681298585
F04611,CSF04611,1.916967681298585
CSF04611,F04612,1.8925821985019708
F04612,CSF04611,1.8925821985019708
F04611,F04612,3.809536744709718
F04612,F04611,3.809536744709718
101179,101185,17.53471444706888
101185,101179,17.53471444706888
064107,064175,14.565276537872952
064175,064107,14.565276537872952
064108,064170,24.69239523367682
064170,064108,24.69239523367682
064067,064074,23.248040278641017
064074,064067,23.248040278641017
064087,064187,2.9398187144265
064187,064087,2.9398187144265
064085,064188,10.704737351173819
064188,064085,10.704737351173819
064245,064317,19.94527955377084
064317,064245,19.94527955377084
064243,064318,23.766839384736187
064318,064243,23.766839384736187
CSF04607,F04607,0.916266410189475
F04607,CSF04607,0.916266410189475
CSF04607,F04608,0.9415902532292584
F04608,CSF04607,0.9415902532292584
F04607,F04608,1.857842320968441
F04608,F04607,1.857842320968441
CSF04610,F04609,9.28711265094435
F04609,CSF04610,9.28711265094435
CSF04610,F04610,9.29952054594127
F04610,CSF04610,9.29952054594127
F04609,F04610,18.586618583298407
F04610,F04609,18.586618583298407
009312,009315,4.661690812247453
009315,009312,4.661690812247453
009311,F04523,24.110046810918693
F04523,009311,24.110046810918693
F04570,F04571,7.2822194486570675
F04571,F04570,7.2822194486570675
F04552,F04553,7.42389450646742
F04553,F04552,7.42389450646742
009358,CSF04548,9.409533298498465
CSF04548,009358,9.409533298498465
009358,F04548,11.866246350821259
F04548,009358,11.866246350821259
009358,F04549,7.8868472629286615
F04549,009358,7.8868472629286615
CSF04548,F04548,3.6169227700363047
F04548,CSF04548,3.6169227700363047
CSF04548,F04549,3.6217396361345453
F04549,CSF04548,3.6217396361345453
F04548,F04549,7.2386488504266655
F04549,F04548,7.2386488504266655
F04550,F04551,4.425547572843627
F04551,F04550,4.425547572843627
008963,049171,18.480812571171427
049171,008963,18.480812571171427
008960,049172,3.351710456441266
049172,008960,3.351710456441266
008962,009339,30.57269497090634
009339,008962,30.57269497090634
008962,049170,26.048583169627143
049170,008962,26.048583169627143
008962,CSF04546,14.294078533568292
CSF04546,008962,14.294078533568292
008962,F04546,11.149125121301857
F04546,008962,11.149125121301857
008962,F04547,17.42044296623112
F04547,008962,17.42044296623112
009339,049170,5.059435903319931
049170,009339,5.059435903319931
009339,CSF04546,16.897394189985945
CSF04546,009339,16.897394189985945
009339,F04546,19.775301952202874
F04546,009339,19.775301952202874
009339,F04547,14.151625702411966
F04547,009339,14.151625702411966
049170,CSF04546,12.047146108017339
CSF04546,049170,12.047146108017339
049170,F04546,15.041711271211783
F04546,049170,15.041711271211783
049170,F04547,9.174601781813148
F04547,049170,9.174601781813148
CSF04546,F04546,3.151195194065443
F04546,CSF04546,3.151195194065443
CSF04546,F04547,3.13008715803959
F04547,CSF04546,3.13008715803959
F04546,F04547,6.281279987688007
F04547,F04546,6.281279987688007
009337,009338,3.9756349525993095
009338,009337,3.9756349525993095
009369,F04180,5.497429994062596
F04180,009369,5.497429994062596
F04228,F04229,5.881470004840779
F04229,F04228,5.881470004840779
F04228,F04230,15.150937038263352
F04230,F04228,15.150937038263352
F04228,F04231,9.665020719350688
F04231,F04228,9.665020719350688
F04229,F04230,19.855948469701588
F04230,F04229,19.855948469701588
F04229,F04231,15.545055211243287
F04231,F04229,15.545055211243287
F04230,F04231,10.71610701509372
F04231,F04230,10.71610701509372
F04544,F04545,9.952240376579327
F04545,F04544,9.952240376579327
F04554,F04555,21.385070835179558
F04555,F04554,21.385070835179558
008961,030328,15.701415754272924
030328,008961,15.701415754272924
008961,CSF04540,25.21538134070295
CSF04540,008961,25.21538134070295
008961,F04538,30.432249192415096
F04538,008961,30.432249192415096
008961,F04539,30.694802103799713
F04539,008961,30.694802103799713
008961,F04540,27.402591940025633
F04540,008961,27.402591940025633
008961,F04541,24.015122220461226
F04541,008961,24.015122220461226
008961,F04542,18.251082116687964
F04542,008961,18.251082116687964
008961,F04543,14.625151378725544
F04543,008961,14.625151378725544
030328,CSF04540,9.600960739862314
CSF04540,030328,9.600960739862314
030328,F04538,15.794860183090705
F04538,030328,15.794860183090705
030328,F04539,16.971098625315822
F04539,030328,16.971098625315822
030328,F04540,11.963117905908067
F04540,030328,11.963117905908067
030328,F04541,9.88447724900496
F04541,030328,9.88447724900496
030328,F04542,23.882257598454856
F04542,030328,23.882257598454856
030328,F04543,23.14804452194615
F04543,030328,23.14804452194615
CSF04540,F04538,10.401304931404047
F04538,CSF04540,10.401304931404047
CSF04540,F04539,9.943296758743346
F04539,CSF04540,9.943296758743346
CSF04540,F04540,5.323965816278835
F04540,CSF04540,5.323965816278835
CSF04540,F04541,5.329130312856979
F04541,CSF04540,5.329130312856979
CSF04540,F04542,31.838130837056397
F04542,CSF04540,31.838130837056397
CSF04540,F04543,31.901001478271503
F04543,CSF04540,31.901001478271503
F04538,F04539,18.813173499878804
F04539,F04538,18.813173499878804
F04538,F04540,5.080912712667442
F04540,F04538,5.080912712667442
F04538,F04541,15.729503481850156
F04541,F04538,15.729503481850156
F04538,F04542,30.899040326026974
F04542,F04538,30.899040326026974
F04538,F04543,32.46870469282193
F04543,F04538,32.46870469282193
F04539,F04540,14.292606697137275
F04540,F04539,14.292606697137275
F04539,F04541,7.093583060311284
F04541,F04539,7.093583060311284
F04539,F04542,40.710645960919216
F04542,F04539,40.710645960919216
F04539,F04543,40.1155427990098
F04543,F04539,40.1155427990098
F04540,F04541,10.6530870761624
F04541,F04540,10.6530870761624
F04540,F04542,30.79136605658809
F04542,F04540,30.79136605658809
F04540,F04543,31.634056627452566
F04543,F04540,31.634056627452566
F04541,F04542,33.69287414457936
F04542,F04541,33.69287414457936
F04541,F04543,33.023380657640544
F04543,F04541,33.023380657640544
F04542,F04543,4.6774541470254105
F04543,F04542,4.6774541470254105
F04568,F04569,11.618630779343645
F04569,F04568,11.618630779343645
F04532,F04533,9.397996643869512
F04533,F04532,9.397996643869512
F04536,F04537,13.464306326141608
F04537,F04536,13.464306326141608
F04223,F04224,6.5293195595071705
F04224,F04223,6.5293195595071705
F04221,F04222,14.065102417334682
F04222,F04221,14.065102417334682
F04347,F04348,10.01939653494984
F04348,F04347,10.01939653494984
F04258,F04259,10.28971426831392
F04259,F04258,10.28971426831392
F04345,F04346,5.855000959118445
F04346,F04345,5.855000959118445
F04343,F04344,7.08416429650457
F04344,F04343,7.08416429650457
F04181,F04226,11.522193122358416
F04226,F04181,11.522193122358416
F04181,F04227,5.09444614934995
F04227,F04181,5.09444614934995
F04226,F04227,16.046630192467962
F04227,F04226,16.046630192467962
F04260,F04261,26.716155037522213
F04261,F04260,26.716155037522213
F04262,F04263,8.366722898788396
F04263,F04262,8.366722898788396
F04341,F04342,12.13714000872069
F04342,F04341,12.13714000872069
F04219,F04220,12.60871836233438
F04220,F04219,12.60871836233438
F04254,F04255,7.4698843181494246
F04255,F04254,7.4698843181494246
F04256,F04257,19.13013082599041
F04257,F04256,19.13013082599041
F04244,F04245,10.16976261210691
F04245,F04244,10.16976261210691
F04242,F04243,10.257848281654656
F04243,F04242,10.257848281654656
F04217,F04218,10.99228526133507
F04218,F04217,10.99228526133507
F04362,F04363,9.101273062457997
F04363,F04362,9.101273062457997
F04362,F04364,5.2447893948965625
F04364,F04362,5.2447893948965625
F04363,F04364,12.893474540469704
F04364,F04363,12.893474540469704
F04198,F04199,14.925781438559607
F04199,F04198,14.925781438559607
F04213,F04214,3.6505953081937443
F04214,F04213,3.6505953081937443
F04215,F04216,8.924578546886545
F04216,F04215,8.924578546886545
F04240,F04241,2.400054469166104
F04241,F04240,2.400054469166104
F04232,F04233,21.03757310964467
F04233,F04232,21.03757310964467
F04238,F04239,10.704803415174823
F04239,F04238,10.704803415174823
F04250,F04251,5.098278448981355
F04251,F04250,5.098278448981355
F04252,F04253,21.532538523839403
F04253,F04252,21.532538523839403
F04248,F04249,9.30376848633911
F04249,F04248,9.30376848633911
F04339,F04340,9.652054833271707
F04340,F04339,9.652054833271707
F04287,F04288,3.7151375112993845
F04288,F04287,3.7151375112993845
F04285,F04286,7.072393234697579
F04286,F04285,7.072393234697579
067622,F04276,4.7439129542052605
F04276,067622,4.7439129542052605
067622,F04277,11.07966746749832
F04277,067622,11.07966746749832
F04276,F04277,6.338818574365081
F04277,F04276,6.338818574365081
F04280,F04281,11.085497710921508
F04281,F04280,11.085497710921508
F04283,F04284,17.501832599105406
F04284,F04283,17.501832599105406
F04360,F04361,24.47120602681459
F04361,F04360,24.47120602681459
F04349,F04350,7.550119672013288
F04350,F04349,7.550119672013288
F04349,F04366,14.263105841750066
F04366,F04349,14.263105841750066
F04349,F04367,24.89521776309373
F04367,F04349,24.89521776309373
F04350,F04366,10.219055667335923
F04366,F04350,10.219055667335923
F04350,F04367,17.73228206219243
F04367,F04350,17.73228206219243
F04366,F04367,14.034234752253035
F04367,F04366,14.034234752253035
F04205,F04206,16.781096912029348
F04206,F04205,16.781096912029348
F04200,F04291,12.985982553148254
F04291,F04200,12.985982553148254
F04200,F04292,21.691487740304417
F04292,F04200,21.691487740304417
F04200,F04293,19.14734728809725
F04293,F04200,19.14734728809725
F04291,F04292,12.375775381837913
F04292,F04291,12.375775381837913
F04291,F04293,9.410950891304179
F04293,F04291,9.410950891304179
F04292,F04293,2.9704241347138844
F04293,F04292,2.9704241347138844
F04334,F04335,3.752431556773048
F04335,F04334,3.752431556773048
F04201,F04202,19.29308037018508
F04202,F04201,19.29308037018508
F04211,F04212,14.149852704570902
F04212,F04211,14.149852704570902
F04207,F04208,10.244591442046827
F04208,F04207,10.244591442046827
F04207,F04209,14.876503685719552
F04209,F04207,14.876503685719552
F04207,F04210,18.037663364292282
F04210,F04207,18.037663364292282
F04208,F04209,12.903880706976784
F04209,F04208,12.903880706976784
F04208,F04210,24.641234847579888
F04210,F04208,24.641234847579888
F04209,F04210,16.732451275568923
F04210,F04209,16.732451275568923
008802,008864,12.757702058738309
008864,008802,12.757702058738309
008801,009577,6.647326271557055
009577,008801,6.647326271557055
008801,009578,12.905743975296822
009578,008801,12.905743975296822
009577,009578,6.27305504194752
009578,009577,6.27305504194752
F04381,F04382,6.162378412163813
F04382,F04381,6.162378412163813
F04381,F04383,20.300926685116334
F04383,F04381,20.300926685116334
F04381,F04384,5.42903916753464
F04384,F04381,5.42903916753464
F04382,F04383,14.906431138710346
F04383,F04382,14.906431138710346
F04382,F04384,3.212885300650347
F04384,F04382,3.212885300650347
F04383,F04384,17.819929036014894
F04384,F04383,17.819929036014894
008106,F01904,15.79947129882681
F01904,008106,15.79947129882681
008128,009541,19.297651467254923
009541,008128,19.297651467254923
008128,F01902,15.38546472253024
F01902,008128,15.38546472253024
008128,F01903,10.06423500726959
F01903,008128,10.06423500726959
008128,F01905,7.757912528137958
F01905,008128,7.757912528137958
009541,F01902,19.335396693985906
F01902,009541,19.335396693985906
009541,F01903,21.684298882128736
F01903,009541,21.684298882128736
009541,F01905,22.749153031292597
F01905,009541,22.749153031292597
F01902,F01903,7.250420416279798
F01903,F01902,7.250420416279798
F01902,F01905,10.655831930989011
F01905,F01902,10.655831930989011
F01903,F01905,3.4838144535690336
F01905,F01903,3.4838144535690336
009465,009466,1.7534804158431139
009466,009465,1.7534804158431139
007930,007931,6.526591590198292
007931,007930,6.526591590198292
F04396,F04397,5.853720280142934
F04397,F04396,5.853720280142934
F04396,F04398,6.281300480625835
F04398,F04396,6.281300480625835
F04396,F04400,22.735124331003256
F04400,F04396,22.735124331003256
F04396,F04402,17.901580502174593
F04402,F04396,17.901580502174593
F04397,F04398,1.6748869434300617
F04398,F04397,1.6748869434300617
F04397,F04400,18.240018852218338
F04400,F04397,18.240018852218338
F04397,F04402,12.723776709784866
F04402,F04397,12.723776709784866
F04398,F04400,16.944084301695856
F04400,F04398,16.944084301695856
F04398,F04402,11.707444875041782
F04402,F04398,11.707444875041782
F04400,F04402,6.365462661744337
F04402,F04400,6.365462661744337
081950,083777,28.766215058790625
083777,081950,28.766215058790625
081950,F04403,25.99484460637177
F04403,081950,25.99484460637177
081950,F04404,7.879945755920934
F04404,081950,7.879945755920934
081950,F04405,21.26646582816884
F04405,081950,21.26646582816884
081950,F04406,14.486100973681145
F04406,081950,14.486100973681145
083777,F04403,28.560300413818137
F04403,083777,28.560300413818137
083777,F04404,26.50073903056351
F04404,083777,26.50073903056351
083777,F04405,11.026074031199045
F04405,083777,11.026074031199045
083777,F04406,18.986541996981714
F04406,083777,18.986541996981714
F04403,F04404,18.130047848644402
F04404,F04403,18.130047848644402
F04403,F04405,18.17412146597649
F04405,F04403,18.17412146597649
F04403,F04406,14.63411294555165
F04406,F04403,14.63411294555165
F04404,F04405,16.878450228426612
F04405,F04404,16.878450228426612
F04404,F04406,8.604340028079866
F04406,F04404,8.604340028079866
F04405,F04406,8.517101789540103
F04406,F04405,8.517101789540103
F04414,F04415,8.705368204514802
F04415,F04414,8.705368204514802
F04416,F04417,10.001178875605687
F04417,F04416,10.001178875605687
F04435,F04436,3.55932455353286
F04436,F04435,3.55932455353286
F04433,F04434,16.610746712234626
F04434,F04433,16.610746712234626
F04407,F04408,9.261897647223773
F04408,F04407,9.261897647223773
F04407,F04409,13.49477160919049
F04409,F04407,13.49477160919049
F04408,F04409,13.798355918996897
F04409,F04408,13.798355918996897
009471,009473,6.193448655737822
009473,009471,6.193448655737822
009474,F04410,11.765710912092558
F04410,009474,11.765710912092558
009474,F04411,26.313778808861
F04411,009474,26.313778808861
F04410,F04411,16.924078577574793
F04411,F04410,16.924078577574793
CSF04369,F04358,8.53059319924958
F04358,CSF04369,8.53059319924958
CSF04369,F04359,5.611742283804456
F04359,CSF04369,5.611742283804456
CSF04369,F04368,10.206640900754353
F04368,CSF04369,10.206640900754353
CSF04369,F04369,10.206641660999578
F04369,CSF04369,10.206641660999578
F04358,F04359,5.902655030600634
F04359,F04358,5.902655030600634
F04358,F04368,18.513917300889325
F04368,F04358,18.513917300889325
F04358,F04369,3.335861870418417
F04369,F04358,3.335861870418417
F04359,F04368,13.808272084
F04368,F04359,13.808272084
F04359,F04369,8.981426682116222
F04369,F04359,8.981426682116222
F04368,F04369,20.413282561742566
F04369,F04368,20.413282561742566
072938,F04311,17.838177906830676
F04311,072938,17.838177906830676
072938,F04312,5.732412486832461
F04312,072938,5.732412486832461
F04311,F04312,20.579985057892625
F04312,F04311,20.579985057892625
F04316,F04317,5.281816300624161
F04317,F04316,5.281816300624161
F04314,F04315,9.948479341581676
F04315,F04314,9.948479341581676
F04306,F04307,25.13766193594246
F04307,F04306,25.13766193594246
F04300,F04301,3.1353798084588327
F04301,F04300,3.1353798084588327
F04300,F04302,17.690550060541952
F04302,F04300,17.690550060541952
F04301,F04302,14.691995745822563
F04302,F04301,14.691995745822563
F04355,F04356,3.135378798354118
F04356,F04355,3.135378798354118
F04299,F04357,3.3424321785698394
F04357,F04299,3.3424321785698394
CSF04183,F04177,8.428184434283477
F04177,CSF04183,8.428184434283477
CSF04183,F04183,0.924248551465724
F04183,CSF04183,0.924248551465724
CSF04183,F04184,0.9242487232285276
F04184,CSF04183,0.9242487232285276
CSF04183,F04267,13.687306838502048
F04267,CSF04183,13.687306838502048
CSF04183,F04268,13.593058896740828
F04268,CSF04183,13.593058896740828
F04177,F04183,7.887137370745583
F04183,F04177,7.887137370745583
F04177,F04184,9.031617448974242
F04184,F04177,9.031617448974242
F04177,F04267,22.057589439871034
F04267,F04177,22.057589439871034
F04177,F04268,16.76652150626219
F04268,F04177,16.76652150626219
F04183,F04184,1.848497274694759
F04184,F04183,1.848497274694759
F04183,F04267,14.376666475366838
F04267,F04183,14.376666475366838
F04183,F04268,12.953178678142256
F04268,F04183,12.953178678142256
F04184,F04267,13.027074819464842
F04267,F04184,13.027074819464842
F04184,F04268,14.264156120815196
F04268,F04184,14.264156120815196
F04267,F04268,19.656549447202153
F04268,F04267,19.656549447202153
F04295,F04296,16.92907164670136
F04296,F04295,16.92907164670136
040609,041095,10.39220165700881
041095,040609,10.39220165700881
040609,CSF04319,10.621739672183896
CSF04319,040609,10.621739672183896
040609,F04318,43.75988937438962
F04318,040609,43.75988937438962
040609,F04319,3.892457061432363
F04319,040609,3.892457061432363
040609,F04320,11.580491409213884
F04320,040609,11.580491409213884
040609,F04322,23.771131944153066
F04322,040609,23.771131944153066
041095,CSF04319,16.55609841974577
CSF04319,041095,16.55609841974577
041095,F04318,48.93282335358473
F04318,041095,48.93282335358473
041095,F04319,6.962999839523011
F04319,041095,6.962999839523011
041095,F04320,19.041557318038997
F04320,041095,19.041557318038997
041095,F04322,29.228411288588216
F04322,041095,29.228411288588216
CSF04319,F04318,33.35653408893138
F04318,CSF04319,33.35653408893138
CSF04319,F04319,13.314935880359537
F04319,CSF04319,13.314935880359537
CSF04319,F04320,3.2450168800990236
F04320,CSF04319,3.2450168800990236
CSF04319,F04322,13.31493637092244
F04322,CSF04319,13.31493637092244
F04318,F04319,46.671401637554666
F04319,F04318,46.671401637554666
F04318,F04320,32.263494446197235
F04320,F04318,32.263494446197235
F04318,F04322,20.041756628069383
F04322,F04318,20.041756628069383
F04319,F04320,14.864529930164062
F04320,F04319,14.864529930164062
F04319,F04322,26.62987225134063
F04322,F04319,26.62987225134063
F04320,F04322,12.43709253560739
F04322,F04320,12.43709253560739
044385,F04321,10.928086016612934
F04321,044385,10.928086016612934
008067,F04323,7.270329643261463
F04323,008067,7.270329643261463
008067,F04324,8.088255556423336
F04324,008067,8.088255556423336
008067,F04325,18.090260647680246
F04325,008067,18.090260647680246
008067,F04327,3.9214625461585344
F04327,008067,3.9214625461585344
008067,F04328,5.175513086955956
F04328,008067,5.175513086955956
008067,F04329,6.879780503401495
F04329,008067,6.879780503401495
008067,F04330,8.569276013723565
F04330,008067,8.569276013723565
008067,F04332,10.319979687813333
F04332,008067,10.319979687813333
008067,F04333,12.520287860569669
F04333,008067,12.520287860569669
F04323,F04324,2.7436422002877934
F04324,F04323,2.7436422002877934
F04323,F04325,23.16770766724833
F04325,F04323,23.16770766724833
F04323,F04327,9.995650885796184
F04327,F04323,9.995650885796184
F04323,F04328,10.354706504707453
F04328,F04323,10.354706504707453
F04323,F04329,11.36695532794407
F04329,F04323,11.36695532794407
F04323,F04330,12.405267490725242
F04330,F04323,12.405267490725242
F04323,F04332,13.725973707191299
F04332,F04323,13.725973707191299
F04323,F04333,15.94331348789337
F04333,F04323,15.94331348789337
F04324,F04325,21.85523318481054
F04325,F04324,21.85523318481054
F04324,F04327,9.809933338274458
F04327,F04324,9.809933338274458
F04324,F04328,9.740768159516588
F04328,F04324,9.740768159516588
F04324,F04329,10.359179216616033
F04329,F04324,10.359179216616033
F04324,F04330,11.058025833515746
F04330,F04324,11.058025833515746
F04324,F04332,12.133998683119465
F04332,F04324,12.133998683119465
F04324,F04333,14.240627411500633
F04333,F04324,14.240627411500633
F04325,F04327,14.174756843310659
F04327,F04325,14.174756843310659
F04325,F04328,13.161000078811687
F04328,F04325,13.161000078811687
F04325,F04329,11.841299514312338
F04329,F04325,11.841299514312338
F04325,F04330,10.811958509249198
F04330,F04325,10.811958509249198
F04325,F04332,9.819727238241018
F04332,F04325,9.819727238241018
F04325,F04333,8.069656331478024
F04333,F04325,8.069656331478024
F04327,F04328,1.580248311762766
F04328,F04327,1.580248311762766
F04327,F04329,3.328347393420206
F04329,F04327,3.328347393420206
F04327,F04330,5.10346600322441
F04330,F04327,5.10346600322441
F04327,F04332,6.866596099088145
F04332,F04327,6.866596099088145
F04327,F04333,8.922757362945962
F04333,F04327,8.922757362945962
F04328,F04329,1.7712258050472558
F04329,F04328,1.7712258050472558
F04328,F04330,3.540884077748557
F04330,F04328,3.540884077748557
F04328,F04332,5.3102882265348965
F04332,F04328,5.3102882265348965
F04328,F04333,7.416399471251765
F04333,F04328,7.416399471251765
F04329,F04330,1.7751186098070313
F04330,F04329,1.7751186098070313
F04329,F04332,3.540884679553551
F04332,F04329,3.540884679553551
F04329,F04333,5.657314317849385
F04333,F04329,5.657314317849385
F04330,F04332,1.7712261033196666
F04332,F04330,1.7712261033196666
F04330,F04333,3.9588209893040087
F04333,F04330,3.9588209893040087
F04332,F04333,2.280033296877365
F04333,F04332,2.280033296877365
F04188,F04189,15.318423056909763
F04189,F04188,15.318423056909763
F04178,F04179,20.304233995531884
F04179,F04178,20.304233995531884
F04186,F04187,9.135844732761253
F04187,F04186,9.135844732761253
F04337,F04338,5.894089023869576
F04338,F04337,5.894089023869576
044637,044638,19.99876337464589
044638,044637,19.99876337464589
007177,009545,10.266029289424491
009545,007177,10.266029289424491
007177,CSF04272,9.99269536498724
CSF04272,007177,9.99269536498724
007177,F04272,9.693778115611863
F04272,007177,9.693778115611863
007177,F04294,10.21558742183981
F04294,007177,10.21558742183981
007177,F04336,7.528111728662456
F04336,007177,7.528111728662456
009545,CSF04272,0.28164761612985917
CSF04272,009545,0.28164761612985917
009545,F04272,0.5876324225395407
F04272,009545,0.5876324225395407
009545,F04294,14.56498977444472
F04294,009545,14.56498977444472
009545,F04336,9.073549362671868
F04336,009545,9.073549362671868
CSF04272,F04272,0.3060679982273919
F04272,CSF04272,0.3060679982273919
CSF04272,F04294,14.418979636882348
F04294,CSF04272,14.418979636882348
CSF04272,F04336,8.932019296118838
F04336,CSF04272,8.932019296118838
F04272,F04294,14.256054440306448
F04294,F04272,14.256054440306448
F04272,F04336,8.776825309544966
F04336,F04272,8.776825309544966
F04294,F04336,5.493573630552107
F04336,F04294,5.493573630552107
F04191,F04192,9.0271763798408
F04192,F04191,9.0271763798408
F04185,F04193,21.4865855904126
F04193,F04185,21.4865855904126
F04203,F04204,13.908165664510934
F04204,F04203,13.908165664510934
F04196,F04197,7.708532996030308
F04197,F04196,7.708532996030308
F04194,F04195,26.492081617132357
F04195,F04194,26.492081617132357
008324,008325,3.973478493677497
008325,008324,3.973478493677497
048302,048303,5.288852413880773
048303,048302,5.288852413880773
048304,048305,14.669111818141204
048305,048304,14.669111818141204
073426,073427,3.921569490934434
073427,073426,3.921569490934434
062604,073471,6.877719132089608
073471,062604,6.877719132089608
062604,075119,6.849721353806072
075119,062604,6.849721353806072
073471,075119,3.6211995989150343
075119,073471,3.6211995989150343
098674,F04752,11.272058373782578
F04752,098674,11.272058373782578
008317,F04754,15.249895422853308
F04754,008317,15.249895422853308
073473,F04755,1.877871666131548
F04755,073473,1.877871666131548
008322,073472,4.680078983192768
073472,008322,4.680078983192768
008322,F04757,17.625530178241604
F04757,008322,17.625530178241604
073472,F04757,13.559546030348391
F04757,073472,13.559546030348391
F04481,F04482,2.7279390331201063
F04482,F04481,2.7279390331201063
F04767,F04768,14.315953198929137
F04768,F04767,14.315953198929137
098518,098526,9.25908236714913
098526,098518,9.25908236714913
F04769,F04770,4.720717034849104
F04770,F04769,4.720717034849104
009095,009096,3.351162822273457
009096,009095,3.351162822273457
008480,009094,10.989845007354354
009094,008480,10.989845007354354
009097,009098,2.2987992734896228
009098,009097,2.2987992734896228
009099,009100,8.036172553171706
009100,009099,8.036172553171706
009103,009104,3.191774363372506
009104,009103,3.191774363372506
009101,009102,4.1879447901254965
009102,009101,4.1879447901254965
F04719,F04720,22.361183222619854
F04720,F04719,22.361183222619854
008598,F04722,22.676874367591996
F04722,008598,22.676874367591996
008597,F04725,21.42079536517209
F04725,008597,21.42079536517209
008597,F04726,28.11251735202111
F04726,008597,28.11251735202111
F04725,F04726,8.654704927696566
F04726,F04725,8.654704927696566
F04807,F04808,11.700731822948967
F04808,F04807,11.700731822948967
F04805,F04806,18.759601374071497
F04806,F04805,18.759601374071497
008462,F04716,21.620276750772703
F04716,008462,21.620276750772703
008462,F04717,19.59982843641197
F04717,008462,19.59982843641197
F04716,F04717,9.79581715246506
F04717,F04716,9.79581715246506
F04791,F04792,8.232266383765214
F04792,F04791,8.232266383765214
F04809,F04810,3.7985949323444523
F04810,F04809,3.7985949323444523
F04735,F04736,9.630110430201038
F04736,F04735,9.630110430201038
F04727,F04728,8.44601887763227
F04728,F04727,8.44601887763227
086671,F04737,4.2200154415421505
F04737,086671,4.2200154415421505
108555,F04738,21.998987546718176
F04738,108555,21.998987546718176
F04731,F04732,3.8670468267102436
F04732,F04731,3.8670468267102436
F04729,F04730,23.60879678898122
F04730,F04729,23.60879678898122
008846,008847,2.8070996385544142
008847,008846,2.8070996385544142
008318,008319,4.927597894275192
008319,008318,4.927597894275192
F04710,F04711,2.7308722334745554
F04711,F04710,2.7308722334745554
F04801,F04802,14.911725735423223
F04802,F04801,14.911725735423223
F04829,F04830,7.657724524259602
F04830,F04829,7.657724524259602
F04837,F04838,14.941967751709925
F04838,F04837,14.941967751709925
008339,103053,13.721108067626428
103053,008339,13.721108067626428
008339,F04724,6.956129047102426
F04724,008339,6.956129047102426
008339,F04835,9.8733262842871
F04835,008339,9.8733262842871
008339,F04836,6.3382050107342325
F04836,008339,6.3382050107342325
103053,F04724,12.906760114397157
F04724,103053,12.906760114397157
103053,F04835,4.097547585747694
F04835,103053,4.097547585747694
103053,F04836,8.188746585458867
F04836,103053,8.188746585458867
F04724,F04835,10.547682411030138
F04835,F04724,10.547682411030138
F04724,F04836,9.440171352371639
F04836,F04724,9.440171352371639
F04835,F04836,4.091225612471048
F04836,F04835,4.091225612471048
F04714,F04715,4.721842821990905
F04715,F04714,4.721842821990905
F04712,F04713,11.969720201758607
F04713,F04712,11.969720201758607
098535,098536,19.97666231456951
098536,098535,19.97666231456951
098538,098540,23.46485448281674
098540,098538,23.46485448281674
F04743,F04744,3.740193476844927
F04744,F04743,3.740193476844927
F04745,F04746,7.040330245791791
F04746,F04745,7.040330245791791
F04747,F04748,5.899503603161367
F04748,F04747,5.899503603161367
F04764,F04765,18.728957534644042
F04765,F04764,18.728957534644042
F04803,F04804,17.023670438455344
F04804,F04803,17.023670438455344
F04741,F04742,15.194600493313633
F04742,F04741,15.194600493313633
F04739,F04740,7.836044925067113
F04740,F04739,7.836044925067113
F04833,F04834,9.580471457223354
F04834,F04833,9.580471457223354
008330,008331,8.765463987115227
008331,008330,8.765463987115227
F04762,F04763,4.382859163511002
F04763,F04762,4.382859163511002
008328,008329,9.678088738147546
008329,008328,9.678088738147546
F04812,F04813,4.7244520342859175
F04813,F04812,4.7244520342859175
F04749,F04750,6.136507499457095
F04750,F04749,6.136507499457095
008326,F04814,9.570029298899547
F04814,008326,9.570029298899547
F04795,F04796,3.3351966479055597
F04796,F04795,3.3351966479055597
F02217,F02218,11.571624526046081
F02218,F02217,11.571624526046081
F02232,F02233,4.333474454717307
F02233,F02232,4.333474454717307
F01936,F01937,7.813053830500185
F01937,F01936,7.813053830500185
F02266,F02267,14.556109053833271
F02267,F02266,14.556109053833271
F01932,F01933,5.703735302106546
F01933,F01932,5.703735302106546
F01934,F01935,8.89421317649285
F01935,F01934,8.89421317649285
F01880,F01881,2.7267863301213593
F01881,F01880,2.7267863301213593
F01883,F01884,6.673533103652206
F01884,F01883,6.673533103652206
F02069,F02070,3.4769603391801955
F02070,F02069,3.4769603391801955
F01885,F01886,12.330459316103681
F01886,F01885,12.330459316103681
F01885,F01887,10.520033071082562
F01887,F01885,10.520033071082562
F01886,F01887,3.727837733634039
F01887,F01886,3.727837733634039
F01910,F01911,5.305787018733216
F01911,F01910,5.305787018733216
F01906,F01907,11.376664508754816
F01907,F01906,11.376664508754816
F01908,F01909,20.3520010209271
F01909,F01908,20.3520010209271
F01890,F01891,1.9993132202859758
F01891,F01890,1.9993132202859758
F01888,F01889,4.417305076886653
F01889,F01888,4.417305076886653
009349,F01913,13.8811399313562
F01913,009349,13.8811399313562
F04389,F04390,4.237743471891864
F04390,F04389,4.237743471891864
083329,083330,13.788469702577203
083330,083329,13.788469702577203
F02159,F02160,6.95654200238811
F02160,F02159,6.95654200238811
F02161,F02162,13.802577097879121
F02162,F02161,13.802577097879121
F04391,F04392,5.145771980850853
F04392,F04391,5.145771980850853
F04370,F04371,20.567694928457485
F04371,F04370,20.567694928457485
008098,061286,17.92523711326304
061286,008098,17.92523711326304
008098,F04372,13.881561773161854
F04372,008098,13.881561773161854
008098,F04373,13.25579669219181
F04373,008098,13.25579669219181
061286,F04372,6.9139909648026725
F04372,061286,6.9139909648026725
061286,F04373,10.543818724577998
F04373,061286,10.543818724577998
F04372,F04373,3.650272889867444
F04373,F04372,3.650272889867444
061233,061234,4.485072057682458
061234,061233,4.485072057682458
009462,009463,15.68009918342251
009463,009462,15.68009918342251
F01898,F01899,13.601452094978141
F01899,F01898,13.601452094978141
F01894,F01895,5.2838423090442435
F01895,F01894,5.2838423090442435
F01894,F01896,3.5807862099183962
F01896,F01894,3.5807862099183962
F01894,F01897,19.74445212202783
F01897,F01894,19.74445212202783
F01895,F01896,7.515185809236314
F01896,F01895,7.515185809236314
F01895,F01897,22.379499829694968
F01897,F01895,22.379499829694968
F01896,F01897,16.164487575154993
F01897,F01896,16.164487575154993
F01892,F01893,5.408808603784187
F01893,F01892,5.408808603784187
009355,009356,2.6761191824804844
009356,009355,2.6761191824804844
009431,062726,26.71850594211785
062726,009431,26.71850594211785
009353,009354,8.07179702606537
009354,009353,8.07179702606537
009351,009352,4.246784718533951
009352,009351,4.246784718533951
008788,008789,6.899446066473937
008789,008788,6.899446066473937
008115,008116,12.840956718580477
008116,008115,12.840956718580477
008793,F04421,14.064723171760395
F04421,008793,14.064723171760395
F04418,F04419,15.019648874504034
F04419,F04418,15.019648874504034
F04423,F04424,8.057736705318403
F04424,F04423,8.057736705318403
F04425,F04426,13.736725564040366
F04426,F04425,13.736725564040366
009469,009470,0.9996629823743591
009470,009469,0.9996629823743591
009467,009468,1.6587202055770338
009468,009467,1.6587202055770338
009445,009548,2.7268107740381873
009548,009445,2.7268107740381873
050279,F04374,9.041497880369798
F04374,050279,9.041497880369798
008126,008127,1.8179021685181185
008127,008126,1.8179021685181185
008124,008125,12.278212677772279
008125,008124,12.278212677772279
F04429,F04430,11.792838097163145
F04430,F04429,11.792838097163145
008943,062513,20.975353608374764
062513,008943,20.975353608374764
008943,062514,19.347108245115926
062514,008943,19.347108245115926
008943,F04395,18.77812069831278
F04395,008943,18.77812069831278
062513,062514,2.669838574850278
062514,062513,2.669838574850278
062513,F04395,5.687062787563471
F04395,062513,5.687062787563471
062514,F04395,3.0990696066552506
F04395,062514,3.0990696066552506
F04437,F04438,1.658848508391481
F04438,F04437,1.658848508391481
009546,F04394,5.955892685051568
F04394,009546,5.955892685051568
009458,009459,16.920010649805782
009459,009458,16.920010649805782
F04427,F04428,7.251760526594386
F04428,F04427,7.251760526594386
009460,009461,14.450298041610797
009461,009460,14.450298041610797
F04494,F04495,6.41737623962754
F04495,F04494,6.41737623962754
F04479,F04480,17.472692427787976
F04480,F04479,17.472692427787976
F04490,F04491,1.9615152166454644
F04491,F04490,1.9615152166454644
F04492,F04493,9.970723520545597
F04493,F04492,9.970723520545597
F04496,F04497,9.165454898457556
F04497,F04496,9.165454898457556
F04501,F04502,6.931451812822651
F04502,F04501,6.931451812822651
008170,F04498,12.834895247205933
F04498,008170,12.834895247205933
008170,F04499,7.465000164110679
F04499,008170,7.465000164110679
F04498,F04499,6.913656917100278
F04499,F04498,6.913656917100278
F04515,F04516,2.5456593052752514
F04516,F04515,2.5456593052752514
F04483,F04484,4.5204611136564345
F04484,F04483,4.5204611136564345
008112,F04487,7.573155658773173
F04487,008112,7.573155658773173
F04503,F04504,5.848493169987585
F04504,F04503,5.848493169987585
009585,049787,6.496568096900321
049787,009585,6.496568096900321
F04507,F04508,5.9413414444124335
F04508,F04507,5.9413414444124335
F04505,F04506,10.275200010884943
F04506,F04505,10.275200010884943
F04439,F04440,2.185589177859903
F04440,F04439,2.185589177859903
F04441,F04442,7.936701697493157
F04442,F04441,7.936701697493157
F04455,F04456,8.492320569399467
F04456,F04455,8.492320569399467
F04431,F04432,5.328168406219092
F04432,F04431,5.328168406219092
F04451,F04452,7.346017893657457
F04452,F04451,7.346017893657457
007995,F04453,14.61198397655231
F04453,007995,14.61198397655231
007995,F04454,14.977175174457233
F04454,007995,14.977175174457233
F04453,F04454,7.197660671662348
F04454,F04453,7.197660671662348
009456,009457,19.686613482910385
009457,009456,19.686613482910385
F04445,F04446,14.196942445458085
F04446,F04445,14.196942445458085
F04449,F04450,3.7327240009590605
F04450,F04449,3.7327240009590605
F04447,F04448,7.768354530237595
F04448,F04447,7.768354530237595
008113,F04488,13.880752528660583
F04488,008113,13.880752528660583
008110,F04478,2.1129952555841696
F04478,008110,2.1129952555841696
008109,F04477,5.420696796874573
F04477,008109,5.420696796874573
008114,009447,12.747740944572609
009447,008114,12.747740944572609
008114,F04489,1.5296783348667413
F04489,008114,1.5296783348667413
009447,F04489,13.97776893188747
F04489,009447,13.97776893188747
062515,062516,9.178991702159276
062516,062515,9.178991702159276
F04513,F04514,1.6694710693789463
F04514,F04513,1.6694710693789463
009534,062522,2.567589040165527
062522,009534,2.567589040165527
009534,F04474,20.10514986836055
F04474,009534,20.10514986836055
009534,F04475,19.771885675959634
F04475,009534,19.771885675959634
062522,F04474,21.33506998790958
F04474,062522,21.33506998790958
062522,F04475,20.525062556655495
F04475,062522,20.525062556655495
F04474,F04475,4.154993520985582
F04475,F04474,4.154993520985582
F04470,F04471,4.982800312935047
F04471,F04470,4.982800312935047
011313,062815,9.897494818332532
062815,011313,9.897494818332532
F04472,F04473,3.5367986639733227
F04473,F04472,3.5367986639733227
008168,008169,11.34569110706641
008169,008168,11.34569110706641
008168,F04468,18.06046206557574
F04468,008168,18.06046206557574
008168,F04469,15.001789787571562
F04469,008168,15.001789787571562
008169,F04468,11.05248708448017
F04468,008169,11.05248708448017
008169,F04469,9.425986543720617
F04469,008169,9.425986543720617
F04468,F04469,3.192518782917732
F04469,F04468,3.192518782917732
F04466,F04467,18.390125667186197
F04467,F04466,18.390125667186197
F04509,F04510,16.497928453088445
F04510,F04509,16.497928453088445
008119,F04521,26.03939630442
F04521,008119,26.03939630442
082623,102568,12.088370836782506
102568,082623,12.088370836782506
082623,102569,27.53711820265299
102569,082623,27.53711820265299
102568,102569,18.7241586883386
102569,102568,18.7241586883386
008336,008337,8.312955801841591
008337,008336,8.312955801841591
007996,007997,6.989583985175569
007997,007996,6.989583985175569
007996,007998,7.653948151366091
007998,007996,7.653948151366091
007996,007999,4.722627747018141
007999,007996,4.722627747018141
007996,008120,2.112963550903371
008120,007996,2.112963550903371
007997,007998,6.592530766776205
007998,007997,6.592530766776205
007997,007999,5.898498402018814
007999,007997,5.898498402018814
007997,008120,9.036301190152152
008120,007997,9.036301190152152
007998,007999,2.9516641407543274
007999,007998,2.9516641407543274
007998,008120,8.618647950975001
008120,007998,8.618647950975001
007999,008120,5.71062297989308
008120,007999,5.71062297989308
F04457,F04458,10.438502261597947
F04458,F04457,10.438502261597947
F04511,F04512,7.494760552873585
F04512,F04511,7.494760552873585
F04459,F04460,4.333469024934953
F04460,F04459,4.333469024934953
F04461,F04462,12.172421810885872
F04462,F04461,12.172421810885872
061236,061237,2.809826071225615
061237,061236,2.809826071225615
061236,F04443,26.11499191456668
F04443,061236,26.11499191456668
061236,F04444,21.309994591653403
F04444,061236,21.309994591653403
061237,F04443,26.31742713453234
F04443,061237,26.31742713453234
061237,F04444,21.561798673642393
F04444,061237,21.561798673642393
F04443,F04444,4.806872739051973
F04444,F04443,4.806872739051973
008922,008971,13.23398750695039
008971,008922,13.23398750695039
008952,F04463,10.02185795319814
F04463,008952,10.02185795319814
008952,F04464,14.76969118704305
F04464,008952,14.76969118704305
F04463,F04464,7.302438939933806
F04464,F04463,7.302438939933806
F02279,F02280,6.774738109479315
F02280,F02279,6.774738109479315
066856,F02431,21.72158021472737
F02431,066856,21.72158021472737
066856,F02433,22.210255099196694
F02433,066856,22.210255099196694
066856,F02434,5.401842048993814
F02434,066856,5.401842048993814
F02431,F02433,3.1660163772131353
F02433,F02431,3.1660163772131353
F02431,F02434,19.60385699067856
F02434,F02431,19.60385699067856
F02433,F02434,19.359529753141082
F02434,F02433,19.359529753141082
F02435,F02436,4.2497191109534205
F02436,F02435,4.2497191109534205
F02437,F02438,9.414411124795802
F02438,F02437,9.414411124795802
F02425,F02426,11.04091157023951
F02426,F02425,11.04091157023951
F02423,F02424,13.120760757842683
F02424,F02423,13.120760757842683
F02429,F02430,5.7027786892029315
F02430,F02429,5.7027786892029315
F02397,F02398,10.011047265166752
F02398,F02397,10.011047265166752
043333,F02399,20.33398471310076
F02399,043333,20.33398471310076
043333,F02400,19.707429764187818
F02400,043333,19.707429764187818
043333,F02401,18.397271202811755
F02401,043333,18.397271202811755
F02399,F02400,6.04536518143898
F02400,F02399,6.04536518143898
F02399,F02401,10.88095923506709
F02401,F02399,10.88095923506709
F02400,F02401,5.096834605079772
F02401,F02400,5.096834605079772
F02100,F02101,9.031310696763422
F02101,F02100,9.031310696763422
F02100,F02102,12.982120816007429
F02102,F02100,12.982120816007429
F02100,F02103,9.07033914363716
F02103,F02100,9.07033914363716
F02101,F02102,13.755319596480755
F02102,F02101,13.755319596480755
F02101,F02103,13.755693774591938
F02103,F02101,13.755693774591938
F02102,F02103,5.966724142849754
F02103,F02102,5.966724142849754
008050,008051,2.049109339819401
008051,008050,2.049109339819401
F02104,F02105,9.81819066962484
F02105,F02104,9.81819066962484
F02296,F02297,6.262147351752661
F02297,F02296,6.262147351752661
F02285,F02286,14.204315729740312
F02286,F02285,14.204315729740312
F02283,F02284,3.6766225695057937
F02284,F02283,3.6766225695057937
F02281,F02282,10.041272336193064
F02282,F02281,10.041272336193064
F02275,F02276,1.9649859947552084
F02276,F02275,1.9649859947552084
F02081,F02082,13.347566980194538
F02082,F02081,13.347566980194538
F02081,F02083,13.54451426265312
F02083,F02081,13.54451426265312
F02081,F02084,10.227199430466744
F02084,F02081,10.227199430466744
F02081,F02085,15.816733082744362
F02085,F02081,15.816733082744362
F02082,F02083,4.388751901783854
F02083,F02082,4.388751901783854
F02082,F02084,5.801172091392343
F02084,F02082,5.801172091392343
F02082,F02085,7.192799788047033
F02085,F02082,7.192799788047033
F02083,F02084,9.230048076728941
F02084,F02083,9.230048076728941
F02083,F02085,11.58129626021939
F02085,F02083,11.58129626021939
F02084,F02085,5.6221580540853395
F02085,F02084,5.6221580540853395
F02277,F02278,5.46673251648973
F02278,F02277,5.46673251648973
F02364,F02365,9.966057934757975
F02365,F02364,9.966057934757975
F00091,F00092,4.33481379125397
F00092,F00091,4.33481379125397
CSF00094,F00021,22.30290236276315
F00021,CSF00094,22.30290236276315
CSF00094,F00022,17.39582620716289
F00022,CSF00094,17.39582620716289
CSF00094,F00023,16.783263188752127
F00023,CSF00094,16.783263188752127
CSF00094,F00024,15.474053347859405
F00024,CSF00094,15.474053347859405
CSF00094,F00025,18.417479333509295
F00025,CSF00094,18.417479333509295
CSF00094,F00026,9.693255455017972
F00026,CSF00094,9.693255455017972
CSF00094,F00027,15.295804081855083
F00027,CSF00094,15.295804081855083
CSF00094,F00093,21.8491548503434
F00093,CSF00094,21.8491548503434
CSF00094,F00094,3.3510219941491752
F00094,CSF00094,3.3510219941491752
CSF00094,LM2DP1,0.0
LM2DP1,CSF00094,0.0
F00021,F00022,6.328671376241101
F00022,F00021,6.328671376241101
F00021,F00023,8.439955019598976
F00023,F00021,8.439955019598976
F00021,F00024,27.111393076605054
F00024,F00021,27.111393076605054
F00021,F00025,33.01677844976026
F00025,F00021,33.01677844976026
F00021,F00026,31.3418578056519
F00026,F00021,31.3418578056519
F00021,F00027,34.30912326875226
F00027,F00021,34.30912326875226
F00021,F00093,15.346183157766749
F00093,F00021,15.346183157766749
F00021,F00094,21.810399994147428
F00094,F00021,21.810399994147428
F00021,LM2DP1,22.30290236276315
LM2DP1,F00021,22.30290236276315
F00022,F00023,9.049963032476006
F00023,F00022,9.049963032476006
F00022,F00024,25.481928545598652
F00024,F00022,25.481928545598652
F00022,F00025,30.959553493188196
F00025,F00022,30.959553493188196
F00022,F00026,26.912817496271213
F00026,F00022,26.912817496271213
F00022,F00027,30.95823226544848
F00027,F00022,30.95823226544848
F00022,F00093,10.735362279831612
F00093,F00022,10.735362279831612
F00022,F00094,17.65285977556812
F00094,F00022,17.65285977556812
F00022,LM2DP1,17.39582620716289
LM2DP1,F00022,17.39582620716289
F00023,F00024,18.728425829946513
F00024,F00023,18.728425829946513
F00023,F00025,24.694973038912945
F00025,F00023,24.694973038912945
F00023,F00026,24.668952999730376
F00026,F00023,24.668952999730376
F00023,F00027,26.575803922494607
F00027,F00023,26.575803922494607
F00023,F00093,19.712167997951575
F00093,F00023,19.712167997951575
F00023,F00094,15.288801229138208
F00094,F00023,15.288801229138208
F00023,LM2DP1,16.783263188752127
LM2DP1,F00023,16.783263188752127
F00024,F00025,6.078266915717209
F00025,F00024,6.078266915717209
F00024,F00026,14.351675098301946
F00026,F00024,14.351675098301946
F00024,F00027,10.762911140207128
F00027,F00024,10.762911140207128
F00024,F00093,34.00096498449712
F00093,F00024,34.00096498449712
F00024,F00094,12.225354539166204
F00094,F00024,12.225354539166204
F00024,LM2DP1,15.474053347859405
LM2DP1,F00024,15.474053347859405
F00025,F00026,13.72808065302566
F00026,F00025,13.72808065302566
F00025,F00027,7.337612364182411
F00027,F00025,7.337612364182411
F00025,F00093,38.77867942253505
F00093,F00025,38.77867942253505
F00025,F00094,15.630323898131357
F00094,F00025,15.630323898131357
F00025,LM2DP1,18.417479333509295
LM2DP1,F00025,18.417479333509295
F00026,F00027,7.540146431759671
F00027,F00026,7.540146431759671
F00026,F00093,31.3013027809547
F00093,F00026,31.3013027809547
F00026,F00094,9.54296141350856
F00094,F00026,9.54296141350856
F00026,LM2DP1,9.693255455017972
LM2DP1,F00026,9.693255455017972
F00027,F00093,37.04489887403798
F00093,F00027,37.04489887403798
F00027,F00094,13.574008607826645
F00094,F00027,13.574008607826645
F00027,LM2DP1,15.295804081855083
LM2DP1,F00027,15.295804081855083
F00093,F00094,23.60492162285036
F00094,F00093,23.60492162285036
F00093,LM2DP1,21.8491548503434
LM2DP1,F00093,21.8491548503434
F00094,LM2DP1,3.3510219941491752
LM2DP1,F00094,3.3510219941491752
009698,009699,3.4753692184604197
009699,009698,3.4753692184604197
009698,F02402,26.266453435028957
F02402,009698,26.266453435028957
009699,F02402,24.63221402043729
F02402,009699,24.63221402043729
F00019,F00020,7.043390955806069
F00020,F00019,7.043390955806069
011495,F02407,18.316247903735675
F02407,011495,18.316247903735675
011495,F02408,16.322202517553716
F02408,011495,16.322202517553716
011495,F02409,17.24265875624119
F02409,011495,17.24265875624119
011495,F02410,19.934327010624994
F02410,011495,19.934327010624994
011495,F02411,14.083294444941085
F02411,011495,14.083294444941085
F02407,F02408,6.358167479233343
F02408,F02407,6.358167479233343
F02407,F02409,13.366504318118652
F02409,F02407,13.366504318118652
F02407,F02410,13.266276209867916
F02410,F02407,13.266276209867916
F02407,F02411,5.8316533484346
F02411,F02407,5.8316533484346
F02408,F02409,7.014029775039509
F02409,F02408,7.014029775039509
F02408,F02410,7.284768825600161
F02410,F02408,7.284768825600161
F02408,F02411,9.25589108697563
F02411,F02408,9.25589108697563
F02409,F02410,2.9488147647645766
F02410,F02409,2.9488147647645766
F02409,F02411,15.524365620224184
F02411,F02409,15.524365620224184
F02410,F02411,16.45910681017909
F02411,F02410,16.45910681017909
008344,F02412,14.632426410490162
F02412,008344,14.632426410490162
008344,F02413,8.075787474442567
F02413,008344,8.075787474442567
008344,F02414,14.671443913725028
F02414,008344,14.671443913725028
008344,F02420,14.019147780984635
F02420,008344,14.019147780984635
008344,F02421,12.544265964513432
F02421,008344,12.544265964513432
F02412,F02413,20.34806323354608
F02413,F02412,20.34806323354608
F02412,F02414,17.285884480802924
F02414,F02412,17.285884480802924
F02412,F02420,4.778025207979646
F02420,F02412,4.778025207979646
F02412,F02421,3.6073524225572577
F02421,F02412,3.6073524225572577
F02413,F02414,11.664639303415354
F02414,F02413,11.664639303415354
F02413,F02420,21.082337736840643
F02420,F02413,21.082337736840643
F02413,F02421,17.303680731605198
F02421,F02413,17.303680731605198
F02414,F02420,20.528366629513034
F02420,F02414,20.528366629513034
F02414,F02421,13.698143750498657
F02421,F02414,13.698143750498657
F02420,F02421,7.350499350515518
F02421,F02420,7.350499350515518
F00095,F00096,8.097022223596246
F00096,F00095,8.097022223596246
F00016,F00017,12.061809568623298
F00017,F00016,12.061809568623298
F00016,F00018,9.101685284867207
F00018,F00016,9.101685284867207
F00017,F00018,7.776414658942525
F00018,F00017,7.776414658942525
F00013,F00014,16.703277906091216
F00014,F00013,16.703277906091216
F00013,F00015,10.188897529586704
F00015,F00013,10.188897529586704
F00014,F00015,9.130963706565963
F00015,F00014,9.130963706565963
F02339,F02340,2.5793687233942997
F02340,F02339,2.5793687233942997
F02337,F02338,5.451804523735393
F02338,F02337,5.451804523735393
073152,F02333,24.579077466682975
F02333,073152,24.579077466682975
073152,F02335,4.835454555375587
F02335,073152,4.835454555375587
F02333,F02335,21.405736210319876
F02335,F02333,21.405736210319876
007900,072851,3.162626928978155
072851,007900,3.162626928978155
F00028,F00029,5.101252206025465
F00029,F00028,5.101252206025465
F00030,F00031,9.265530051629042
F00031,F00030,9.265530051629042
F00069,F00070,6.837740860554342
F00070,F00069,6.837740860554342
F00069,F00114,22.15159211680179
F00114,F00069,22.15159211680179
F00070,F00114,19.889764038861184
F00114,F00070,19.889764038861184
008086,008087,47.55700180137364
008087,008086,47.55700180137364
008086,009174,23.32465931492905
009174,008086,23.32465931492905
008086,009730,42.99448808004333
009730,008086,42.99448808004333
008086,036678,21.374335011442163
036678,008086,21.374335011442163
008086,070997,46.45080437654864
070997,008086,46.45080437654864
008086,073097,43.62583765758689
073097,008086,43.62583765758689
008086,073099,52.683600386191756
073099,008086,52.683600386191756
008086,078004,47.829762786477545
078004,008086,47.829762786477545
008086,081565,31.111359409754392
081565,008086,31.111359409754392
008086,CSF02481,24.04787235681411
CSF02481,008086,24.04787235681411
008086,F00305,43.95232652292702
F00305,008086,43.95232652292702
008086,F00306,27.061630202589715
F00306,008086,27.061630202589715
008086,F00307,18.245053233182524
F00307,008086,18.245053233182524
008086,F00308,29.05465246893337
F00308,008086,29.05465246893337
008086,F00309,27.425418896956568
F00309,008086,27.425418896956568
008086,F00412,27.24083708165988
F00412,008086,27.24083708165988
008086,F00422,37.41992809562147
F00422,008086,37.41992809562147
008086,F02332,54.25365943575298
F02332,008086,54.25365943575298
008086,F02460,33.98763933714508
F02460,008086,33.98763933714508
008086,F02461,33.15313991497703
F02461,008086,33.15313991497703
008086,F02462,30.3996368653201
F02462,008086,30.3996368653201
008086,F02464,20.875462239130037
F02464,008086,20.875462239130037
008086,F02465,24.61823385799291
F02465,008086,24.61823385799291
008086,F02466,11.647098927335037
F02466,008086,11.647098927335037
008086,F02469,40.43520465812112
F02469,008086,40.43520465812112
008086,F02470,37.2413783803984
F02470,008086,37.2413783803984
008086,F02473,39.25407290524923
F02473,008086,39.25407290524923
008086,F02476,27.860970642122382
F02476,008086,27.860970642122382
008086,F02477,17.739697221910944
F02477,008086,17.739697221910944
008086,F02480,24.459234895095452
F02480,008086,24.459234895095452
008086,F02481,6.371815917303572
F02481,008086,6.371815917303572
008086,LM2SZ1,24.04787235681411
LM2SZ1,008086,24.04787235681411
008087,009174,25.24226536727703
009174,008087,25.24226536727703
008087,009730,34.54446405109097
009730,008087,34.54446405109097
008087,036678,44.9052073599384
036678,008087,44.9052073599384
008087,070997,16.523366262841236
070997,008087,16.523366262841236
008087,073097,21.473937363363923
073097,008087,21.473937363363923
008087,073099,18.404439072458455
073099,008087,18.404439072458455
008087,078004,30.099043097242728
078004,008087,30.099043097242728
008087,081565,19.80171570558263
081565,008087,19.80171570558263
008087,CSF02481,36.7236463659478
CSF02481,008087,36.7236463659478
008087,F00305,4.4853163167900725
F00305,008087,4.4853163167900725
008087,F00306,49.38094723042331
F00306,008087,49.38094723042331
008087,F00307,46.3192269004075
F00307,008087,46.3192269004075
008087,F00308,54.3140732593264
F00308,008087,54.3140732593264
008087,F00309,55.09927145873579
F00309,008087,55.09927145873579
008087,F00412,22.410198888346223
F00412,008087,22.410198888346223
008087,F00422,21.788693900748385
F00422,008087,21.788693900748385
008087,F02332,39.804177444579565
F02332,008087,39.804177444579565
008087,F02460,35.7757390981455
F02460,008087,35.7757390981455
008087,F02461,41.86387416816399
F02461,008087,41.86387416816399
008087,F02462,47.14943676451735
F02462,008087,47.14943676451735
008087,F02464,30.3278593571908
F02464,008087,30.3278593571908
008087,F02465,27.741726004642302
F02465,008087,27.741726004642302
008087,F02466,37.33516361332577
F02466,008087,37.33516361332577
008087,F02469,42.73489007548869
F02469,008087,42.73489007548869
008087,F02470,44.88990882781113
F02470,008087,44.88990882781113
008087,F02473,39.80525582159661
F02473,008087,39.80525582159661
008087,F02476,27.18411082061251
F02476,008087,27.18411082061251
008087,F02477,35.19637848865257
F02477,008087,35.19637848865257
008087,F02480,40.348012108590694
F02480,008087,40.348012108590694
008087,F02481,41.5046412383677
F02481,008087,41.5046412383677
008087,LM2SZ1,36.7236463659478
LM2SZ1,008087,36.7236463659478
009174,009730,26.410656872598903
009730,009174,26.410656872598903
009174,036678,21.60669730177216
036678,009174,21.60669730177216
009174,070997,23.57977129903369
070997,009174,23.57977129903369
009174,073097,21.86310210526491
073097,009174,21.86310210526491
009174,073099,29.779330388884844
073099,009174,29.779330388884844
009174,078004,28.338405927847045
078004,009174,28.338405927847045
009174,081565,8.045050349965768
081565,009174,8.045050349965768
009174,CSF02481,15.095412683243444
CSF02481,009174,15.095412683243444
009174,F00305,21.209513441968035
F00305,009174,21.209513441968035
009174,F00306,35.63966045027785
F00306,009174,35.63966045027785
009174,F00307,28.898586350431906
F00307,009174,28.898586350431906
009174,F00308,39.98864100416871
F00308,009174,39.98864100416871
009174,F00309,39.70868705243603
F00309,009174,39.70868705243603
009174,F00412,4.1211357602586824
F00412,009174,4.1211357602586824
009174,F00422,15.88577840171674
F00422,009174,15.88577840171674
009174,F02332,37.028441047888904
F02332,009174,37.028441047888904
009174,F02460,20.583118607528103
F02460,009174,20.583118607528103
009174,F02461,24.319277738970897
F02461,009174,24.319277738970897
009174,F02462,26.915235381172
F02462,009174,26.915235381172
009174,F02464,6.00348626918026
F02464,009174,6.00348626918026
009174,F02465,6.052674159563151
F02465,009174,6.052674159563151
009174,F02466,12.24980500764784
F02466,009174,12.24980500764784
009174,F02469,29.17190925085383
F02469,009174,29.17190925085383
009174,F02470,28.679754017706298
F02470,009174,28.679754017706298
009174,F02473,26.658688883917797
F02473,009174,26.658688883917797
009174,F02476,9.039797544775299
F02476,009174,9.039797544775299
009174,F02477,10.537071501161392
F02477,009174,10.537071501161392
009174,F02480,18.63912822349851
F02480,009174,18.63912822349851
009174,F02481,18.029846368481333
F02481,009174,18.029846368481333
009174,LM2SZ1,15.095412683243444
LM2SZ1,009174,15.095412683243444
009730,036678,25.37186431602057
036678,009730,25.37186431602057
009730,070997,19.123193240346357
070997,009730,19.123193240346357
009730,073097,13.33984498043458
073097,009730,13.33984498043458
009730,073099,22.15010044205604
073099,009730,22.15010044205604
009730,078004,7.7828255810165725
078004,009730,7.7828255810165725
009730,081565,21.321568389206817
081565,009730,21.321568389206817
009730,CSF02481,19.137750415797314
CSF02481,009730,19.137750415797314
009730,F00305,30.57059665525556
F00305,009730,30.57059665525556
009730,F00306,61.76679052575442
F00306,009730,61.76679052575442
009730,F00307,54.35027031405482
F00307,009730,54.35027031405482
009730,F00308,65.88240493951955
F00308,009730,65.88240493951955
009730,F00309,65.32799264270743
F00309,009730,65.32799264270743
009730,F00412,23.447390569251535
F00412,009730,23.447390569251535
009730,F00422,13.774910563553448
F00422,009730,13.774910563553448
009730,F02332,11.287152268193369
F02332,009730,11.287152268193369
009730,F02460,9.417509983188125
F02460,009730,9.417509983188125
009730,F02461,13.853488621724605
F02461,009730,13.853488621724605
009730,F02462,20.597654274800238
F02462,009730,20.597654274800238
009730,F02464,24.03220943967537
F02464,009730,24.03220943967537
009730,F02465,21.04528795577584
F02465,009730,21.04528795577584
009730,F02466,32.24379824530777
F02466,009730,32.24379824530777
009730,F02469,9.733567908704677
F02469,009730,9.733567908704677
009730,F02470,13.803637927431792
F02470,009730,13.803637927431792
009730,F02473,7.486979037016592
F02473,009730,7.486979037016592
009730,F02476,17.52503654722544
F02476,009730,17.52503654722544
009730,F02477,25.475074929631507
F02477,009730,25.475074929631507
009730,F02480,20.047476647149423
F02480,009730,20.047476647149423
009730,F02481,40.34214148549057
F02481,009730,40.34214148549057
009730,LM2SZ1,19.137750415797314
LM2SZ1,009730,19.137750415797314
036678,070997,36.43432041223836
070997,036678,36.43432041223836
036678,073097,31.561373249018065
073097,036678,31.561373249018065
036678,073099,42.05383004767595
073099,036678,42.05383004767595
036678,078004,32.09334844835291
078004,036678,32.09334844835291
036678,081565,25.103507678153626
081565,036678,25.103507678153626
036678,CSF02481,8.496906357487108
CSF02481,036678,8.496906357487108
036678,F00305,40.47263561020374
F00305,036678,40.47263561020374
036678,F00306,46.50878541222786
F00306,036678,46.50878541222786
036678,F00307,37.77671820126021
F00307,036678,37.77671820126021
036678,F00308,49.402782921157886
F00308,036678,49.402782921157886
036678,F00309,48.09037052771693
F00309,036678,48.09037052771693
036678,F00412,22.933791748510806
F00412,036678,22.933791748510806
036678,F00422,26.348616440897935
F00422,036678,26.348616440897935
036678,F02332,35.88178781333928
F02332,036678,35.88178781333928
036678,F02460,16.037838916389084
F02460,036678,16.037838916389084
036678,F02461,12.7398120639205
F02461,036678,12.7398120639205
036678,F02462,9.031520523224573
F02462,036678,9.031520523224573
036678,F02464,15.610086333060647
F02464,036678,15.610086333060647
036678,F02465,17.28561934376783
F02465,036678,17.28561934376783
036678,F02466,15.45194075565323
F02466,036678,15.45194075565323
036678,F02469,20.085694709803697
F02469,036678,20.085694709803697
036678,F02470,16.264231175925982
F02470,036678,16.264231175925982
036678,F02473,19.66440560546026
F02473,036678,19.66440560546026
036678,F02476,17.89788027175288
F02476,036678,17.89788027175288
036678,F02477,11.407595245829631
F02477,036678,11.407595245829631
036678,F02480,5.613703791056796
F02480,036678,5.613703791056796
036678,F02481,21.957854186845033
F02481,036678,21.957854186845033
036678,LM2SZ1,8.496906357487108
LM2SZ1,036678,8.496906357487108
070997,073097,5.900518602659769
073097,070997,5.900518602659769
070997,073099,6.2339303766062795
073099,070997,6.2339303766062795
070997,078004,13.665530223089666
078004,070997,13.665530223089666
070997,081565,15.536278802198563
081565,070997,15.536278802198563
070997,CSF02481,27.999643244621318
CSF02481,070997,27.999643244621318
070997,F00305,13.478970165042409
F00305,070997,13.478970165042409
070997,F00306,56.81999714753354
F00306,070997,56.81999714753354
070997,F00307,51.4227990357338
F00307,070997,51.4227990357338
070997,F00308,61.56018623050785
F00308,070997,61.56018623050785
070997,F00309,61.72455065608718
F00309,070997,61.72455065608718
070997,F00412,19.469104456551847
F00412,070997,19.469104456551847
070997,F00422,10.102934983560996
F00422,070997,10.102934983560996
070997,F02332,23.280844296291114
F02332,070997,23.280844296291114
070997,F02460,23.148340685577278
F02460,070997,23.148340685577278
070997,F02461,29.457550776192974
F02461,070997,29.457550776192974
070997,F02462,35.772834050224205
F02462,070997,35.772834050224205
070997,F02464,25.79972642746102
F02464,070997,25.79972642746102
070997,F02465,22.132456073842448
F02465,070997,22.132456073842448
070997,F02466,34.85981239697695
F02466,070997,34.85981239697695
070997,F02469,28.31297265885977
F02469,070997,28.31297265885977
070997,F02470,31.41842743120416
F02470,070997,31.41842743120416
070997,F02473,25.540712626521866
F02473,070997,25.540712626521866
070997,F02476,19.54530270990065
F02476,070997,19.54530270990065
070997,F02477,29.98939177492199
F02477,070997,29.98939177492199
070997,F02480,31.0002231459627
F02480,070997,31.0002231459627
070997,F02481,41.5529700842542
F02481,070997,41.5529700842542
070997,LM2SZ1,27.999643244621318
LM2SZ1,070997,27.999643244621318
073097,073099,10.546243991437454
073099,073097,10.546243991437454
073097,078004,8.995158598814593
078004,073097,8.995158598814593
073097,081565,14.158709760180262
081565,073097,14.158709760180262
073097,CSF02481,23.304892154609046
CSF02481,073097,23.304892154609046
073097,F00305,17.802680688743195
F00305,073097,17.802680688743195
073097,F00306,56.746391573802654
F00306,073097,56.746391573802654
073097,F00307,50.61293450894007
F00307,073097,50.61293450894007
073097,F00308,61.32655003067776
F00308,073097,61.32655003067776
073097,F00309,61.25606645170834
F00309,073097,61.25606645170834
073097,F00412,17.827955333213527
F00412,073097,17.827955333213527
073097,F00422,6.2113855096320005
F00422,073097,6.2113855096320005
073097,F02332,19.007253646664246
F02332,073097,19.007253646664246
073097,F02460,17.475565828349037
F02460,073097,17.475565828349037
073097,F02461,23.742184986977247
F02461,073097,23.742184986977247
073097,F02462,30.189622272581765
F02462,073097,30.189622272581765
073097,F02464,22.751108829880984
F02464,073097,22.751108829880984
073097,F02465,19.009284398792644
F02465,073097,19.009284398792644
073097,F02466,31.9859435639956
F02466,073097,31.9859435639956
073097,F02469,22.4154388713925
F02469,073097,22.4154388713925
073097,F02470,25.54756098446742
F02470,073097,25.54756098446742
073097,F02473,19.64046714421357
F02473,073097,19.64046714421357
073097,F02476,15.872154592198212
F02476,073097,15.872154592198212
073097,F02477,26.40645501836168
F02477,073097,26.40645501836168
073097,F02480,26.01006116043428
F02480,073097,26.01006116043428
073097,F02481,39.27340923139429
F02481,073097,39.27340923139429
073097,LM2SZ1,23.304892154609046
LM2SZ1,073097,23.304892154609046
073099,078004,15.157954716657382
078004,073099,15.157954716657382
073099,081565,21.74338168003166
081565,073099,21.74338168003166
073099,CSF02481,33.7192531117605
CSF02481,073099,33.7192531117605
073099,F00305,16.687034402701283
F00305,073099,16.687034402701283
073099,F00306,62.43883515664837
F00306,073099,62.43883515664837
073099,F00307,57.33602865748897
F00307,073099,57.33602865748897
073099,F00308,67.23307016413722
F00308,073099,67.23307016413722
073099,F00309,67.4912957056752
F00309,073099,67.4912957056752
073099,F00412,25.677306324495206
F00412,073099,25.677306324495206
073099,F00422,15.975851982942812
F00422,073099,15.975851982942812
073099,F02332,23.28711942630298
F02332,073099,23.28711942630298
073099,F02460,27.87514817281073
F02460,073099,27.87514817281073
073099,F02461,34.05545737377686
F02461,073099,34.05545737377686
073099,F02462,40.61832109094147
F02462,073099,40.61832109094147
073099,F02464,32.00410696648534
F02464,073099,32.00410696648534
073099,F02465,28.318849494616185
F02465,073099,28.318849494616185
073099,F02466,41.08747406069279
F02466,073099,41.08747406069279
073099,F02469,31.8116412287333
F02469,073099,31.8116412287333
073099,F02470,35.43294194222832
F02470,073099,35.43294194222832
073099,F02473,29.257670126844296
F02473,073099,29.257670126844296
073099,F02476,25.61869303965261
F02476,073099,25.61869303965261
073099,F02477,36.12264435306714
F02477,073099,36.12264435306714
073099,F02480,36.527551645145024
F02480,073099,36.527551645145024
073099,F02481,47.77266406000744
F02481,073099,47.77266406000744
073099,LM2SZ1,33.7192531117605
LM2SZ1,073099,33.7192531117605
078004,081565,21.54909780629814
081565,078004,21.54909780629814
078004,CSF02481,24.905468068272775
CSF02481,078004,24.905468068272775
078004,F00305,26.665705640840745
F00305,078004,26.665705640840745
078004,F00306,63.92359750291902
F00306,078004,63.92359750291902
078004,F00307,57.16989346601271
F00307,078004,57.16989346601271
078004,F00308,68.32326173283337
F00308,078004,68.32326173283337
078004,F00309,68.03402479713439
F00309,078004,68.03402479713439
078004,F00412,24.664311880737472
F00412,078004,24.664311880737472
078004,F00422,12.91078852895474
F00422,078004,12.91078852895474
078004,F02332,10.017290619934514
F02332,078004,10.017290619934514
078004,F02460,16.146744481721242
F02460,078004,16.146744481721242
078004,F02461,21.397707336682775
F02461,078004,21.397707336682775
078004,F02462,28.18371713842224
F02462,078004,28.18371713842224
078004,F02464,27.54864424972935
F02464,078004,27.54864424972935
078004,F02465,24.03498883768855
F02465,078004,24.03498883768855
078004,F02466,36.50184937787153
F02466,078004,36.50184937787153
078004,F02469,17.407915308858296
F02469,078004,17.407915308858296
078004,F02470,21.58550695958664
F02470,078004,21.58550695958664
078004,F02473,15.269802939763554
F02473,078004,15.269802939763554
078004,F02476,20.454521640757658
F02476,078004,20.454521640757658
078004,F02477,30.0926227441896
F02477,078004,30.0926227441896
078004,F02480,26.55363450595225
F02480,078004,26.55363450595225
078004,F02481,44.362116186997916
F02481,078004,44.362116186997916
078004,LM2SZ1,24.905468068272775
LM2SZ1,078004,24.905468068272775
081565,CSF02481,16.9926379473704
CSF02481,081565,16.9926379473704
081565,F00305,15.378496164630272
F00305,081565,15.378496164630272
081565,F00306,42.642075164424455
F00306,081565,42.642075164424455
081565,F00307,36.47297488511764
F00307,081565,36.47297488511764
081565,F00308,47.18638712423872
F00308,081565,47.18638712423872
081565,F00309,47.09757934380718
F00309,081565,47.09757934380718
081565,F00412,3.933959261519655
F00412,081565,3.933959261519655
081565,F00422,8.647172671057568
F00422,081565,8.647172671057568
081565,F02332,30.94372518744385
F02332,081565,30.94372518744385
081565,F02460,18.228442396779382
F02460,081565,18.228442396779382
081565,F02461,23.55156681851854
F02461,081565,23.55156681851854
081565,F02462,27.963955863913707
F02462,081565,27.963955863913707
081565,F02464,11.152369452504615
F02464,081565,11.152369452504615
081565,F02465,8.052263030194972
F02465,081565,8.052263030194972
081565,F02466,19.671872090986582
F02466,081565,19.671872090986582
081565,F02469,26.504153828816968
F02469,081565,26.504153828816968
081565,F02470,27.32521578103253
F02470,081565,27.32521578103253
081565,F02473,23.661071602606587
F02473,081565,23.661071602606587
081565,F02476,7.573007925012978
F02476,081565,7.573007925012978
081565,F02477,15.89387937172645
F02477,081565,15.89387937172645
081565,F02480,20.664134493918258
F02480,081565,20.664134493918258
081565,F02481,26.033997257735862
F02481,081565,26.033997257735862
081565,LM2SZ1,16.9926379473704
LM2SZ1,081565,16.9926379473704
CSF02481,F00305,32.258633368721895
F00305,CSF02481,32.258633368721895
CSF02481,F00306,45.72814532493166
F00306,CSF02481,45.72814532493166
CSF02481,F00307,37.49388179421687
F00307,CSF02481,37.49388179421687
CSF02481,F00308,49.28423840771136
F00308,CSF02481,49.28423840771136
CSF02481,F00309,48.35098426460832
F00309,CSF02481,48.35098426460832
CSF02481,F00412,15.388958190477641
F00412,CSF02481,15.388958190477641
CSF02481,F00422,17.899135330117623
F00422,CSF02481,17.899135330117623
CSF02481,F02332,30.30394886364109
F02332,CSF02481,30.30394886364109
CSF02481,F02460,9.945645671962813
F02460,CSF02481,9.945645671962813
CSF02481,F02461,10.357233556582123
F02461,CSF02481,10.357233556582123
CSF02481,F02462,11.819831793332972
F02462,CSF02481,11.819831793332972
CSF02481,F02464,9.427833234583458
F02464,CSF02481,9.427833234583458
CSF02481,F02465,9.697499827555694
F02465,CSF02481,9.697499827555694
CSF02481,F02466,14.252712038877975
F02466,CSF02481,14.252712038877975
CSF02481,F02469,16.972270900782345
F02469,CSF02481,16.972270900782345
CSF02481,F02470,14.88696269898261
F02470,CSF02481,14.88696269898261
CSF02481,F02473,15.375634466125817
F02473,CSF02481,15.375634466125817
CSF02481,F02476,9.551864943800645
F02476,CSF02481,9.551864943800645
CSF02481,F02477,7.593878280367561
F02477,CSF02481,7.593878280367561
CSF02481,F02480,3.7096743500670506
F02480,CSF02481,3.7096743500670506
CSF02481,F02481,22.26314975411327
F02481,CSF02481,22.26314975411327
CSF02481,LM2SZ1,0.0
LM2SZ1,CSF02481,0.0
F00305,F00306,47.824135283261846
F00306,F00305,47.824135283261846
F00305,F00307,44.05407099379
F00307,F00305,44.05407099379
F00305,F00308,52.73539084650774
F00308,F00305,52.73539084650774
F00305,F00309,53.33891807220032
F00309,F00305,53.33891807220032
F00305,F00412,18.152067326786614
F00412,F00305,18.152067326786614
F00305,F00422,17.49413418240784
F00422,F00305,17.49413418240784
F00305,F02332,36.556195134105046
F02332,F00305,36.556195134105046
F00305,F02460,31.377623156054767
F02460,F00305,31.377623156054767
F00305,F02461,37.42812253299623
F02461,F00305,37.42812253299623
F00305,F02462,42.66907950964884
F02462,F00305,42.66907950964884
F00305,F02464,26.072161800807425
F02464,F00305,26.072161800807425
F00305,F02465,23.366874235498734
F02465,F00305,23.366874235498734
F00305,F02466,33.412108242964365
F02466,F00305,33.412108242964365
F00305,F02469,38.49411116686281
F02469,F00305,38.49411116686281
F00305,F02470,40.522997284967424
F02470,F00305,40.522997284967424
F00305,F02473,35.55609653807417
F02473,F00305,35.55609653807417
F00305,F02476,22.713425867326876
F02476,F00305,22.713425867326876
F00305,F02477,30.9345063216689
F02477,F00305,30.9345063216689
F00305,F02480,35.874577977434626
F02480,F00305,35.874577977434626
F00305,F02481,38.04163675027707
F02481,F00305,38.04163675027707
F00305,LM2SZ1,32.258633368721895
LM2SZ1,F00305,32.258633368721895
F00306,F00307,8.871160560340359
F00307,F00306,8.871160560340359
F00306,F00308,4.933518251668437
F00308,F00306,4.933518251668437
F00306,F00309,6.154905098367349
F00309,F00306,6.154905098367349
F00306,F00412,39.271181980580806
F00412,F00306,39.271181980580806
F00306,F00422,51.19915741344139
F00422,F00306,51.19915741344139
F00306,F02332,72.62246190035277
F02332,F00306,72.62246190035277
F00306,F02460,54.523534601062565
F02460,F00306,54.523534601062565
F00306,F02461,56.04489655574929
F02461,F00306,56.04489655574929
F00306,F02462,55.25499482194839
F02462,F00306,55.25499482194839
F00306,F02464,37.963489838996566
F02464,F00306,37.963489838996566
F00306,F02465,40.722462198035046
F02465,F00306,40.722462198035046
F00306,F02466,31.711216640855994
F02466,F00306,31.711216640855994
F00306,F02469,62.561222479961444
F02469,F00306,62.561222479961444
F00306,F02470,60.53919197782733
F02470,F00306,60.53919197782733
F00306,F02473,60.57658402613573
F02473,F00306,60.57658402613573
F00306,F02476,44.25576619721289
F02476,F00306,44.25576619721289
F00306,F02477,38.13429180969312
F02477,F00306,38.13429180969312
F00306,F02480,47.70513794707491
F02480,F00306,47.70513794707491
F00306,F02481,24.564471204813096
F02481,F00306,24.564471204813096
F00306,LM2SZ1,45.72814532493166
LM2SZ1,F00306,45.72814532493166
F00307,F00308,11.794984359411538
F00308,F00307,11.794984359411538
F00307,F00309,10.981742121388768
F00309,F00307,10.981742121388768
F00307,F00412,32.81362447517165
F00412,F00307,32.81362447517165
F00307,F00422,44.7633850986885
F00422,F00307,44.7633850986885
F00307,F02332,65.41711667468549
F02332,F00307,65.41711667468549
F00307,F02460,46.63461456442743
F02460,F00307,46.63461456442743
F00307,F02461,47.72318832165364
F02461,F00307,47.72318832165364
F00307,F02462,46.60255711291212
F02462,F00307,46.60255711291212
F00307,F02464,30.330529371920793
F02464,F00307,30.330529371920793
F00307,F02465,33.40470235088474
F02465,F00307,33.40470235088474
F00307,F02466,23.300011695924315
F02466,F00307,23.300011695924315
F00307,F02469,54.43729373369215
F02469,F00307,54.43729373369215
F00307,F02470,52.17634482129651
F02470,F00307,52.17634482129651
F00307,F02473,52.59765062712257
F02473,F00307,52.59765062712257
F00307,F02476,37.004304640068526
F02476,F00307,37.004304640068526
F00307,F02477,29.93203501725583
F02477,F00307,29.93203501725583
F00307,F02480,39.2446216444007
F02480,F00307,39.2446216444007
F00307,F02481,15.82252286946287
F02481,F00307,15.82252286946287
F00307,LM2SZ1,37.49388179421687
LM2SZ1,F00307,37.49388179421687
F00308,F00309,2.4512405127278134
F00309,F00308,2.4512405127278134
F00308,F00412,43.72407519921899
F00412,F00308,43.72407519921899
F00308,F00422,55.6859046653162
F00422,F00308,55.6859046653162
F00308,F02332,76.84809112746605
F02332,F00308,76.84809112746605
F00308,F02460,58.35505482572455
F02460,F00308,58.35505482572455
F00308,F02461,59.51798806364739
F02461,F00308,59.51798806364739
F00308,F02462,58.29409316231826
F02462,F00308,58.29409316231826
F00308,F02464,41.931109309347555
F02464,F00308,41.931109309347555
F00308,F02465,44.855939922567636
F02465,F00308,44.855939922567636
F00308,F02466,35.094463962815965
F02466,F00308,35.094463962815965
F00308,F02469,66.21813646689455
F02469,F00308,66.21813646689455
F00308,F02470,63.96867609403055
F02470,F00308,63.96867609403055
F00308,F02473,64.34737504696882
F02473,F00308,64.34737504696882
F00308,F02476,48.42714624344702
F02476,F00308,48.42714624344702
F00308,F02477,41.71517427749137
F02477,F00308,41.71517427749137
F00308,F02480,51.02678839145549
F02480,F00308,51.02678839145549
F00308,F02481,27.51099276036831
F02481,F00308,27.51099276036831
F00308,LM2SZ1,49.28423840771136
LM2SZ1,F00308,49.28423840771136
F00309,F00412,43.539554881301015
F00412,F00309,43.539554881301015
F00309,F00422,55.51133006787052
F00422,F00309,55.51133006787052
F00309,F02332,76.37783067672733
F02332,F00309,76.37783067672733
F00309,F02460,57.58957189082111
F02460,F00309,57.58957189082111
F00309,F02461,58.508887218355014
F02461,F00309,58.508887218355014
F00309,F02462,57.03719727876228
F02462,F00309,57.03719727876228
F00309,F02464,41.31181846110942
F02464,F00309,41.31181846110942
F00309,F02465,44.361505083136855
F02465,F00309,44.361505083136855
F00309,F02466,34.10917464027948
F02466,F00309,34.10917464027948
F00309,F02469,65.31700706599928
F02469,F00309,65.31700706599928
F00309,F02470,62.92488287958827
F02470,F00309,62.92488287958827
F00309,F02473,63.52782193155792
F02473,F00309,63.52782193155792
F00309,F02476,47.95517899764553
F02476,F00309,47.95517899764553
F00309,F02477,40.82272347523769
F02477,F00309,40.82272347523769
F00309,F02480,49.94441269046534
F02480,F00309,49.94441269046534
F00309,F02481,26.33496912964263
F02481,F00309,26.33496912964263
F00309,LM2SZ1,48.35098426460832
LM2SZ1,F00309,48.35098426460832
F00412,F00422,11.972166210658745
F00422,F00412,11.972166210658745
F00412,F02332,33.68211929549792
F02332,F00412,33.68211929549792
F00412,F02460,18.800966075889015
F02460,F00412,18.800966075889015
F00412,F02461,23.389088341415384
F02461,F00412,23.389088341415384
F00412,F02462,26.961561071035465
F02462,F00412,26.961561071035465
F00412,F02464,7.922470260874454
F02464,F00412,7.922470260874454
F00412,F02465,5.716472302946146
F02465,F00412,5.716472302946146
F00412,F02466,15.898182907162077
F02466,F00412,15.898182907162077
F00412,F02469,27.357372994046326
F02469,F00412,27.357372994046326
F00412,F02470,27.50637271311834
F02470,F00412,27.50637271311834
F00412,F02473,24.65991735226414
F02473,F00412,24.65991735226414
F00412,F02476,7.088445020142488
F02476,F00412,7.088445020142488
F00412,F02477,12.789226391672274
F02477,F00412,12.789226391672274
F00412,F02480,19.092482448838094
F02480,F00412,19.092482448838094
F00412,F02481,22.102526023333734
F02481,F00412,22.102526023333734
F00412,LM2SZ1,15.388958190477641
LM2SZ1,F00412,15.388958190477641
F00422,F02332,22.468436260765937
F02332,F00422,22.468436260765937
F00422,F02460,14.149339201260396
F02460,F00422,14.149339201260396
F00422,F02461,20.403200794199932
F02461,F00422,20.403200794199932
F00422,F02462,26.290434649243235
F02462,F00422,26.290434649243235
F00422,F02464,16.544469643269835
F02464,F00422,16.544469643269835
F00422,F02465,12.801751276635395
F02465,F00422,12.801751276635395
F00422,F02466,25.77756316601434
F02466,F00422,25.77756316601434
F00422,F02469,21.008129138145136
F02469,F00422,21.008129138145136
F00422,F02470,23.13990420275837
F02470,F00422,23.13990420275837
F00422,F02473,18.067487206783333
F02473,F00422,18.067487206783333
F00422,F02476,9.748811695519553
F02476,F00422,9.748811695519553
F00422,F02477,20.304587085171505
F02477,F00422,20.304587085171505
F00422,F02480,20.96000055450503
F02480,F00422,20.96000055450503
F00422,F02481,33.081990724121574
F02481,F00422,33.081990724121574
F00422,LM2SZ1,17.899135330117623
LM2SZ1,F00422,17.899135330117623
F02332,F02460,20.40576817289573
F02460,F02332,20.40576817289573
F02332,F02461,23.463052944999955
F02461,F02332,23.463052944999955
F02332,F02462,29.678031182414482
F02462,F02332,29.678031182414482
F02332,F02464,35.17602128260688
F02464,F02332,35.17602128260688
F02332,F02465,32.016402347412196
F02465,F02332,32.016402347412196
F02332,F02466,43.523824508840676
F02466,F02332,43.523824508840676
F02332,F02469,16.93127494423273
F02469,F02332,16.93127494423273
F02332,F02470,21.6339809120762
F02470,F02332,21.6339809120762
F02332,F02473,16.358863020089338
F02473,F02332,16.358863020089338
F02332,F02476,28.427401054378397
F02476,F02332,28.427401054378397
F02332,F02477,36.76212521337484
F02477,F02332,36.76212521337484
F02332,F02480,30.845952024661106
F02480,F02332,30.845952024661106
F02332,F02481,51.613371015075714
F02481,F02332,51.613371015075714
F02332,LM2SZ1,30.30394886364109
LM2SZ1,F02332,30.30394886364109
F02460,F02461,6.323487922682787
F02461,F02460,6.323487922682787
F02460,F02462,12.743623715502196
F02462,F02460,12.743623715502196
F02460,F02464,16.63821850236953
F02464,F02460,16.63821850236953
F02460,F02465,14.57891439055354
F02465,F02460,14.57891439055354
F02460,F02466,23.770319942113815
F02466,F02460,23.770319942113815
F02460,F02469,8.601703076650953
F02469,F02460,8.601703076650953
F02460,F02470,9.214175012959961
F02470,F02460,9.214175012959961
F02460,F02473,6.1328248314909475
F02473,F02460,6.1328248314909475
F02460,F02476,11.769088480231904
F02476,F02460,11.769088480231904
F02460,F02477,16.92351822730594
F02477,F02460,16.92351822730594
F02460,F02480,10.636379567541704
F02480,F02460,10.636379567541704
F02460,F02481,31.887820783817627
F02481,F02460,31.887820783817627
F02460,LM2SZ1,9.945645671962813
LM2SZ1,F02460,9.945645671962813
F02461,F02462,6.787969823174478
F02462,F02461,6.787969823174478
F02461,F02464,19.300780096154476
F02464,F02461,19.300780096154476
F02461,F02465,18.326453204185494
F02465,F02461,18.326453204185494
F02461,F02466,24.423842678662485
F02466,F02461,24.423842678662485
F02461,F02469,7.383213151615332
F02469,F02461,7.383213151615332
F02461,F02470,4.535464384109616
F02470,F02461,4.535464384109616
F02461,F02473,7.104205819534873
F02473,F02461,7.104205819534873
F02461,F02476,16.359805893505495
F02476,F02461,16.359805893505495
F02461,F02477,17.93109148891455
F02477,F02461,17.93109148891455
F02461,F02480,8.718288134415086
F02480,F02461,8.718288134415086
F02461,F02481,32.24550602548785
F02481,F02461,32.24550602548785
F02461,LM2SZ1,10.357233556582123
LM2SZ1,F02461,10.357233556582123
F02462,F02464,21.17674038235234
F02464,F02462,21.17674038235234
F02462,F02465,21.37847839584969
F02465,F02462,21.37847839584969
F02462,F02466,23.73309084165461
F02466,F02462,23.73309084165461
F02462,F02469,12.84136792539274
F02469,F02462,12.84136792539274
F02462,F02470,8.301550155381882
F02470,F02462,8.301550155381882
F02462,F02473,13.515625859331266
F02473,F02462,13.515625859331266
F02462,F02476,20.41111330208843
F02476,F02462,20.41111330208843
F02462,F02477,18.2814043803091
F02477,F02462,18.2814043803091
F02462,F02480,8.407630510116626
F02480,F02462,8.407630510116626
F02462,F02481,30.790304179064353
F02481,F02462,30.790304179064353
F02462,LM2SZ1,11.819831793332972
LM2SZ1,F02462,11.819831793332972
F02464,F02465,3.742960705006191
F02465,F02464,3.742960705006191
F02464,F02466,9.235988247453289
F02466,F02464,9.235988247453289
F02464,F02469,24.967470106056034
F02469,F02464,24.967470106056034
F02464,F02470,23.794390321302483
F02470,F02464,23.794390321302483
F02464,F02473,22.75313877961462
F02473,F02464,22.75313877961462
F02464,F02476,7.128448068591827
F02476,F02464,7.128448068591827
F02464,F02477,4.868565195770118
F02477,F02464,4.868565195770118
F02464,F02480,12.806360148456092
F02480,F02464,12.806360148456092
F02464,F02481,16.828356483681034
F02481,F02464,16.828356483681034
F02464,LM2SZ1,9.427833234583458
LM2SZ1,F02464,9.427833234583458
F02465,F02466,12.976681501558145
F02466,F02465,12.976681501558145
F02465,F02469,23.148263449392356
F02469,F02465,23.148263449392356
F02465,F02470,22.648525144693345
F02470,F02465,22.648525144693345
F02465,F02473,20.684859897035025
F02473,F02465,20.684859897035025
F02465,F02476,3.609765022781708
F02476,F02465,3.609765022781708
F02465,F02477,7.996956083659626
F02477,F02465,7.996956083659626
F02465,F02480,13.391564766931802
F02480,F02465,13.391564766931802
F02465,F02481,20.456566067820667
F02481,F02465,20.456566067820667
F02465,LM2SZ1,9.697499827555694
LM2SZ1,F02465,9.697499827555694
F02466,F02469,31.2249762818756
F02469,F02466,31.2249762818756
F02466,F02470,28.87927800487069
F02470,F02466,28.87927800487069
F02466,F02473,29.543078547942685
F02473,F02466,29.543078547942685
F02466,F02476,16.28257135395311
F02476,F02466,16.28257135395311
F02466,F02477,6.847690604758894
F02477,F02466,6.847690604758894
F02466,F02480,15.993937862405437
F02480,F02466,15.993937862405437
F02466,F02481,8.126693541274776
F02481,F02466,8.126693541274776
F02466,LM2SZ1,14.252712038877975
LM2SZ1,F02466,14.252712038877975
F02469,F02470,4.707910172502466
F02470,F02469,4.707910172502466
F02469,F02473,2.9430189782499014
F02473,F02469,2.9430189782499014
F02469,F02476,20.360667577211974
F02476,F02469,20.360667577211974
F02469,F02477,24.505298952475194
F02477,F02469,24.505298952475194
F02469,F02480,15.979306980632956
F02480,F02469,15.979306980632956
F02469,F02481,39.20596204170529
F02481,F02469,39.20596204170529
F02469,LM2SZ1,16.972270900782345
LM2SZ1,F02469,16.972270900782345
F02470,F02473,6.319509185749553
F02473,F02470,6.319509185749553
F02470,F02476,20.423125155818372
F02476,F02470,20.423125155818372
F02470,F02477,22.448193485576358
F02477,F02470,22.448193485576358
F02470,F02480,13.001287963090949
F02480,F02470,13.001287963090949
F02470,F02481,36.622031541839746
F02481,F02470,36.622031541839746
F02470,LM2SZ1,14.88696269898261
LM2SZ1,F02470,14.88696269898261
F02473,F02476,17.73872110587223
F02476,F02473,17.73872110587223
F02473,F02477,22.732845777432118
F02477,F02473,22.732845777432118
F02473,F02480,14.99113857893125
F02480,F02473,14.99113857893125
F02473,F02481,37.613229570689555
F02481,F02473,37.613229570689555
F02473,LM2SZ1,15.375634466125817
LM2SZ1,F02473,15.375634466125817
F02476,F02477,10.555780892314646
F02477,F02476,10.555780892314646
F02476,F02480,13.165024944512389
F02480,F02476,13.165024944512389
F02476,F02481,23.95437254640218
F02481,F02476,23.95437254640218
F02476,LM2SZ1,9.551864943800645
LM2SZ1,F02476,9.551864943800645
F02477,F02480,9.996594436560708
F02480,F02477,9.996594436560708
F02477,F02481,14.971183190697488
F02481,F02477,14.971183190697488
F02477,LM2SZ1,7.593878280367561
LM2SZ1,F02477,7.593878280367561
F02480,F02481,23.626228393006144
F02481,F02480,23.626228393006144
F02480,LM2SZ1,3.7096743500670506
LM2SZ1,F02480,3.7096743500670506
F02481,LM2SZ1,22.26314975411327
LM2SZ1,F02481,22.26314975411327
F00032,F00033,16.47790241120183
F00033,F00032,16.47790241120183
F02310,F02311,5.51755585110112
F02311,F02310,5.51755585110112
009520,009521,4.023814703405613
009521,009520,4.023814703405613
009520,043343,20.05746466303853
043343,009520,20.05746466303853
009520,F02416,14.204271805125448
F02416,009520,14.204271805125448
009520,F02417,19.700501325340788
F02417,009520,19.700501325340788
009521,043343,19.22245095469115
043343,009521,19.22245095469115
009521,F02416,11.88166750616324
F02416,009521,11.88166750616324
009521,F02417,19.807864653621554
F02417,009521,19.807864653621554
043343,F02416,9.256193016259415
F02416,043343,9.256193016259415
043343,F02417,4.633495865432277
F02417,043343,4.633495865432277
F02416,F02417,12.169190498520095
F02417,F02416,12.169190498520095
009522,009743,17.117949637936142
009743,009522,17.117949637936142
009522,F02302,20.403097264076127
F02302,009522,20.403097264076127
009522,F02303,24.828389455302897
F02303,009522,24.828389455302897
009743,F02302,27.30391355893475
F02302,009743,27.30391355893475
009743,F02303,28.30090484161097
F02303,009743,28.30090484161097
F02302,F02303,5.994004377361848
F02303,F02302,5.994004377361848
CSF02307,F02304,0.4305993594391694
F02304,CSF02307,0.4305993594391694
CSF02307,F02305,9.994880790931914
F02305,CSF02307,9.994880790931914
CSF02307,F02306,5.369934144861161
F02306,CSF02307,5.369934144861161
CSF02307,F02307,0.4247288919291851
F02307,CSF02307,0.4247288919291851
F02304,F02305,9.569157774202546
F02305,F02304,9.569157774202546
F02304,F02306,5.149007159276822
F02306,F02304,5.149007159276822
F02304,F02307,0.855220770069638
F02307,F02304,0.855220770069638
F02305,F02306,7.607869679889008
F02306,F02305,7.607869679889008
F02305,F02307,10.416887156693091
F02307,F02305,10.416887156693091
F02306,F02307,5.622449378911112
F02307,F02306,5.622449378911112
008559,008560,5.512119987992245
008560,008559,5.512119987992245
F02106,F02107,15.084968693883669
F02107,F02106,15.084968693883669
F02300,F02301,6.437734480346571
F02301,F02300,6.437734480346571
F02292,F02293,8.250098433283815
F02293,F02292,8.250098433283815
F02292,F02294,2.8112062877402946
F02294,F02292,2.8112062877402946
F02292,F02295,5.553433670860463
F02295,F02292,5.553433670860463
F02293,F02294,8.39223508988106
F02294,F02293,8.39223508988106
F02293,F02295,13.354837745287524
F02295,F02293,13.354837745287524
F02294,F02295,5.150559968719099
F02295,F02294,5.150559968719099
F02290,F02291,22.677112235251084
F02291,F02290,22.677112235251084
F02287,F02288,8.848868228816006
F02288,F02287,8.848868228816006
F02289,F02298,23.171549865172505
F02298,F02289,23.171549865172505
F02289,F02299,26.878465811005768
F02299,F02289,26.878465811005768
F02298,F02299,6.490698575201082
F02299,F02298,6.490698575201082
F00002,F00003,1.9220332042644812
F00003,F00002,1.9220332042644812
F00004,F00005,10.689430315637642
F00005,F00004,10.689430315637642
F00006,F00007,15.122478271120654
F00007,F00006,15.122478271120654
F00006,F00008,11.427500069613055
F00008,F00006,11.427500069613055
F00006,F00009,14.429603791571173
F00009,F00006,14.429603791571173
F00007,F00008,3.8731328887251664
F00008,F00007,3.8731328887251664
F00007,F00009,5.700267729205851
F00009,F00007,5.700267729205851
F00008,F00009,4.8430931291293575
F00009,F00008,4.8430931291293575
F00010,F00011,15.561072789218617
F00011,F00010,15.561072789218617
F02165,F02168,21.925151483599294
F02168,F02165,21.925151483599294
F02112,F02163,5.149042234381573
F02163,F02112,5.149042234381573
F02112,F02164,13.335186289606263
F02164,F02112,13.335186289606263
F02112,F02166,24.657916985170424
F02166,F02112,24.657916985170424
F02112,F02167,21.42993432799433
F02167,F02112,21.42993432799433
F02112,F02169,26.491720794188378
F02169,F02112,26.491720794188378
F02163,F02164,10.264251663704426
F02164,F02163,10.264251663704426
F02163,F02166,24.78410029892319
F02166,F02163,24.78410029892319
F02163,F02167,23.089756603949674
F02167,F02163,23.089756603949674
F02163,F02169,28.684108227331777
F02169,F02163,28.684108227331777
F02164,F02166,17.13511082335965
F02166,F02164,17.13511082335965
F02164,F02167,18.400967039566225
F02167,F02164,18.400967039566225
F02164,F02169,24.423602073739456
F02169,F02164,24.423602073739456
F02166,F02167,7.515132143087172
F02167,F02166,7.515132143087172
F02166,F02169,11.144087074919359
F02169,F02166,11.144087074919359
F02167,F02169,6.023645341412478
F02169,F02167,6.023645341412478
F02170,F02171,3.38977770427535
F02171,F02170,3.38977770427535
F02170,F02172,6.764584778522796
F02172,F02170,6.764584778522796
F02170,F02173,5.7226151957538125
F02173,F02170,5.7226151957538125
F02170,F02174,24.036248461595825
F02174,F02170,24.036248461595825
F02171,F02172,3.38393675998799
F02172,F02171,3.38393675998799
F02171,F02173,6.991471180215722
F02173,F02171,6.991471180215722
F02171,F02174,22.93657300466824
F02174,F02171,22.93657300466824
F02172,F02173,9.578336444299518
F02173,F02172,9.578336444299518
F02172,F02174,22.65401188923978
F02174,F02172,22.65401188923978
F02173,F02174,19.273268948975605
F02174,F02173,19.273268948975605
F02110,F02111,4.320683385457593
F02111,F02110,4.320683385457593
F02108,F02109,10.175764736997815
F02109,F02108,10.175764736997815
F02113,F02114,5.360333942964088
F02114,F02113,5.360333942964088
F02252,F02253,6.284681947421873
F02253,F02252,6.284681947421873
F02115,F02116,7.584910374733349
F02116,F02115,7.584910374733349
F02115,F02117,8.349577169769704
F02117,F02115,8.349577169769704
F02115,F02118,6.193059518813801
F02118,F02115,6.193059518813801
F02115,F02119,16.54599365326022
F02119,F02115,16.54599365326022
F02115,F02120,19.974983988450386
F02120,F02115,19.974983988450386
F02116,F02117,3.938452883596081
F02117,F02116,3.938452883596081
F02116,F02118,3.158235047994525
F02118,F02116,3.158235047994525
F02116,F02119,12.088839621865533
F02119,F02116,12.088839621865533
F02116,F02120,16.599769803603202
F02120,F02116,16.599769803603202
F02117,F02118,6.659911609207279
F02118,F02117,6.659911609207279
F02117,F02119,15.859795388468022
F02119,F02117,15.859795388468022
F02117,F02120,20.468742909346428
F02120,F02117,20.468742909346428
F02118,F02119,10.857213435919654
F02119,F02118,10.857213435919654
F02118,F02120,14.89697006784587
F02120,F02118,14.89697006784587
F02119,F02120,4.857983769598862
F02120,F02119,4.857983769598862
F02181,F02182,16.956035724705245
F02182,F02181,16.956035724705245
F02181,F02184,12.402203756619205
F02184,F02181,12.402203756619205
F02182,F02184,11.296176236337052
F02184,F02182,11.296176236337052
F02176,F02180,21.49293634496348
F02180,F02176,21.49293634496348
008740,009570,15.00379833076591
009570,008740,15.00379833076591
008740,009667,30.082052763459373
009667,008740,30.082052763459373
008740,009709,14.93937245371251
009709,008740,14.93937245371251
008740,016727,5.753162120833728
016727,008740,5.753162120833728
008740,056220,24.56626515424462
056220,008740,24.56626515424462
008740,CSLM4UK1,16.42908185192862
CSLM4UK1,008740,16.42908185192862
008740,F01995,24.493963949780905
F01995,008740,24.493963949780905
008740,F01997,4.905333005245769
F01997,008740,4.905333005245769
008740,F01998,15.599962404965494
F01998,008740,15.599962404965494
008740,F01999,4.848770867382884
F01999,008740,4.848770867382884
008740,F02000,33.86909570746152
F02000,008740,33.86909570746152
008740,LM4UK1,16.42908185192862
LM4UK1,008740,16.42908185192862
009570,009667,17.192704549058607
009667,009570,17.192704549058607
009570,009709,24.18219673545304
009709,009570,24.18219673545304
009570,016727,11.369045376118091
016727,009570,11.369045376118091
009570,056220,17.54014119247062
056220,009570,17.54014119247062
009570,CSLM4UK1,12.023496030629715
CSLM4UK1,009570,12.023496030629715
009570,F01995,9.583292303160166
F01995,009570,9.583292303160166
009570,F01997,10.742301642225108
F01997,009570,10.742301642225108
009570,F01998,3.7758048805713256
F01998,009570,3.7758048805713256
009570,F01999,15.012917811202945
F01999,009570,15.012917811202945
009570,F02000,21.152650071731074
F02000,009570,21.152650071731074
009570,LM4UK1,12.023496030629715
LM4UK1,009570,12.023496030629715
009667,009709,41.3231714273545
009709,009667,41.3231714273545
009667,016727,24.72341804536045
016727,009667,24.72341804536045
009667,056220,30.687493313924694
056220,009667,30.687493313924694
009667,CSLM4UK1,28.114687939924274
CSLM4UK1,009667,28.114687939924274
009667,F01995,13.60021667091662
F01995,009667,13.60021667091662
009667,F01997,26.981452984408914
F01997,009667,26.981452984408914
009667,F01998,19.825011741722893
F01998,009667,19.825011741722893
009667,F01999,27.848476698487826
F01999,009667,27.848476698487826
009667,F02000,3.960818357816641
F02000,009667,3.960818357816641
009667,LM4UK1,28.114687939924274
LM4UK1,009667,28.114687939924274
009709,016727,20.10560779677999
016727,009709,20.10560779677999
009709,056220,22.134479927555933
056220,009709,22.134479927555933
009709,CSLM4UK1,16.446443320458155
CSLM4UK1,009709,16.446443320458155
009709,F01995,31.574853246425207
F01995,009709,31.574853246425207
009709,F01997,15.151387415072659
F01997,009709,15.151387415072659
009709,F01998,22.289863902661395
F01998,009709,22.289863902661395
009709,F01999,19.747562042714048
F01999,009709,19.747562042714048
009709,F02000,45.28164365509049
F02000,009709,45.28164365509049
009709,LM4UK1,16.446443320458155
LM4UK1,009709,16.446443320458155
016727,056220,24.906769321013652
056220,016727,24.906769321013652
016727,CSLM4UK1,17.059419694607822
CSLM4UK1,016727,17.059419694607822
016727,F01995,20.881935654612455
F01995,016727,20.881935654612455
016727,F01997,5.873365940943158
F01997,016727,5.873365940943158
016727,F01998,13.237238817780339
F01998,016727,13.237238817780339
016727,F01999,3.651998895657324
F01999,016727,3.651998895657324
016727,F02000,28.423014403615092
F02000,016727,28.423014403615092
016727,LM4UK1,17.059419694607822
LM4UK1,016727,17.059419694607822
056220,CSLM4UK1,8.138057425199205
CSLM4UK1,056220,8.138057425199205
056220,F01995,17.20107986166832
F01995,056220,17.20107986166832
056220,F01997,20.040895959726853
F01997,056220,20.040895959726853
056220,F01998,13.788154369001818
F01998,056220,13.788154369001818
056220,F01999,27.68600041148986
F01999,056220,27.68600041148986
056220,F02000,34.188394275130406
F02000,056220,34.188394275130406
056220,LM4UK1,8.138057425199205
LM4UK1,056220,8.138057425199205
CSLM4UK1,F01995,16.117820790945895
F01995,CSLM4UK1,16.117820790945895
CSLM4UK1,F01997,11.939628196435368
F01997,CSLM4UK1,11.939628196435368
CSLM4UK1,F01998,8.514826018319914
F01998,CSLM4UK1,8.514826018319914
CSLM4UK1,F01999,19.645649019807674
F01999,CSLM4UK1,19.645649019807674
CSLM4UK1,F02000,31.965270117854683
F02000,CSLM4UK1,31.965270117854683
CSLM4UK1,LM4UK1,0.0
LM4UK1,CSLM4UK1,0.0
F01995,F01997,19.979560436673278
F01997,F01995,19.979560436673278
F01995,F01998,9.526053511886603
F01998,F01995,9.526053511886603
F01995,F01999,24.533931417703577
F01999,F01995,24.533931417703577
F01995,F02000,16.993718110168547
F02000,F01995,16.993718110168547
F01995,LM4UK1,16.117820790945895
LM4UK1,F01995,16.117820790945895
F01997,F01998,10.817316714623916
F01998,F01997,10.817316714623916
F01997,F01999,7.762524717108326
F01999,F01997,7.762524717108326
F01997,F02000,30.884854303694617
F02000,F01997,30.884854303694617
F01997,LM4UK1,11.939628196435368
LM4UK1,F01997,11.939628196435368
F01998,F01999,16.71976049392839
F01999,F01998,16.71976049392839
F01998,F02000,23.738170287560802
F02000,F01998,23.738170287560802
F01998,LM4UK1,8.514826018319914
LM4UK1,F01998,8.514826018319914
F01999,F02000,31.439172223495966
F02000,F01999,31.439172223495966
F01999,LM4UK1,19.645649019807674
LM4UK1,F01999,19.645649019807674
F02000,LM4UK1,31.965270117854683
LM4UK1,F02000,31.965270117854683
008005,008090,19.288412514464813
008090,008005,19.288412514464813
008005,008593,6.459261835482383
008593,008005,6.459261835482383
008005,009220,15.97726139385224
009220,008005,15.97726139385224
008005,011319,19.63437577343599
011319,008005,19.63437577343599
008005,056221,9.666138043153486
056221,008005,9.666138043153486
008005,056222,6.495127207783583
056222,008005,6.495127207783583
008005,CSLM4MKF,8.295729227108271
CSLM4MKF,008005,8.295729227108271
008005,F02150,33.35651311692167
F02150,008005,33.35651311692167
008005,F02192,17.56462221014432
F02192,008005,17.56462221014432
008005,F02194,5.719218971132369
F02194,008005,5.719218971132369
008005,F02196,35.0609176422782
F02196,008005,35.0609176422782
008005,F02197,45.09487504476321
F02197,008005,45.09487504476321
008005,F02198,40.906118266846185
F02198,008005,40.906118266846185
008005,F02199,24.103743340162126
F02199,008005,24.103743340162126
008005,F02200,25.546820407073046
F02200,008005,25.546820407073046
008005,F02201,28.614815276269084
F02201,008005,28.614815276269084
008005,F02202,21.590406257124886
F02202,008005,21.590406257124886
008005,F02203,14.145937217255529
F02203,008005,14.145937217255529
008005,LM4MK1,7.544894616709302
LM4MK1,008005,7.544894616709302
008005,LM4MK2,10.350594197963993
LM4MK2,008005,10.350594197963993
008005,LM4MK3,8.676612721579552
LM4MK3,008005,8.676612721579552
008005,LM4MKA,10.753854549212361
LM4MKA,008005,10.753854549212361
008005,LM4MKB,14.52702333971391
LM4MKB,008005,14.52702333971391
008005,LM4MKC,16.763914701043866
LM4MKC,008005,16.763914701043866
008005,LM4MKD,21.73536975117754
LM4MKD,008005,21.73536975117754
008005,LM4MKE,20.7829360847739
LM4MKE,008005,20.7829360847739
008005,LM4MKF,19.56546176900569
LM4MKF,008005,19.56546176900569
008005,LM4MKG,12.684050052217348
LM4MKG,008005,12.684050052217348
008005,LM4MKH,10.756285296886647
LM4MKH,008005,10.756285296886647
008005,LM4MKI,3.02685034757773
LM4MKI,008005,3.02685034757773
008005,LM4MKJ,10.768360462433474
LM4MKJ,008005,10.768360462433474
008005,LM4MKK,7.970278572266417
LM4MKK,008005,7.970278572266417
008090,008593,25.330605717705446
008593,008090,25.330605717705446
008090,009220,8.353268761016873
009220,008090,8.353268761016873
008090,011319,6.352577186164426
011319,008090,6.352577186164426
008090,056221,26.79076959721682
056221,008090,26.79076959721682
008090,056222,16.90458515259319
056222,008090,16.90458515259319
008090,CSLM4MKF,22.49533538659128
CSLM4MKF,008090,22.49533538659128
008090,F02150,16.072751386302958
F02150,008090,16.072751386302958
008090,F02192,16.94313773501326
F02192,008090,16.94313773501326
008090,F02194,21.549404277994856
F02194,008090,21.549404277994856
008090,F02196,48.699995270924205
F02196,008090,48.699995270924205
008090,F02197,60.15200915031776
F02197,008090,60.15200915031776
008090,F02198,55.1785939071893
F02198,008090,55.1785939071893
008090,F02199,38.60811192365627
F02199,008090,38.60811192365627
008090,F02200,39.3700741840435
F02200,008090,39.3700741840435
008090,F02201,43.600946544299546
F02201,008090,43.600946544299546
008090,F02202,38.88166696760671
F02202,008090,38.88166696760671
008090,F02203,28.86464388233208
F02203,008090,28.86464388233208
008090,LM4MK1,18.9457202009113
LM4MK1,008090,18.9457202009113
008090,LM4MK2,26.315037410507184
LM4MK2,008090,26.315037410507184
008090,LM4MK3,18.893959764467077
LM4MK3,008090,18.893959764467077
008090,LM4MKA,26.875693693686415
LM4MKA,008090,26.875693693686415
008090,LM4MKB,27.202828086422542
LM4MKB,008090,27.202828086422542
008090,LM4MKC,28.813313607827325
LM4MKC,008090,28.813313607827325
008090,LM4MKD,34.804250296544154
LM4MKD,008090,34.804250296544154
008090,LM4MKE,30.455799093704822
LM4MKE,008090,30.455799093704822
008090,LM4MKF,25.396342105913856
LM4MKF,008090,25.396342105913856
008090,LM4MKG,19.46672803724459
LM4MKG,008090,19.46672803724459
008090,LM4MKH,12.301844416868573
LM4MKH,008090,12.301844416868573
008090,LM4MKI,20.77628445531535
LM4MKI,008090,20.77628445531535
008090,LM4MKJ,23.23026844431666
LM4MKJ,008090,23.23026844431666
008090,LM4MKK,27.067177882919786
LM4MKK,008090,27.067177882919786
008593,009220,22.43520995487612
009220,008593,22.43520995487612
008593,011319,26.074349664255788
011319,008593,26.074349664255788
008593,056221,4.549270078973829
056221,008593,4.549270078973829
008593,056222,12.34487919439956
056222,008593,12.34487919439956
008593,CSLM4MKF,11.533826032177334
CSLM4MKF,008593,11.533826032177334
008593,F02150,38.433795622885484
F02150,008593,38.433795622885484
008593,F02192,23.355483321514818
F02192,008593,23.355483321514818
008593,F02194,9.216873194658284
F02194,008593,9.216873194658284
008593,F02196,34.43368573722069
F02196,008593,34.43368573722069
008593,F02197,43.27671822599418
F02197,008593,43.27671822599418
008593,F02198,39.67938229055241
F02198,008593,39.67938229055241
008593,F02199,23.682916138913328
F02199,008593,23.682916138913328
008593,F02200,25.425452377821035
F02200,008593,25.425452377821035
008593,F02201,27.523219548759897
F02201,008593,27.523219548759897
008593,F02202,19.182004306615685
F02202,008593,19.182004306615685
008593,F02203,15.060582077959111
F02203,008593,15.060582077959111
008593,LM4MK1,12.584443989882693
LM4MK1,008593,12.584443989882693
008593,LM4MK2,6.148317713930124
LM4MK2,008593,6.148317713930124
008593,LM4MK3,13.723647206997736
LM4MK3,008593,13.723647206997736
008593,LM4MKA,11.483481169756482
LM4MKA,008593,11.483481169756482
008593,LM4MKB,16.661003650176184
LM4MKB,008593,16.661003650176184
008593,LM4MKC,18.7821431781613
LM4MKC,008593,18.7821431781613
008593,LM4MKD,22.448713287517553
LM4MKD,008593,22.448713287517553
008593,LM4MKE,23.30512529411439
LM4MKE,008593,23.30512529411439
008593,LM4MKF,23.65053085536055
LM4MKF,008593,23.65053085536055
008593,LM4MKG,17.68294701079769
LM4MKG,008593,17.68294701079769
008593,LM4MKH,17.1275875392535
LM4MKH,008593,17.1275875392535
008593,LM4MKI,7.049885983660384
LM4MKI,008593,7.049885983660384
008593,LM4MKJ,9.274676311356744
LM4MKJ,008593,9.274676311356744
008593,LM4MKK,1.8781665996734989
LM4MKK,008593,1.8781665996734989
009220,011319,4.168429942202426
011319,009220,4.168429942202426
009220,056221,25.193241403586896
056221,009220,25.193241403586896
009220,056222,11.190913661198891
056222,009220,11.190913661198891
009220,CSLM4MKF,16.195369352813355
CSLM4MKF,009220,16.195369352813355
009220,F02150,24.220379602325853
F02150,009220,24.220379602325853
009220,F02192,8.611448462796028
F02192,009220,8.611448462796028
009220,F02194,16.051409606896485
F02194,009220,16.051409606896485
009220,F02196,40.85597884347124
F02196,009220,40.85597884347124
009220,F02197,52.507383813759795
F02197,009220,52.507383813759795
009220,F02198,47.39309443713043
F02198,009220,47.39309443713043
009220,F02199,31.1629014744419
F02199,009220,31.1629014744419
009220,F02200,31.73458253047273
F02200,009220,31.73458253047273
009220,F02201,36.16358781754218
F02201,009220,36.16358781754218
009220,F02202,32.45232515806637
F02202,009220,32.45232515806637
009220,F02203,21.948340232748638
F02203,009220,21.948340232748638
009220,LM4MK1,12.647766133833112
LM4MK1,009220,12.647766133833112
009220,LM4MK2,25.326474513261985
LM4MK2,009220,25.326474513261985
009220,LM4MK3,12.208682823756599
LM4MK3,009220,12.208682823756599
009220,LM4MKA,20.63727466430868
LM4MKA,009220,20.63727466430868
009220,LM4MKB,19.84707004339047
LM4MKB,009220,19.84707004339047
009220,LM4MKC,21.198962135103468
LM4MKC,009220,21.198962135103468
009220,LM4MKD,27.135706676247235
LM4MKD,009220,27.135706676247235
009220,LM4MKE,22.36228563398521
LM4MKE,009220,22.36228563398521
009220,LM4MKF,17.08977669080544
LM4MKF,009220,17.08977669080544
009220,LM4MKG,11.695119228093606
LM4MKG,009220,11.695119228093606
009220,LM4MKH,5.7553058863262585
LM4MKH,009220,5.7553058863262585
009220,LM4MKI,16.280357488589267
LM4MKI,009220,16.280357488589267
009220,LM4MKJ,23.568647161876594
LM4MKJ,009220,23.568647161876594
009220,LM4MKK,23.861929366526702
LM4MKK,009220,23.861929366526702
011319,056221,28.495410853448817
056221,011319,28.495410853448817
011319,056222,15.27910276703576
056222,011319,15.27910276703576
011319,CSLM4MKF,20.361342356730788
CSLM4MKF,011319,20.361342356730788
011319,F02150,21.063749347812365
F02150,011319,21.063749347812365
011319,F02192,11.583445025573852
F02192,011319,11.583445025573852
011319,F02194,20.153178448975734
F02194,011319,20.153178448975734
011319,F02196,44.64741362492426
F02196,011319,44.64741362492426
011319,F02197,56.38795931653867
F02197,011319,56.38795931653867
011319,F02198,51.20775332235592
F02198,011319,51.20775332235592
011319,F02199,35.16040943334245
F02199,011319,35.16040943334245
011319,F02200,35.658412923882224
F02200,011319,35.658412923882224
011319,F02201,40.15222620025787
F02201,011319,40.15222620025787
011319,F02202,36.61344704183728
F02202,011319,36.61344704183728
011319,F02203,26.08294726895653
F02203,011319,26.08294726895653
011319,LM4MK1,16.80641003599775
LM4MK1,011319,16.80641003599775
011319,LM4MK2,28.43829970897805
LM4MK2,011319,28.43829970897805
011319,LM4MK3,16.37703138332895
LM4MK3,011319,16.37703138332895
011319,LM4MKA,24.805035618738035
LM4MKA,011319,24.805035618738035
011319,LM4MKB,23.909703005631282
LM4MKB,011319,23.909703005631282
011319,LM4MKC,25.17272072568342
LM4MKC,011319,25.17272072568342
011319,LM4MKD,31.060072109932523
LM4MKD,011319,31.060072109932523
011319,LM4MKE,26.023762990967306
LM4MKE,011319,26.023762990967306
011319,LM4MKF,20.44410684203639
LM4MKF,011319,20.44410684203639
011319,LM4MKG,15.682510184470178
LM4MKG,011319,15.682510184470178
011319,LM4MKH,9.870997834232355
LM4MKH,011319,9.870997834232355
011319,LM4MKI,20.219400258642427
LM4MKI,011319,20.219400258642427
011319,LM4MKJ,26.19498984480047
LM4MKJ,011319,26.19498984480047
011319,LM4MKK,27.59211262439572
LM4MKK,011319,27.59211262439572
056221,056222,16.079956541922964
056222,056221,16.079956541922964
056221,CSLM4MKF,15.993255147225161
CSLM4MKF,056221,15.993255147225161
056221,F02150,38.44551481114025
F02150,056221,38.44551481114025
056221,F02192,27.18329341426628
F02192,056221,27.18329341426628
056221,F02194,13.576531116831552
F02194,056221,13.576531116831552
056221,F02196,38.36391892062496
F02196,056221,38.36391892062496
056221,F02197,46.6492349874329
F02197,056221,46.6492349874329
056221,F02198,43.3434348681376
F02198,056221,43.3434348681376
056221,F02199,27.78812468440867
F02199,056221,27.78812468440867
056221,F02200,29.592211861977088
F02200,056221,29.592211861977088
056221,F02201,31.358220414893132
F02201,056221,31.358220414893132
056221,F02202,22.62732383583407
F02202,056221,22.62732383583407
056221,F02203,19.542482494319273
F02203,056221,19.542482494319273
056221,LM4MK1,16.68413407986034
LM4MK1,056221,16.68413407986034
056221,LM4MK2,1.9189358193142887
LM4MK2,056221,1.9189358193142887
056221,LM4MK3,17.84065545525892
LM4MK3,056221,17.84065545525892
056221,LM4MKA,15.993809138405107
LM4MKA,056221,15.993809138405107
056221,LM4MKB,21.208789465204447
LM4MKB,056221,21.208789465204447
056221,LM4MKC,23.32260505959379
LM4MKC,056221,23.32260505959379
056221,LM4MKD,26.82777618190766
LM4MKD,056221,26.82777618190766
056221,LM4MKE,27.853372549211603
LM4MKE,056221,27.853372549211603
056221,LM4MKF,28.09044287029187
LM4MKF,056221,28.09044287029187
056221,LM4MKG,21.86153644255545
LM4MKG,056221,21.86153644255545
056221,LM4MKH,20.31827640317881
LM4MKH,056221,20.31827640317881
056221,LM4MKI,11.15145177014373
LM4MKI,056221,11.15145177014373
056221,LM4MKJ,6.3060413279338166
LM4MKJ,056221,6.3060413279338166
056221,LM4MKK,5.193988353521795
LM4MKK,056221,5.193988353521795
056222,CSLM4MKF,5.628137850592484
CSLM4MKF,056222,5.628137850592484
056222,F02150,32.4926873169526
F02150,056222,32.4926873169526
056222,F02192,11.103466857897946
F02192,056222,11.103466857897946
056222,F02194,4.876203752530487
F02194,056222,4.876203752530487
056222,F02196,32.90979183332343
F02196,056222,32.90979183332343
056222,F02197,43.86912165843704
F02197,056222,43.86912165843704
056222,F02198,39.17835130346013
F02198,056222,39.17835130346013
056222,F02199,22.285232304918598
F02199,056222,22.285232304918598
056222,F02200,23.33348998033354
F02200,056222,23.33348998033354
056222,F02201,27.189831638507542
F02201,056222,27.189831638507542
056222,F02202,21.97726256671914
F02202,056222,21.97726256671914
056222,F02203,12.198644890549623
F02203,056222,12.198644890549623
056222,LM4MK1,2.3121191595091855
LM4MK1,056222,2.3121191595091855
056222,LM4MK2,16.844451233677063
LM4MK2,056222,16.844451233677063
056222,LM4MK3,2.948601045533357
LM4MK3,056222,2.948601045533357
056222,LM4MKA,9.971108896596473
LM4MKA,056222,9.971108896596473
056222,LM4MKB,11.170229112381092
LM4MKB,056222,11.170229112381092
056222,LM4MKC,13.190168404461001
LM4MKC,056222,13.190168404461001
056222,LM4MKD,18.97295581504013
LM4MKD,056222,18.97295581504013
056222,LM4MKE,16.322752637582294
LM4MKE,056222,16.322752637582294
056222,LM4MKF,13.788977039613744
LM4MKF,056222,13.788977039613744
056222,LM4MKG,6.496947433654038
LM4MKG,056222,6.496947433654038
056222,LM4MKH,5.438243340888504
LM4MKH,056222,5.438243340888504
056222,LM4MKI,5.441834090150424
LM4MKI,056222,5.441834090150424
056222,LM4MKJ,16.918273778691677
LM4MKJ,056222,16.918273778691677
056222,LM4MKK,13.413719908829421
LM4MKK,056222,13.413719908829421
CSLM4MKF,F02150,38.118017289263406
F02150,CSLM4MKF,38.118017289263406
CSLM4MKF,F02192,13.398779512790172
F02192,CSLM4MKF,13.398779512790172
CSLM4MKF,F02194,2.6193994941105037
F02194,CSLM4MKF,2.6193994941105037
CSLM4MKF,F02196,27.613355854465674
F02196,CSLM4MKF,27.613355854465674
CSLM4MKF,F02197,38.352943705368936
F02197,CSLM4MKF,38.352943705368936
CSLM4MKF,F02198,33.76898703209326
F02198,CSLM4MKF,33.76898703209326
CSLM4MKF,F02199,16.829940204845755
F02199,CSLM4MKF,16.829940204845755
CSLM4MKF,F02200,18.009380789911376
F02200,CSLM4MKF,18.009380789911376
CSLM4MKF,F02201,21.669745725440443
F02201,CSLM4MKF,21.669745725440443
CSLM4MKF,F02202,16.422215010987312
F02202,CSLM4MKF,16.422215010987312
CSLM4MKF,F02203,6.6535867303061655
F02203,CSLM4MKF,6.6535867303061655
CSLM4MKF,LM4MK1,3.5946825504536193
LM4MK1,CSLM4MKF,3.5946825504536193
CSLM4MKF,LM4MK2,17.303209266538012
LM4MK2,CSLM4MKF,17.303209266538012
CSLM4MKF,LM4MK3,4.038222137996815
LM4MK3,CSLM4MKF,4.038222137996815
CSLM4MKF,LM4MKA,4.455265417645693
LM4MKA,CSLM4MKF,4.455265417645693
CSLM4MKF,LM4MKB,6.290866711747573
LM4MKB,CSLM4MKF,6.290866711747573
CSLM4MKF,LM4MKC,8.51104159917608
LM4MKC,CSLM4MKF,8.51104159917608
CSLM4MKF,LM4MKD,13.843244787884752
LM4MKD,CSLM4MKF,13.843244787884752
CSLM4MKF,LM4MKE,12.50468662370084
LM4MKE,CSLM4MKF,12.50468662370084
CSLM4MKF,LM4MKF,12.116972294315369
LM4MKF,CSLM4MKF,12.116972294315369
CSLM4MKF,LM4MKG,6.900906168936787
LM4MKG,CSLM4MKF,6.900906168936787
CSLM4MKF,LM4MKH,10.568696588399447
LM4MKH,CSLM4MKF,10.568696588399447
CSLM4MKF,LM4MKI,5.4055945726701635
LM4MKI,CSLM4MKF,5.4055945726701635
CSLM4MKF,LM4MKJ,18.809941401113072
LM4MKJ,CSLM4MKF,18.809941401113072
CSLM4MKF,LM4MKK,11.820209976685293
LM4MKK,CSLM4MKF,11.820209976685293
F02150,F02192,32.58113911007794
F02192,F02150,32.58113911007794
F02150,F02194,36.808712192634516
F02194,F02150,36.808712192634516
F02150,F02196,64.75975204367714
F02196,F02150,64.75975204367714
F02150,F02197,76.14508607180132
F02197,F02150,76.14508607180132
F02150,F02198,71.22212689467278
F02198,F02150,71.22212689467278
F02150,F02199,54.56150018507001
F02199,F02150,54.56150018507001
F02150,F02200,55.38758154227827
F02200,F02150,55.38758154227827
F02150,F02201,59.53601169640247
F02201,F02150,59.53601169640247
F02150,F02202,54.27279935678872
F02202,F02150,54.27279935678872
F02150,F02203,44.65350748235232
F02203,F02150,44.65350748235232
F02150,LM4MK1,34.6715387449794
LM4MK1,F02150,34.6715387449794
F02150,LM4MK2,37.34401832699162
LM4MK2,F02150,37.34401832699162
F02150,LM4MK3,34.75376187201962
LM4MK3,F02150,34.75376187201962
F02150,LM4MKA,42.35751933439191
LM4MKA,F02150,42.35751933439191
F02150,LM4MKB,43.174756655832226
LM4MKB,F02150,43.174756655832226
F02150,LM4MKC,44.84814937511588
LM4MKC,F02150,44.84814937511588
F02150,LM4MKD,50.838832532618795
LM4MKD,F02150,50.838832532618795
F02150,LM4MKE,46.50939894979362
LM4MKE,F02150,46.50939894979362
F02150,LM4MKF,41.29693832803582
LM4MKF,F02150,41.29693832803582
F02150,LM4MKG,35.538758874297145
LM4MKG,F02150,35.538758874297145
F02150,LM4MKH,28.304146070338074
LM4MKH,F02150,28.304146070338074
F02150,LM4MKI,35.498106108456795
LM4MKI,F02150,35.498106108456795
F02150,LM4MKJ,33.134131526368805
LM4MKJ,F02150,33.134131526368805
F02150,LM4MKK,40.302054349208134
LM4MKK,F02150,40.302054349208134
F02192,F02194,14.672398142562555
F02194,F02192,14.672398142562555
F02192,F02196,33.481651996361954
F02196,F02192,33.481651996361954
F02192,F02197,45.37278532214113
F02197,F02192,45.37278532214113
F02192,F02198,40.06118308098366
F02198,F02192,40.06118308098366
F02192,F02199,24.724565895714335
F02199,F02192,24.724565895714335
F02192,F02200,24.915779696629937
F02200,F02192,24.915779696629937
F02192,F02201,29.60395284639334
F02201,F02192,29.60395284639334
F02192,F02202,27.70756475333764
F02202,F02192,27.70756475333764
F02192,F02203,17.0697708739896
F02203,F02192,17.0697708739896
F02192,LM4MK1,10.907445817070283
LM4MK1,F02192,10.907445817070283
F02192,LM4MK2,27.904987424425602
LM4MK2,F02192,27.904987424425602
F02192,LM4MK3,9.853541956929561
LM4MK3,F02192,9.853541956929561
F02192,LM4MKA,17.16362899833362
LM4MKA,F02192,17.16362899833362
F02192,LM4MKB,14.272153933325384
LM4MKB,F02192,14.272153933325384
F02192,LM4MKC,14.903852457805902
LM4MKC,F02192,14.903852457805902
F02192,LM4MKD,20.396104156250686
LM4MKD,F02192,20.396104156250686
F02192,LM4MKE,14.782946893436954
LM4MKE,F02192,14.782946893436954
F02192,LM4MKF,8.923563809550727
LM4MKF,F02192,8.923563809550727
F02192,LM4MKG,6.607201045126523
LM4MKG,F02192,6.607201045126523
F02192,LM4MKH,8.138058727639232
LM4MKH,F02192,8.138058727639232
F02192,LM4MKI,16.318351886291914
LM4MKI,F02192,16.318351886291914
F02192,LM4MKJ,27.520132780220102
LM4MKJ,F02192,27.520132780220102
F02192,LM4MKK,24.24725479593492
LM4MKK,F02192,24.24725479593492
F02194,F02196,29.713301550364744
F02196,F02194,29.713301550364744
F02194,F02197,40.16236408578156
F02197,F02194,40.16236408578156
F02194,F02198,35.739260112663416
F02198,F02194,35.739260112663416
F02194,F02199,18.815647204886183
F02199,F02194,18.815647204886183
F02194,F02200,20.129925898205517
F02200,F02194,20.129925898205517
F02194,F02201,23.523566727683267
F02201,F02194,23.523566727683267
F02194,F02202,17.465159237899048
F02202,F02194,17.465159237899048
F02194,F02203,8.66550720191604
F02203,F02194,8.66550720191604
F02194,LM4MK1,3.8205404140353405
LM4MK1,F02194,3.8205404140353405
F02194,LM4MK2,14.802484120124632
LM4MK2,F02194,14.802484120124632
F02194,LM4MK3,4.819238029936647
LM4MK3,F02194,4.819238029936647
F02194,LM4MKA,5.646509693998647
LM4MKA,F02194,5.646509693998647
F02194,LM4MKB,8.808290183765198
LM4MKB,F02194,8.808290183765198
F02194,LM4MKC,11.044758509260223
LM4MKC,F02194,11.044758509260223
F02194,LM4MKD,16.139970798786848
LM4MKD,F02194,16.139970798786848
F02194,LM4MKE,15.119315350734094
LM4MKE,F02194,15.119315350734094
F02194,LM4MKF,14.53085081147525
LM4MKF,F02194,14.53085081147525
F02194,LM4MKG,8.56398258809633
LM4MKG,F02194,8.56398258809633
F02194,LM4MKH,10.296397021264891
LM4MKH,F02194,10.296397021264891
F02194,LM4MKI,2.7868215087212835
LM4MKI,F02194,2.7868215087212835
F02194,LM4MKJ,16.192550586012697
LM4MKJ,F02194,16.192550586012697
F02194,LM4MKK,9.75044273123757
LM4MKK,F02194,9.75044273123757
F02196,F02197,11.991821786374192
F02197,F02196,11.991821786374192
F02196,F02198,6.579543278011422
F02198,F02196,6.579543278011422
F02196,F02199,10.96135718476254
F02199,F02196,10.96135718476254
F02196,F02200,9.603979323956999
F02200,F02196,9.603979323956999
F02196,F02201,7.085426740061077
F02201,F02196,7.085426740061077
F02196,F02202,16.31332147995306
F02202,F02196,16.31332147995306
F02196,F02203,21.050825651270127
F02203,F02196,21.050825651270127
F02196,LM4MK1,30.60416249870519
LM4MK1,F02196,30.60416249870519
F02196,LM4MK2,40.247614994038166
LM4MK2,F02196,40.247614994038166
F02196,LM4MK3,30.274862157809356
LM4MK3,F02196,30.274862157809356
F02196,LM4MKA,24.307249664979363
LM4MKA,F02196,24.307249664979363
F02196,LM4MKB,21.772884068937064
LM4MKB,F02196,21.772884068937064
F02196,LM4MKC,19.941262748754347
LM4MKC,F02196,19.941262748754347
F02196,LM4MKD,13.978781749615006
LM4MKD,F02196,13.978781749615006
F02196,LM4MKE,18.700977292738965
LM4MKE,F02196,18.700977292738965
F02196,LM4MKF,24.701783502596236
LM4MKF,F02196,24.701783502596236
F02196,LM4MKG,29.251546836226368
LM4MKG,F02196,29.251546836226368
F02196,LM4MKH,36.473626074573836
LM4MKH,F02196,36.473626074573836
F02196,LM4MKI,32.075946287950885
LM4MKI,F02196,32.075946287950885
F02196,LM4MKJ,43.67587722086641
LM4MKJ,F02196,43.67587722086641
F02196,LM4MKK,33.22229789532874
LM4MKK,F02196,33.22229789532874
F02197,F02198,5.571410623606552
F02198,F02197,5.571410623606552
F02197,F02199,21.602404103643757
F02199,F02197,21.602404103643757
F02197,F02200,20.79264206763153
F02200,F02197,20.79264206763153
F02197,F02201,16.684182823355783
F02201,F02197,16.684182823355783
F02197,F02202,24.098860301762905
F02202,F02197,24.098860301762905
F02197,F02203,31.700920485570535
F02203,F02197,31.700920485570535
F02197,LM4MK1,41.60585387141621
LM4MK1,F02197,41.60585387141621
F02197,LM4MK2,48.56810211421105
LM4MK2,F02197,48.56810211421105
F02197,LM4MK3,41.422546647476864
LM4MK3,F02197,41.422546647476864
F02197,LM4MKA,34.54456445416243
LM4MKA,F02197,34.54456445416243
F02197,LM4MKB,32.97033578164967
LM4MKB,F02197,32.97033578164967
F02197,LM4MKC,31.357926816046266
LM4MKC,F02197,31.357926816046266
F02197,LM4MKD,25.38194615926218
LM4MKD,F02197,25.38194615926218
F02197,LM4MKE,30.597644374323153
LM4MKE,F02197,30.597644374323153
F02197,LM4MKF,36.65671419558443
LM4MKF,F02197,36.65671419558443
F02197,LM4MKG,40.826876961331884
LM4MKG,F02197,40.826876961331884
F02197,LM4MKH,47.85717501946353
LM4MKH,F02197,47.85717501946353
F02197,LM4MKI,42.237088966615985
LM4MKI,F02197,42.237088966615985
F02197,LM4MKJ,52.500134236471396
LM4MKJ,F02197,52.500134236471396
F02197,LM4MKK,41.78363038159639
LM4MKK,F02197,41.78363038159639
F02198,F02199,16.9429072171732
F02199,F02198,16.9429072171732
F02198,F02200,15.869742660720402
F02200,F02198,15.869742660720402
F02198,F02201,12.299485815883173
F02201,F02198,12.299485815883173
F02198,F02202,20.754971091575047
F02202,F02198,20.754971091575047
F02198,F02203,27.13471982595657
F02203,F02198,27.13471982595657
F02198,LM4MK1,36.886308994914664
LM4MK1,F02198,36.886308994914664
F02198,LM4MK2,45.25474296138963
LM4MK2,F02198,45.25474296138963
F02198,LM4MK3,36.618909275419
LM4MK3,F02198,36.618909275419
F02198,LM4MKA,30.20450246321576
LM4MKA,F02198,30.20450246321576
F02198,LM4MKB,28.117463102897563
LM4MKB,F02198,28.117463102897563
F02198,LM4MKC,26.374213048469468
LM4MKC,F02198,26.374213048469468
F02198,LM4MKD,20.38467441456564
LM4MKD,F02198,20.38467441456564
F02198,LM4MKE,25.28014253155255
LM4MKE,F02198,25.28014253155255
F02198,LM4MKF,31.2739304966069
LM4MKF,F02198,31.2739304966069
F02198,LM4MKG,35.75853374257513
LM4MKG,F02198,35.75853374257513
F02198,LM4MKH,42.91970768924385
LM4MKH,F02198,42.91970768924385
F02198,LM4MKI,37.972072470181324
LM4MKI,F02198,37.972072470181324
F02198,LM4MKJ,48.95340546253454
LM4MKJ,F02198,48.95340546253454
F02198,LM4MKK,38.31501575373026
LM4MKK,F02198,38.31501575373026
F02199,F02200,1.9728830865095965
F02200,F02199,1.9728830865095965
F02199,F02201,5.003894228594757
F02201,F02199,5.003894228594757
F02199,F02202,7.810540176711442
F02202,F02199,7.810540176711442
F02199,F02203,10.191875415474643
F02203,F02199,10.191875415474643
F02199,LM4MK1,20.011085218651566
LM4MK1,F02199,20.011085218651566
F02199,LM4MK2,29.634595348913773
LM4MK2,F02199,29.634595348913773
F02199,LM4MK3,19.822014153889427
LM4MK3,F02199,19.822014153889427
F02199,LM4MKA,13.352167242176233
LM4MKA,F02199,13.352167242176233
F02199,LM4MKB,11.40594059437412
LM4MKB,F02199,11.40594059437412
F02199,LM4MKC,9.992748240501713
LM4MKC,F02199,9.992748240501713
F02199,LM4MKD,4.426297160442539
LM4MKD,F02199,4.426297160442539
F02199,LM4MKE,10.766027343166094
LM4MKE,F02199,10.766027343166094
F02199,LM4MKF,16.78572178538683
LM4MKF,F02199,16.78572178538683
F02199,LM4MKG,19.48145035559952
LM4MKG,F02199,19.48145035559952
F02199,LM4MKH,26.306341263351943
LM4MKH,F02199,26.306341263351943
F02199,LM4MKI,21.12652358705324
LM4MKI,F02199,21.12652358705324
F02199,LM4MKJ,32.86227024212345
LM4MKJ,F02199,32.86227024212345
F02199,LM4MKK,22.6002906654932
LM4MKK,F02199,22.6002906654932
F02200,F02201,4.801164085467412
F02201,F02200,4.801164085467412
F02200,F02202,9.709491948677115
F02202,F02200,9.709491948677115
F02200,F02203,11.464509064480337
F02203,F02200,11.464509064480337
F02200,LM4MK1,21.033821829164715
LM4MK1,F02200,21.033821829164715
F02200,LM4MK2,31.423589171351995
LM4MK2,F02200,31.423589171351995
F02200,LM4MK3,20.749456660631388
LM4MK3,F02200,20.749456660631388
F02200,LM4MKA,14.80700813628528
LM4MKA,F02200,14.80700813628528
F02200,LM4MKB,12.24797960985156
LM4MKB,F02200,12.24797960985156
F02200,LM4MKC,10.565376698304018
LM4MKC,F02200,10.565376698304018
F02200,LM4MKD,4.599787933364344
LM4MKD,F02200,4.599787933364344
F02200,LM4MKE,10.469845910083825
LM4MKE,F02200,10.469845910083825
F02200,LM4MKF,16.61981929363732
LM4MKF,F02200,16.61981929363732
F02200,LM4MKG,20.04387628469978
LM4MKG,F02200,20.04387628469978
F02200,LM4MKH,27.085402456129486
LM4MKH,F02200,27.085402456129486
F02200,LM4MKI,22.542805108506155
LM4MKI,F02200,22.542805108506155
F02200,LM4MKJ,34.55487051815561
LM4MKJ,F02200,34.55487051815561
F02200,LM4MKK,24.399035622946062
LM4MKK,F02200,24.399035622946062
F02201,F02202,9.256468748519172
F02202,F02201,9.256468748519172
F02201,F02203,15.017023760170638
F02203,F02201,15.017023760170638
F02201,LM4MK1,24.934311457091304
LM4MK1,F02201,24.934311457091304
F02201,LM4MK2,33.25226133996688
LM4MK2,F02201,33.25226133996688
F02201,LM4MK3,24.784771758824135
LM4MK3,F02201,24.784771758824135
F02201,LM4MKA,17.943096845454004
LM4MKA,F02201,17.943096845454004
F02201,LM4MKB,16.40322265100966
LM4MKB,F02201,16.40322265100966
F02201,LM4MKC,14.979575433019894
LM4MKC,F02201,14.979575433019894
F02201,LM4MKD,9.207850142994229
LM4MKD,F02201,9.207850142994229
F02201,LM4MKE,15.268018257739385
LM4MKE,F02201,15.268018257739385
F02201,LM4MKF,21.410357458288104
LM4MKF,F02201,21.410357458288104
F02201,LM4MKG,24.477812231780238
LM4MKG,F02201,24.477812231780238
F02201,LM4MKH,31.300131856085816
LM4MKH,F02201,31.300131856085816
F02201,LM4MKI,25.69475206969858
LM4MKI,F02201,25.69475206969858
F02201,LM4MKJ,36.7913397480214
LM4MKJ,F02201,36.7913397480214
F02201,LM4MKK,26.24636351724632
LM4MKK,F02201,26.24636351724632
F02202,F02203,10.698531609496511
F02203,F02202,10.698531609496511
F02202,LM4MK1,20.01186865326585
LM4MK1,F02202,20.01186865326585
F02202,LM4MK2,24.543995200249892
LM4MK2,F02202,24.543995200249892
F02202,LM4MK3,20.273942460354768
LM4MK3,F02202,20.273942460354768
F02202,LM4MKA,12.006537769714393
LM4MKA,F02202,12.006537769714393
F02202,LM4MKB,13.451462697483809
LM4MKB,F02202,13.451462697483809
F02202,LM4MKC,13.317147389302246
LM4MKC,F02202,13.317147389302246
F02202,LM4MKD,10.492195844352663
LM4MKD,F02202,10.492195844352663
F02202,LM4MKE,16.269039322530585
LM4MKE,F02202,16.269039322530585
F02202,LM4MKF,21.373019743949737
LM4MKF,F02202,21.373019743949737
F02202,LM4MKG,21.462633761918703
LM4MKG,F02202,21.462633761918703
F02202,LM4MKH,26.95279473094653
LM4MKH,F02202,26.95279473094653
F02202,LM4MKI,18.981814304917975
LM4MKI,F02202,18.981814304917975
F02202,LM4MKJ,28.40272797698646
LM4MKJ,F02202,28.40272797698646
F02202,LM4MKK,17.690709638967302
LM4MKK,F02202,17.690709638967302
F02203,LM4MK1,9.982327583597217
LM4MK1,F02203,9.982327583597217
F02203,LM4MK2,21.208857589781978
LM4MK2,F02203,21.208857589781978
F02203,LM4MK3,9.975386533984802
LM4MK3,F02203,9.975386533984802
F02203,LM4MKA,3.6192084319922544
LM4MKA,F02203,3.6192084319922544
F02203,LM4MKB,3.0986914922277125
LM4MKB,F02203,3.0986914922277125
F02203,LM4MKC,4.2916068668169185
LM4MKC,F02203,4.2916068668169185
F02203,LM4MKD,7.63193300129337
LM4MKD,F02203,7.63193300129337
F02203,LM4MKE,8.859596440532748
LM4MKE,F02203,8.859596440532748
F02203,LM4MKF,11.854117676285759
LM4MKF,F02203,11.854117676285759
F02203,LM4MKG,10.764360959567924
LM4MKG,F02203,10.764360959567924
F02203,LM4MKH,16.654103310302258
LM4MKH,F02203,16.654103310302258
F02203,LM4MKI,11.12428326835632
LM4MKI,F02203,11.12428326835632
F02203,LM4MKJ,23.736465938957476
LM4MKJ,F02203,23.736465938957476
F02203,LM4MKK,14.508766791292755
LM4MKK,F02203,14.508766791292755
LM4MK1,LM4MK2,17.671757957653703
LM4MK2,LM4MK1,17.671757957653703
LM4MK1,LM4MK3,1.1580034829290975
LM4MK3,LM4MK1,1.1580034829290975
LM4MK1,LM4MKA,8.046878497649052
LM4MKA,LM4MK1,8.046878497649052
LM4MK1,LM4MKB,8.858240195795348
LM4MKB,LM4MK1,8.858240195795348
LM4MK1,LM4MKC,10.884944319210627
LM4MKC,LM4MK1,10.884944319210627
LM4MK1,LM4MKD,16.661940375019245
LM4MKD,LM4MK1,16.661940375019245
LM4MK1,LM4MKE,14.132471579869684
LM4MKE,LM4MK1,14.132471579869684
LM4MK1,LM4MKF,12.078025270701556
LM4MKF,LM4MK1,12.078025270701556
LM4MK1,LM4MKG,5.194229186137766
LM4MKG,LM4MK1,5.194229186137766
LM4MK1,LM4MKH,6.980953684825523
LM4MKH,LM4MK1,6.980953684825523
LM4MK1,LM4MKI,5.554611572760047
LM4MKI,LM4MK1,5.554611572760047
LM4MK1,LM4MKJ,18.282201993227833
LM4MKJ,LM4MK1,18.282201993227833
LM4MK1,LM4MKK,13.361098732607422
LM4MKK,LM4MK1,13.361098732607422
LM4MK2,LM4MK3,18.828731966331127
LM4MK3,LM4MK2,18.828731966331127
LM4MK2,LM4MKA,17.62751489794044
LM4MKA,LM4MK2,17.62751489794044
LM4MK2,LM4MKB,22.742880333788808
LM4MKB,LM4MK2,22.742880333788808
LM4MK2,LM4MKC,24.890401754082557
LM4MKC,LM4MK2,24.890401754082557
LM4MK2,LM4MKD,28.5730420884206
LM4MKD,LM4MK2,28.5730420884206
LM4MK2,LM4MKE,29.376701599333103
LM4MKE,LM4MK2,29.376701599333103
LM4MK2,LM4MKF,29.32891922849762
LM4MKF,LM4MK2,29.32891922849762
LM4MK2,LM4MKG,22.86596018548663
LM4MKG,LM4MK2,22.86596018548663
LM4MK2,LM4MKH,20.723540492425556
LM4MKH,LM4MK2,20.723540492425556
LM4MK2,LM4MKI,12.231312205180146
LM4MKI,LM4MK2,12.231312205180146
LM4MK2,LM4MKJ,4.61568725809981
LM4MKJ,LM4MK2,4.61568725809981
LM4MK2,LM4MKK,7.037440243341248
LM4MKK,LM4MK2,7.037440243341248
LM4MK3,LM4MKA,8.439383246641835
LM4MKA,LM4MK3,8.439383246641835
LM4MK3,LM4MKB,8.505639967253865
LM4MKB,LM4MK3,8.505639967253865
LM4MK3,LM4MKC,10.412563913768945
LM4MKC,LM4MK3,10.412563913768945
LM4MK3,LM4MKD,16.29977403617107
LM4MKD,LM4MK3,16.29977403617107
LM4MK3,LM4MKE,13.382982292807343
LM4MKE,LM4MK3,13.382982292807343
LM4MK3,LM4MKF,11.014104523390158
LM4MKF,LM4MK3,11.014104523390158
LM4MK3,LM4MKG,4.037409478343623
LM4MKG,LM4MK3,4.037409478343623
LM4MK3,LM4MKH,6.70210390813486
LM4MKH,LM4MK3,6.70210390813486
LM4MK3,LM4MKI,6.705140166804629
LM4MKI,LM4MK3,6.705140166804629
LM4MK3,LM4MKJ,19.39190476166313
LM4MKJ,LM4MK3,19.39190476166313
LM4MK3,LM4MKK,14.46473845246557
LM4MKK,LM4MK3,14.46473845246557
LM4MKA,LM4MKB,5.46192502137433
LM4MKB,LM4MKA,5.46192502137433
LM4MKA,LM4MKC,7.405327930225645
LM4MKC,LM4MKA,7.405327930225645
LM4MKA,LM4MKD,11.212500379223798
LM4MKD,LM4MKA,11.212500379223798
LM4MKA,LM4MKE,12.015452939581634
LM4MKE,LM4MKA,12.015452939581634
LM4MKA,LM4MKF,13.774808382830768
LM4MKF,LM4MKA,13.774808382830768
LM4MKA,LM4MKG,10.560379555074404
LM4MKG,LM4MKA,10.560379555074404
LM4MKA,LM4MKH,15.023921931594273
LM4MKH,LM4MKA,15.023921931594273
LM4MKA,LM4MKI,7.776904275546237
LM4MKI,LM4MKA,7.776904275546237
LM4MKA,LM4MKJ,20.120748815846525
LM4MKJ,LM4MKA,20.120748815846525
LM4MKA,LM4MKK,11.04402819059796
LM4MKK,LM4MKA,11.04402819059796
LM4MKB,LM4MKC,2.239082549242502
LM4MKC,LM4MKB,2.239082549242502
LM4MKB,LM4MKD,7.807891065308526
LM4MKD,LM4MKB,7.807891065308526
LM4MKB,LM4MKE,6.6450508240516895
LM4MKE,LM4MKB,6.6450508240516895
LM4MKB,LM4MKF,8.781201846009253
LM4MKF,LM4MKB,8.781201846009253
LM4MKB,LM4MKG,8.281388375214435
LM4MKG,LM4MKB,8.281388375214435
LM4MKB,LM4MKH,14.900993142217745
LM4MKH,LM4MKB,14.900993142217745
LM4MKB,LM4MKI,11.550724192147378
LM4MKI,LM4MKB,11.550724192147378
LM4MKB,LM4MKJ,24.781446526803602
LM4MKJ,LM4MKB,24.781446526803602
LM4MKB,LM4MKK,16.408964069204398
LM4MKK,LM4MKB,16.408964069204398
LM4MKC,LM4MKD,5.991421407737341
LM4MKD,LM4MKC,5.991421407737341
LM4MKC,LM4MKE,4.62500820028701
LM4MKE,LM4MKC,4.62500820028701
LM4MKC,LM4MKF,8.112569839423326
LM4MKF,LM4MKC,8.112569839423326
LM4MKC,LM4MKG,9.504834622421882
LM4MKG,LM4MKC,9.504834622421882
LM4MKC,LM4MKH,16.54567580853043
LM4MKH,LM4MKC,16.54567580853043
LM4MKC,LM4MKI,13.789783290580532
LM4MKI,LM4MKC,13.789783290580532
LM4MKC,LM4MKJ,27.004263627107502
LM4MKJ,LM4MKC,27.004263627107502
LM4MKC,LM4MKK,18.442534424727906
LM4MKK,LM4MKC,18.442534424727906
LM4MKD,LM4MKE,6.383735541176297
LM4MKE,LM4MKD,6.383735541176297
LM4MKD,LM4MKF,12.359686457545678
LM4MKF,LM4MKD,12.359686457545678
LM4MKD,LM4MKG,15.446984608844057
LM4MKG,LM4MKD,15.446984608844057
LM4MKD,LM4MKH,22.53537181856926
LM4MKH,LM4MKD,22.53537181856926
LM4MKD,LM4MKI,18.708584589591577
LM4MKI,LM4MKD,18.708584589591577
LM4MKD,LM4MKJ,31.314190373951757
LM4MKJ,LM4MKD,31.314190373951757
LM4MKD,LM4MKK,21.675933189160435
LM4MKK,LM4MKD,21.675933189160435
LM4MKE,LM4MKF,6.165269945556721
LM4MKF,LM4MKE,6.165269945556721
LM4MKE,LM4MKG,11.132361380568327
LM4MKG,LM4MKE,11.132361380568327
LM4MKE,LM4MKH,18.571151842338548
LM4MKH,LM4MKE,18.571151842338548
LM4MKE,LM4MKI,17.90543476840859
LM4MKI,LM4MKE,17.90543476840859
LM4MKE,LM4MKJ,31.27501156020972
LM4MKJ,LM4MKE,31.27501156020972
LM4MKE,LM4MKK,23.033635565464667
LM4MKK,LM4MKE,23.033635565464667
LM4MKF,LM4MKG,7.4061020649987706
LM4MKG,LM4MKF,7.4061020649987706
LM4MKF,LM4MKH,14.319441677466152
LM4MKH,LM4MKF,14.319441677466152
LM4MKF,LM4MKI,17.138806540236487
LM4MKI,LM4MKF,17.138806540236487
LM4MKF,LM4MKJ,30.33222464120166
LM4MKJ,LM4MKF,30.33222464120166
LM4MKF,LM4MKK,23.87023457400063
LM4MKK,LM4MKF,23.87023457400063
LM4MKG,LM4MKH,7.439217164779345
LM4MKH,LM4MKG,7.439217164779345
LM4MKG,LM4MKI,10.712404324716351
LM4MKI,LM4MKG,10.712404324716351
LM4MKG,LM4MKJ,23.341237631101006
LM4MKJ,LM4MKG,23.341237631101006
LM4MKG,LM4MKK,18.313524521041828
LM4MKK,LM4MKG,18.313524521041828
LM4MKH,LM4MKI,10.643742314804134
LM4MKI,LM4MKH,10.643742314804134
LM4MKH,LM4MKJ,19.73750478735816
LM4MKJ,LM4MKH,19.73750478735816
LM4MKH,LM4MKK,18.423308886840978
LM4MKK,LM4MKH,18.423308886840978
LM4MKI,LM4MKJ,13.414611535168019
LM4MKJ,LM4MKI,13.414611535168019
LM4MKI,LM4MKK,7.985606554069588
LM4MKK,LM4MKI,7.985606554069588
LM4MKJ,LM4MKK,10.720650354196216
LM4MKK,LM4MKJ,10.720650354196216
F02130,F02131,12.821679892941868
F02131,F02130,12.821679892941868
F00012,F02138,18.20396832063566
F02138,F00012,18.20396832063566
F02134,F02135,16.623608513120452
F02135,F02134,16.623608513120452
F02132,F02133,1.6765724116527059
F02133,F02132,1.6765724116527059
F02136,F02137,3.7242360996040063
F02137,F02136,3.7242360996040063
F02121,F02122,6.684354169575585
F02122,F02121,6.684354169575585
F02123,F02124,8.816013432414328
F02124,F02123,8.816013432414328
008040,008041,5.2974083065051465
008041,008040,5.2974083065051465
008040,F02146,11.294831575794182
F02146,008040,11.294831575794182
008040,F02147,5.916995519257522
F02147,008040,5.916995519257522
008041,F02146,9.917428863784327
F02146,008041,9.917428863784327
008041,F02147,3.7560919441995266
F02147,008041,3.7560919441995266
F02146,F02147,6.271335830597161
F02147,F02146,6.271335830597161
F02254,F02255,7.2149531516062275
F02255,F02254,7.2149531516062275
F02125,F02126,5.425413505133593
F02126,F02125,5.425413505133593
F02125,F02127,11.806181336592665
F02127,F02125,11.806181336592665
F02125,F02128,24.987398044481058
F02128,F02125,24.987398044481058
F02125,F02129,14.13764056942382
F02129,F02125,14.13764056942382
F02126,F02127,6.397036361686579
F02127,F02126,6.397036361686579
F02126,F02128,19.602509464958505
F02128,F02126,19.602509464958505
F02126,F02129,10.027603256458297
F02129,F02126,10.027603256458297
F02127,F02128,13.210601777696317
F02128,F02127,13.210601777696317
F02127,F02129,8.358541920060699
F02129,F02127,8.358541920060699
F02128,F02129,16.619738607189817
F02129,F02128,16.619738607189817
F02049,F02050,5.693926072769957
F02050,F02049,5.693926072769957
F02049,F02051,16.481360480648124
F02051,F02049,16.481360480648124
F02049,F02052,20.945817667337096
F02052,F02049,20.945817667337096
F02050,F02051,14.775016303476162
F02051,F02050,14.775016303476162
F02050,F02052,18.425326612758226
F02052,F02050,18.425326612758226
F02051,F02052,4.911078253880588
F02052,F02051,4.911078253880588
F02261,F02262,10.880261064897512
F02262,F02261,10.880261064897512
009427,009636,2.889185217149184
009636,009427,2.889185217149184
009427,F02220,9.376178292654721
F02220,009427,9.376178292654721
009427,F02221,16.729150050231798
F02221,009427,16.729150050231798
009636,F02220,12.131800359478673
F02220,009636,12.131800359478673
009636,F02221,19.54681468203086
F02221,009636,19.54681468203086
F02220,F02221,7.474577186070364
F02221,F02220,7.474577186070364
F02053,F02054,6.871100138682254
F02054,F02053,6.871100138682254
F02040,F02041,9.553412016539623
F02041,F02040,9.553412016539623
F02040,F02042,9.613815107123035
F02042,F02040,9.613815107123035
F02040,F02043,1.5731304732570588
F02043,F02040,1.5731304732570588
F02041,F02042,0.9879265076349215
F02042,F02041,0.9879265076349215
F02041,F02043,8.157549709439769
F02043,F02041,8.157549709439769
F02042,F02043,8.145729233758388
F02043,F02042,8.145729233758388
F02038,F02039,5.421329364661557
F02039,F02038,5.421329364661557
044178,F02037,15.568471766012932
F02037,044178,15.568471766012932
008486,009425,11.702800340447263
009425,008486,11.702800340447263
008486,F02238,6.268392961236355
F02238,008486,6.268392961236355
008486,F02239,5.967068616838092
F02239,008486,5.967068616838092
009425,F02238,16.8361628082094
F02238,009425,16.8361628082094
009425,F02239,5.82057083083416
F02239,009425,5.82057083083416
F02238,F02239,11.096755679061584
F02239,F02238,11.096755679061584
F02002,F02003,16.891372439014663
F02003,F02002,16.891372439014663
F02002,F02004,10.218671672011963
F02004,F02002,10.218671672011963
F02002,F02005,6.392789015055354
F02005,F02002,6.392789015055354
F02003,F02004,6.674006469936772
F02004,F02003,6.674006469936772
F02003,F02005,13.70812604738803
F02005,F02003,13.70812604738803
F02004,F02005,7.915248784156366
F02005,F02004,7.915248784156366
009412,F02048,14.994106465251233
F02048,009412,14.994106465251233
F02045,F02046,9.900675058224092
F02046,F02045,9.900675058224092
F02045,F02047,2.6239647199435208
F02047,F02045,2.6239647199435208
F02046,F02047,7.673075053254073
F02047,F02046,7.673075053254073
F02242,F02243,8.130657499323222
F02243,F02242,8.130657499323222
F02244,F02245,3.719669685414876
F02245,F02244,3.719669685414876
F02063,F02064,5.445344963035729
F02064,F02063,5.445344963035729
F02067,F02068,8.06779928297213
F02068,F02067,8.06779928297213
F02065,F02066,9.782973106581442
F02066,F02065,9.782973106581442
F02057,F02058,7.900312819272247
F02058,F02057,7.900312819272247
F02059,F02060,21.36271474871883
F02060,F02059,21.36271474871883
F02246,F02247,11.252363676894367
F02247,F02246,11.252363676894367
F02094,F02095,19.363038891858828
F02095,F02094,19.363038891858828
F02055,F02056,6.77481313641166
F02056,F02055,6.77481313641166
F02061,F02062,8.635931626197445
F02062,F02061,8.635931626197445
062519,F01930,14.177531535915149
F01930,062519,14.177531535915149
062519,F01931,11.769457523271223
F01931,062519,11.769457523271223
F01930,F01931,20.681513656249567
F01931,F01930,20.681513656249567
F02071,F02072,8.07654983147266
F02072,F02071,8.07654983147266
008567,F02226,8.009767251517886
F02226,008567,8.009767251517886
008567,F02227,3.652038793124027
F02227,008567,3.652038793124027
008567,F02228,5.219074428625781
F02228,008567,5.219074428625781
008567,F02229,5.386575504193168
F02229,008567,5.386575504193168
F02226,F02227,5.554809684291067
F02227,F02226,5.554809684291067
F02226,F02228,2.951425913501969
F02228,F02226,2.951425913501969
F02226,F02229,12.788898175496673
F02229,F02226,12.788898175496673
F02227,F02228,2.666939529766511
F02228,F02227,2.666939529766511
F02227,F02229,7.361595161225509
F02229,F02227,7.361595161225509
F02228,F02229,9.838162846122083
F02229,F02228,9.838162846122083
F02075,F02076,4.660978347145969
F02076,F02075,4.660978347145969
F02073,F02074,14.464696635519163
F02074,F02073,14.464696635519163
F02077,F02078,3.936143817721594
F02078,F02077,3.936143817721594
F02079,F02080,6.9543634837030535
F02080,F02079,6.9543634837030535
F02090,F02091,9.20821026159551
F02091,F02090,9.20821026159551
F02092,F02093,18.818587882510847
F02093,F02092,18.818587882510847
F02096,F02097,2.93930460808741
F02097,F02096,2.93930460808741
F02096,F02098,2.814677448171352
F02098,F02096,2.814677448171352
F02096,F02099,3.4750980108012155
F02099,F02096,3.4750980108012155
F02097,F02098,5.721413655246958
F02098,F02097,5.721413655246958
F02097,F02099,6.089255835812231
F02099,F02097,6.089255835812231
F02098,F02099,2.6755105928835063
F02099,F02098,2.6755105928835063
F02088,F02089,9.16158565958153
F02089,F02088,9.16158565958153
F02086,F02087,11.686913869878447
F02087,F02086,11.686913869878447
F02234,F02235,4.713410033785124
F02235,F02234,4.713410033785124
066455,066456,10.755967356014164
066456,066455,10.755967356014164
073108,F01984,6.203238598228241
F01984,073108,6.203238598228241
066453,066454,11.339839037005804
066454,066453,11.339839037005804
066453,F01985,5.1705949825721795
F01985,066453,5.1705949825721795
066454,F01985,16.07156595903686
F01985,066454,16.07156595903686
049597,071262,10.731158657373172
071262,049597,10.731158657373172
066451,066452,11.773730329226742
066452,066451,11.773730329226742
009041,009042,34.60356299162283
009042,009041,34.60356299162283
009041,108188,47.30134829221978
108188,009041,47.30134829221978
009041,108457,28.746087839427133
108457,009041,28.746087839427133
009041,108458,17.685382643342137
108458,009041,17.685382643342137
009041,F01384,34.542613067808226
F01384,009041,34.542613067808226
009041,F01386,5.5314661727702354
F01386,009041,5.5314661727702354
009041,F01387,15.558382966589383
F01387,009041,15.558382966589383
009041,F01388,30.685393068479286
F01388,009041,30.685393068479286
009042,108188,49.64775912272748
108188,009042,49.64775912272748
009042,108457,63.34576383776825
108457,009042,63.34576383776825
009042,108458,52.22103751143002
108458,009042,52.22103751143002
009042,F01384,3.865563033188593
F01384,009042,3.865563033188593
009042,F01386,38.564266202539216
F01386,009042,38.564266202539216
009042,F01387,22.14952814654864
F01387,009042,22.14952814654864
009042,F01388,35.59145739697106
F01388,009042,35.59145739697106
108188,108457,62.666462877151965
108457,108188,62.666462877151965
108188,108458,56.69976809443502
108458,108188,56.69976809443502
108188,F01384,46.044199821042824
F01384,108188,46.044199821042824
108188,F01386,44.77935335808065
F01386,108188,44.77935335808065
108188,F01387,37.82450765943937
F01387,108188,37.82450765943937
108188,F01388,17.25765999154038
F01388,108188,17.25765999154038
108457,108458,11.227311893565396
108458,108457,11.227311893565396
108457,F01384,63.22573012881023
F01384,108457,63.22573012881023
108457,F01386,25.433669834880057
F01386,108457,25.433669834880057
108457,F01387,43.19563094396823
F01387,108457,43.19563094396823
108457,F01388,50.28059570176815
F01388,108457,50.28059570176815
108458,F01384,52.22789684328944
F01384,108458,52.22789684328944
108458,F01386,15.071428356848724
F01386,108458,15.071428356848724
108458,F01387,32.6335521878069
F01387,108458,32.6335521878069
108458,F01388,42.47338108588221
F01388,108458,42.47338108588221
F01384,F01386,38.07262657312746
F01386,F01384,38.07262657312746
F01384,F01387,20.9109398169158
F01387,F01384,20.9109398169158
F01384,F01388,32.46184983051281
F01388,F01384,32.46184983051281
F01386,F01387,17.761961707998356
F01387,F01386,17.761961707998356
F01386,F01388,28.962446489970834
F01388,F01386,28.962446489970834
F01387,F01388,20.653127258647142
F01388,F01387,20.653127258647142
008280,062607,24.73872801827067
062607,008280,24.73872801827067
062620,062621,9.623942130841781
062621,062620,9.623942130841781
062608,062622,15.720282200868645
062622,062608,15.720282200868645
F02148,F02149,13.76517024881309
F02149,F02148,13.76517024881309
008590,008591,9.022928033840097
008591,008590,9.022928033840097
008590,056223,20.549334282575582
056223,008590,20.549334282575582
008590,056224,29.54022032183556
056224,008590,29.54022032183556
008590,CSLM4SG1,17.303364747349978
CSLM4SG1,008590,17.303364747349978
008590,F02142,14.014296129992475
F02142,008590,14.014296129992475
008590,F02143,15.667683032771512
F02143,008590,15.667683032771512
008590,F02144,18.763505327834213
F02144,008590,18.763505327834213
008590,F02145,21.951740234815805
F02145,008590,21.951740234815805
008590,LM4SG1,11.544513877207535
LM4SG1,008590,11.544513877207535
008590,LM4SG2,24.23535474552956
LM4SG2,008590,24.23535474552956
008591,056223,22.517645347046653
056223,008591,22.517645347046653
008591,056224,25.47425914667821
056224,008591,25.47425914667821
008591,CSLM4SG1,13.271111500659599
CSLM4SG1,008591,13.271111500659599
008591,F02142,16.08850834997574
F02142,008591,16.08850834997574
008591,F02143,16.715888088411116
F02143,008591,16.715888088411116
008591,F02144,26.248362029385373
F02144,008591,26.248362029385373
008591,F02145,30.256734341634452
F02145,008591,30.256734341634452
008591,LM4SG1,5.468137001789255
LM4SG1,008591,5.468137001789255
008591,LM4SG2,21.06877720199071
LM4SG2,008591,21.06877720199071
056223,056224,17.483511285593874
056224,056223,17.483511285593874
056223,CSLM4SG1,13.7440249780454
CSLM4SG1,056223,13.7440249780454
056223,F02142,6.689136869871333
F02142,056223,6.689136869871333
056223,F02143,5.828793852455399
F02143,056223,5.828793852455399
056223,F02144,16.218401022646162
F02144,056223,16.218401022646162
056223,F02145,21.996449875861753
F02145,056223,21.996449875861753
056223,LM4SG1,18.446467560955025
LM4SG1,056223,18.446467560955025
056223,LM4SG2,12.649364768177069
LM4SG2,056223,12.649364768177069
056224,CSLM4SG1,12.467177246337911
CSLM4SG1,056224,12.467177246337911
056224,F02142,18.87946680704636
F02142,056224,18.87946680704636
056224,F02143,16.759349706409484
F02143,056224,16.759349706409484
056224,F02144,33.26989019735794
F02144,056224,33.26989019735794
056224,F02145,39.08299000004875
F02145,056224,39.08299000004875
056224,LM4SG1,20.034414410423203
LM4SG1,056224,20.034414410423203
056224,LM4SG2,5.619543930222595
LM4SG2,056224,5.619543930222595
CSLM4SG1,F02142,10.331745872910126
F02142,CSLM4SG1,10.331745872910126
CSLM4SG1,F02143,9.031572936283519
F02143,CSLM4SG1,9.031572936283519
CSLM4SG1,F02144,25.512348737739615
F02144,CSLM4SG1,25.512348737739615
CSLM4SG1,F02145,31.005930679058782
F02145,CSLM4SG1,31.005930679058782
CSLM4SG1,LM4SG1,7.813996058043374
LM4SG1,CSLM4SG1,7.813996058043374
CSLM4SG1,LM4SG2,7.800167377647436
LM4SG2,CSLM4SG1,7.800167377647436
F02142,F02143,2.1577048486231085
F02143,F02142,2.1577048486231085
F02142,F02144,15.299939460316487
F02144,F02142,15.299939460316487
F02142,F02145,20.93814131794157
F02145,F02142,20.93814131794157
F02142,LM4SG1,12.61525313455027
LM4SG1,F02142,12.61525313455027
F02142,LM4SG2,13.288318552487842
LM4SG2,F02142,13.288318552487842
F02143,F02144,17.07813140952527
F02144,F02143,17.07813140952527
F02143,F02145,22.793740716515696
F02145,F02143,22.793740716515696
F02143,LM4SG1,12.657158898461983
LM4SG1,F02143,12.657158898461983
F02143,LM4SG2,11.18792884196634
LM4SG2,F02143,11.18792884196634
F02144,F02145,5.815876711373621
F02145,F02144,5.815876711373621
F02144,LM4SG1,25.377460961517457
LM4SG1,F02144,25.377460961517457
F02144,LM4SG2,27.935171074710993
LM4SG2,F02144,27.935171074710993
F02145,LM4SG1,30.127637751030864
LM4SG1,F02145,30.127637751030864
F02145,LM4SG2,33.730929910677446
LM4SG2,F02145,33.730929910677446
LM4SG1,LM4SG2,15.61415429640675
LM4SG2,LM4SG1,15.61415429640675
009179,F02222,6.569343890289123
F02222,009179,6.569343890289123
009179,F02224,2.6346233627260207
F02224,009179,2.6346233627260207
009179,F02225,10.912391173370008
F02225,009179,10.912391173370008
F02222,F02224,4.30530497381218
F02224,F02222,4.30530497381218
F02222,F02225,9.160130047583756
F02225,F02222,9.160130047583756
F02224,F02225,10.823920189191634
F02225,F02224,10.823920189191634
F02153,F02154,10.532131975164818
F02154,F02153,10.532131975164818
F02153,F02155,16.60403231858396
F02155,F02153,16.60403231858396
F02154,F02155,14.043032559786662
F02155,F02154,14.043032559786662
F02152,F02156,19.3654847373152
F02156,F02152,19.3654847373152
F01986,F01988,18.072503208436057
F01988,F01986,18.072503208436057
F01986,F01989,15.162526306113303
F01989,F01986,15.162526306113303
F01986,F01990,10.911490615106096
F01990,F01986,10.911490615106096
F01986,F01992,17.49980279849775
F01992,F01986,17.49980279849775
F01988,F01989,5.608552091284355
F01989,F01988,5.608552091284355
F01988,F01990,7.224008898925438
F01990,F01988,7.224008898925438
F01988,F01992,13.119124449195688
F01992,F01988,13.119124449195688
F01989,F01990,5.123891568127269
F01990,F01989,5.123891568127269
F01989,F01992,16.431643184112357
F01992,F01989,16.431643184112357
F01990,F01992,12.864224878618673
F01992,F01990,12.864224878618673
F01351,F01352,4.547484818688425
F01352,F01351,4.547484818688425
040525,040526,7.444063858771712
040526,040525,7.444063858771712
107475,108742,14.801648021395753
108742,107475,14.801648021395753
107475,108743,7.286358603486537
108743,107475,7.286358603486537
108742,108743,7.5369980043495
108743,108742,7.5369980043495
102283,107571,14.34711803963365
107571,102283,14.34711803963365
102283,CS107475,19.838748888951677
CS107475,102283,19.838748888951677
107571,CS107475,5.51267505586172
CS107475,107571,5.51267505586172
F04297,F04298,5.538386908083772
F04298,F04297,5.538386908083772
F01411,F01412,8.620635726607414
F01412,F01411,8.620635726607414
F01502,F01503,11.945966991649872
F01503,F01502,11.945966991649872
F01502,F01504,14.950549921369673
F01504,F01502,14.950549921369673
F01502,F01505,10.803765999303252
F01505,F01502,10.803765999303252
F01503,F01504,26.476408469653926
F01504,F01503,26.476408469653926
F01503,F01505,3.2360310497169085
F01505,F01503,3.2360310497169085
F01504,F01505,25.729539962014883
F01505,F01504,25.729539962014883
F01506,F01507,9.640639194169136
F01507,F01506,9.640639194169136
008152,008153,11.484167135057568
008153,008152,11.484167135057568
008152,F01508,13.044967180407141
F01508,008152,13.044967180407141
008152,F01509,19.62705280004178
F01509,008152,19.62705280004178
008153,F01508,4.320675360130549
F01508,008153,4.320675360130549
008153,F01509,8.264400969159688
F01509,008153,8.264400969159688
F01508,F01509,9.42478654564669
F01509,F01508,9.42478654564669
009145,F01393,7.445318217210377
F01393,009145,7.445318217210377
009145,F01394,2.780365065807669
F01394,009145,2.780365065807669
009145,F01395,12.275535717050278
F01395,009145,12.275535717050278
F01393,F01394,6.456443393344812
F01394,F01393,6.456443393344812
F01393,F01395,17.23949610129903
F01395,F01393,17.23949610129903
F01394,F01395,15.055258560220532
F01395,F01394,15.055258560220532
F01390,F01391,6.902664734680325
F01391,F01390,6.902664734680325
008501,008702,16.649747838591335
008702,008501,16.649747838591335
009146,F01398,6.408186545612733
F01398,009146,6.408186545612733
009146,F01399,14.157484124221275
F01399,009146,14.157484124221275
F01398,F01399,7.762097548356899
F01399,F01398,7.762097548356899
F01511,F01512,10.125856934142787
F01512,F01511,10.125856934142787
F01511,F01513,15.00840343605453
F01513,F01511,15.00840343605453
F01512,F01513,4.905737389241119
F01513,F01512,4.905737389241119
008239,008240,4.841464556741066
008240,008239,4.841464556741066
008239,009310,24.93862170154009
009310,008239,24.93862170154009
008239,F01396,4.580098554319806
F01396,008239,4.580098554319806
008239,F01397,3.0729018953546974
F01397,008239,3.0729018953546974
008240,009310,26.936660701427925
009310,008240,26.936660701427925
008240,F01396,8.810180456807434
F01396,008240,8.810180456807434
008240,F01397,5.3609989876085375
F01397,008240,5.3609989876085375
009310,F01396,21.053653413804007
F01396,009310,21.053653413804007
009310,F01397,27.957520388368536
F01397,009310,27.957520388368536
F01396,F01397,7.199518261204077
F01397,F01396,7.199518261204077
008155,008265,10.790871854560613
008265,008155,10.790871854560613
008155,008272,84.3490429729863
008272,008155,84.3490429729863
008155,009290,65.67519487183257
009290,008155,65.67519487183257
008155,009703,60.43833273921552
009703,008155,60.43833273921552
008155,CS009703,60.333841999723106
CS009703,008155,60.333841999723106
008155,F01401,53.67562183760579
F01401,008155,53.67562183760579
008155,F01402,52.97087621084341
F01402,008155,52.97087621084341
008155,F01403,47.96298225947948
F01403,008155,47.96298225947948
008155,F01404,60.2304221736332
F01404,008155,60.2304221736332
008155,F01407,75.45825147973575
F01407,008155,75.45825147973575
008155,F01527,15.036939980706348
F01527,008155,15.036939980706348
008265,008272,76.30846721801196
008272,008265,76.30846721801196
008265,009290,58.176655525932546
009290,008265,58.176655525932546
008265,009703,50.588182968689665
009703,008265,50.588182968689665
008265,CS009703,50.5043746578989
CS009703,008265,50.5043746578989
008265,F01401,44.66328928407341
F01401,008265,44.66328928407341
008265,F01402,44.10049453463036
F01402,008265,44.10049453463036
008265,F01403,38.274223432357395
F01403,008265,38.274223432357395
008265,F01404,50.42192284230354
F01404,008265,50.42192284230354
008265,F01407,68.50874330288059
F01407,008265,68.50874330288059
008265,F01527,5.410531930636077
F01527,008265,5.410531930636077
008272,009290,19.121727864002995
009290,008272,19.121727864002995
008272,009703,32.225757633112195
009703,008272,32.225757633112195
008272,CS009703,32.09332792352755
CS009703,008272,32.09332792352755
008272,F01401,32.54533534052229
F01401,008272,32.54533534052229
008272,F01402,32.764456311237446
F01402,008272,32.764456311237446
008272,F01403,40.56214498223519
F01403,008272,40.56214498223519
008272,F01404,31.962709366702136
F01404,008272,31.962709366702136
008272,F01407,13.575419774150992
F01407,008272,13.575419774150992
008272,F01527,76.58995364885149
F01527,008272,76.58995364885149
009290,009703,23.100817246845136
009703,009290,23.100817246845136
009290,CS009703,22.85238549308965
CS009703,009290,22.85238549308965
009290,F01401,17.593788956431816
F01401,009290,17.593788956431816
009290,F01402,17.183189266123943
F01402,009290,17.183189266123943
009290,F01403,25.890150530386443
F01403,009290,25.890150530386443
009290,F01404,22.604560067746863
F01404,009290,22.604560067746863
009290,F01407,11.063029202232169
F01407,009290,11.063029202232169
009290,F01527,59.00472526714287
F01527,009290,59.00472526714287
009703,CS009703,0.2746337940170921
CS009703,009703,0.2746337940170921
009703,F01401,10.53351308673427
F01401,009703,10.53351308673427
009703,F01402,11.840108686974265
F01402,009703,11.840108686974265
009703,F01403,12.52641095083361
F01403,009703,12.52641095083361
009703,F01404,0.5492676107649811
F01404,009703,0.5492676107649811
009703,F01407,32.637880284120435
F01407,009703,32.637880284120435
009703,F01527,49.276547081802775
F01527,009703,49.276547081802775
CS009703,F01401,10.278309136624182
F01401,CS009703,10.278309136624182
CS009703,F01402,11.584347851829826
F01402,CS009703,11.584347851829826
CS009703,F01403,12.403747147632124
F01403,CS009703,12.403747147632124
CS009703,F01404,0.2746338168862038
F01404,CS009703,0.2746338168862038
CS009703,F01407,32.418405767717836
F01407,CS009703,32.418405767717836
CS009703,F01527,49.22069853776901
F01527,CS009703,49.22069853776901
F01401,F01402,1.3077548014581857
F01402,F01401,1.3077548014581857
F01401,F01403,8.380538573440193
F01403,F01401,8.380538573440193
F01401,F01404,10.024132179960555
F01404,F01401,10.024132179960555
F01401,F01407,28.529915174080948
F01407,F01401,28.529915174080948
F01401,F01527,44.37662027521877
F01527,F01401,44.37662027521877
F01402,F01403,8.713420018806488
F01403,F01402,8.713420018806488
F01402,F01404,11.329470551058716
F01404,F01402,11.329470551058716
F01402,F01407,28.19617644818308
F01407,F01402,28.19617644818308
F01402,F01527,43.96189724572284
F01527,F01402,43.96189724572284
F01403,F01404,12.285998573678366
F01404,F01403,12.285998573678366
F01403,F01407,36.87955432311004
F01407,F01403,36.87955432311004
F01403,F01527,37.33327269058205
F01527,F01403,37.33327269058205
F01404,F01407,32.19977771050206
F01407,F01404,32.19977771050206
F01404,F01527,49.16632055679691
F01527,F01404,49.16632055679691
F01407,F01527,69.6312054620093
F01527,F01407,69.6312054620093
F01341,F01342,5.743172216750124
F01342,F01341,5.743172216750124
009429,009430,20.19040567868667
009430,009429,20.19040567868667
F01941,F01942,24.730258711070274
F01942,F01941,24.730258711070274
F01938,F01939,2.395957746870399
F01939,F01938,2.395957746870399
F01900,F01901,8.670679438404003
F01901,F01900,8.670679438404003
061272,061273,8.445327749762852
061273,061272,8.445327749762852
061272,F01914,5.774137429633448
F01914,061272,5.774137429633448
061273,F01914,5.2708590684739125
F01914,061273,5.2708590684739125
F01916,F01917,2.750172795226387
F01917,F01916,2.750172795226387
061224,F01919,10.860512387361144
F01919,061224,10.860512387361144
061271,F01918,12.32607926771875
F01918,061271,12.32607926771875
F01945,F01946,26.11543334169581
F01946,F01945,26.11543334169581
061225,067001,27.454049363184335
067001,061225,27.454049363184335
061225,F01947,5.429115371551403
F01947,061225,5.429115371551403
061225,F01948,23.419614830654957
F01948,061225,23.419614830654957
067001,F01947,28.644294080275603
F01947,067001,28.644294080275603
067001,F01948,7.970830348648731
F01948,067001,7.970830348648731
F01947,F01948,23.255768037085545
F01948,F01947,23.255768037085545
087617,F01928,19.328340457006515
F01928,087617,19.328340457006515
075744,F01927,6.151380965261682
F01927,075744,6.151380965261682
082617,F01925,7.842809248617307
F01925,082617,7.842809248617307
082617,F01926,13.371386478802485
F01926,082617,13.371386478802485
F01925,F01926,10.837937981396756
F01926,F01925,10.837937981396756
007897,007898,1.931820129406123
007898,007897,1.931820129406123
007897,007899,4.354730478088945
007899,007897,4.354730478088945
007897,007967,29.977497881408706
007967,007897,29.977497881408706
007897,061188,64.14924822064985
061188,007897,64.14924822064985
007897,061222,61.930486142031974
061222,007897,61.930486142031974
007897,061274,67.08753014420572
061274,007897,67.08753014420572
007897,061275,66.08765966088903
061275,007897,66.08765966088903
007897,061277,66.09461472094513
061277,007897,66.09461472094513
007897,061278,76.57277475497341
061278,007897,76.57277475497341
007897,061280,68.89441637771839
061280,007897,68.89441637771839
007897,067002,27.11656490140189
067002,007897,27.11656490140189
007897,093021,3.7721174423410733
093021,007897,3.7721174423410733
007897,099633,13.852433353538697
099633,007897,13.852433353538697
007897,099634,6.6292227342600185
099634,007897,6.6292227342600185
007897,CS007899,4.073998264357428
CS007899,007897,4.073998264357428
007897,F02210,13.917371284493493
F02210,007897,13.917371284493493
007897,LM4KFA,15.947107496684156
LM4KFA,007897,15.947107496684156
007897,LM4KFB,68.63916571360991
LM4KFB,007897,68.63916571360991
007897,LM4KFC,73.93739893820184
LM4KFC,007897,73.93739893820184
007897,LM4KFD,71.20866451675292
LM4KFD,007897,71.20866451675292
007898,007899,2.5589808349039647
007899,007898,2.5589808349039647
007898,007967,28.953438373292734
007967,007898,28.953438373292734
007898,061188,65.27743983867003
061188,007898,65.27743983867003
007898,061222,62.86422327802256
061222,007898,62.86422327802256
007898,061274,68.15507507859955
061274,007898,68.15507507859955
007898,061275,67.02719855846505
061275,007898,67.02719855846505
007898,061277,66.86553337601825
061277,007898,66.86553337601825
007898,061278,77.28626252016316
061278,007898,77.28626252016316
007898,061280,69.7745974352352
061280,007898,69.7745974352352
007898,067002,28.919465462290727
067002,007898,28.919465462290727
007898,093021,1.972883999236396
093021,007898,1.972883999236396
007898,099633,15.523102474246134
099633,007898,15.523102474246134
007898,099634,6.7437504629368314
099634,007898,6.7437504629368314
007898,CS007899,2.276624873911259
CS007899,007898,2.276624873911259
007898,F02210,12.636684281303827
F02210,007898,12.636684281303827
007898,LM4KFA,17.593768108464175
LM4KFA,007898,17.593768108464175
007898,LM4KFB,69.69183363150596
LM4KFB,007898,69.69183363150596
007898,LM4KFC,74.96435822429491
LM4KFC,007898,74.96435822429491
007898,LM4KFD,71.94308632325036
LM4KFD,007898,71.94308632325036
007899,007967,26.793099181478613
007967,007899,26.793099181478613
007899,061188,65.67621308952337
061188,007899,65.67621308952337
007899,061222,62.9658517891167
061222,007899,62.9658517891167
007899,061274,68.45480258763595
061274,007899,68.45480258763595
007899,061275,67.13216352303209
061275,007899,67.13216352303209
007899,061277,66.72311418105701
061277,007899,66.72311418105701
007899,061278,77.05079277113161
061278,007899,77.05079277113161
007899,061280,69.78788243573486
061280,007899,69.78788243573486
007899,067002,31.454315745717558
067002,007899,31.454315745717558
007899,093021,0.5885994819781051
093021,007899,0.5885994819781051
007899,099633,18.08205900044189
099633,007899,18.08205900044189
007899,099634,8.620543768340628
099634,007899,8.620543768340628
007899,CS007899,0.2833997508800706
CS007899,007899,0.2833997508800706
007899,F02210,10.33199076802248
F02210,007899,10.33199076802248
007899,LM4KFA,19.059365381576992
LM4KFA,007899,19.059365381576992
007899,LM4KFB,69.96665860900288
LM4KFB,007899,69.96665860900288
007899,LM4KFC,75.19397143600972
LM4KFC,007899,75.19397143600972
007899,LM4KFD,71.74265450824957
LM4KFD,007899,71.74265450824957
007967,061188,60.10088713316296
061188,007967,60.10088713316296
007967,061222,54.540370006938055
061222,007967,54.540370006938055
007967,061274,61.583261180724776
061274,007967,61.583261180724776
007967,061275,58.34213279101955
061275,007967,58.34213279101955
007967,061277,55.41739127818334
061277,007967,55.41739127818334
007967,061278,64.04952946167116
061278,007967,64.04952946167116
007967,061280,59.82297930660855
061280,007967,59.82297930660855
007967,067002,54.51235721175338
067002,007967,54.51235721175338
007967,093021,27.2562741706869
093021,007967,27.2562741706869
007967,099633,42.98087644683888
099633,007967,42.98087644683888
007967,099634,35.405696925209135
099634,007967,35.405696925209135
007967,CS007899,27.015499823531687
CS007899,007967,27.015499823531687
007967,F02210,16.52915265450982
F02210,007967,16.52915265450982
007967,LM4KFA,34.02730703867767
LM4KFA,007967,34.02730703867767
007967,LM4KFB,62.70559045657735
LM4KFB,007967,62.70559045657735
007967,LM4KFC,67.06048039326384
LM4KFC,007967,67.06048039326384
007967,LM4KFD,59.44673950627551
LM4KFD,007967,59.44673950627551
061188,061222,7.915047635105153
061222,061188,7.915047635105153
061188,061274,3.850753596274927
061274,061188,3.850753596274927
061188,061275,7.812642644892024
061275,061188,7.812642644892024
061188,061277,14.065786095120544
061277,061188,14.065786095120544
061188,061278,21.15298508562484
061278,061188,21.15298508562484
061188,061280,11.085998280584551
061280,061188,11.085998280584551
061188,067002,63.657110893554524
067002,061188,63.657110893554524
061188,093021,65.52924044142634
093021,061188,65.52924044142634
061188,099633,64.92776664785134
099633,061188,64.92776664785134
061188,099634,69.9631841914417
099634,061188,69.9631841914417
061188,CS007899,65.60483038388843
CS007899,061188,65.60483038388843
061188,F02210,63.14120764286998
F02210,061188,63.14120764286998
061188,LM4KFA,49.67896199988204
LM4KFA,061188,49.67896199988204
061188,LM4KFB,5.46499765511575
LM4KFB,061188,5.46499765511575
061188,LM4KFC,10.679226153354083
LM4KFC,061188,10.679226153354083
061188,LM4KFD,17.28743785695809
LM4KFD,061188,17.28743785695809
061222,061274,7.414520336519272
061274,061222,7.414520336519272
061222,061275,4.166312662026592
061275,061222,4.166312662026592
061222,061277,7.299232400241499
061277,061222,7.299232400241499
061222,061278,16.95696833869471
061278,061222,16.95696833869471
061222,061280,7.2386073522995185
061280,061222,7.2386073522995185
061222,067002,64.79996523361213
067002,061222,64.79996523361213
061222,093021,62.88583137570291
093021,061222,62.88583137570291
061222,099633,64.38826165902789
099633,061222,64.38826165902789
061222,099634,68.07389533230693
099634,061222,68.07389533230693
061222,CS007899,62.92664889104016
CS007899,061222,62.92664889104016
061222,F02210,59.29970319985204
F02210,061222,59.29970319985204
061222,LM4KFA,48.52943978688352
LM4KFA,061222,48.52943978688352
061222,LM4KFB,8.249760154719796
LM4KFB,061222,8.249760154719796
061222,LM4KFC,12.644459890262546
LM4KFC,061222,12.644459890262546
061222,LM4KFD,11.947254723570047
LM4KFD,061222,11.947254723570047
061274,061275,5.3113208129900515
061275,061274,5.3113208129900515
061274,061277,11.77355744546347
061277,061274,11.77355744546347
061274,061278,17.583662118086174
061278,061274,17.583662118086174
061274,061280,7.882049189042459
061280,061274,7.882049189042459
061274,067002,67.3514019073366
067002,061274,67.3514019073366
061274,093021,68.33052469839184
093021,061274,68.33052469839184
061274,099633,68.31924325674967
099633,061274,68.31924325674967
061274,099634,73.0104803325254
099634,061274,73.0104803325254
061274,CS007899,68.39436096238232
CS007899,061274,68.39436096238232
061274,F02210,65.48467239948715
F02210,061274,65.48467239948715
061274,LM4KFA,52.895318629268566
LM4KFA,061274,52.895318629268566
061274,LM4KFB,1.6678596388584805
LM4KFB,061274,1.6678596388584805
061274,LM4KFC,7.0566399149792876
LM4KFC,061274,7.0566399149792876
061274,LM4KFD,14.144136311195563
LM4KFD,061274,14.144136311195563
061275,061277,6.477445575058747
061277,061275,6.477445575058747
061275,061278,13.91011657496389
061278,061275,13.91011657496389
061275,061280,3.648613710093014
061280,061275,3.648613710093014
061275,067002,68.49034918022167
067002,061275,68.49034918022167
061275,093021,67.05195037412734
093021,061275,67.05195037412734
061275,099633,68.39682377290953
099633,061275,68.39682377290953
061275,099634,72.21783290570065
099634,061275,72.21783290570065
061275,CS007899,67.092909770868
CS007899,061275,67.092909770868
061275,F02210,63.41777857732575
F02210,061275,63.41777857732575
061275,LM4KFA,52.597850226018664
LM4KFA,061275,52.597850226018664
061275,LM4KFB,5.32123359177405
LM4KFB,061275,5.32123359177405
061275,LM4KFC,8.718556107072652
LM4KFC,061275,8.718556107072652
061275,LM4KFD,9.558158432607495
LM4KFD,061275,9.558158432607495
061277,061278,10.70096909992883
061278,061277,10.70096909992883
061277,061280,5.117810336893744
061280,061277,5.117810336893744
061277,067002,71.00947478445158
067002,061277,71.00947478445158
061277,093021,66.69956922006236
093021,061277,66.69956922006236
061277,099633,69.69477075712055
099633,061277,69.69477075712055
061277,099634,72.43401152347062
099634,061277,72.43401152347062
061277,CS007899,66.71113048986415
CS007899,061277,66.71113048986415
061277,F02210,62.07330783876612
F02210,061277,62.07330783876612
061277,LM4KFA,53.61059835196305
LM4KFA,061277,53.61059835196305
061277,LM4KFB,11.545476626095411
LM4KFB,061277,11.545476626095411
061277,LM4KFC,13.216923780200338
LM4KFC,061277,13.216923780200338
061277,LM4KFD,5.289029158114693
LM4KFD,061277,5.289029158114693
061278,061280,10.274705329179895
061280,061278,10.274705329179895
061278,067002,81.57388888549048
067002,061278,81.57388888549048
061278,093021,77.04989656399721
093021,061278,77.04989656399721
061278,099633,80.39331941096405
099633,061278,80.39331941096405
061278,099634,82.9630678636186
099634,061278,82.9630678636186
061278,CS007899,77.04979998406682
CS007899,061278,77.04979998406682
061278,F02210,71.94378930652893
F02210,061278,71.94378930652893
061278,LM4KFA,64.29886821733915
LM4KFA,061278,64.29886821733915
061278,LM4KFB,16.376081304613276
LM4KFB,061278,16.376081304613276
061278,LM4KFC,13.990799012487757
LM4KFC,061278,13.990799012487757
061278,LM4KFD,5.423826714082472
LM4KFD,061278,5.423826714082472
061280,067002,71.97750056619203
067002,061280,71.97750056619203
061280,093021,69.7289469132177
093021,061280,69.7289469132177
061280,099633,71.60829078808928
099633,061280,71.60829078808928
061280,099634,75.1030734915338
099634,061280,75.1030734915338
061280,CS007899,69.75889234482314
CS007899,061280,69.75889234482314
061280,F02210,65.68692104836869
F02210,061280,65.68692104836869
061280,LM4KFA,55.711512378860334
LM4KFA,061280,55.711512378860334
061280,LM4KFB,7.145945230502758
LM4KFB,061280,7.145945230502758
061280,LM4KFC,8.099546207439467
LM4KFC,061280,8.099546207439467
061280,LM4KFD,6.266273038513914
LM4KFD,061280,6.266273038513914
067002,093021,30.866489499229953
093021,067002,30.866489499229953
067002,099633,13.71425970160499
099633,067002,13.71425970160499
067002,099634,25.98230763405678
099634,067002,25.98230763405678
067002,CS007899,31.171284650451362
CS007899,067002,31.171284650451362
067002,F02210,40.253881333619105
F02210,067002,40.253881333619105
067002,LM4KFA,22.235460031075547
LM4KFA,067002,22.235460031075547
067002,LM4KFB,69.01870662376061
LM4KFB,067002,69.01870662376061
067002,LM4KFC,74.33516717439984
LM4KFC,067002,74.33516717439984
067002,LM4KFD,76.26082117608476
LM4KFD,067002,76.26082117608476
093021,099633,17.495258756805566
099633,093021,17.495258756805566
093021,099634,8.18769535823991
099634,093021,8.18769535823991
093021,CS007899,0.30519973102871145
CS007899,093021,0.30519973102871145
093021,F02210,10.828620121022073
F02210,093021,10.828620121022073
093021,LM4KFA,18.664463228312062
LM4KFA,093021,18.664463228312062
093021,LM4KFB,69.8481947321107
LM4KFB,093021,69.8481947321107
093021,LM4KFC,75.08632144229149
LM4KFC,093021,75.08632144229149
093021,LM4KFD,71.7331035465065
LM4KFD,093021,71.7331035465065
099633,099634,12.328881160777266
099634,099633,12.328881160777266
099633,CS007899,17.79951071822846
CS007899,099633,17.79951071822846
099633,F02210,27.581922564938296
F02210,099633,27.581922564938296
099633,LM4KFA,16.191987109721723
LM4KFA,099633,16.191987109721723
099633,LM4KFB,69.96197563580421
LM4KFB,099633,69.96197563580421
099633,LM4KFC,75.36761523223747
LM4KFC,099633,75.36761523223747
099633,LM4KFD,74.9715686828373
LM4KFD,099633,74.9715686828373
099634,CS007899,8.409774166786644
CS007899,099634,8.409774166786644
099634,F02210,18.906862591156276
F02210,099634,18.906862591156276
099634,LM4KFA,20.714377137342243
LM4KFA,099634,20.714377137342243
099634,LM4KFB,74.58628731092854
LM4KFB,099634,74.58628731092854
099634,LM4KFC,79.92230456143004
LM4KFC,099634,79.92230456143004
099634,LM4KFD,77.58170426086973
LM4KFD,099634,77.58170426086973
CS007899,F02210,10.569929952792881
F02210,CS007899,10.569929952792881
CS007899,LM4KFA,18.86796701023875
LM4KFA,CS007899,18.86796701023875
CS007899,LM4KFB,69.90902689202346
LM4KFB,CS007899,69.90902689202346
CS007899,LM4KFC,75.14158367398703
LM4KFC,CS007899,75.14158367398703
CS007899,LM4KFD,71.73745321052928
LM4KFD,CS007899,71.73745321052928
F02210,LM4KFA,23.125894084222345
LM4KFA,F02210,23.125894084222345
F02210,LM4KFB,66.87789750466932
LM4KFB,F02210,66.87789750466932
F02210,LM4KFC,71.86473496234052
LM4KFC,F02210,71.86473496234052
F02210,LM4KFD,66.81755988096236
LM4KFD,F02210,66.81755988096236
LM4KFA,LM4KFB,54.50967977851869
LM4KFB,LM4KFA,54.50967977851869
LM4KFA,LM4KFC,59.89707510498125
LM4KFC,LM4KFA,59.89707510498125
LM4KFA,LM4KFD,58.87505378650455
LM4KFD,LM4KFA,58.87505378650455
LM4KFB,LM4KFC,5.40580780176386
LM4KFC,LM4KFB,5.40580780176386
LM4KFB,LM4KFD,13.309084202086504
LM4KFD,LM4KFB,13.309084202086504
LM4KFC,LM4KFD,12.759928077429313
LM4KFD,LM4KFC,12.759928077429313
056215,056216,15.40553569366129
056216,056215,15.40553569366129
056215,CSLM4KFD,4.9309942624210885
CSLM4KFD,056215,4.9309942624210885
056215,LM4KF1,21.573274474823872
LM4KF1,056215,21.573274474823872
056215,LM4KF2,14.224352110842476
LM4KF2,056215,14.224352110842476
056215,LM4KF3,5.90092858630007
LM4KF3,056215,5.90092858630007
056215,LM4KF4,3.49241059260628
LM4KF4,056215,3.49241059260628
056216,CSLM4KFD,12.897160683756494
CSLM4KFD,056216,12.897160683756494
056216,LM4KF1,6.605004992491966
LM4KF1,056216,6.605004992491966
056216,LM4KF2,1.386824761455979
LM4KF2,056216,1.386824761455979
056216,LM4KF3,9.968602216028144
LM4KF3,056216,9.968602216028144
056216,LM4KF4,13.813876693813619
LM4KF4,056216,13.813876693813619
CSLM4KFD,LM4KF1,19.463030517971035
LM4KF1,CSLM4KFD,19.463030517971035
CSLM4KFD,LM4KF2,12.004719460366443
LM4KF2,CSLM4KFD,12.004719460366443
CSLM4KFD,LM4KF3,3.2146276976498367
LM4KF3,CSLM4KFD,3.2146276976498367
CSLM4KFD,LM4KF4,1.4984164092382277
LM4KF4,CSLM4KFD,1.4984164092382277
LM4KF1,LM4KF2,7.483350832198096
LM4KF2,LM4KF1,7.483350832198096
LM4KF1,LM4KF3,16.448771987749947
LM4KF3,LM4KF1,16.448771987749947
LM4KF1,LM4KF4,20.308208060870655
LM4KF4,LM4KF1,20.308208060870655
LM4KF2,LM4KF3,8.96544281894738
LM4KF3,LM4KF2,8.96544281894738
LM4KF2,LM4KF4,12.824880439898017
LM4KF4,LM4KF2,12.824880439898017
LM4KF3,LM4KF4,3.8594378537269245
LM4KF4,LM4KF3,3.8594378537269245
061226,061227,8.42356222161268
061227,061226,8.42356222161268
F01920,F01921,10.688494516673412
F01921,F01920,10.688494516673412
F01922,F01923,7.211173063497493
F01923,F01922,7.211173063497493
061223,F01924,23.275574110555766
F01924,061223,23.275574110555766
099631,099632,11.07474071679041
099632,099631,11.07474071679041
099631,F02215,6.965276027788412
F02215,099631,6.965276027788412
099631,F02216,3.76588583463465
F02216,099631,3.76588583463465
099632,F02215,5.032891726348946
F02215,099632,5.032891726348946
099632,F02216,8.610771281517353
F02216,099632,8.610771281517353
F02215,F02216,6.059739521467352
F02216,F02215,6.059739521467352
F02032,F02033,4.319621766131304
F02033,F02032,4.319621766131304
056217,056218,15.69315798263089
056218,056217,15.69315798263089
056217,CSLM4BP1,15.581120006247394
CSLM4BP1,056217,15.581120006247394
056217,LM4BP1,17.284079857267898
LM4BP1,056217,17.284079857267898
056217,LM4BP2,14.66667187006786
LM4BP2,056217,14.66667187006786
056218,CSLM4BP1,0.37324386174431173
CSLM4BP1,056218,0.37324386174431173
056218,LM4BP1,3.3613027579381076
LM4BP1,056218,3.3613027579381076
056218,LM4BP2,4.1028627517301155
LM4BP2,056218,4.1028627517301155
CSLM4BP1,LM4BP1,3.733344616903786
LM4BP1,CSLM4BP1,3.733344616903786
CSLM4BP1,LM4BP2,3.7305048235216263
LM4BP2,CSLM4BP1,3.7305048235216263
LM4BP1,LM4BP2,7.463835349873647
LM4BP2,LM4BP1,7.463835349873647
099629,099630,13.26124953454655
099630,099629,13.26124953454655
099629,F01955,7.221139045556385
F01955,099629,7.221139045556385
099629,F01956,6.552325531768631
F01956,099629,6.552325531768631
099629,F01958,23.707609934931618
F01958,099629,23.707609934931618
099629,F01959,19.53643480383996
F01959,099629,19.53643480383996
099630,F01955,6.929318916489955
F01955,099630,6.929318916489955
099630,F01956,7.558702452246293
F01956,099630,7.558702452246293
099630,F01958,16.56215863304148
F01958,099630,16.56215863304148
099630,F01959,13.642111224035919
F01959,099630,13.642111224035919
F01955,F01956,4.921208838541773
F01956,F01955,4.921208838541773
F01955,F01958,21.35420493504566
F01958,F01955,21.35420493504566
F01955,F01959,17.63460809848093
F01959,F01955,17.63460809848093
F01956,F01958,17.744818283419423
F01958,F01956,17.744818283419423
F01956,F01959,13.725212959245905
F01959,F01956,13.725212959245905
F01958,F01959,4.220305810644116
F01959,F01958,4.220305810644116
062511,F01951,3.3480354222987865
F01951,062511,3.3480354222987865
062512,F01952,4.210815626206251
F01952,062512,4.210815626206251
061231,061232,21.838115715412755
061232,061231,21.838115715412755
F02213,F02214,3.955472927706198
F02214,F02213,3.955472927706198
F01960,F01962,4.747927621374637
F01962,F01960,4.747927621374637
F01980,F01981,5.547148392703192
F01981,F01980,5.547148392703192
066457,066458,10.877929819637513
066458,066457,10.877929819637513
F02259,F02260,10.957879261297688
F02260,F02259,10.957879261297688
F01982,F01983,6.143294741547149
F01983,F01982,6.143294741547149
F02236,F02237,7.0598462290315185
F02237,F02236,7.0598462290315185
F02006,F02008,24.681399802657108
F02008,F02006,24.681399802657108
F02006,F02011,25.139929304560834
F02011,F02006,25.139929304560834
F02008,F02011,9.495468927911956
F02011,F02008,9.495468927911956
066459,066460,11.74349975662297
066460,066459,11.74349975662297
066459,F02007,4.3075874686631375
F02007,066459,4.3075874686631375
066459,F02009,21.99857786235119
F02009,066459,21.99857786235119
066459,F02010,7.2168501560513185
F02010,066459,7.2168501560513185
066460,F02007,9.243706950021929
F02007,066460,9.243706950021929
066460,F02009,27.544675422748256
F02009,066460,27.544675422748256
066460,F02010,18.1559174018112
F02010,066460,18.1559174018112
F02007,F02009,25.843589457523567
F02009,F02007,25.843589457523567
F02007,F02010,11.475777778238642
F02010,F02007,11.475777778238642
F02009,F02010,17.122636477071236
F02010,F02009,17.122636477071236
016764,049186,9.417303333274075
049186,016764,9.417303333274075
016764,F02240,7.935373853860321
F02240,016764,7.935373853860321
016764,F02241,2.336404435617007
F02241,016764,2.336404435617007
049186,F02240,2.2968045652559868
F02240,049186,2.2968045652559868
049186,F02241,8.618084680581353
F02241,049186,8.618084680581353
F02240,F02241,7.662191150965101
F02241,F02240,7.662191150965101
F02012,F02013,7.788777398936178
F02013,F02012,7.788777398936178
F02012,F02014,16.030346456107544
F02014,F02012,16.030346456107544
F02012,F02015,22.350023198703543
F02015,F02012,22.350023198703543
F02013,F02014,9.059134990999427
F02014,F02013,9.059134990999427
F02013,F02015,14.929516616555443
F02015,F02013,14.929516616555443
F02014,F02015,6.53419969451587
F02015,F02014,6.53419969451587
008103,008104,7.457626672519962
008104,008103,7.457626672519962
008103,F04379,3.4150433511978178
F04379,008103,3.4150433511978178
008103,F04380,3.689908285724767
F04380,008103,3.689908285724767
008104,F04379,6.294272696253501
F04379,008104,6.294272696253501
008104,F04380,10.751472026562377
F04380,008104,10.751472026562377
F04379,F04380,6.943377994539562
F04380,F04379,6.943377994539562
F02024,F02025,7.080287960419763
F02025,F02024,7.080287960419763
F02024,F02026,4.773487917522457
F02026,F02024,4.773487917522457
F02024,F02027,11.245757962370247
F02027,F02024,11.245757962370247
F02025,F02026,4.496090170130818
F02026,F02025,4.496090170130818
F02025,F02027,4.4863435947604
F02027,F02025,4.4863435947604
F02026,F02027,7.38285292831392
F02027,F02026,7.38285292831392
F01968,F01969,14.1814692724106
F01969,F01968,14.1814692724106
091799,F02028,8.674705095752367
F02028,091799,8.674705095752367
091799,F02029,27.614615187877735
F02029,091799,27.614615187877735
091799,F02030,18.445800972014034
F02030,091799,18.445800972014034
091799,F02031,19.191668325989856
F02031,091799,19.191668325989856
F02028,F02029,19.214363500571345
F02029,F02028,19.214363500571345
F02028,F02030,10.134204159625094
F02030,F02028,10.134204159625094
F02028,F02031,11.10804231827511
F02031,F02028,11.10804231827511
F02029,F02030,9.169149444034465
F02030,F02029,9.169149444034465
F02029,F02031,8.569324583182498
F02031,F02029,8.569324583182498
F02030,F02031,1.4330452121399115
F02031,F02030,1.4330452121399115
009524,F02263,1.6745462508276694
F02263,009524,1.6745462508276694
F01970,F02219,8.040737411315948
F02219,F01970,8.040737411315948
F02264,F02265,7.617528886584648
F02265,F02264,7.617528886584648
F01943,F01944,9.023966441165273
F01944,F01943,9.023966441165273
008101,008102,4.130235738272709
008102,008101,4.130235738272709
008101,F04377,11.093195194519655
F04377,008101,11.093195194519655
008101,F04378,8.059687323415195
F04378,008101,8.059687323415195
008102,F04377,7.107873001780652
F04377,008102,7.107873001780652
008102,F04378,4.302603007200848
F04378,008102,4.302603007200848
F04377,F04378,3.159892569555551
F04378,F04377,3.159892569555551
008099,008100,3.4700236640174418
008100,008099,3.4700236640174418
008099,F04375,6.390509880903002
F04375,008099,6.390509880903002
008099,F04376,12.62922684469217
F04376,008099,12.62922684469217
008100,F04375,3.042454970920781
F04375,008100,3.042454970920781
008100,F04376,9.814609712605275
F04376,008100,9.814609712605275
F04375,F04376,7.010495650128351
F04376,F04375,7.010495650128351
F01966,F01967,13.560413162338232
F01967,F01966,13.560413162338232
F02211,F02212,13.099701277811334
F02212,F02211,13.099701277811334
F02019,F02020,7.260964786541524
F02020,F02019,7.260964786541524
F02019,F02021,11.225865174987371
F02021,F02019,11.225865174987371
F02019,F02022,15.621091757195815
F02022,F02019,15.621091757195815
F02020,F02021,4.294536828909478
F02021,F02020,4.294536828909478
F02020,F02022,8.982968774978408
F02022,F02020,8.982968774978408
F02021,F02022,4.704758019011211
F02022,F02021,4.704758019011211
F01964,F01965,25.872731713094595
F01965,F01964,25.872731713094595
061238,078064,10.93459044745335
078064,061238,10.93459044745335
008684,008685,6.87726207337687
008685,008684,6.87726207337687
008684,F02016,11.465404965344849
F02016,008684,11.465404965344849
008684,F02017,3.7724041352196562
F02017,008684,3.7724041352196562
008685,F02016,15.889929945223976
F02016,008685,15.889929945223976
008685,F02017,4.017981326039808
F02017,008685,4.017981326039808
F02016,F02017,11.999881623485239
F02017,F02016,11.999881623485239
F01976,F01977,5.968781528883528
F01977,F01976,5.968781528883528
F01974,F01975,21.29067584698959
F01975,F01974,21.29067584698959
F01972,F01973,12.142941427779986
F01973,F01972,12.142941427779986
F02484,F02485,4.5749099862795575
F02485,F02484,4.5749099862795575
F02486,F02487,6.494130581814088
F02487,F02486,6.494130581814088
F02378,F02379,11.877410764241898
F02379,F02378,11.877410764241898
F02360,F02361,6.613450243313923
F02361,F02360,6.613450243313923
F02376,F02377,14.013851149396027
F02377,F02376,14.013851149396027
F02374,F02375,17.734816206080392
F02375,F02374,17.734816206080392
009588,F00171,10.189926084787034
F00171,009588,10.189926084787034
009588,F00172,13.442940879879407
F00172,009588,13.442940879879407
009588,F02385,20.05594198592612
F02385,009588,20.05594198592612
009588,F02386,22.76513266242083
F02386,009588,22.76513266242083
F00171,F00172,11.316489830899965
F00172,F00171,11.316489830899965
F00171,F02385,23.287131949529037
F02385,F00171,23.287131949529037
F00171,F02386,26.810746066834124
F02386,F00171,26.810746066834124
F00172,F02385,13.014528200308343
F02385,F00172,13.014528200308343
F00172,F02386,16.748140453663492
F02386,F00172,16.748140453663492
F02385,F02386,3.7484721007238
F02386,F02385,3.7484721007238
F02381,F02382,6.189929691963086
F02382,F02381,6.189929691963086
F02383,F02384,15.700113693940315
F02384,F02383,15.700113693940315
007877,007878,2.8065552922480963
007878,007877,2.8065552922480963
F00147,F00148,9.621923165759828
F00148,F00147,9.621923165759828
F00286,F00287,14.173035945021791
F00287,F00286,14.173035945021791
009510,009511,3.853157659908323
009511,009510,3.853157659908323
009510,F00284,7.268852110120677
F00284,009510,7.268852110120677
009510,F00285,12.241793278483089
F00285,009510,12.241793278483089
009511,F00284,8.965781926930362
F00284,009511,8.965781926930362
009511,F00285,8.446087238712632
F00285,009511,8.446087238712632
F00284,F00285,14.76088295758113
F00285,F00284,14.76088295758113
009540,009581,4.920046620052981
009581,009540,4.920046620052981
F00160,F00161,3.529897968056395
F00161,F00160,3.529897968056395
F00160,F00162,7.028023924697513
F00162,F00160,7.028023924697513
F00160,F00163,6.661020851806974
F00163,F00160,6.661020851806974
F00161,F00162,4.022863684228545
F00162,F00161,4.022863684228545
F00161,F00163,3.1311228837575253
F00163,F00161,3.1311228837575253
F00162,F00163,2.753523403829375
F00163,F00162,2.753523403829375
F00288,F00289,12.55084757075559
F00289,F00288,12.55084757075559
F02482,F02483,5.178591803266748
F02483,F02482,5.178591803266748
F02348,F02349,7.815038983080948
F02349,F02348,7.815038983080948
F02366,F02367,9.762639000476748
F02367,F02366,9.762639000476748
F02366,F02368,26.188359512004887
F02368,F02366,26.188359512004887
F02366,F02369,22.285750025009836
F02369,F02366,22.285750025009836
F02367,F02368,17.696110421826546
F02368,F02367,17.696110421826546
F02367,F02369,14.983664670733281
F02369,F02367,14.983664670733281
F02368,F02369,5.331742014511703
F02369,F02368,5.331742014511703
F02355,F02356,2.028169956598882
F02356,F02355,2.028169956598882
008736,008737,3.5516868931246166
008737,008736,3.5516868931246166
008003,008731,9.475649285415631
008731,008003,9.475649285415631
008003,F00164,3.1644498909849132
F00164,008003,3.1644498909849132
008003,F00165,6.378746362390841
F00165,008003,6.378746362390841
008003,F00166,28.23082211979122
F00166,008003,28.23082211979122
008003,F00167,9.574986255539624
F00167,008003,9.574986255539624
008731,F00164,9.057766152272709
F00164,008731,9.057766152272709
008731,F00165,3.9480331309967647
F00165,008731,3.9480331309967647
008731,F00166,19.062574472386807
F00166,008731,19.062574472386807
008731,F00167,1.7539584296724648
F00167,008731,1.7539584296724648
F00164,F00165,5.229440306621653
F00165,F00164,5.229440306621653
F00164,F00166,26.83006400165207
F00166,F00164,26.83006400165207
F00164,F00167,8.570682748098395
F00167,F00164,8.570682748098395
F00165,F00166,21.899539682116792
F00166,F00165,21.899539682116792
F00165,F00167,3.358793555814393
F00167,F00165,3.358793555814393
F00166,F00167,18.660269952080935
F00167,F00166,18.660269952080935
F02357,F02358,4.137524272100397
F02358,F02357,4.137524272100397
F02350,F02351,13.744750834741408
F02351,F02350,13.744750834741408
F02391,F02392,2.6181629288530828
F02392,F02391,2.6181629288530828
F02389,F02390,2.7873473804770295
F02390,F02389,2.7873473804770295
F02322,F02323,7.727050033448541
F02323,F02322,7.727050033448541
F02320,F02321,6.97623466714542
F02321,F02320,6.97623466714542
F02320,F02387,2.667455966981073
F02387,F02320,2.667455966981073
F02320,F02388,16.417826685638843
F02388,F02320,16.417826685638843
F02321,F02387,6.759653534863336
F02387,F02321,6.759653534863336
F02321,F02388,9.44873507283858
F02388,F02321,9.44873507283858
F02387,F02388,15.994414758686352
F02388,F02387,15.994414758686352
F02372,F02373,2.548217330660248
F02373,F02372,2.548217330660248
F02370,F02371,12.61777203844438
F02371,F02370,12.61777203844438
F02395,F02396,11.972097305428655
F02396,F02395,11.972097305428655
F02393,F02394,12.192848904792033
F02394,F02393,12.192848904792033
F02344,F02345,9.870494699720622
F02345,F02344,9.870494699720622
F02326,F02327,10.086822653052746
F02327,F02326,10.086822653052746
F02324,F02325,6.649604051369308
F02325,F02324,6.649604051369308
F02346,F02347,5.30279665975925
F02347,F02346,5.30279665975925
F02427,F02428,5.930651612592383
F02428,F02427,5.930651612592383
F00329,F00330,5.855305138374359
F00330,F00329,5.855305138374359
F00347,F00348,7.811642447743812
F00348,F00347,7.811642447743812
F00345,F00346,3.240816059283849
F00346,F00345,3.240816059283849
F00331,F00332,25.12944802185097
F00332,F00331,25.12944802185097
F00173,F00174,2.9483117037447104
F00174,F00173,2.9483117037447104
F00149,F00150,8.434342228775611
F00150,F00149,8.434342228775611
F00318,F00319,3.682604325722384
F00319,F00318,3.682604325722384
F00327,F00328,15.80618572722566
F00328,F00327,15.80618572722566
F00316,F00317,6.745066700704935
F00317,F00316,6.745066700704935
F00314,F00315,2.8563925616818024
F00315,F00314,2.8563925616818024
F00314,F00323,23.315598305497254
F00323,F00314,23.315598305497254
F00314,F00324,26.882436375678314
F00324,F00314,26.882436375678314
F00315,F00323,20.964951661292563
F00323,F00315,20.964951661292563
F00315,F00324,24.402806547207934
F00324,F00315,24.402806547207934
F00323,F00324,4.043188506604151
F00324,F00323,4.043188506604151
F00325,F00326,8.520820591210736
F00326,F00325,8.520820591210736
064208,064209,4.900890567146411
064209,064208,4.900890567146411
044029,064210,14.22243054797971
064210,044029,14.22243054797971
044029,F00119,7.46859796377606
F00119,044029,7.46859796377606
064210,F00119,7.343083955188765
F00119,064210,7.343083955188765
064212,064214,1.5280614662747265
064214,064212,1.5280614662747265
F00120,F00121,10.4182401944747
F00121,F00120,10.4182401944747
F00124,F00125,10.851968139508239
F00125,F00124,10.851968139508239
F00634,F00635,2.427364947003396
F00635,F00634,2.427364947003396
F00122,F00123,7.129956068246534
F00123,F00122,7.129956068246534
F00259,F00260,3.6172965869821523
F00260,F00259,3.6172965869821523
F00261,F00262,7.356559167115839
F00262,F00261,7.356559167115839
F00267,F00268,5.549114767086988
F00268,F00267,5.549114767086988
F00269,F00270,10.435034845809156
F00270,F00269,10.435034845809156
F00257,F00258,2.427371635453056
F00258,F00257,2.427371635453056
F00255,F00256,4.118574777382918
F00256,F00255,4.118574777382918
F00217,F00218,4.744334229209731
F00218,F00217,4.744334229209731
F00219,F00220,6.305417336191658
F00220,F00219,6.305417336191658
F00264,F00265,10.034098565107842
F00265,F00264,10.034098565107842
F00264,F00266,25.69187463073099
F00266,F00264,25.69187463073099
F00265,F00266,16.00793118420345
F00266,F00265,16.00793118420345
F00271,F00272,15.159165997204699
F00272,F00271,15.159165997204699
008260,008261,3.4739363161510104
008261,008260,3.4739363161510104
F00423,F00424,5.081725892706584
F00424,F00423,5.081725892706584
F00290,F00291,3.7029651701957116
F00291,F00290,3.7029651701957116
F00292,F00293,17.62817246794416
F00293,F00292,17.62817246794416
F00280,F00281,10.024088815839846
F00281,F00280,10.024088815839846
F00282,F00283,10.682810373273545
F00283,F00282,10.682810373273545
F02352,F02353,3.8708207357097852
F02353,F02352,3.8708207357097852
F00429,F00430,7.924845977939978
F00430,F00429,7.924845977939978
F00429,F00431,17.052099174405022
F00431,F00429,17.052099174405022
F00429,F00432,11.304356751629985
F00432,F00429,11.304356751629985
F00430,F00431,9.949644921225966
F00431,F00430,9.949644921225966
F00430,F00432,3.4787182492277946
F00432,F00430,3.4787182492277946
F00431,F00432,8.250112360891805
F00432,F00431,8.250112360891805
F00168,F00170,3.929144972796342
F00170,F00168,3.929144972796342
009640,F00169,16.888913914229573
F00169,009640,16.888913914229573
048471,F00276,2.8089537173485457
F00276,048471,2.8089537173485457
048471,F00277,14.08784995150183
F00277,048471,14.08784995150183
048471,F00278,18.581330977751907
F00278,048471,18.581330977751907
048471,F00279,14.252597058082026
F00279,048471,14.252597058082026
F00276,F00277,16.74319602930123
F00277,F00276,16.74319602930123
F00276,F00278,21.38190592134978
F00278,F00276,21.38190592134978
F00276,F00279,17.05529687309271
F00279,F00276,17.05529687309271
F00277,F00278,6.375605513114034
F00278,F00277,6.375605513114034
F00277,F00279,4.102931932939006
F00279,F00277,4.102931932939006
F00278,F00279,4.331711308874623
F00279,F00278,4.331711308874623
F00310,F00311,24.993605267325805
F00311,F00310,24.993605267325805
F00310,F00312,19.76361149699506
F00312,F00310,19.76361149699506
F00310,F00313,26.058628315505878
F00313,F00310,26.058628315505878
F00310,F00414,24.712110206162546
F00414,F00310,24.712110206162546
F00310,F00415,23.834525976157
F00415,F00310,23.834525976157
F00311,F00312,6.816605979838616
F00312,F00311,6.816605979838616
F00311,F00313,1.6859393077874876
F00313,F00311,1.6859393077874876
F00311,F00414,13.675948224047671
F00414,F00311,13.675948224047671
F00311,F00415,16.030364079871656
F00415,F00311,16.030364079871656
F00312,F00313,7.110349172661814
F00313,F00312,7.110349172661814
F00312,F00414,9.339010594567478
F00414,F00312,9.339010594567478
F00312,F00415,10.903268839706048
F00415,F00312,10.903268839706048
F00313,F00414,12.778461498672725
F00414,F00313,12.778461498672725
F00313,F00415,15.277027346907511
F00415,F00313,15.277027346907511
F00414,F00415,2.809617688149623
F00415,F00414,2.809617688149623
F00155,F00156,11.772090429905166
F00156,F00155,11.772090429905166
F00155,F00157,14.71671690213865
F00157,F00155,14.71671690213865
F00155,F00158,4.89371634539295
F00158,F00155,4.89371634539295
F00155,F02330,18.41673907673924
F02330,F00155,18.41673907673924
F00156,F00157,3.112740860071494
F00157,F00156,3.112740860071494
F00156,F00158,7.327877413670343
F00158,F00156,7.327877413670343
F00156,F02330,7.534082048727596
F02330,F00156,7.534082048727596
F00157,F00158,10.062384834023439
F00158,F00157,10.062384834023439
F00157,F02330,4.589083064415336
F02330,F00157,4.589083064415336
F00158,F02330,13.551622270508481
F02330,F00158,13.551622270508481
F02328,F02329,6.651043376259521
F02329,F02328,6.651043376259521
F02328,F02341,25.02350560971807
F02341,F02328,25.02350560971807
F02328,F02342,24.114363699160986
F02342,F02328,24.114363699160986
F02328,F02343,5.885217318547991
F02343,F02328,5.885217318547991
F02329,F02341,18.69775125201379
F02341,F02329,18.69775125201379
F02329,F02342,17.829046395746875
F02342,F02329,17.829046395746875
F02329,F02343,1.1669013283626484
F02343,F02329,1.1669013283626484
F02341,F02342,13.481181236184963
F02342,F02341,13.481181236184963
F02341,F02343,19.768228959539467
F02343,F02341,19.768228959539467
F02342,F02343,18.309327840913298
F02343,F02342,18.309327840913298
009558,F00408,8.215924821721984
F00408,009558,8.215924821721984
009558,F00409,5.33609729199006
F00409,009558,5.33609729199006
009558,F00410,3.5978016389934604
F00410,009558,3.5978016389934604
009558,F00411,7.982902469888123
F00411,009558,7.982902469888123
F00408,F00409,4.435844701463254
F00409,F00408,4.435844701463254
F00408,F00410,6.025609885415058
F00410,F00408,6.025609885415058
F00408,F00411,10.681991594265599
F00411,F00408,10.681991594265599
F00409,F00410,1.9713874114007346
F00410,F00409,1.9713874114007346
F00409,F00411,6.395560430045105
F00411,F00409,6.395560430045105
F00410,F00411,5.760631548122218
F00411,F00410,5.760631548122218
F00425,F00426,2.800064475041771
F00426,F00425,2.800064475041771
F00425,F00427,16.466950672657195
F00427,F00425,16.466950672657195
F00425,F00428,12.342684533726954
F00428,F00425,12.342684533726954
F00426,F00427,14.682195061791393
F00427,F00426,14.682195061791393
F00426,F00428,14.728236871784002
F00428,F00426,14.728236871784002
F00427,F00428,28.66244907689382
F00428,F00427,28.66244907689382
F00153,F00154,11.262474804937888
F00154,F00153,11.262474804937888
009413,F00304,13.500958543822161
F00304,009413,13.500958543822161
F00302,F00303,8.438070354445658
F00303,F00302,8.438070354445658
F00372,F00373,2.2896354569748882
F00373,F00372,2.2896354569748882
F00300,F00301,8.792034387849647
F00301,F00300,8.792034387849647
F00151,F00152,4.714581696728321
F00152,F00151,4.714581696728321
F00213,F00214,5.61962330702894
F00214,F00213,5.61962330702894
F00213,F00215,8.474279024249137
F00215,F00213,8.474279024249137
F00213,F00216,11.636031026084673
F00216,F00213,11.636031026084673
F00214,F00215,7.016186179010254
F00215,F00214,7.016186179010254
F00214,F00216,9.581248521470776
F00216,F00214,9.581248521470776
F00215,F00216,3.162620487031433
F00216,F00215,3.162620487031433
009512,F00295,2.985831154711464
F00295,009512,2.985831154711464
009513,009514,27.17506000979259
009514,009513,27.17506000979259
009513,F00294,22.782060050009864
F00294,009513,22.782060050009864
009513,F00296,11.089535877325044
F00296,009513,11.089535877325044
009514,F00294,7.205169905461646
F00294,009514,7.205169905461646
009514,F00296,24.641529991139443
F00296,009514,24.641529991139443
F00294,F00296,18.165984805971707
F00296,F00294,18.165984805971707
009508,009509,3.2477263933732026
009509,009508,3.2477263933732026
F00205,F00206,3.869050061497538
F00206,F00205,3.869050061497538
F00203,F00204,7.0415030766195725
F00204,F00203,7.0415030766195725
F00228,F00229,4.2067872935508905
F00229,F00228,4.2067872935508905
F00201,F00202,9.410114112372879
F00202,F00201,9.410114112372879
F00223,F00224,5.603971184136303
F00224,F00223,5.603971184136303
F00221,F00222,8.939016549355607
F00222,F00221,8.939016549355607
F00207,F00208,4.5757760145499855
F00208,F00207,4.5757760145499855
F00209,F00210,2.7946954655561815
F00210,F00209,2.7946954655561815
F00211,F00212,15.721937149876341
F00212,F00211,15.721937149876341
F00243,F00244,6.66117429569694
F00244,F00243,6.66117429569694
F00243,F00245,22.08042739397641
F00245,F00243,22.08042739397641
F00243,F00246,8.437953633473766
F00246,F00243,8.437953633473766
F00244,F00245,28.071600543201072
F00245,F00244,28.071600543201072
F00244,F00246,9.075950192021718
F00246,F00244,9.075950192021718
F00245,F00246,21.895070261177853
F00246,F00245,21.895070261177853
008605,009693,3.247626794813376
009693,008605,3.247626794813376
008605,F00132,5.536577105984288
F00132,008605,5.536577105984288
008605,F00133,6.479838262554032
F00133,008605,6.479838262554032
008605,F00135,14.583880499703792
F00135,008605,14.583880499703792
008605,F00136,8.816935634897927
F00136,008605,8.816935634897927
008605,F00138,23.458790173968413
F00138,008605,23.458790173968413
009693,F00132,2.7285862001648136
F00132,009693,2.7285862001648136
009693,F00133,3.596020185308583
F00133,009693,3.596020185308583
009693,F00135,14.033777068118715
F00135,009693,14.033777068118715
009693,F00136,9.614330443661272
F00136,009693,9.614330443661272
009693,F00138,26.34259319311461
F00138,009693,26.34259319311461
F00132,F00133,4.200144257876498
F00133,F00132,4.200144257876498
F00132,F00135,15.961662554835957
F00135,F00132,15.961662554835957
F00132,F00136,12.190653019869977
F00136,F00132,12.190653019869977
F00132,F00138,28.940417238854184
F00138,F00132,28.940417238854184
F00133,F00135,11.994188899350217
F00135,F00133,11.994188899350217
F00133,F00136,9.431041915197035
F00136,F00133,9.431041915197035
F00133,F00138,28.142764386702044
F00138,F00133,28.142764386702044
F00135,F00136,7.01299020965983
F00136,F00135,7.01299020965983
F00135,F00138,24.670501561892063
F00138,F00135,24.670501561892063
F00136,F00138,20.02235909820515
F00138,F00136,20.02235909820515
008543,008544,23.832207987563383
008544,008543,23.832207987563383
008543,CSF00140,30.13275093427723
CSF00140,008543,30.13275093427723
008543,F00137,21.62014133567134
F00137,008543,21.62014133567134
008543,F00139,32.41813977869678
F00139,008543,32.41813977869678
008543,F00140,27.835003351060468
F00140,008543,27.835003351060468
008544,CSF00140,7.092333332295544
CSF00140,008544,7.092333332295544
008544,F00137,26.116672541530026
F00137,008544,26.116672541530026
008544,F00139,9.39973019471568
F00139,008544,9.39973019471568
008544,F00140,4.796674611565424
F00140,008544,4.796674611565424
CSF00140,F00137,32.87002536832347
F00137,CSF00140,32.87002536832347
CSF00140,F00139,2.3405081153273195
F00139,CSF00140,2.3405081153273195
CSF00140,F00140,2.3622355839558837
F00140,CSF00140,2.3622355839558837
F00137,F00139,34.97312446004288
F00139,F00137,34.97312446004288
F00137,F00140,30.78303773438353
F00140,F00137,30.78303773438353
F00139,F00140,4.702743362413042
F00140,F00139,4.702743362413042
F02492,F02493,1.9738764105655668
F02493,F02492,1.9738764105655668
F02505,F02506,4.4739756080204325
F02506,F02505,4.4739756080204325
F00241,F00242,7.078530253139695
F00242,F00241,7.078530253139695
F00241,F00248,28.560528269866452
F00248,F00241,28.560528269866452
F00242,F00248,26.789332923405034
F00248,F00242,26.789332923405034
F00225,F00226,28.444671574804403
F00226,F00225,28.444671574804403
F00598,F00599,7.0329648670997305
F00599,F00598,7.0329648670997305
F00598,F00600,3.532946684031408
F00600,F00598,3.532946684031408
F00598,F00601,4.811631181814149
F00601,F00598,4.811631181814149
F00599,F00600,4.516729398502502
F00600,F00599,4.516729398502502
F00599,F00601,4.131687727996859
F00601,F00599,4.131687727996859
F00600,F00601,4.79254174816209
F00601,F00600,4.79254174816209
F00604,F00605,18.19972145413044
F00605,F00604,18.19972145413044
F00684,F00685,18.88662768249481
F00685,F00684,18.88662768249481
F00684,F00686,1.931408543081305
F00686,F00684,1.931408543081305
F00684,F00687,16.483493226781096
F00687,F00684,16.483493226781096
F00685,F00686,20.265339852301878
F00686,F00685,20.265339852301878
F00685,F00687,3.045010600980244
F00687,F00685,3.045010600980244
F00686,F00687,17.998069311500657
F00687,F00686,17.998069311500657
F00128,F00129,8.029582440864369
F00129,F00128,8.029582440864369
F00251,F00252,7.269617463623035
F00252,F00251,7.269617463623035
F00251,F00253,21.260620832917535
F00253,F00251,21.260620832917535
F00251,F00254,22.32006155115918
F00254,F00251,22.32006155115918
F00252,F00253,26.075410896036832
F00253,F00252,26.075410896036832
F00252,F00254,25.701593305115175
F00254,F00252,25.701593305115175
F00253,F00254,5.698814192964709
F00254,F00253,5.698814192964709
F00130,F00131,3.6173001704031558
F00131,F00130,3.6173001704031558
F00249,F00250,19.465182879651714
F00250,F00249,19.465182879651714
F00126,F00127,9.86887779795313
F00127,F00126,9.86887779795313
F00609,F00610,18.35191059580163
F00610,F00609,18.35191059580163
F00968,F00969,7.033418672500665
F00969,F00968,7.033418672500665
F00990,F00991,25.2111862927851
F00991,F00990,25.2111862927851
099342,099343,9.054683369874365
099343,099342,9.054683369874365
099342,099344,24.24295559309323
099344,099342,24.24295559309323
099342,CSF00958,39.687609896015886
CSF00958,099342,39.687609896015886
099342,F00959,51.26631115326097
F00959,099342,51.26631115326097
099342,F00970,5.772173352244367
F00970,099342,5.772173352244367
099342,F00971,34.78546822463972
F00971,099342,34.78546822463972
099342,F00972,28.868115655063598
F00972,099342,28.868115655063598
099342,LM2KL1,39.687609896015886
LM2KL1,099342,39.687609896015886
099343,099344,19.34212353625339
099344,099343,19.34212353625339
099343,CSF00958,46.14292237933171
CSF00958,099343,46.14292237933171
099343,F00959,58.25081921004195
F00959,099343,58.25081921004195
099343,F00970,4.663620208424206
F00970,099343,4.663620208424206
099343,F00971,41.911900247155074
F00971,099343,41.911900247155074
099343,F00972,35.52591933455906
F00972,099343,35.52591933455906
099343,LM2KL1,46.14292237933171
LM2KL1,099343,46.14292237933171
099344,CSF00958,63.92691005339818
CSF00958,099344,63.92691005339818
099344,F00959,75.44567833092921
F00959,099344,75.44567833092921
099344,F00970,23.338567797936808
F00970,099344,23.338567797936808
099344,F00971,58.96962907565203
F00971,099344,58.96962907565203
099344,F00972,53.1098711368547
F00972,099344,53.1098711368547
099344,LM2KL1,63.92691005339818
LM2KL1,099344,63.92691005339818
CSF00958,F00959,12.595197416335884
F00959,CSF00958,12.595197416335884
CSF00958,F00970,41.51711360631892
F00970,CSF00958,41.51711360631892
CSF00958,F00971,6.4474780573586985
F00971,CSF00958,6.4474780573586985
CSF00958,F00972,10.82335871287285
F00972,CSF00958,10.82335871287285
CSF00958,LM2KL1,0.0
LM2KL1,CSF00958,0.0
F00959,F00970,53.594560640543364
F00970,F00959,53.594560640543364
F00959,F00971,16.481273665456108
F00971,F00959,16.481273665456108
F00959,F00972,22.735111065501464
F00972,F00959,22.735111065501464
F00959,LM2KL1,12.595197416335884
LM2KL1,F00959,12.595197416335884
F00970,F00971,37.248550370393566
F00971,F00970,37.248550370393566
F00970,F00972,30.875025345952665
F00972,F00970,30.875025345952665
F00970,LM2KL1,41.51711360631892
LM2KL1,F00970,41.51711360631892
F00971,F00972,6.776018146667216
F00972,F00971,6.776018146667216
F00971,LM2KL1,6.4474780573586985
LM2KL1,F00971,6.4474780573586985
F00972,LM2KL1,10.82335871287285
LM2KL1,F00972,10.82335871287285
CSLM1OKV,F01081,11.306357170023562
F01081,CSLM1OKV,11.306357170023562
CSLM1OKV,F01082,21.792847282137352
F01082,CSLM1OKV,21.792847282137352
CSLM1OKV,F01083,18.786299393774012
F01083,CSLM1OKV,18.786299393774012
CSLM1OKV,F01084,32.38883588312231
F01084,CSLM1OKV,32.38883588312231
CSLM1OKV,F01085,6.175631990426153
F01085,CSLM1OKV,6.175631990426153
CSLM1OKV,F01086,1.6225935049332867
F01086,CSLM1OKV,1.6225935049332867
CSLM1OKV,F01087,14.641372101419096
F01087,CSLM1OKV,14.641372101419096
CSLM1OKV,F01088,11.373802205656634
F01088,CSLM1OKV,11.373802205656634
CSLM1OKV,F01089,26.819073511994315
F01089,CSLM1OKV,26.819073511994315
CSLM1OKV,LM1OKM,4.977009312109795
LM1OKM,CSLM1OKV,4.977009312109795
CSLM1OKV,LM1OKV,4.977001515189757
LM1OKV,CSLM1OKV,4.977001515189757
F01081,F01082,10.727795927209138
F01082,F01081,10.727795927209138
F01081,F01083,7.520592852220258
F01083,F01081,7.520592852220258
F01081,F01084,21.81240926191287
F01084,F01081,21.81240926191287
F01081,F01085,13.926548031663847
F01085,F01081,13.926548031663847
F01081,F01086,12.889978114065729
F01086,F01081,12.889978114065729
F01081,F01087,25.409115965093196
F01087,F01081,25.409115965093196
F01081,F01088,17.44272120207735
F01088,F01081,17.44272120207735
F01081,F01089,33.129170477171584
F01089,F01081,33.129170477171584
F01081,LM1OKM,15.980162381118594
LM1OKM,F01081,15.980162381118594
F01081,LM1OKV,7.059953838552418
LM1OKV,F01081,7.059953838552418
F01082,F01083,5.001322982029893
F01083,F01082,5.001322982029893
F01082,F01084,11.31180693441398
F01084,F01082,11.31180693441398
F01082,F01085,22.98953504228936
F01085,F01082,22.98953504228936
F01082,F01086,23.409263656459295
F01086,F01082,23.409263656459295
F01082,F01087,36.1216110229927
F01087,F01082,36.1216110229927
F01082,F01088,24.97948275944119
F01088,F01082,24.97948275944119
F01082,F01089,38.972509292448244
F01089,F01082,38.972509292448244
F01082,LM1OKM,26.6163360183332
LM1OKM,F01082,26.6163360183332
F01082,LM1OKV,17.057791766671645
LM1OKV,F01082,17.057791766671645
F01083,F01084,16.049285687555347
F01084,F01083,16.049285687555347
F01083,F01085,21.205137965081448
F01085,F01083,21.205137965081448
F01083,F01086,20.34714725244554
F01086,F01083,20.34714725244554
F01083,F01087,32.541264041596754
F01087,F01083,32.541264041596754
F01083,F01088,24.142454508752543
F01088,F01083,24.142454508752543
F01083,F01089,39.20302717042979
F01089,F01083,39.20302717042979
F01083,LM1OKM,23.326192339620867
LM1OKM,F01083,23.326192339620867
F01083,LM1OKV,14.535469376394893
LM1OKV,F01083,14.535469376394893
F01084,F01085,32.41173657239279
F01085,F01084,32.41173657239279
F01084,F01086,34.00876607272104
F01086,F01084,34.00876607272104
F01084,F01087,46.95977531376547
F01087,F01084,46.95977531376547
F01084,F01088,33.13459073116102
F01088,F01084,33.13459073116102
F01084,F01089,44.692197589132725
F01089,F01084,44.692197589132725
F01084,LM1OKM,37.3313205426596
LM1OKM,F01084,37.3313205426596
F01084,LM1OKV,27.4588303382095
LM1OKV,F01084,27.4588303382095
F01085,F01086,6.43685987686938
F01086,F01085,6.43685987686938
F01085,F01087,17.03530495071166
F01087,F01085,17.03530495071166
F01085,F01088,5.200291929266212
F01088,F01085,5.200291929266212
F01085,F01089,20.842937754366904
F01089,F01085,20.842937754366904
F01085,LM1OKM,8.730608805476765
LM1OKM,F01085,8.730608805476765
F01085,LM1OKV,7.042357346698422
LM1OKV,F01085,7.042357346698422
F01086,F01087,13.047238925147811
F01087,F01086,13.047238925147811
F01086,F01088,11.570170621705138
F01088,F01086,11.570170621705138
F01086,F01089,26.558901833020293
F01089,F01086,26.558901833020293
F01086,LM1OKM,3.395374241315491
LM1OKM,F01086,3.395374241315491
F01086,LM1OKV,6.578617475601958
LM1OKV,F01086,6.578617475601958
F01087,F01088,20.46743512931856
F01088,F01087,20.46743512931856
F01087,F01089,30.374520342512223
F01089,F01087,30.374520342512223
F01087,LM1OKM,9.664625508572971
LM1OKM,F01087,9.664625508572971
F01087,LM1OKV,19.61824433863668
LM1OKV,F01087,19.61824433863668
F01088,F01089,16.009195680789883
F01089,F01088,16.009195680789883
F01088,LM1OKM,13.439141146557827
LM1OKM,F01088,13.439141146557827
F01088,LM1OKV,11.298582141540088
LM1OKV,F01088,11.298582141540088
F01089,LM1OKM,27.249135787967088
LM1OKM,F01089,27.249135787967088
F01089,LM1OKV,27.304805687241394
LM1OKV,F01089,27.304805687241394
LM1OKM,LM1OKV,9.954010827447977
LM1OKV,LM1OKM,9.954010827447977
F01032,F01033,2.1706637508547364
F01033,F01032,2.1706637508547364
F01034,F01035,7.282290773097644
F01035,F01034,7.282290773097644
F01034,F01036,12.560536526332916
F01036,F01034,12.560536526332916
F01034,F01037,17.66245839871729
F01037,F01034,17.66245839871729
F01034,F01038,12.28586791843739
F01038,F01034,12.28586791843739
F01034,F01039,14.117054574762573
F01039,F01034,14.117054574762573
F01035,F01036,6.663884411812438
F01036,F01035,6.663884411812438
F01035,F01037,11.58830754753603
F01037,F01035,11.58830754753603
F01035,F01038,7.081057010971876
F01038,F01035,7.081057010971876
F01035,F01039,7.139924491166083
F01039,F01035,7.139924491166083
F01036,F01037,13.76145337640501
F01037,F01036,13.76145337640501
F01036,F01038,11.528151323352148
F01038,F01036,11.528151323352148
F01036,F01039,8.429318872386881
F01039,F01036,8.429318872386881
F01037,F01038,5.4975233886367825
F01038,F01037,5.4975233886367825
F01037,F01039,5.3477838388828705
F01039,F01037,5.3477838388828705
F01038,F01039,4.722957047227387
F01039,F01038,4.722957047227387
048505,048506,10.264805898664052
048506,048505,10.264805898664052
048505,CSF00997,20.013068205408974
CSF00997,048505,20.013068205408974
048505,F00944,20.382602877899025
F00944,048505,20.382602877899025
048505,F00945,19.909151945432846
F00945,048505,19.909151945432846
048505,F00996,20.243771960509232
F00996,048505,20.243771960509232
048505,F00997,21.653646066688776
F00997,048505,21.653646066688776
048505,LM1BZM,21.29131587004284
LM1BZM,048505,21.29131587004284
048505,LM1BZV,18.865793233451363
LM1BZV,048505,18.865793233451363
048506,CSF00997,9.749575715560375
CSF00997,048506,9.749575715560375
048506,F00944,10.399182811229004
F00944,048506,10.399182811229004
048506,F00945,13.863799421610254
F00945,048506,13.863799421610254
048506,F00996,10.032075568370551
F00996,048506,10.032075568370551
048506,F00997,11.843812595047368
F00997,048506,11.843812595047368
048506,LM1BZM,11.07781957856879
LM1BZM,048506,11.07781957856879
048506,LM1BZV,8.724729186649192
LM1BZV,048506,8.724729186649192
CSF00997,F00944,3.5986675966184722
F00944,CSF00997,3.5986675966184722
CSF00997,F00945,14.115602422490372
F00945,CSF00997,14.115602422490372
CSF00997,F00996,1.2365709430960765
F00996,CSF00997,1.2365709430960765
CSF00997,F00997,5.044839168443344
F00997,CSF00997,5.044839168443344
CSF00997,LM1BZM,2.1408259307630155
LM1BZM,CSF00997,2.1408259307630155
CSF00997,LM1BZV,2.1580404384188947
LM1BZV,CSF00997,2.1580404384188947
F00944,F00945,10.859496903456426
F00945,F00944,10.859496903456426
F00944,F00996,4.82177735297644
F00996,F00944,4.82177735297644
F00944,F00997,1.678700724481569
F00997,F00944,1.678700724481569
F00944,LM1BZM,2.1628602577910074
LM1BZM,F00944,2.1628602577910074
F00944,LM1BZV,5.52146185950377
LM1BZV,F00944,5.52146185950377
F00945,F00996,15.326967244742788
F00996,F00945,15.326967244742788
F00945,F00997,10.28382848962982
F00997,F00945,10.28382848962982
F00945,LM1BZM,13.017771716136961
LM1BZM,F00945,13.017771716136961
F00945,LM1BZV,15.43011775806182
LM1BZV,F00945,15.43011775806182
F00996,F00997,6.213285547675202
F00997,F00996,6.213285547675202
F00996,LM1BZM,3.157232495067592
LM1BZM,F00996,3.157232495067592
F00996,LM1BZV,1.5275638883743092
LM1BZV,F00996,1.5275638883743092
F00997,LM1BZM,3.162621781709246
LM1BZM,F00997,3.162621781709246
F00997,LM1BZV,7.086858244644493
LM1BZV,F00997,7.086858244644493
LM1BZM,LM1BZV,4.298820159052286
LM1BZV,LM1BZM,4.298820159052286
F00942,F00943,10.727146667067966
F00943,F00942,10.727146667067966
F00942,F00957,11.838084509589654
F00957,F00942,11.838084509589654
F00943,F00957,17.507384734238258
F00957,F00943,17.507384734238258
F00938,F00939,24.569638299763803
F00939,F00938,24.569638299763803
F00938,F00940,21.740248484493364
F00940,F00938,21.740248484493364
F00938,F00941,22.676643496106855
F00941,F00938,22.676643496106855
F00939,F00940,14.890932747196768
F00940,F00939,14.890932747196768
F00939,F00941,15.494577505827012
F00941,F00939,15.494577505827012
F00940,F00941,27.018631506768063
F00941,F00940,27.018631506768063
009025,009026,4.08770183548488
009026,009025,4.08770183548488
CSLM1OPV,F01075,35.9042935337983
F01075,CSLM1OPV,35.9042935337983
CSLM1OPV,F01076,32.597061288564284
F01076,CSLM1OPV,32.597061288564284
CSLM1OPV,F01077,27.176296464249738
F01077,CSLM1OPV,27.176296464249738
CSLM1OPV,F01078,14.368312853384975
F01078,CSLM1OPV,14.368312853384975
CSLM1OPV,F01079,1.9460986792011428
F01079,CSLM1OPV,1.9460986792011428
CSLM1OPV,F01080,4.4574946864083484
F01080,CSLM1OPV,4.4574946864083484
CSLM1OPV,LM1OPM,1.9736736747824377
LM1OPM,CSLM1OPV,1.9736736747824377
CSLM1OPV,LM1OPV,1.958079808655151
LM1OPV,CSLM1OPV,1.958079808655151
F01075,F01076,11.251131097463857
F01076,F01075,11.251131097463857
F01075,F01077,11.376415615492395
F01077,F01075,11.376415615492395
F01075,F01078,21.672611214176023
F01078,F01075,21.672611214176023
F01075,F01079,37.85016421703394
F01079,F01075,37.85016421703394
F01075,F01080,31.62693718731031
F01080,F01075,31.62693718731031
F01075,LM1OPM,35.56531109883592
LM1OPM,F01075,35.56531109883592
F01075,LM1OPV,36.35821000836893
LM1OPV,F01075,36.35821000836893
F01076,F01077,5.938770438802431
F01077,F01076,5.938770438802431
F01076,F01078,18.777641690536452
F01078,F01076,18.777641690536452
F01076,F01079,34.443104990493204
F01079,F01076,34.443104990493204
F01076,F01080,28.979682002548223
F01080,F01076,28.979682002548223
F01076,LM1OPM,32.88379696783659
LM1OPM,F01076,32.88379696783659
F01076,LM1OPV,32.444146229262515
LM1OPV,F01076,32.444146229262515
F01077,F01078,13.051612476811721
F01078,F01077,13.051612476811721
F01077,F01079,29.06595120631937
F01079,F01077,29.06595120631937
F01077,F01080,23.365841449474694
F01080,F01077,23.365841449474694
F01077,LM1OPM,27.31545269781609
LM1OPM,F01077,27.31545269781609
F01077,LM1OPV,27.194687770570262
LM1OPV,F01077,27.194687770570262
F01078,F01079,16.301511565811197
F01079,F01078,16.301511565811197
F01078,F01080,10.348499647410366
F01080,F01078,10.348499647410366
F01078,LM1OPM,14.321041248725408
LM1OPM,F01078,14.321041248725408
F01078,LM1OPV,14.694438410696995
LM1OPV,F01078,14.694438410696995
F01079,F01080,6.3608251555394215
F01080,F01079,6.3608251555394215
F01079,LM1OPM,3.053706958797743
LM1OPM,F01079,3.053706958797743
F01079,LM1OPV,2.436037721809707
LM1OPV,F01079,2.436037721809707
F01080,LM1OPM,3.980352094805954
LM1OPM,F01080,3.980352094805954
F01080,LM1OPV,5.628741112019329
LM1OPV,F01080,5.628741112019329
LM1OPM,LM1OPV,3.931723979442545
LM1OPV,LM1OPM,3.931723979442545
F02639,F02640,7.191790966853149
F02640,F02639,7.191790966853149
F02620,F02621,12.061693465180934
F02621,F02620,12.061693465180934
F02620,F02623,24.8125538999526
F02623,F02620,24.8125538999526
F02620,F02624,13.594581996231309
F02624,F02620,13.594581996231309
F02620,F02625,12.323562394949986
F02625,F02620,12.323562394949986
F02620,F02626,18.179001719289015
F02626,F02620,18.179001719289015
F02621,F02623,13.92021012875375
F02623,F02621,13.92021012875375
F02621,F02624,7.068918335922368
F02624,F02621,7.068918335922368
F02621,F02625,11.436536798676666
F02625,F02621,11.436536798676666
F02621,F02626,7.375666809615864
F02626,F02621,7.375666809615864
F02623,F02624,11.929436388398486
F02624,F02623,11.929436388398486
F02623,F02625,16.774031137747137
F02625,F02623,16.774031137747137
F02623,F02626,14.258872540322912
F02626,F02623,14.258872540322912
F02624,F02625,5.672745037039132
F02625,F02624,5.672745037039132
F02624,F02626,13.410114248199982
F02626,F02624,13.410114248199982
F02625,F02626,18.5284119066923
F02626,F02625,18.5284119066923
F01057,F01058,3.947831505767107
F01058,F01057,3.947831505767107
F01057,F01059,13.647697441158686
F01059,F01057,13.647697441158686
F01058,F01059,17.547563969712773
F01059,F01058,17.547563969712773
F01073,F01104,29.36654441493819
F01104,F01073,29.36654441493819
F01073,F01105,25.488446632696572
F01105,F01073,25.488446632696572
F01104,F01105,9.613875558250742
F01105,F01104,9.613875558250742
F01030,F01031,3.4791412386674034
F01031,F01030,3.4791412386674034
044180,071659,43.977180491579794
071659,044180,43.977180491579794
044180,CSF01025,3.1248996291190267
CSF01025,044180,3.1248996291190267
044180,CSLM3NYA,12.878464574117963
CSLM3NYA,044180,12.878464574117963
044180,F00933,24.527033714558232
F00933,044180,24.527033714558232
044180,F00934,31.469054563147303
F00934,044180,31.469054563147303
044180,F00935,31.42377710995483
F00935,044180,31.42377710995483
044180,F00936,8.68148907508343
F00936,044180,8.68148907508343
044180,F00937,15.784008649989376
F00937,044180,15.784008649989376
044180,F01023,4.094677318775451
F01023,044180,4.094677318775451
044180,F01024,3.4353131516982027
F01024,044180,3.4353131516982027
044180,F01025,2.799812356366501
F01025,044180,2.799812356366501
044180,F01027,7.825734058960425
F01027,044180,7.825734058960425
044180,F01028,13.790481868186248
F01028,044180,13.790481868186248
044180,F01029,34.00006184344031
F01029,044180,34.00006184344031
044180,LM3NY1,20.474093198705585
LM3NY1,044180,20.474093198705585
044180,LM3NY2,10.771538756444679
LM3NY2,044180,10.771538756444679
044180,LM3NYA,19.77611860653498
LM3NYA,044180,19.77611860653498
044180,LM3NYB,18.031536532646175
LM3NYB,044180,18.031536532646175
044180,LM3NYC,3.759040743830826
LM3NYC,044180,3.759040743830826
044180,LM3NYD,9.350774037756818
LM3NYD,044180,9.350774037756818
044180,LM3NYE,19.856674654741838
LM3NYE,044180,19.856674654741838
044180,LM3NYF,15.368552106706254
LM3NYF,044180,15.368552106706254
044180,LM3NYG,23.320504734049994
LM3NYG,044180,23.320504734049994
044180,LM3NYH,25.69337748680752
LM3NYH,044180,25.69337748680752
044180,LM3NYI,32.30277129346818
LM3NYI,044180,32.30277129346818
044180,LM3NYJ,37.876205597754854
LM3NYJ,044180,37.876205597754854
044180,LM3NYK,30.64546431592339
LM3NYK,044180,30.64546431592339
044180,LM3NYL,27.885161774890275
LM3NYL,044180,27.885161774890275
044180,LM3NYM,17.327678296208543
LM3NYM,044180,17.327678296208543
071659,CSF01025,41.545937943308125
CSF01025,071659,41.545937943308125
071659,CSLM3NYA,31.10032569434677
CSLM3NYA,071659,31.10032569434677
071659,F00933,21.966175892419265
F00933,071659,21.966175892419265
071659,F00934,21.573760082393985
F00934,071659,21.573760082393985
071659,F00935,25.951872977716942
F00935,071659,25.951872977716942
071659,F00936,52.16997489335535
F00936,071659,52.16997489335535
071659,F00937,28.45155735782802
F00937,071659,28.45155735782802
071659,F01023,47.08258800848668
F01023,071659,47.08258800848668
071659,F01024,41.23404201953516
F01024,071659,41.23404201953516
071659,F01025,41.8844499974359
F01025,071659,41.8844499974359
071659,F01027,36.35461270288205
F01027,071659,36.35461270288205
071659,F01028,30.546201764885076
F01028,071659,30.546201764885076
071659,F01029,32.999122883082755
F01029,071659,32.999122883082755
071659,LM3NY1,23.62056846040083
LM3NY1,071659,23.62056846040083
071659,LM3NY2,54.273583032677784
LM3NY2,071659,54.273583032677784
071659,LM3NYA,60.0642130731325
LM3NYA,071659,60.0642130731325
071659,LM3NYB,61.39493199715865
LM3NYB,071659,61.39493199715865
071659,LM3NYC,47.17593353960276
LM3NYC,071659,47.17593353960276
071659,LM3NYD,43.42952947034748
LM3NYD,071659,43.42952947034748
071659,LM3NYE,27.23709630208526
LM3NYE,071659,27.23709630208526
071659,LM3NYF,29.045143639551906
LM3NYF,071659,29.045143639551906
071659,LM3NYG,22.94125296625836
LM3NYG,071659,22.94125296625836
071659,LM3NYH,20.675657806190987
LM3NYH,071659,20.675657806190987
071659,LM3NYI,22.14307470790395
LM3NYI,071659,22.14307470790395
071659,LM3NYJ,6.52518247510179
LM3NYJ,071659,6.52518247510179
071659,LM3NYK,17.234880212955133
LM3NYK,071659,17.234880212955133
071659,LM3NYL,23.27206159616022
LM3NYL,071659,23.27206159616022
071659,LM3NYM,28.50193433585178
LM3NYM,071659,28.50193433585178
CSF01025,CSLM3NYA,10.54619401444578
CSLM3NYA,CSF01025,10.54619401444578
CSF01025,F00933,22.902520284367647
F00933,CSF01025,22.902520284367647
CSF01025,F00934,30.278774715635766
F00934,CSF01025,30.278774715635766
CSF01025,F00935,30.66682841698651
F00935,CSF01025,30.66682841698651
CSF01025,F00936,10.644094215616414
F00936,CSF01025,10.644094215616414
CSF01025,F00937,13.14798380617501
F00937,CSF01025,13.14798380617501
CSF01025,F01023,5.565193305911873
F01023,CSF01025,5.565193305911873
CSF01025,F01024,0.3304198901887952
F01024,CSF01025,0.3304198901887952
CSF01025,F01025,0.3553571604849072
F01025,CSF01025,0.3553571604849072
CSF01025,F01027,6.264329028564405
F01027,CSF01025,6.264329028564405
CSF01025,F01028,11.951764443525771
F01028,CSF01025,11.951764443525771
CSF01025,F01029,33.904970143473584
F01029,CSF01025,33.904970143473584
CSF01025,LM3NY1,18.27665840626112
LM3NY1,CSF01025,18.27665840626112
CSF01025,LM3NY2,12.759045753456219
LM3NY2,CSF01025,12.759045753456219
CSF01025,LM3NYA,20.544639818033005
LM3NYA,CSF01025,20.544639818033005
CSF01025,LM3NYB,19.97223939398945
LM3NYB,CSF01025,19.97223939398945
CSF01025,LM3NYC,5.6311551904739705
LM3NYC,CSF01025,5.6311551904739705
CSF01025,LM3NYD,11.17034098649543
LM3NYD,CSF01025,11.17034098649543
CSF01025,LM3NYE,18.61318040457745
LM3NYE,CSF01025,18.61318040457745
CSF01025,LM3NYF,13.511456004383996
LM3NYF,CSF01025,13.511456004383996
CSF01025,LM3NYG,21.706368986386966
LM3NYG,CSF01025,21.706368986386966
CSF01025,LM3NYH,23.99652511583864
LM3NYH,CSF01025,23.99652511583864
CSF01025,LM3NYI,31.190272107972653
LM3NYI,CSF01025,31.190272107972653
CSF01025,LM3NYJ,35.341057940255446
LM3NYJ,CSF01025,35.341057940255446
CSF01025,LM3NYK,27.740307328403464
LM3NYK,CSF01025,27.740307328403464
CSF01025,LM3NYL,24.812035133039604
LM3NYL,CSF01025,24.812035133039604
CSF01025,LM3NYM,14.35938146414033
LM3NYM,CSF01025,14.35938146414033
CSLM3NYA,F00933,12.993732388724984
F00933,CSLM3NYA,12.993732388724984
CSLM3NYA,F00934,21.002450708205977
F00934,CSLM3NYA,21.002450708205977
CSLM3NYA,F00935,22.390390005348962
F00935,CSLM3NYA,22.390390005348962
CSLM3NYA,F00936,21.183492103066108
F00936,CSLM3NYA,21.183492103066108
CSLM3NYA,F00937,3.4613612949519186
F00937,CSLM3NYA,3.4613612949519186
CSLM3NYA,F01023,16.1111430260773
F01023,CSLM3NYA,16.1111430260773
CSLM3NYA,F01024,10.25035745703492
F01024,CSLM3NYA,10.25035745703492
CSLM3NYA,F01025,10.870224913050938
F01025,CSLM3NYA,10.870224913050938
CSLM3NYA,F01027,5.514783731229083
F01027,CSLM3NYA,5.514783731229083
CSLM3NYA,F01028,2.8545618646887476
F01028,CSLM3NYA,2.8545618646887476
CSLM3NYA,F01029,27.28674340981936
F01029,CSLM3NYA,27.28674340981936
CSLM3NYA,LM3NY1,7.740197148751735
LM3NY1,CSLM3NYA,7.740197148751735
CSLM3NYA,LM3NY2,23.30079299702226
LM3NY2,CSLM3NYA,23.30079299702226
CSLM3NYA,LM3NYA,30.462279949776576
LM3NYA,CSLM3NYA,30.462279949776576
CSLM3NYA,LM3NYB,30.5175772810258
LM3NYB,CSLM3NYA,30.5175772810258
CSLM3NYA,LM3NYC,16.140828150780663
LM3NYC,CSLM3NYA,16.140828150780663
CSLM3NYA,LM3NYD,14.725168677323964
LM3NYD,CSLM3NYA,14.725168677323964
CSLM3NYA,LM3NYE,9.922357656699159
LM3NYE,CSLM3NYA,9.922357656699159
CSLM3NYA,LM3NYF,3.8230474869613946
LM3NYF,CSLM3NYA,3.8230474869613946
CSLM3NYA,LM3NYG,11.862264571193796
LM3NYG,CSLM3NYA,11.862264571193796
CSLM3NYA,LM3NYH,13.930813796760994
LM3NYH,CSLM3NYA,13.930813796760994
CSLM3NYA,LM3NYI,22.054243355053327
LM3NYI,CSLM3NYA,22.054243355053327
CSLM3NYA,LM3NYJ,25.016123067162287
LM3NYJ,CSLM3NYA,25.016123067162287
CSLM3NYA,LM3NYK,18.64358678253967
LM3NYK,CSLM3NYA,18.64358678253967
CSLM3NYA,LM3NYL,17.423399607527067
LM3NYL,CSLM3NYA,17.423399607527067
CSLM3NYA,LM3NYM,6.900323233390683
LM3NYM,CSLM3NYA,6.900323233390683
F00933,F00934,8.31502361871862
F00934,F00933,8.31502361871862
F00933,F00935,10.977279081046731
F00935,F00933,10.977279081046731
F00933,F00936,33.19836015568855
F00936,F00933,33.19836015568855
F00933,F00937,12.491572490595777
F00937,F00933,12.491572490595777
F00933,F01023,28.303893235842516
F01023,F00933,28.303893235842516
F00933,F01024,22.653830608015067
F01024,F00933,22.653830608015067
F00933,F01025,23.177853470965395
F01025,F00933,23.177853470965395
F00933,F01027,16.764264618919576
F01027,F00933,16.764264618919576
F00933,F01028,10.96842766322667
F01028,F00933,10.96842766322667
F00933,F01029,17.745464442573432
F01029,F00933,17.745464442573432
F00933,LM3NY1,6.611851841999152
LM3NY1,F00933,6.611851841999152
F00933,LM3NY2,35.2970565866205
LM3NY2,F00933,35.2970565866205
F00933,LM3NYA,43.29730441327374
LM3NYA,F00933,43.29730441327374
F00933,LM3NYB,42.5585537676734
LM3NYB,F00933,42.5585537676734
F00933,LM3NYC,28.173790256237652
LM3NYC,F00933,28.173790256237652
F00933,LM3NYD,21.8695087087234
LM3NYD,F00933,21.8695087087234
F00933,LM3NYE,5.361479476366759
LM3NYE,F00933,5.361479476366759
F00933,LM3NYF,9.444202106099842
LM3NYF,F00933,9.444202106099842
F00933,LM3NYG,1.2066927507274736
LM3NYG,F00933,1.2066927507274736
F00933,LM3NYH,1.31172870429935
LM3NYH,F00933,1.31172870429935
F00933,LM3NYI,9.472001203547064
LM3NYI,F00933,9.472001203547064
F00933,LM3NYJ,17.41057552241066
LM3NYJ,F00933,17.41057552241066
F00933,LM3NYK,17.583531501467924
LM3NYK,F00933,17.583531501467924
F00933,LM3NYL,20.56954928680582
LM3NYL,F00933,20.56954928680582
F00933,LM3NYM,15.526154999033276
LM3NYM,F00933,15.526154999033276
F00934,F00935,4.522050882783703
F00935,F00934,4.522050882783703
F00934,F00936,40.11041972795026
F00936,F00934,40.11041972795026
F00934,F00937,20.791229937982862
F00937,F00934,20.791229937982862
F00934,F01023,35.439155602745075
F01023,F00934,35.439155602745075
F00934,F01024,30.064197804131542
F01024,F00934,30.064197804131542
F00934,F01025,30.51837960551039
F01025,F00934,30.51837960551039
F00934,F01027,24.017045707792192
F01027,F00934,24.017045707792192
F00934,F01028,18.655564317932765
F01028,F00934,18.655564317932765
F00934,F01029,12.005207754747826
F01029,F00934,12.005207754747826
F00934,LM3NY1,14.896272455942082
LM3NY1,F00934,14.896272455942082
F00934,LM3NY2,42.156525201953166
LM3NY2,F00934,42.156525201953166
F00934,LM3NYA,50.820835181838525
LM3NYA,F00934,50.820835181838525
F00934,LM3NYB,49.34140858904086
LM3NYB,F00934,49.34140858904086
F00934,LM3NYC,35.2119636747001
LM3NYC,F00934,35.2119636747001
F00934,LM3NYD,26.92955231305282
LM3NYD,F00934,26.92955231305282
F00934,LM3NYE,11.668047511756095
LM3NYE,F00934,11.668047511756095
F00934,LM3NYF,17.259889397295662
LM3NYF,F00934,17.259889397295662
F00934,LM3NYG,9.279900320527302
LM3NYG,F00934,9.279900320527302
F00934,LM3NYH,7.880749812138071
LM3NYH,F00934,7.880749812138071
F00934,LM3NYI,1.2105762190014497
LM3NYI,F00934,1.2105762190014497
F00934,LM3NYJ,19.302995274095803
LM3NYJ,F00934,19.302995274095803
F00934,LM3NYK,23.5027266836776
LM3NYK,F00934,23.5027266836776
F00934,LM3NYL,27.639867984295265
LM3NYL,F00934,27.639867984295265
F00934,LM3NYM,23.809751795876508
LM3NYM,F00934,23.809751795876508
F00935,F00936,39.88891615746918
F00936,F00935,39.88891615746918
F00935,F00937,22.844239802188007
F00937,F00935,22.844239802188007
F00935,F01023,35.49289505207985
F01023,F00935,35.49289505207985
F00935,F01024,30.49176257083106
F01024,F00935,30.49176257083106
F00935,F01025,30.865259824780665
F01025,F00935,30.865259824780665
F00935,F01027,24.461256267110986
F01027,F00935,24.461256267110986
F00935,F01028,19.75246835513031
F01028,F00935,19.75246835513031
F00935,F01029,7.52727896826946
F01029,F00935,7.52727896826946
F00935,LM3NY1,17.45409300874225
LM3NY1,F00935,17.45409300874225
F00935,LM3NY2,41.8619649905537
LM3NY2,F00935,41.8619649905537
F00935,LM3NYA,51.11157558013123
LM3NYA,F00935,51.11157558013123
F00935,LM3NYB,48.90391432937299
LM3NYB,F00935,48.90391432937299
F00935,LM3NYC,35.17928621457062
LM3NYC,F00935,35.17928621457062
F00935,LM3NYD,25.671185470936816
LM3NYD,F00935,25.671185470936816
F00935,LM3NYE,12.495171782470093
LM3NYE,F00935,12.495171782470093
F00935,LM3NYF,18.56771566710155
LM3NYF,F00935,18.56771566710155
F00935,LM3NYG,11.603488505007123
LM3NYG,F00935,11.603488505007123
F00935,LM3NYH,11.018896910260281
LM3NYH,F00935,11.018896910260281
F00935,LM3NYI,3.808880828780197
LM3NYI,F00935,3.808880828780197
F00935,LM3NYJ,23.82408598678549
LM3NYJ,F00935,23.82408598678549
F00935,LM3NYK,27.552501786367888
LM3NYK,F00935,27.552501786367888
F00935,LM3NYL,31.290413630926512
LM3NYL,F00935,31.290413630926512
F00935,LM3NYM,26.256763036425784
LM3NYM,F00935,26.256763036425784
F00936,F00937,23.7315241240105
F00937,F00936,23.7315241240105
F00936,F01023,5.0877955824857946
F01023,F00936,5.0877955824857946
F00936,F01024,10.948693155367518
F01024,F00936,10.948693155367518
F00936,F01025,10.314826557510209
F01025,F00936,10.314826557510209
F00936,F01027,16.453824722386873
F01027,F00936,16.453824722386873
F00936,F01028,22.387291551482278
F01028,F00936,22.387291551482278
F00936,F01029,41.92705061254726
F01029,F00936,41.92705061254726
F00936,LM3NY1,28.899974502411737
LM3NY1,F00936,28.899974502411737
F00936,LM3NY2,2.119125410558991
LM3NY2,F00936,2.119125410558991
F00936,LM3NYA,12.113086617612142
LM3NYA,F00936,12.113086617612142
F00936,LM3NYB,9.378240970224471
LM3NYB,F00936,9.378240970224471
F00936,LM3NYC,5.061568226111193
LM3NYC,F00936,5.061568226111193
F00936,LM3NYD,15.665055744802789
LM3NYD,F00936,15.665055744802789
F00936,LM3NYE,28.526147370462628
LM3NYE,F00936,28.526147370462628
F00936,LM3NYF,23.965041719558243
LM3NYF,F00936,23.965041719558243
F00936,LM3NYG,31.99226060070266
LM3NYG,F00936,31.99226060070266
F00936,LM3NYH,34.353994575522506
LM3NYH,F00936,34.353994575522506
F00936,LM3NYI,40.920885130957124
LM3NYI,F00936,40.920885130957124
F00936,LM3NYJ,45.92479023281576
LM3NYJ,F00936,45.92479023281576
F00936,LM3NYK,37.84918617123829
LM3NYK,F00936,37.84918617123829
F00936,LM3NYL,34.22466346999233
LM3NYL,F00936,34.22466346999233
F00936,LM3NYM,24.463780226212958
LM3NYM,F00936,24.463780226212958
F00937,F01023,18.64806111974544
F01023,F00937,18.64806111974544
F00937,F01024,12.82898630929252
F01024,F00937,12.82898630929252
F00937,F01025,13.493768725420763
F01025,F00937,13.493768725420763
F00937,F01027,8.861847142723574
F01027,F00937,8.861847142723574
F00937,F01028,5.312848916253912
F01028,F00937,5.312848916253912
F00937,F01029,28.460841403054904
F01029,F00937,28.460841403054904
F00937,LM3NY1,6.173421101601517
LM3NY1,F00937,6.173421101601517
F00937,LM3NY2,25.82935602487968
LM3NY2,F00937,25.82935602487968
F00937,LM3NYA,32.166075563821494
LM3NYA,F00937,32.166075563821494
F00937,LM3NYB,32.94570186745982
LM3NYB,F00937,32.94570186745982
F00937,LM3NYC,18.773585015727303
LM3NYC,F00937,18.773585015727303
F00937,LM3NYD,18.184848284151055
LM3NYD,F00937,18.184848284151055
F00937,LM3NYE,10.862908258462676
LM3NYE,F00937,10.862908258462676
F00937,LM3NYF,5.264981716124242
LM3NYF,F00937,5.264981716124242
F00937,LM3NYG,11.521828799014925
LM3NYG,F00937,11.521828799014925
F00937,LM3NYH,13.161441650553472
LM3NYH,F00937,13.161441650553472
F00937,LM3NYI,21.925691729149566
LM3NYI,F00937,21.925691729149566
F00937,LM3NYJ,22.198142044133483
LM3NYJ,F00937,22.198142044133483
F00937,LM3NYK,15.238404987431746
LM3NYK,F00937,15.238404987431746
F00937,LM3NYL,14.02414105736157
LM3NYL,F00937,14.02414105736157
F00937,LM3NYM,3.98936089448714
LM3NYM,F00937,3.98936089448714
F01023,F01024,5.8654273230056795
F01024,F01023,5.8654273230056795
F01023,F01025,5.242465746335656
F01025,F01023,5.242465746335656
F01023,F01027,11.542196546560584
F01027,F01023,11.542196546560584
F01023,F01028,17.413754720734136
F01028,F01023,17.413754720734136
F01023,F01029,38.077212526927376
F01029,F01023,38.077212526927376
F01023,LM3NY1,23.83851843701092
LM3NY1,F01023,23.83851843701092
F01023,LM3NY2,7.197628833360473
LM3NY2,F01023,7.197628833360473
F01023,LM3NYA,15.681449838960669
LM3NYA,F01023,15.681449838960669
F01023,LM3NYB,14.409927301612152
LM3NYB,F01023,14.409927301612152
F01023,LM3NYC,0.7275132873342576
LM3NYC,F01023,0.7275132873342576
F01023,LM3NYD,12.82291310670335
LM3NYD,F01023,12.82291310670335
F01023,LM3NYE,23.790756341708782
LM3NYE,F01023,23.790756341708782
F01023,LM3NYF,18.98646026237948
LM3NYF,F01023,18.98646026237948
F01023,LM3NYG,27.10084864693248
LM3NYG,F01023,27.10084864693248
F01023,LM3NYH,29.43186422911301
LM3NYH,F01023,29.43186422911301
F01023,LM3NYI,36.29723527430201
LM3NYI,F01023,36.29723527430201
F01023,LM3NYJ,40.84433906438403
LM3NYJ,F01023,40.84433906438403
F01023,LM3NYK,32.91350448800556
LM3NYK,F01023,32.91350448800556
F01023,LM3NYL,29.526939723184526
LM3NYL,F01023,29.526939723184526
F01023,LM3NYM,19.50300248430467
LM3NYM,F01023,19.50300248430467
F01024,F01025,0.6857248929845248
F01025,F01024,0.6857248929845248
F01024,F01027,6.060605919333673
F01027,F01024,6.060605919333673
F01024,F01028,11.695909037473085
F01028,F01024,11.695909037473085
F01024,F01029,33.79252006565226
F01029,F01024,33.79252006565226
F01024,LM3NY1,17.984619216488724
LM3NY1,F01024,17.984619216488724
F01024,LM3NY2,13.062053717092557
LM3NY2,F01024,13.062053717092557
F01024,LM3NYA,20.756637409131276
LM3NYA,F01024,20.756637409131276
F01024,LM3NYB,20.267334010974476
LM3NYB,F01024,20.267334010974476
F01024,LM3NYC,5.946344329396845
LM3NYC,F01024,5.946344329396845
F01024,LM3NYD,11.294984313520185
LM3NYD,F01024,11.294984313520185
F01024,LM3NYE,18.40182796862639
LM3NYE,F01024,18.40182796862639
F01024,LM3NYF,13.251373586710255
LM3NYF,F01024,13.251373586710255
F01024,LM3NYG,21.45930562481691
LM3NYG,F01024,21.45930562481691
F01024,LM3NYH,23.741158300695563
LM3NYH,F01024,23.741158300695563
F01024,LM3NYI,30.98227168420002
LM3NYI,F01024,30.98227168420002
F01024,LM3NYJ,35.02384853815414
LM3NYJ,F01024,35.02384853815414
F01024,LM3NYK,27.410038177700567
LM3NYK,F01024,27.410038177700567
F01024,LM3NYL,24.486676674243217
LM3NYL,F01024,24.486676674243217
F01024,LM3NYM,14.029011073311551
LM3NYM,F01024,14.029011073311551
F01025,F01027,6.501546224669503
F01027,F01025,6.501546224669503
F01025,F01028,12.23620014678248
F01028,F01025,12.23620014678248
F01025,F01029,34.037238143381465
F01029,F01025,34.037238143381465
F01025,LM3NY1,18.59607839453366
LM3NY1,F01025,18.59607839453366
F01025,LM3NY2,12.431197792706405
LM3NY2,F01025,12.431197792706405
F01025,LM3NYA,20.313402810185465
LM3NYA,F01025,20.313402810185465
F01025,LM3NYB,19.65218726550216
LM3NYB,F01025,19.65218726550216
F01025,LM3NYC,5.291483562920613
LM3NYC,F01025,5.291483562920613
F01025,LM3NYD,11.054052039978195
LM3NYD,F01025,11.054052039978195
F01025,LM3NYE,18.85085552082369
LM3NYE,F01025,18.85085552082369
F01025,LM3NYF,13.799690248192366
LM3NYF,F01025,13.799690248192366
F01025,LM3NYG,21.980162204022253
LM3NYG,F01025,21.980162204022253
F01025,LM3NYH,24.278575548022648
LM3NYH,F01025,24.278575548022648
F01025,LM3NYI,31.42298652886184
LM3NYI,F01025,31.42298652886184
F01025,LM3NYJ,35.68479288787873
LM3NYJ,F01025,35.68479288787873
F01025,LM3NYK,28.095659479826754
LM3NYK,F01025,28.095659479826754
F01025,LM3NYL,25.16049287282276
LM3NYL,F01025,25.16049287282276
F01025,LM3NYM,14.71443582265929
LM3NYM,F01025,14.71443582265929
F01027,F01028,5.9674338085470975
F01028,F01027,5.9674338085470975
F01027,F01029,28.06070248072299
F01029,F01027,28.06070248072299
F01027,LM3NY1,12.75289943467004
LM3NY1,F01027,12.75289943467004
F01027,LM3NY2,18.561901577520878
LM3NY2,F01027,18.561901577520878
F01027,LM3NYA,26.80890567465547
LM3NYA,F01027,26.80890567465547
F01027,LM3NYB,25.82830747927717
LM3NYB,F01027,25.82830747927717
F01027,LM3NYC,11.413681712576055
LM3NYC,F01027,11.413681712576055
F01027,LM3NYD,9.767843152355516
LM3NYD,F01027,9.767843152355516
F01027,LM3NYE,12.349997546992883
LM3NYE,F01027,12.349997546992883
F01027,LM3NYF,7.544378601850332
LM3NYF,F01027,7.544378601850332
F01027,LM3NYG,15.560311451159905
LM3NYG,F01027,15.560311451159905
F01027,LM3NYH,17.904423143009225
LM3NYH,F01027,17.904423143009225
F01027,LM3NYI,24.925943352967334
LM3NYI,F01027,24.925943352967334
F01027,LM3NYJ,30.390219973620756
LM3NYJ,F01027,30.390219973620756
F01027,LM3NYK,24.100237943494008
LM3NYK,F01027,24.100237943494008
F01027,LM3NYL,22.423103327612715
LM3NYL,F01027,22.423103327612715
F01027,LM3NYM,11.57459109083435
LM3NYM,F01027,11.57459109083435
F01028,F01029,24.461240871074267
F01029,F01028,24.461240871074267
F01028,LM3NY1,6.941404852884992
LM3NY1,F01028,6.941404852884992
F01028,LM3NY2,24.500916039723947
LM3NY2,F01028,24.500916039723947
F01028,LM3NYA,32.339303203347114
LM3NYA,F01028,32.339303203347114
F01028,LM3NYB,31.76551435890341
LM3NYB,F01028,31.76551435890341
F01028,LM3NYC,17.33190541754838
LM3NYC,F01028,17.33190541754838
F01028,LM3NYD,13.707606854276582
LM3NYD,F01028,13.707606854276582
F01028,LM3NYE,7.25839197483745
LM3NYE,F01028,7.25839197483745
F01028,LM3NYF,1.5787756956731094
LM3NYF,F01028,1.5787756956731094
F01028,LM3NYG,9.781203264855572
LM3NYG,F01028,9.781203264855572
F01028,LM3NYH,12.045302661177187
LM3NYH,F01028,12.045302661177187
F01028,LM3NYI,19.65729877803431
LM3NYI,F01028,19.65729877803431
F01028,LM3NYJ,24.73379974878223
LM3NYJ,F01028,24.73379974878223
F01028,LM3NYK,19.570823372237122
LM3NYK,F01028,19.570823372237122
F01028,LM3NYL,19.163541207833603
LM3NYL,F01028,19.163541207833603
F01028,LM3NYM,9.223300430589939
LM3NYM,F01028,9.223300430589939
F01029,LM3NY1,23.777667638231584
LM3NY1,F01029,23.777667638231584
F01029,LM3NY2,43.736479273707815
LM3NY2,F01029,43.736479273707815
F01029,LM3NYA,53.71840356282269
LM3NYA,F01029,53.71840356282269
F01029,LM3NYB,50.404926403091274
LM3NYB,F01029,50.404926403091274
F01029,LM3NYC,37.64282219973752
LM3NYC,F01029,37.64282219973752
F01029,LM3NYD,26.596226299170898
LM3NYD,F01029,26.596226299170898
F01029,LM3NYE,17.605192240300912
LM3NYE,F01029,17.605192240300912
F01029,LM3NYF,23.595597701047172
LM3NYF,F01029,23.595597701047172
F01029,LM3NYG,18.09638213827274
LM3NYG,F01029,18.09638213827274
F01029,LM3NYH,18.062769874046296
LM3NYH,F01029,18.062769874046296
F01029,LM3NYI,11.121418267772624
LM3NYI,F01029,11.121418267772624
F01029,LM3NYJ,31.279799899753
LM3NYJ,F01029,31.279799899753
F01029,LM3NYK,34.90087211677573
LM3NYK,F01029,34.90087211677573
F01029,LM3NYL,38.3103310538159
LM3NYL,F01029,38.3103310538159
F01029,LM3NYM,32.18468178134734
LM3NYM,F01029,32.18468178134734
LM3NY1,LM3NY2,31.018741473437377
LM3NY2,LM3NY1,31.018741473437377
LM3NY1,LM3NYA,38.058445996889716
LM3NYA,LM3NY1,38.058445996889716
LM3NY1,LM3NYB,38.24818762259651
LM3NYB,LM3NY1,38.24818762259651
LM3NY1,LM3NYC,23.846373620694614
LM3NYC,LM3NY1,23.846373620694614
LM3NY1,LM3NYD,20.352737227722876
LM3NYD,LM3NY1,20.352737227722876
LM3NY1,LM3NYE,7.1082228768893545
LM3NYE,LM3NY1,7.1082228768893545
LM3NY1,LM3NYF,5.49648849815575
LM3NYF,LM3NY1,5.49648849815575
LM3NY1,LM3NYG,5.850979720216
LM3NYG,LM3NY1,5.850979720216
LM3NY1,LM3NYH,7.092077230980885
LM3NYH,LM3NY1,7.092077230980885
LM3NY1,LM3NYI,16.06850662214639
LM3NYI,LM3NY1,16.06850662214639
LM3NY1,LM3NYJ,17.80381408042983
LM3NYJ,LM3NY1,17.80381408042983
LM3NY1,LM3NYK,13.8425850456766
LM3NYK,LM3NY1,13.8425850456766
LM3NY1,LM3NYL,15.208864794900164
LM3NYL,LM3NY1,15.208864794900164
LM3NY1,LM3NYM,8.9168856519409
LM3NYM,LM3NY1,8.9168856519409
LM3NY2,LM3NYA,10.783642578877245
LM3NYA,LM3NY2,10.783642578877245
LM3NY2,LM3NYB,7.266414537882891
LM3NYB,LM3NY2,7.266414537882891
LM3NY2,LM3NYC,7.179933005666827
LM3NYC,LM3NY2,7.179933005666827
LM3NY2,LM3NYD,17.308799522556704
LM3NYD,LM3NY2,17.308799522556704
LM3NY2,LM3NYE,30.593821654473572
LM3NYE,LM3NY2,30.593821654473572
LM3NY2,LM3NYF,26.07898921406376
LM3NYF,LM3NY2,26.07898921406376
LM3NY2,LM3NYG,34.09067188691706
LM3NYG,LM3NY2,34.09067188691706
LM3NY2,LM3NYH,36.457557422889046
LM3NYH,LM3NY2,36.457557422889046
LM3NY2,LM3NYI,42.954487412542726
LM3NYI,LM3NY2,42.954487412542726
LM3NY2,LM3NYJ,48.01733549057745
LM3NYJ,LM3NY2,48.01733549057745
LM3NY2,LM3NYK,39.85344191162026
LM3NYK,LM3NY2,39.85344191162026
LM3NY2,LM3NYL,36.12126552305508
LM3NYL,LM3NY2,36.12126552305508
LM3NY2,LM3NYM,26.489187604390803
LM3NYM,LM3NY2,26.489187604390803
LM3NYA,LM3NYB,8.267486328861997
LM3NYB,LM3NYA,8.267486328861997
LM3NYA,LM3NYC,16.08115552949588
LM3NYC,LM3NYA,16.08115552949588
LM3NYA,LM3NYD,27.745459223873358
LM3NYD,LM3NYA,27.745459223873358
LM3NYA,LM3NYE,39.15728683232997
LM3NYE,LM3NYA,39.15728683232997
LM3NYA,LM3NYF,33.85314778246949
LM3NYF,LM3NYA,33.85314778246949
LM3NYA,LM3NYG,42.11721285240179
LM3NYG,LM3NYA,42.11721285240179
LM3NYA,LM3NYH,44.32595797198171
LM3NYH,LM3NYA,44.32595797198171
LM3NYA,LM3NYI,51.73473171039443
LM3NYI,LM3NYA,51.73473171039443
LM3NYA,LM3NYJ,53.584061979363675
LM3NYJ,LM3NYA,53.584061979363675
LM3NYA,LM3NYK,44.08610804653976
LM3NYK,LM3NYA,44.08610804653976
LM3NYA,LM3NYL,39.25621465337393
LM3NYL,LM3NYA,39.25621465337393
LM3NYA,LM3NYM,31.562638890366348
LM3NYM,LM3NYA,31.562638890366348
LM3NYB,LM3NYC,14.437027066711796
LM3NYC,LM3NYB,14.437027066711796
LM3NYB,LM3NYD,23.811070464821366
LM3NYD,LM3NYB,23.811070464821366
LM3NYB,LM3NYE,37.818863603783115
LM3NYE,LM3NYB,37.818863603783115
LM3NYB,LM3NYF,33.343282647212035
LM3NYF,LM3NYB,33.343282647212035
LM3NYB,LM3NYG,41.35200657418666
LM3NYG,LM3NYB,41.35200657418666
LM3NYB,LM3NYH,43.72231955061204
LM3NYH,LM3NYB,43.72231955061204
LM3NYB,LM3NYI,50.11621745792021
LM3NYI,LM3NYB,50.11621745792021
LM3NYB,LM3NYJ,55.08817863401198
LM3NYJ,LM3NYB,55.08817863401198
LM3NYB,LM3NYK,46.59183017449367
LM3NYK,LM3NYB,46.59183017449367
LM3NYB,LM3NYL,42.50715699386686
LM3NYL,LM3NYB,42.50715699386686
LM3NYB,LM3NYM,33.3445134373148
LM3NYM,LM3NYB,33.3445134373148
LM3NYC,LM3NYD,12.206017979992263
LM3NYD,LM3NYC,12.206017979992263
LM3NYC,LM3NYE,23.583163496251277
LM3NYE,LM3NYC,23.583163496251277
LM3NYC,LM3NYF,18.90887335665246
LM3NYF,LM3NYC,18.90887335665246
LM3NYC,LM3NYG,26.968721017485155
LM3NYG,LM3NYC,26.968721017485155
LM3NYC,LM3NYH,29.31808390989544
LM3NYH,LM3NYC,29.31808390989544
LM3NYC,LM3NYI,36.05344223951838
LM3NYI,LM3NYC,36.05344223951838
LM3NYC,LM3NYJ,40.969867636622645
LM3NYJ,LM3NYC,40.969867636622645
LM3NYC,LM3NYK,33.18412974489482
LM3NYK,LM3NYC,33.18412974489482
LM3NYC,LM3NYL,29.9035758688564
LM3NYL,LM3NYC,29.9035758688564
LM3NYC,LM3NYM,19.770280444292236
LM3NYM,LM3NYC,19.770280444292236
LM3NYD,LM3NYE,16.52408776513211
LM3NYE,LM3NYD,16.52408776513211
LM3NYD,LM3NYF,14.925621332561237
LM3NYF,LM3NYD,14.925621332561237
LM3NYD,LM3NYG,20.750676306970888
LM3NYG,LM3NYD,20.750676306970888
LM3NYD,LM3NYH,23.175320765729044
LM3NYH,LM3NYD,23.175320765729044
LM3NYD,LM3NYI,27.49272713495638
LM3NYI,LM3NYD,27.49272713495638
LM3NYD,LM3NYJ,38.01711338343409
LM3NYJ,LM3NYD,38.01711338343409
LM3NYD,LM3NYK,33.208338661848856
LM3NYK,LM3NYD,33.208338661848856
LM3NYD,LM3NYL,32.07552703959866
LM3NYL,LM3NYD,32.07552703959866
LM3NYD,LM3NYM,21.283944815739023
LM3NYM,LM3NYD,21.283944815739023
LM3NYE,LM3NYF,6.113646751829594
LM3NYF,LM3NYE,6.113646751829594
LM3NYE,LM3NYG,4.301034661158275
LM3NYG,LM3NYE,4.301034661158275
LM3NYE,LM3NYH,6.672716520277792
LM3NYH,LM3NYE,6.672716520277792
LM3NYE,LM3NYI,12.5828855488471
LM3NYI,LM3NYE,12.5828855488471
LM3NYE,LM3NYJ,22.369905489974606
LM3NYJ,LM3NYE,22.369905489974606
LM3NYE,LM3NYK,20.65475488642632
LM3NYK,LM3NYE,20.65475488642632
LM3NYE,LM3NYL,22.30932140202983
LM3NYL,LM3NYE,22.30932140202983
LM3NYE,LM3NYM,14.661399861164963
LM3NYM,LM3NYE,14.661399861164963
LM3NYF,LM3NYG,8.267897558204197
LM3NYG,LM3NYF,8.267897558204197
LM3NYF,LM3NYH,10.495520263390198
LM3NYH,LM3NYF,10.495520263390198
LM3NYF,LM3NYI,18.288870586919966
LM3NYI,LM3NYF,18.288870586919966
LM3NYF,LM3NYJ,23.297668993549127
LM3NYJ,LM3NYF,23.297668993549127
LM3NYF,LM3NYK,18.576030130817983
LM3NYK,LM3NYF,18.576030130817983
LM3NYF,LM3NYL,18.608526742823464
LM3NYL,LM3NYF,18.608526742823464
LM3NYF,LM3NYM,9.252863263888226
LM3NYM,LM3NYF,9.252863263888226
LM3NYG,LM3NYH,2.448939912575087
LM3NYH,LM3NYG,2.448939912575087
LM3NYG,LM3NYI,10.404787319134426
LM3NYI,LM3NYG,10.404787319134426
LM3NYG,LM3NYJ,18.19837060543457
LM3NYJ,LM3NYG,18.19837060543457
LM3NYG,LM3NYK,17.68373597692266
LM3NYK,LM3NYG,17.68373597692266
LM3NYG,LM3NYL,20.326837123533476
LM3NYL,LM3NYG,20.326837123533476
LM3NYG,LM3NYM,14.705744972146363
LM3NYM,LM3NYG,14.705744972146363
LM3NYH,LM3NYI,9.076827716618093
LM3NYI,LM3NYH,9.076827716618093
LM3NYH,LM3NYJ,16.21830835226909
LM3NYJ,LM3NYH,16.21830835226909
LM3NYH,LM3NYK,16.969639238488007
LM3NYK,LM3NYH,16.969639238488007
LM3NYH,LM3NYL,20.297821514858494
LM3NYL,LM3NYH,20.297821514858494
LM3NYH,LM3NYM,15.969372325503759
LM3NYM,LM3NYH,15.969372325503759
LM3NYI,LM3NYJ,20.161050558295596
LM3NYJ,LM3NYI,20.161050558295596
LM3NYI,LM3NYK,24.652754895976322
LM3NYK,LM3NYI,24.652754895976322
LM3NYI,LM3NYL,28.83746904130389
LM3NYL,LM3NYI,28.83746904130389
LM3NYI,LM3NYM,24.984711285803733
LM3NYM,LM3NYI,24.984711285803733
LM3NYJ,LM3NYK,10.94941744985853
LM3NYK,LM3NYJ,10.94941744985853
LM3NYJ,LM3NYL,17.042577082924595
LM3NYL,LM3NYJ,17.042577082924595
LM3NYJ,LM3NYM,22.032232844372388
LM3NYM,LM3NYJ,22.032232844372388
LM3NYK,LM3NYL,6.095303586874369
LM3NYL,LM3NYK,6.095303586874369
LM3NYK,LM3NYM,13.413949441648136
LM3NYM,LM3NYK,13.413949441648136
LM3NYL,LM3NYM,10.863704713411918
LM3NYM,LM3NYL,10.863704713411918
F01106,F01107,3.748111973841211
F01107,F01106,3.748111973841211
F01069,F01070,3.770187644829648
F01070,F01069,3.770187644829648
F01069,F01071,13.160523844044164
F01071,F01069,13.160523844044164
F01069,F01072,14.943139135238587
F01072,F01069,14.943139135238587
F01070,F01071,9.632006235933702
F01071,F01070,9.632006235933702
F01070,F01072,11.60232274053573
F01072,F01070,11.60232274053573
F01071,F01072,2.39506609829444
F01072,F01071,2.39506609829444
F02514,F02515,13.734636004076233
F02515,F02514,13.734636004076233
F02516,F02517,14.884396126060704
F02517,F02516,14.884396126060704
009587,F02519,11.327151230964589
F02519,009587,11.327151230964589
F02521,F02522,15.741435429474793
F02522,F02521,15.741435429474793
009039,048536,47.525287865749824
048536,009039,47.525287865749824
009039,063526,38.60684142967666
063526,009039,38.60684142967666
009039,085723,55.23260999784366
085723,009039,55.23260999784366
009039,090370,73.2943361703936
090370,009039,73.2943361703936
009039,CSLM3LED,44.87245683441315
CSLM3LED,009039,44.87245683441315
009039,F01065,48.6888787871931
F01065,009039,48.6888787871931
009039,F01066,22.042456719354995
F01066,009039,22.042456719354995
009039,F01067,4.934876452904349
F01067,009039,4.934876452904349
009039,F02612,86.57819361976871
F02612,009039,86.57819361976871
009039,F02613,67.78394955847922
F02613,009039,67.78394955847922
009039,F02614,43.25484041051016
F02614,009039,43.25484041051016
009039,F02615,42.509391921557715
F02615,009039,42.509391921557715
009039,F02616,43.948021641314085
F02616,009039,43.948021641314085
009039,F02617,40.239728335978874
F02617,009039,40.239728335978874
009039,F02618,42.20574960284362
F02618,009039,42.20574960284362
009039,F02619,12.805908126855563
F02619,009039,12.805908126855563
009039,LM3LE1,39.86256127783389
LM3LE1,009039,39.86256127783389
009039,LM3LE2,77.09859715931731
LM3LE2,009039,77.09859715931731
009039,LM3LEA,81.11967565375548
LM3LEA,009039,81.11967565375548
009039,LM3LEB,75.43431265034683
LM3LEB,009039,75.43431265034683
009039,LM3LEC,74.9614001158671
LM3LEC,009039,74.9614001158671
009039,LM3LED,84.90257881998207
LM3LED,009039,84.90257881998207
009039,LM3LEE,47.186913048716704
LM3LEE,009039,47.186913048716704
009039,LM3LEF,43.15939371771576
LM3LEF,009039,43.15939371771576
009039,LM3LEG,35.10437408653883
LM3LEG,009039,35.10437408653883
009039,LM3LEH,31.893874485899556
LM3LEH,009039,31.893874485899556
009039,LM3LEI,41.8251846120663
LM3LEI,009039,41.8251846120663
009039,LM3LEJ,16.496284238606542
LM3LEJ,009039,16.496284238606542
009039,LM3LEK,19.99503639558863
LM3LEK,009039,19.99503639558863
009039,LM3LEL,8.639357821315484
LM3LEL,009039,8.639357821315484
009039,LM3LEM,12.53975997850544
LM3LEM,009039,12.53975997850544
048536,063526,26.057334320970988
063526,048536,26.057334320970988
048536,085723,28.91317278376788
085723,048536,28.91317278376788
048536,090370,26.13590284732603
090370,048536,26.13590284732603
048536,CSLM3LED,2.770206263552902
CSLM3LED,048536,2.770206263552902
048536,F01065,28.98562907291081
F01065,048536,28.98562907291081
048536,F01066,52.925332267221016
F01066,048536,52.925332267221016
048536,F01067,47.060970604541104
F01067,048536,47.060970604541104
048536,F02612,40.52999595798965
F02612,048536,40.52999595798965
048536,F02613,20.550718964102906
F02613,048536,20.550718964102906
048536,F02614,4.285520973852397
F02614,048536,4.285520973852397
048536,F02615,9.736962883550389
F02615,048536,9.736962883550389
048536,F02616,4.690183796210286
F02616,048536,4.690183796210286
048536,F02617,10.983717365413183
F02617,048536,10.983717365413183
048536,F02618,17.300262829770503
F02618,048536,17.300262829770503
048536,F02619,36.777559389407564
F02619,048536,36.777559389407564
048536,LM3LE1,8.573814349786796
LM3LE1,048536,8.573814349786796
048536,LM3LE2,29.88825170109127
LM3LE2,048536,29.88825170109127
048536,LM3LEA,33.873673029213734
LM3LEA,048536,33.873673029213734
048536,LM3LEB,28.156041679543673
LM3LEB,048536,28.156041679543673
048536,LM3LEC,28.577748899048757
LM3LEC,048536,28.577748899048757
048536,LM3LED,38.48984217121288
LM3LED,048536,38.48984217121288
048536,LM3LEE,2.7926159449849393
LM3LEE,048536,2.7926159449849393
048536,LM3LEF,7.733407885544053
LM3LEF,048536,7.733407885544053
048536,LM3LEG,13.866364070179038
LM3LEG,048536,13.866364070179038
048536,LM3LEH,15.653774996762685
LM3LEH,048536,15.653774996762685
048536,LM3LEI,6.329660262675794
LM3LEI,048536,6.329660262675794
048536,LM3LEJ,35.43924292764811
LM3LEJ,048536,35.43924292764811
048536,LM3LEK,39.21173912275811
LM3LEK,048536,39.21173912275811
048536,LM3LEL,41.09107616145654
LM3LEL,048536,41.09107616145654
048536,LM3LEM,36.00234755330857
LM3LEM,048536,36.00234755330857
063526,085723,16.678924214682613
085723,063526,16.678924214682613
063526,090370,48.67929508444896
090370,063526,48.67929508444896
063526,CSLM3LED,23.935109692596257
CSLM3LED,063526,23.935109692596257
063526,F01065,10.17645868118238
F01065,063526,10.17645868118238
063526,F01066,32.90735214593374
F01066,063526,32.90735214593374
063526,F01067,40.9259253079387
F01067,063526,40.9259253079387
063526,F02612,63.95207383192724
F02612,063526,63.95207383192724
063526,F02613,43.45885753430821
F02613,063526,43.45885753430821
063526,F02614,24.11977281185573
F02614,063526,24.11977281185573
063526,F02615,16.320813706324316
F02615,063526,16.320813706324316
063526,F02616,26.690921577948878
F02616,063526,26.690921577948878
063526,F02617,15.416532513102723
F02617,063526,15.416532513102723
063526,F02618,9.194793099440794
F02618,063526,9.194793099440794
063526,F02619,25.8665812953608
F02619,063526,25.8665812953608
063526,LM3LE1,19.120501741017144
LM3LE1,063526,19.120501741017144
063526,LM3LE2,51.959285021838575
LM3LE2,063526,51.959285021838575
063526,LM3LEA,55.525068707458296
LM3LEA,063526,55.525068707458296
063526,LM3LEB,50.15315386258852
LM3LEB,063526,50.15315386258852
063526,LM3LEC,52.291696742346794
LM3LEC,063526,52.291696742346794
063526,LM3LED,61.55925181323409
LM3LED,063526,61.55925181323409
063526,LM3LEE,23.606086890991403
LM3LEE,063526,23.606086890991403
063526,LM3LEF,18.33491373363008
LM3LEF,063526,18.33491373363008
063526,LM3LEG,16.045203666922767
LM3LEG,063526,16.045203666922767
063526,LM3LEH,21.835765263673725
LM3LEH,063526,21.835765263673725
063526,LM3LEI,25.538019276672923
LM3LEI,063526,25.538019276672923
063526,LM3LEJ,22.135661525707643
LM3LEJ,063526,22.135661525707643
063526,LM3LEK,21.10821734505291
LM3LEK,063526,21.10821734505291
063526,LM3LEL,30.010575776599143
LM3LEL,063526,30.010575776599143
063526,LM3LEM,26.551079536521605
LM3LEM,063526,26.551079536521605
085723,090370,43.079350084551685
090370,085723,43.079350084551685
085723,CSLM3LED,28.219892073626767
CSLM3LED,085723,28.219892073626767
085723,F01065,7.261610309891549
F01065,085723,7.261610309891549
085723,F01066,48.15102677287107
F01066,085723,48.15102677287107
085723,F01067,57.35572177449676
F01067,085723,57.35572177449676
085723,F02612,57.93729556432524
F02612,085723,57.93729556432524
085723,F02613,38.92575701967623
F02613,085723,38.92575701967623
085723,F02614,29.499031535229587
F02614,085723,29.499031535229587
085723,F02615,21.704143659134914
F02615,085723,21.704143659134914
085723,F02616,31.986395296578692
F02616,085723,31.986395296578692
085723,F02617,22.66802633830689
F02617,085723,22.66802633830689
085723,F02618,15.68483826604802
F02618,085723,15.68483826604802
085723,F02619,42.451029844296635
F02619,085723,42.451029844296635
085723,LM3LE1,26.434441305407397
LM3LE1,085723,26.434441305407397
085723,LM3LE2,45.551615693931836
LM3LE2,085723,45.551615693931836
085723,LM3LEA,48.394276698268
LM3LEA,085723,48.394276698268
085723,LM3LEB,43.87915385411753
LM3LEB,085723,43.87915385411753
085723,LM3LEC,47.505847729408536
LM3LEC,085723,47.505847729408536
085723,LM3LED,55.31134577444797
LM3LED,085723,55.31134577444797
085723,LM3LEE,26.14853503156525
LM3LEE,085723,26.14853503156525
085723,LM3LEF,23.248826210072544
LM3LEF,085723,23.248826210072544
085723,LM3LEG,26.663544640100802
LM3LEG,085723,26.663544640100802
085723,LM3LEH,33.258890024631
LM3LEH,085723,33.258890024631
085723,LM3LEI,31.935655618134927
LM3LEI,085723,31.935655618134927
085723,LM3LEJ,38.794843947062326
LM3LEJ,085723,38.794843947062326
085723,LM3LEK,37.50788652744531
LM3LEK,085723,37.50788652744531
085723,LM3LEL,46.66306267671878
LM3LEL,085723,46.66306267671878
085723,LM3LEM,43.018376141908796
LM3LEM,085723,43.018376141908796
090370,CSLM3LED,28.899083001375303
CSLM3LED,090370,28.899083001375303
090370,F01065,47.093554091543076
F01065,090370,47.093554091543076
090370,F01066,78.63574106448384
F01066,090370,78.63574106448384
090370,F01067,72.37770796166777
F01067,090370,72.37770796166777
090370,F02612,15.297597496276001
F02612,090370,15.297597496276001
090370,F02613,5.587412979802245
F02613,090370,5.587412979802245
090370,F02614,30.268623448544336
F02614,090370,30.268623448544336
090370,F02615,34.0144420336316
F02615,090370,34.0144420336316
090370,F02616,29.34945786086911
F02616,090370,29.34945786086911
090370,F02617,35.97493479675506
F02617,090370,35.97493479675506
090370,F02618,39.564779057556414
F02618,090370,39.564779057556414
090370,F02619,62.90000036440597
F02619,090370,62.90000036440597
090370,LM3LE1,34.561830322480226
LM3LE1,090370,34.561830322480226
090370,LM3LE2,3.8087047756151486
LM3LE2,090370,3.8087047756151486
090370,LM3LEA,7.831497374401758
LM3LEA,090370,7.831497374401758
090370,LM3LEB,2.312563871802133
LM3LEB,090370,2.312563871802133
090370,LM3LEC,4.757615518296211
LM3LEC,090370,4.757615518296211
090370,LM3LED,12.881629868696413
LM3LED,090370,12.881629868696413
090370,LM3LEE,27.243809509539982
LM3LEE,090370,27.243809509539982
090370,LM3LEF,32.46214121302073
LM3LEF,090370,32.46214121302073
090370,LM3LEG,39.85213407763339
LM3LEG,090370,39.85213407763339
090370,LM3LEH,41.47809252850273
LM3LEH,090370,41.47809252850273
090370,LM3LEI,31.47642060935951
LM3LEI,090370,31.47642060935951
090370,LM3LEJ,61.54266128935546
LM3LEJ,090370,61.54266128935546
090370,LM3LEK,64.98315661853414
LM3LEK,090370,64.98315661853414
090370,LM3LEL,67.17819645132019
LM3LEL,090370,67.17819645132019
090370,LM3LEM,62.07820880018518
LM3LEM,090370,62.07820880018518
CSLM3LED,F01065,27.635989630392437
F01065,CSLM3LED,27.635989630392437
CSLM3LED,F01066,50.18612268766572
F01066,CSLM3LED,50.18612268766572
CSLM3LED,F01067,44.508532862556365
F01067,CSLM3LED,44.508532862556365
CSLM3LED,F02612,43.29097306475314
F02612,CSLM3LED,43.29097306475314
CSLM3LED,F02613,23.312776325929455
F02613,CSLM3LED,23.312776325929455
CSLM3LED,F02614,1.9618744972619435
F02614,CSLM3LED,1.9618744972619435
CSLM3LED,F02615,7.727905364521391
F02615,CSLM3LED,7.727905364521391
CSLM3LED,F02616,3.827437187435592
F02616,CSLM3LED,3.827437187435592
CSLM3LED,F02617,8.608620217384102
F02617,CSLM3LED,8.608620217384102
CSLM3LED,F02618,15.487739966317958
F02618,CSLM3LED,15.487739966317958
CSLM3LED,F02619,34.02779187468208
F02619,CSLM3LED,34.02779187468208
CSLM3LED,LM3LE1,5.843120773288907
LM3LE1,CSLM3LED,5.843120773288907
CSLM3LED,LM3LE2,32.64622394021697
LM3LE2,CSLM3LED,32.64622394021697
CSLM3LED,LM3LEA,36.62680860470874
LM3LEA,CSLM3LED,36.62680860470874
CSLM3LED,LM3LEB,30.909173462956485
LM3LEB,CSLM3LED,30.909173462956485
CSLM3LED,LM3LEC,31.340924953148
LM3LEC,CSLM3LED,31.340924953148
CSLM3LED,LM3LED,41.2579602070842
LM3LED,CSLM3LED,41.2579602070842
CSLM3LED,LM3LEE,2.9936971540962274
LM3LEE,CSLM3LED,2.9936971540962274
CSLM3LED,LM3LEF,5.706969934100298
LM3LEF,CSLM3LED,5.706969934100298
CSLM3LED,LM3LEG,11.116018810235746
LM3LEG,CSLM3LED,11.116018810235746
CSLM3LED,LM3LEH,13.061144153049908
LM3LEH,CSLM3LED,13.061144153049908
CSLM3LED,LM3LEI,4.582189711970301
LM3LEI,CSLM3LED,4.582189711970301
CSLM3LED,LM3LEJ,32.66916361993587
LM3LEJ,CSLM3LED,32.66916361993587
CSLM3LED,LM3LEK,36.47101853704886
LM3LEK,CSLM3LED,36.47101853704886
CSLM3LED,LM3LEL,38.35558592822825
LM3LEL,CSLM3LED,38.35558592822825
CSLM3LED,LM3LEM,33.272372625912446
LM3LEM,CSLM3LED,33.272372625912446
F01065,F01066,40.889974155161276
F01066,F01065,40.889974155161276
F01065,F01067,51.09465168574739
F01067,F01065,51.09465168574739
F01065,F02612,62.26981939821402
F02612,F01065,62.26981939821402
F01065,F02613,42.442939325291206
F02613,F01065,42.442939325291206
F01065,F02614,28.499683739131655
F02614,F01065,28.499683739131655
F01065,F02615,20.186773468278766
F02615,F01065,20.186773468278766
F01065,F02616,31.126550484774114
F02616,F01065,31.126550484774114
F01065,F02617,20.42759778411627
F02617,F01065,20.42759778411627
F01065,F02618,12.71576814801017
F02618,F01065,12.71576814801017
F01065,F02619,35.997072174043794
F02619,F01065,35.997072174043794
F01065,LM3LE1,24.436276975023077
LM3LE1,F01065,24.436276975023077
F01065,LM3LE2,49.91555779717949
LM3LE2,F01065,49.91555779717949
F01065,LM3LEA,53.067781334243115
LM3LEA,F01065,53.067781334243115
F01065,LM3LEB,48.16991663540729
LM3LEB,F01065,48.16991663540729
F01065,LM3LEC,51.25606600649811
LM3LEC,F01065,51.25606600649811
F01065,LM3LED,59.711788829558486
LM3LED,F01065,59.711788829558486
F01065,LM3LEE,26.21406281516555
LM3LEE,F01065,26.21406281516555
F01065,LM3LEF,22.073976933553404
LM3LEF,F01065,22.073976933553404
F01065,LM3LEG,23.251770678874955
LM3LEG,F01065,23.251770678874955
F01065,LM3LEH,29.73023215536029
LM3LEH,F01065,29.73023215536029
F01065,LM3LEI,30.593166160164934
LM3LEI,F01065,30.593166160164934
F01065,LM3LEJ,32.1938083307762
LM3LEJ,F01065,32.1938083307762
F01065,LM3LEK,30.453539110791496
LM3LEK,F01065,30.453539110791496
F01065,LM3LEL,40.06607342631657
LM3LEL,F01065,40.06607342631657
F01065,LM3LEM,36.7199613650543
LM3LEM,F01065,36.7199613650543
F01066,F01067,26.94877149003507
F01067,F01066,26.94877149003507
F01066,F02612,93.41208519777021
F02612,F01066,93.41208519777021
F01066,F02613,73.0936259860925
F02613,F01066,73.0936259860925
F01066,F02614,49.22837217180292
F02614,F01066,49.22837217180292
F01066,F02615,44.680126157067726
F02615,F01066,44.680126157067726
F01066,F02616,50.97026372807067
F02616,F01066,50.97026372807067
F01066,F02617,42.66520238923334
F02617,F01066,42.66520238923334
F01066,F02618,40.52186495502432
F02618,F01066,40.52186495502432
F01066,F02619,19.856501774583663
F02619,F01066,19.856501774583663
F01066,LM3LE1,44.351732058818506
LM3LE1,F01066,44.351732058818506
F01066,LM3LE2,82.24561537821953
LM3LE2,F01066,82.24561537821953
F01066,LM3LEA,86.09506280684141
LM3LEA,F01066,86.09506280684141
F01066,LM3LEB,80.45082374199353
LM3LEB,F01066,80.45082374199353
F01066,LM3LEC,81.45611655649232
LM3LEC,F01066,81.45611655649232
F01066,LM3LED,91.29101567159148
LM3LED,F01066,91.29101567159148
F01066,LM3LEE,51.447748262197415
LM3LEE,F01066,51.447748262197415
F01066,LM3LEF,46.174285854444115
LM3LEF,F01066,46.174285854444115
F01066,LM3LEG,39.07293313876297
LM3LEG,F01066,39.07293313876297
F01066,LM3LEH,39.63882634396713
LM3LEH,F01066,39.63882634396713
F01066,LM3LEI,48.97572753596086
LM3LEI,F01066,48.97572753596086
F01066,LM3LEJ,18.727476089727638
LM3LEJ,F01066,18.727476089727638
F01066,LM3LEK,13.715468895318638
LM3LEK,F01066,13.715468895318638
F01066,LM3LEL,18.243831525714388
LM3LEL,F01066,18.243831525714388
F01066,LM3LEM,21.627525403601627
LM3LEM,F01066,21.627525403601627
F01067,F02612,85.17722527191754
F02612,F01067,85.17722527191754
F01067,F02613,66.9446244203655
F02613,F01067,66.9446244203655
F01067,F02614,42.77679631305507
F02614,F01067,42.77679631305507
F01067,F02615,42.98985103472301
F02615,F01067,42.98985103472301
F01067,F02616,43.17778851632589
F02616,F01067,43.17778851632589
F01067,F02617,40.747171662878635
F02617,F01067,40.747171662878635
F01067,F02618,43.566593907653996
F02618,F01067,43.566593907653996
F01067,F02619,15.224066851535296
F02619,F01067,15.224066851535296
F01067,LM3LE1,39.88356902493579
LM3LE1,F01067,39.88356902493579
F01067,LM3LE2,76.18588756081749
LM3LE2,F01067,76.18588756081749
F01067,LM3LEA,80.20702086051382
LM3LEA,F01067,80.20702086051382
F01067,LM3LEB,74.5706088389582
LM3LEB,F01067,74.5706088389582
F01067,LM3LEC,73.74957773152445
LM3LEC,F01067,73.74957773152445
F01067,LM3LED,83.621289151984
LM3LED,F01067,83.621289151984
F01067,LM3LEE,47.01328392947046
LM3LEE,F01067,47.01328392947046
F01067,LM3LEF,43.416038179380806
LM3LEF,F01067,43.416038179380806
F01067,LM3LEG,35.47392760951736
LM3LEG,F01067,35.47392760951736
F01067,LM3LEH,31.449584050819116
LM3LEH,F01067,31.449584050819116
F01067,LM3LEI,41.09177042490942
LM3LEI,F01067,41.09177042490942
F01067,LM3LEJ,19.261217310531052
LM3LEJ,F01067,19.261217310531052
F01067,LM3LEK,23.76735422933586
LM3LEK,F01067,23.76735422933586
F01067,LM3LEL,11.894627336105764
LM3LEL,F01067,11.894627336105764
F01067,LM3LEM,14.374971610482167
LM3LEM,F01067,14.374971610482167
F02612,F02613,20.545142307327094
F02613,F02612,20.545142307327094
F02612,F02614,44.43131361783364
F02614,F02612,44.43131361783364
F02612,F02615,49.0046842959337
F02615,F02612,49.0046842959337
F02612,F02616,43.09916672384689
F02616,F02612,43.09916672384689
F02612,F02617,50.86945088300779
F02617,F02612,50.86945088300779
F02612,F02618,54.81474933747635
F02618,F02612,54.81474933747635
F02612,F02619,76.91728282432109
F02619,F02612,76.91728282432109
F02612,LM3LE1,49.09314066630485
LM3LE1,F02612,49.09314066630485
F02612,LM3LE2,12.391645087824108
LM3LE2,F02612,12.391645087824108
F02612,LM3LEA,9.949380226405284
LM3LEA,F02612,9.949380226405284
F02612,LM3LEB,14.105832213096337
LM3LEB,F02612,14.105832213096337
F02612,LM3LEC,11.956864327026947
LM3LEC,F02612,11.956864327026947
F02612,LM3LED,2.684743228242503
LM3LED,F02612,2.684743228242503
F02612,LM3LEE,41.984560249124705
LM3LEE,F02612,41.984560249124705
F02612,LM3LEF,47.350425353524805
LM3LEF,F02612,47.350425353524805
F02612,LM3LEG,54.393668650580764
LM3LEG,F02612,54.393668650580764
F02612,LM3LEH,55.23167363878281
LM3LEH,F02612,55.23167363878281
F02612,LM3LEI,45.21759151243971
LM3LEI,F02612,45.21759151243971
F02612,LM3LEJ,75.88646016100385
LM3LEJ,F02612,75.88646016100385
F02612,LM3LEK,79.71003064654946
LM3LEK,F02612,79.71003064654946
F02612,LM3LEL,81.0464653012905
LM3LEL,F02612,81.0464653012905
F02612,LM3LEM,75.94505614195535
LM3LEM,F02612,75.94505614195535
F02613,F02614,24.69584344701064
F02614,F02613,24.69584344701064
F02613,F02615,28.520049985707434
F02615,F02613,28.520049985707434
F02613,F02616,23.837851966665294
F02616,F02613,23.837851966665294
F02613,F02617,30.44706246553069
F02617,F02613,30.44706246553069
F02613,F02618,34.297569021481294
F02618,F02613,34.297569021481294
F02613,F02619,57.32012482565337
F02619,F02613,57.32012482565337
F02613,LM3LE1,28.976976606249167
LM3LE1,F02613,28.976976606249167
F02613,LM3LE2,9.346533350965736
LM3LE2,F02613,9.346533350965736
F02613,LM3LEA,13.352751119911295
LM3LEA,F02613,13.352751119911295
F02613,LM3LEB,7.650952299580455
LM3LEB,F02613,7.650952299580455
F02613,LM3LEC,8.87475233791738
LM3LEC,F02613,8.87475233791738
F02613,LM3LED,18.263536917244476
LM3LED,F02613,18.263536917244476
F02613,LM3LEE,21.67412610478599
LM3LEE,F02613,21.67412610478599
F02613,LM3LEF,26.92971785985433
LM3LEF,F02613,26.92971785985433
F02613,LM3LEG,34.26941621545783
LM3LEG,F02613,34.26941621545783
F02613,LM3LEH,35.93667771526271
LM3LEH,F02613,35.93667771526271
F02613,LM3LEI,25.958809187241926
LM3LEI,F02613,25.958809187241926
F02613,LM3LEJ,55.95575018508321
LM3LEJ,F02613,55.95575018508321
F02613,LM3LEK,59.429063968138266
LM3LEK,F02613,59.429063968138266
F02613,LM3LEL,61.606933681335924
LM3LEL,F02613,61.606933681335924
F02613,LM3LEM,56.50882212842573
LM3LEM,F02613,56.50882212842573
F02614,F02615,8.333356282710104
F02615,F02614,8.333356282710104
F02614,F02616,2.641234685621106
F02616,F02614,2.641234685621106
F02614,F02617,8.709161929435169
F02617,F02614,8.709161929435169
F02614,F02618,16.07192310851624
F02618,F02614,16.07192310851624
F02614,F02619,32.63864531963076
F02619,F02614,32.63864531963076
F02614,LM3LE1,5.243115385301762
LM3LE1,F02614,5.243115385301762
F02614,LM3LE2,34.042303877937016
LM3LE2,F02614,34.042303877937016
F02614,LM3LEA,38.042495357376175
LM3LEA,F02614,38.042495357376175
F02614,LM3LEB,32.32825858638657
LM3LEB,F02614,32.32825858638657
F02614,LM3LEC,32.509117776718924
LM3LEC,F02614,32.509117776718924
F02614,LM3LED,42.4640044286729
LM3LED,F02614,42.4640044286729
F02614,LM3LEE,4.947181201935212
LM3LEE,F02614,4.947181201935212
F02614,LM3LEF,6.431653847235966
LM3LEF,F02614,6.431653847235966
F02614,LM3LEG,10.233606188843119
LM3LEG,F02614,10.233606188843119
F02614,LM3LEH,11.372129467091327
LM3LEH,F02614,11.372129467091327
F02614,LM3LEI,2.6985091429101993
LM3LEI,F02614,2.6985091429101993
F02614,LM3LEJ,31.455331569536607
LM3LEJ,F02614,31.455331569536607
F02614,LM3LEK,35.52047896333194
LM3LEK,F02614,35.52047896333194
F02614,LM3LEL,36.911101312964874
LM3LEL,F02614,36.911101312964874
F02614,LM3LEM,31.813341822037152
LM3LEM,F02614,31.813341822037152
F02615,F02616,10.972071718388461
F02616,F02615,10.972071718388461
F02615,F02617,2.271646173844035
F02617,F02615,2.271646173844035
F02615,F02618,7.777152241958261
F02618,F02615,7.777152241958261
F02615,F02619,30.56931558695389
F02619,F02615,30.56931558695389
F02615,LM3LE1,4.808082334505945
LM3LE1,F02615,4.808082334505945
F02615,LM3LE2,37.58246885296955
LM3LE2,F02615,37.58246885296955
F02615,LM3LEA,41.415981277249266
LM3LEA,F02615,41.415981277249266
F02615,LM3LEB,35.78311162412994
LM3LEB,F02615,35.78311162412994
F02615,LM3LEC,37.10394130049371
LM3LEC,F02615,37.10394130049371
F02615,LM3LED,46.7793420889362
LM3LED,F02615,46.7793420889362
F02615,LM3LEE,7.375038906931457
LM3LEE,F02615,7.375038906931457
F02615,LM3LEF,2.029346550634687
LM3LEF,F02615,2.029346550634687
F02615,LM3LEG,7.526625028908465
LM3LEG,F02615,7.526625028908465
F02615,LM3LEH,13.069593687874418
LM3LEH,F02615,13.069593687874418
F02615,LM3LEI,10.43934030460979
LM3LEI,F02615,10.43934030460979
F02615,LM3LEJ,28.418043630567098
LM3LEJ,F02615,28.418043630567098
F02615,LM3LEK,31.1085307158711
LM3LEK,F02615,31.1085307158711
F02615,LM3LEL,35.08257654519503
LM3LEL,F02615,35.08257654519503
F02615,LM3LEM,30.2069452754261
LM3LEM,F02615,30.2069452754261
F02616,F02617,11.304239422777249
F02617,F02616,11.304239422777249
F02616,F02618,18.712839738860197
F02618,F02616,18.712839738860197
F02616,F02619,33.81827876313772
F02619,F02616,33.81827876313772
F02616,LM3LE1,7.653490058581543
LM3LE1,F02616,7.653490058581543
F02616,LM3LE2,33.15191594045531
LM3LE2,F02616,33.15191594045531
F02616,LM3LEA,37.172255402269144
LM3LEA,F02616,37.172255402269144
F02616,LM3LEB,31.487229028152903
LM3LEB,F02616,31.487229028152903
F02616,LM3LEC,31.25572073506721
LM3LEC,F02616,31.25572073506721
F02616,LM3LED,41.23328114346132
LM3LED,F02616,41.23328114346132
F02616,LM3LEE,6.543259798288062
LM3LEE,F02616,6.543259798288062
F02616,LM3LEF,9.05269481097867
LM3LEF,F02616,9.05269481097867
F02616,LM3LEG,12.282797039932552
LM3LEG,F02616,12.282797039932552
F02616,LM3LEH,12.170777162861926
LM3LEH,F02616,12.170777162861926
F02616,LM3LEI,2.13217342577487
LM3LEI,F02616,2.13217342577487
F02616,LM3LEJ,32.913045748954445
LM3LEJ,F02616,32.913045748954445
F02616,LM3LEK,37.29797263007985
LM3LEK,F02616,37.29797263007985
F02616,LM3LEL,37.977521498516495
LM3LEL,F02616,37.977521498516495
F02616,LM3LEM,32.8719578334564
LM3LEM,F02616,32.8719578334564
F02617,F02618,7.7212548862172055
F02618,F02617,7.7212548862172055
F02617,F02619,28.307129785482207
F02619,F02617,28.307129785482207
F02617,LM3LE1,4.014870599749061
LM3LE1,F02617,4.014870599749061
F02617,LM3LE2,39.58170211944938
LM3LE2,F02617,39.58170211944938
F02617,LM3LEA,43.44558415339525
LM3LEA,F02617,43.44558415339525
F02617,LM3LEB,37.788755559041405
LM3LEB,F02617,37.788755559041405
F02617,LM3LEC,38.9391479063092
LM3LEC,F02617,38.9391479063092
F02617,LM3LED,48.68386804537419
LM3LED,F02617,48.68386804537419
F02617,LM3LEE,8.95300825621906
LM3LEE,F02617,8.95300825621906
F02617,LM3LEF,3.519881739517322
LM3LEF,F02617,3.519881739517322
F02617,LM3LEG,5.322048649480922
LM3LEG,F02617,5.322048649480922
F02617,LM3LEH,11.220262842317451
LM3LEH,F02617,11.220262842317451
F02617,LM3LEI,10.350530887962648
LM3LEI,F02617,10.350530887962648
F02617,LM3LEJ,26.19892428874108
LM3LEJ,F02617,26.19892428874108
F02617,LM3LEK,29.0441423037725
LM3LEK,F02617,29.0441423037725
F02617,LM3LEL,32.817523933932755
LM3LEL,F02617,32.817523933932755
F02617,LM3LEM,27.93620235495117
LM3LEM,F02617,27.93620235495117
F02618,F02619,29.54786244492498
F02619,F02618,29.54786244492498
F02618,LM3LE1,11.7354992461608
LM3LE1,F02618,11.7354992461608
F02618,LM3LE2,42.902785969989424
LM3LE2,F02618,42.902785969989424
F02618,LM3LEA,46.53299208404819
LM3LEA,F02618,46.53299208404819
F02618,LM3LEB,41.093477512973195
LM3LEB,F02618,41.093477512973195
F02618,LM3LEC,43.11550860553207
LM3LEC,F02618,43.11550860553207
F02618,LM3LED,52.44597032215989
LM3LED,F02618,52.44597032215989
F02618,LM3LEE,14.69836074853301
LM3LEE,F02618,14.69836074853301
F02618,LM3LEF,9.782509906504677
LM3LEF,F02618,9.782509906504677
F02618,LM3LEG,10.997962106058345
LM3LEG,F02618,10.997962106058345
F02618,LM3LEH,17.597652964380305
LM3LEH,F02618,17.597652964380305
F02618,LM3LEI,17.989279499398855
LM3LEI,F02618,17.989279499398855
F02618,LM3LEJ,26.549474497818505
LM3LEJ,F02618,26.549474497818505
F02618,LM3LEK,27.576640734767107
LM3LEK,F02618,27.576640734767107
F02618,LM3LEL,34.041972359014615
LM3LEL,F02618,34.041972359014615
F02618,LM3LEM,29.669509821790687
LM3LEM,F02618,29.669509821790687
F02619,LM3LE1,28.56634632700721
LM3LE1,F02619,28.56634632700721
F02619,LM3LE2,66.6629517593825
LM3LE2,F02619,66.6629517593825
F02619,LM3LEA,70.65121568642816
LM3LEA,F02619,70.65121568642816
F02619,LM3LEB,64.93359920975836
LM3LEB,F02619,64.93359920975836
F02619,LM3LEC,65.06059622312293
LM3LEC,F02619,65.06059622312293
F02619,LM3LED,75.03544383791636
LM3LED,F02619,75.03544383791636
F02619,LM3LEE,36.00382786093429
LM3LEE,F02619,36.00382786093429
F02619,LM3LEF,31.47300455517645
LM3LEF,F02619,31.47300455517645
F02619,LM3LEG,23.4612399474687
LM3LEG,F02619,23.4612399474687
F02619,LM3LEH,21.71712906235634
LM3LEH,F02619,21.71712906235634
F02619,LM3LEI,31.700423882659553
LM3LEI,F02619,31.700423882659553
F02619,LM3LEJ,4.110387107286694
LM3LEJ,F02619,4.110387107286694
F02619,LM3LEK,10.05791251274978
LM3LEK,F02619,10.05791251274978
F02619,LM3LEL,4.536951605217138
LM3LEL,F02619,4.536951605217138
F02619,LM3LEM,1.8801928746569923
LM3LEM,F02619,1.8801928746569923
LM3LE1,LM3LE2,38.27445971469999
LM3LE2,LM3LE1,38.27445971469999
LM3LE1,LM3LEA,42.225961994101446
LM3LEA,LM3LE1,42.225961994101446
LM3LE1,LM3LEB,36.515503896462924
LM3LEB,LM3LE1,36.515503896462924
LM3LE1,LM3LEC,37.13777036171936
LM3LEC,LM3LE1,37.13777036171936
LM3LE1,LM3LED,47.02923725504021
LM3LED,LM3LE1,47.02923725504021
LM3LE1,LM3LEE,7.437871387870655
LM3LEE,LM3LE1,7.437871387870655
LM3LE1,LM3LEF,3.954676187596502
LM3LEF,LM3LE1,3.954676187596502
LM3LE1,LM3LEG,5.304102761328581
LM3LEG,LM3LE1,5.304102761328581
LM3LE1,LM3LEH,8.878852750993016
LM3LEH,LM3LE1,8.878852750993016
LM3LE1,LM3LEI,6.431131598730467
LM3LEI,LM3LE1,6.431131598730467
LM3LE1,LM3LEJ,26.9896199857195
LM3LEJ,LM3LE1,26.9896199857195
LM3LE1,LM3LEK,30.637936967299147
LM3LEK,LM3LE1,30.637936967299147
LM3LE1,LM3LEL,32.97386084444288
LM3LEL,LM3LE1,32.97386084444288
LM3LE1,LM3LEM,27.937423209421688
LM3LEM,LM3LE1,27.937423209421688
LM3LE2,LM3LEA,4.023019694033298
LM3LEA,LM3LE2,4.023019694033298
LM3LE2,LM3LEB,1.8103796059001727
LM3LEB,LM3LE2,1.8103796059001727
LM3LE2,LM3LEC,5.214208608285001
LM3LEC,LM3LE2,5.214208608285001
LM3LE2,LM3LED,9.798527213882705
LM3LED,LM3LE2,9.798527213882705
LM3LE2,LM3LEE,30.921722261041893
LM3LEE,LM3LE2,30.921722261041893
LM3LE2,LM3LEF,36.07841190825912
LM3LEF,LM3LE2,36.07841190825912
LM3LE2,LM3LEG,43.55488312252766
LM3LEG,LM3LE2,43.55488312252766
LM3LE2,LM3LEH,45.272712088424406
LM3LEH,LM3LE2,45.272712088424406
LM3LE2,LM3LEI,35.27777568267352
LM3LEI,LM3LE2,35.27777568267352
LM3LE2,LM3LEJ,65.2631762002033
LM3LEJ,LM3LE2,65.2631762002033
LM3LE2,LM3LEK,68.61591289496884
LM3LEK,LM3LE2,68.61591289496884
LM3LE2,LM3LEL,70.95334997935164
LM3LEL,LM3LE2,70.95334997935164
LM3LE2,LM3LEM,65.85535418212312
LM3LEM,LM3LE2,65.85535418212312
LM3LEA,LM3LEB,5.717698118453319
LM3LEB,LM3LEA,5.717698118453319
LM3LEA,LM3LEC,7.933554115180334
LM3LEC,LM3LEA,7.933554115180334
LM3LEA,LM3LED,7.270526769633861
LM3LED,LM3LEA,7.270526769633861
LM3LEA,LM3LEE,34.849989772735576
LM3LEE,LM3LEA,34.849989772735576
LM3LEA,LM3LEF,39.953117043078834
LM3LEF,LM3LEA,39.953117043078834
LM3LEA,LM3LEG,47.496367809198425
LM3LEG,LM3LEA,47.496367809198425
LM3LEA,LM3LEH,49.28741700622367
LM3LEH,LM3LEA,49.28741700622367
LM3LEA,LM3LEI,39.29738691436262
LM3LEI,LM3LEA,39.29738691436262
LM3LEA,LM3LEJ,69.21504174540681
LM3LEJ,LM3LEA,69.21504174540681
LM3LEA,LM3LEK,72.48924753472832
LM3LEK,LM3LEA,72.48924753472832
LM3LEA,LM3LEL,74.95165717329871
LM3LEL,LM3LEA,74.95165717329871
LM3LEA,LM3LEM,69.85553173085277
LM3LEM,LM3LEA,69.85553173085277
LM3LEB,LM3LEC,5.4272592416989385
LM3LEC,LM3LEB,5.4272592416989385
LM3LEB,LM3LED,11.546208300915634
LM3LED,LM3LEB,11.546208300915634
LM3LEB,LM3LEE,29.14989100519834
LM3LEE,LM3LEB,29.14989100519834
LM3LEB,LM3LEF,34.28795112887278
LM3LEF,LM3LEB,34.28795112887278
LM3LEB,LM3LEG,41.790415172675054
LM3LEG,LM3LEB,41.790415172675054
LM3LEB,LM3LEH,43.58612699877601
LM3LEH,LM3LEB,43.58612699877601
LM3LEB,LM3LEI,33.60913662690849
LM3LEI,LM3LEB,33.60913662690849
LM3LEB,LM3LEJ,63.505119218316814
LM3LEJ,LM3LEB,63.505119218316814
LM3LEB,LM3LEK,66.8264815412501
LM3LEK,LM3LEB,66.8264815412501
LM3LEB,LM3LEL,69.23589182383654
LM3LEL,LM3LEB,69.23589182383654
LM3LEB,LM3LEM,64.14051969118059
LM3LEM,LM3LEB,64.14051969118059
LM3LEC,LM3LED,9.97762851437498
LM3LED,LM3LEC,9.97762851437498
LM3LEC,LM3LEE,30.03762110345575
LM3LEE,LM3LEC,30.03762110345575
LM3LEC,LM3LEF,35.422235464625
LM3LEF,LM3LEC,35.422235464625
LM3LEC,LM3LEG,42.4391555567982
LM3LEG,LM3LEC,42.4391555567982
LM3LEC,LM3LEH,43.41760926770487
LM3LEH,LM3LEC,43.41760926770487
LM3LEC,LM3LEI,33.38277592218347
LM3LEI,LM3LEC,33.38277592218347
LM3LEC,LM3LEJ,63.96142286875533
LM3LEJ,LM3LEC,63.96142286875533
LM3LEC,LM3LEK,67.75330260025183
LM3LEK,LM3LEC,67.75330260025183
LM3LEC,LM3LEL,69.2323932048832
LM3LEL,LM3LEC,69.2323932048832
LM3LEC,LM3LEM,64.12715190378304
LM3LEM,LM3LEC,64.12715190378304
LM3LED,LM3LEE,39.84332312774978
LM3LEE,LM3LED,39.84332312774978
LM3LED,LM3LEF,45.16417799634371
LM3LEF,LM3LED,45.16417799634371
LM3LED,LM3LEG,52.33331979869601
LM3LEG,LM3LED,52.33331979869601
LM3LED,LM3LEH,53.39495285674115
LM3LEH,LM3LED,53.39495285674115
LM3LED,LM3LEI,43.36040402574607
LM3LEI,LM3LED,43.36040402574607
LM3LED,LM3LEJ,73.90657702686381
LM3LEJ,LM3LED,73.90657702686381
LM3LED,LM3LEK,77.60332206196532
LM3LEK,LM3LED,77.60332206196532
LM3LED,LM3LEL,79.2100152795078
LM3LEL,LM3LED,79.2100152795078
LM3LED,LM3LEM,74.1047803850974
LM3LEM,LM3LED,74.1047803850974
LM3LEE,LM3LEF,5.4843870166798485
LM3LEF,LM3LEE,5.4843870166798485
LM3LEE,LM3LEG,12.655232074752814
LM3LEG,LM3LEE,12.655232074752814
LM3LEE,LM3LEH,15.604827183343463
LM3LEH,LM3LEE,15.604827183343463
LM3LEE,LM3LEI,7.567458428969106
LM3LEI,LM3LEE,7.567458428969106
LM3LEE,LM3LEJ,34.38173273563417
LM3LEJ,LM3LEE,34.38173273563417
LM3LEE,LM3LEK,37.76552732642491
LM3LEK,LM3LEE,37.76552732642491
LM3LEE,LM3LEL,40.405156119418315
LM3LEL,LM3LEE,40.405156119418315
LM3LEE,LM3LEM,35.35911681204807
LM3LEM,LM3LEE,35.35911681204807
LM3LEF,LM3LEG,8.06442080623471
LM3LEG,LM3LEF,8.06442080623471
LM3LEF,LM3LEH,12.7749367533444
LM3LEH,LM3LEF,12.7749367533444
LM3LEF,LM3LEI,8.70415981625693
LM3LEI,LM3LEF,8.70415981625693
LM3LEF,LM3LEJ,29.531005151495542
LM3LEJ,LM3LEF,29.531005151495542
LM3LEF,LM3LEK,32.538668592421566
LM3LEK,LM3LEF,32.538668592421566
LM3LEF,LM3LEL,35.95399314239688
LM3LEL,LM3LEF,35.95399314239688
LM3LEF,LM3LEM,31.000960336413723
LM3LEM,LM3LEF,31.000960336413723
LM3LEG,LM3LEH,6.599735190900982
LM3LEH,LM3LEG,6.599735190900982
LM3LEG,LM3LEI,10.55474448402017
LM3LEI,LM3LEG,10.55474448402017
LM3LEG,LM3LEJ,21.726501192379544
LM3LEJ,LM3LEG,21.726501192379544
LM3LEG,LM3LEK,25.357467484168545
LM3LEK,LM3LEG,25.357467484168545
LM3LEG,LM3LEL,27.920784750850533
LM3LEL,LM3LEG,27.920784750850533
LM3LEG,LM3LEM,22.945420971040395
LM3LEM,LM3LEG,22.945420971040395
LM3LEH,LM3LEI,10.039516479841659
LM3LEI,LM3LEH,10.039516479841659
LM3LEH,LM3LEJ,21.146359376287418
LM3LEJ,LM3LEH,21.146359376287418
LM3LEH,LM3LEK,26.212540221371437
LM3LEK,LM3LEH,26.212540221371437
LM3LEH,LM3LEL,25.817773079016256
LM3LEL,LM3LEH,25.817773079016256
LM3LEH,LM3LEM,20.714362616187366
LM3LEM,LM3LEH,20.714362616187366
LM3LEI,LM3LEJ,30.842155666418066
LM3LEJ,LM3LEI,30.842155666418066
LM3LEI,LM3LEK,35.325708429327186
LM3LEK,LM3LEI,35.325708429327186
LM3LEI,LM3LEL,35.84964271100049
LM3LEL,LM3LEI,35.84964271100049
LM3LEI,LM3LEM,30.744381965097247
LM3LEM,LM3LEI,30.744381965097247
LM3LEJ,LM3LEK,6.740656877268517
LM3LEK,LM3LEJ,6.740656877268517
LM3LEJ,LM3LEL,7.876333837247567
LM3LEL,LM3LEJ,7.876333837247567
LM3LEJ,LM3LEM,5.551848286248948
LM3LEM,LM3LEJ,5.551848286248948
LM3LEK,LM3LEL,11.902948277095259
LM3LEL,LM3LEK,11.902948277095259
LM3LEK,LM3LEM,11.84979008311954
LM3LEM,LM3LEK,11.84979008311954
LM3LEL,LM3LEM,5.105979203576685
LM3LEM,LM3LEL,5.105979203576685
F01061,F01062,9.658208363292179
F01062,F01061,9.658208363292179
F01061,F01063,5.320199115836599
F01063,F01061,5.320199115836599
F01061,F01064,9.159156939975292
F01064,F01061,9.159156939975292
F01062,F01063,5.68772755358079
F01063,F01062,5.68772755358079
F01062,F01064,1.1336097143070871
F01064,F01062,1.1336097143070871
F01063,F01064,5.769693839198145
F01064,F01063,5.769693839198145
F00143,F00144,5.849376422481333
F00144,F00143,5.849376422481333
F00141,F00142,27.352939653990976
F00142,F00141,27.352939653990976
F00141,F00146,11.139894555102261
F00146,F00141,11.139894555102261
F00142,F00146,16.23683385430879
F00146,F00142,16.23683385430879
008455,F00925,7.202733052663504
F00925,008455,7.202733052663504
008455,F00926,13.360064040850746
F00926,008455,13.360064040850746
008455,F00928,1.4943795844040046
F00928,008455,1.4943795844040046
F00925,F00926,11.240896101426271
F00926,F00925,11.240896101426271
F00925,F00928,7.5112402444775785
F00928,F00925,7.5112402444775785
F00926,F00928,14.711875289186027
F00928,F00926,14.711875289186027
F00929,F00930,8.310545035196242
F00930,F00929,8.310545035196242
F00929,F00931,15.119815416030029
F00931,F00929,15.119815416030029
F00930,F00931,19.015723516944526
F00931,F00930,19.015723516944526
F02523,F02524,27.741479493889926
F02524,F02523,27.741479493889926
F02649,F02650,20.28658953308919
F02650,F02649,20.28658953308919
F02512,F02513,21.59388298767816
F02513,F02512,21.59388298767816
009031,069089,26.58555383154367
069089,009031,26.58555383154367
009031,069090,20.593693541797418
069090,009031,20.593693541797418
009031,069091,2.9927464422629755
069091,009031,2.9927464422629755
009031,CSF00185,53.74011180070149
CSF00185,009031,53.74011180070149
009031,F00185,58.94719201148565
F00185,009031,58.94719201148565
009031,F00186,50.19648173786736
F00186,009031,50.19648173786736
009031,F00189,45.72996006194173
F00189,009031,45.72996006194173
009031,F00190,45.23177252205757
F00190,009031,45.23177252205757
009031,F00191,12.772687152407796
F00191,009031,12.772687152407796
009031,F00192,35.21566286345241
F00192,009031,35.21566286345241
009031,F00234,60.009814856885356
F00234,009031,60.009814856885356
009031,F00235,52.280300868541794
F00235,009031,52.280300868541794
009031,F00236,46.10881772288956
F00236,009031,46.10881772288956
009031,F00237,39.94308365394784
F00237,009031,39.94308365394784
069089,069090,6.098531165281621
069090,069089,6.098531165281621
069089,069091,25.89139633733969
069091,069089,25.89139633733969
069089,CSF00185,27.196585830253074
CSF00185,069089,27.196585830253074
069089,F00185,32.714697702290415
F00185,069089,32.714697702290415
069089,F00186,25.04433529039101
F00186,069089,25.04433529039101
069089,F00189,23.611172371055105
F00189,069089,23.611172371055105
069089,F00190,24.49415440677443
F00190,069089,24.49415440677443
069089,F00191,17.305112463224177
F00191,069089,17.305112463224177
069089,F00192,14.796421980087437
F00192,069089,14.796421980087437
069089,F00234,34.10647435571036
F00234,069089,34.10647435571036
069089,F00235,25.733729023669557
F00235,069089,25.733729023669557
069089,F00236,20.34073071953662
F00236,069089,20.34073071953662
069089,F00237,13.92962999654706
F00237,069089,13.92962999654706
069090,069091,20.091674061370114
069091,069090,20.091674061370114
069090,CSF00185,33.27691075139939
CSF00185,069090,33.27691075139939
069090,F00185,38.43682362052062
F00185,069090,38.43682362052062
069090,F00186,30.911210877996158
F00186,069090,30.911210877996158
069090,F00189,28.588719800695326
F00189,069090,28.588719800695326
069090,F00190,29.064141108703485
F00190,069090,29.064141108703485
069090,F00191,12.637961094977523
F00191,069090,12.637961094977523
069090,F00192,18.825039006695576
F00192,069090,18.825039006695576
069090,F00234,39.64695657958107
F00234,069090,39.64695657958107
069090,F00235,31.813450547348058
F00235,069090,31.813450547348058
069090,F00236,26.333352823208827
F00236,069090,26.333352823208827
069090,F00237,19.461611892813142
F00237,069090,19.461611892813142
069091,CSF00185,52.848514363474216
CSF00185,069091,52.848514363474216
069091,F00185,58.52101822921654
F00185,069091,58.52101822921654
069091,F00186,48.78310898303483
F00186,069091,48.78310898303483
069091,F00189,43.89003343918063
F00189,069091,43.89003343918063
069091,F00190,43.24417137600529
F00190,069091,43.24417137600529
069091,F00191,10.678156560788286
F00191,069091,10.678156560788286
069091,F00192,33.40372837436075
F00192,069091,33.40372837436075
069091,F00234,59.72824163125075
F00234,069091,59.72824163125075
069091,F00235,51.396644042261244
F00235,069091,51.396644042261244
069091,F00236,44.881271183386765
F00236,069091,44.881271183386765
069091,F00237,39.55317974712353
F00237,069091,39.55317974712353
CSF00185,F00185,10.449717554579413
F00185,CSF00185,10.449717554579413
CSF00185,F00186,10.428437761856644
F00186,CSF00185,10.428437761856644
CSF00185,F00189,19.42924903997869
F00189,CSF00185,19.42924903997869
CSF00185,F00190,22.34235500554571
F00190,CSF00185,22.34235500554571
CSF00185,F00191,43.23357236120668
F00191,CSF00185,43.23357236120668
CSF00185,F00192,24.076355377090216
F00192,CSF00185,24.076355377090216
CSF00185,F00234,13.460166075058241
F00234,CSF00185,13.460166075058241
CSF00185,F00235,1.46368147410361
F00235,CSF00185,1.46368147410361
CSF00185,F00236,9.788927593349193
F00236,CSF00185,9.788927593349193
CSF00185,F00237,15.68731191919422
F00237,CSF00185,15.68731191919422
F00185,F00186,20.87815477401516
F00186,F00185,20.87815477401516
F00185,F00189,29.794220652516675
F00189,F00185,29.794220652516675
F00185,F00190,32.708327160909164
F00190,F00185,32.708327160909164
F00185,F00191,49.81026634848971
F00191,F00185,49.81026634848971
F00185,F00192,33.23897397877113
F00192,F00185,33.23897397877113
F00185,F00234,3.1006939777854665
F00234,F00185,3.1006939777854665
F00185,F00235,11.060209275740926
F00235,F00185,11.060209275740926
F00185,F00236,19.574503533109898
F00236,F00185,19.574503533109898
F00185,F00237,19.004110044702156
F00237,F00185,19.004110044702156
F00186,F00189,9.27536205039027
F00189,F00186,9.27536205039027
F00186,F00190,12.14014787954714
F00190,F00186,12.14014787954714
F00186,F00191,38.41681981289324
F00191,F00186,38.41681981289324
F00186,F00192,16.528145159942344
F00192,F00186,16.528145159942344
F00186,F00234,23.876912990504632
F00234,F00186,23.876912990504632
F00186,F00235,9.995739084015387
F00235,F00186,9.995739084015387
F00186,F00236,5.172131639201594
F00236,F00186,5.172131639201594
F00186,F00237,18.67723294559188
F00237,F00186,18.67723294559188
F00189,F00190,2.914652232968598
F00190,F00189,2.914652232968598
F00189,F00191,33.22550209506063
F00191,F00189,33.22550209506063
F00189,F00192,10.515294355061174
F00192,F00189,10.515294355061174
F00189,F00234,32.69612733190914
F00234,F00189,32.69612733190914
F00189,F00235,18.73790464048889
F00235,F00189,18.73790464048889
F00189,F00236,10.807243869178507
F00236,F00189,10.807243869178507
F00189,F00237,22.735925710684963
F00237,F00189,22.735925710684963
F00190,F00191,32.56923052083229
F00191,F00190,32.56923052083229
F00190,F00192,10.364338470342958
F00192,F00190,10.364338470342958
F00190,F00234,35.60669201481789
F00234,F00190,35.60669201481789
F00190,F00235,21.65120881705873
F00235,F00190,21.65120881705873
F00190,F00236,13.628124910592033
F00236,F00190,13.628124910592033
F00190,F00237,25.01520500710157
F00237,F00190,25.01520500710157
F00191,F00192,22.75801509946845
F00192,F00191,22.75801509946845
F00191,F00234,51.34272284532555
F00234,F00191,51.34272284532555
F00191,F00235,41.807243705921366
F00235,F00191,41.807243705921366
F00191,F00236,34.77160715654074
F00236,F00191,34.77160715654074
F00191,F00237,31.221920678140815
F00237,F00191,31.221920678140815
F00192,F00234,35.67585293690717
F00234,F00192,35.67585293690717
F00192,F00235,22.888227620887832
F00235,F00192,22.888227620887832
F00192,F00236,14.344899163202747
F00236,F00192,14.344899163202747
F00192,F00237,19.738288697167395
F00237,F00192,19.738288697167395
F00234,F00235,13.969408258619298
F00235,F00234,13.969408258619298
F00234,F00236,22.313706460009502
F00236,F00234,22.313706460009502
F00234,F00237,20.20852849450822
F00237,F00234,20.20852849450822
F00235,F00236,8.709285986582803
F00236,F00235,8.709285986582803
F00235,F00237,14.320923594017602
F00237,F00235,14.320923594017602
F00236,F00237,13.643093064038233
F00237,F00236,13.643093064038233
F00239,F00240,6.455708851387024
F00240,F00239,6.455708851387024
F00232,F00233,20.355530761883216
F00233,F00232,20.355530761883216
F00230,F00231,8.372130743330985
F00231,F00230,8.372130743330985
008187,008750,23.544266253327688
008750,008187,23.544266253327688
008187,037379,17.84147179562958
037379,008187,17.84147179562958
008187,067592,13.52961066132111
067592,008187,13.52961066132111
008187,CSF00062,9.639174663194984
CSF00062,008187,9.639174663194984
008187,F00057,16.9959952396163
F00057,008187,16.9959952396163
008187,F00059,27.261871903907902
F00059,008187,27.261871903907902
008187,F00063,17.980248650516366
F00063,008187,17.980248650516366
008187,F00064,7.485250176830338
F00064,008187,7.485250176830338
008187,F00065,14.122501656009948
F00065,008187,14.122501656009948
008187,F00066,12.887911411383362
F00066,008187,12.887911411383362
008187,F00067,21.186881764043637
F00067,008187,21.186881764043637
008187,LM2BT1,9.639174663194984
LM2BT1,008187,9.639174663194984
008750,037379,17.102956092853336
037379,008750,17.102956092853336
008750,067592,21.708855602428574
067592,008750,21.708855602428574
008750,CSF00062,16.873287259078975
CSF00062,008750,16.873287259078975
008750,F00057,6.954126969691656
F00057,008750,6.954126969691656
008750,F00059,19.64015643519492
F00059,008750,19.64015643519492
008750,F00063,30.52222298805895
F00063,008750,30.52222298805895
008750,F00064,21.071564865241147
F00064,008750,21.071564865241147
008750,F00065,37.6569815730933
F00065,008750,37.6569815730933
008750,F00066,11.786711346022972
F00066,008750,11.786711346022972
008750,F00067,12.44546220649686
F00067,008750,12.44546220649686
008750,LM2BT1,16.873287259078975
LM2BT1,008750,16.873287259078975
037379,067592,6.696958787161394
067592,037379,6.696958787161394
037379,CSF00062,8.47548931955484
CSF00062,037379,8.47548931955484
037379,F00057,15.57264676524643
F00057,037379,15.57264676524643
037379,F00059,9.440144441198143
F00059,037379,9.440144441198143
037379,F00063,14.378500469345585
F00063,037379,14.378500469345585
037379,F00064,10.815700262755358
F00064,037379,10.815700262755358
037379,F00065,29.123940793104055
F00065,037379,29.123940793104055
037379,F00066,9.217420146663184
F00066,037379,9.217420146663184
037379,F00067,5.9595548616663585
F00067,037379,5.9595548616663585
037379,LM2BT1,8.47548931955484
LM2BT1,037379,8.47548931955484
067592,CSF00062,6.808304158541199
CSF00062,067592,6.808304158541199
067592,F00057,18.16448475044138
F00057,067592,18.16448475044138
067592,F00059,15.349339040196524
F00059,067592,15.349339040196524
067592,F00063,8.839696566551218
F00063,067592,8.839696566551218
067592,F00064,6.075042268040938
F00064,067592,6.075042268040938
067592,F00065,22.925835804331815
F00065,067592,22.925835804331815
067592,F00066,10.90491843389498
F00066,067592,10.90491843389498
067592,F00067,12.417038553970583
F00067,067592,12.417038553970583
067592,LM2BT1,6.808304158541199
LM2BT1,067592,6.808304158541199
CSF00062,F00057,12.03719155215284
F00057,CSF00062,12.03719155215284
CSF00062,F00059,17.75840702215497
F00059,CSF00062,17.75840702215497
CSF00062,F00063,15.023855753367485
F00063,CSF00062,15.023855753367485
CSF00062,F00064,4.242345235206274
F00064,CSF00062,4.242345235206274
CSF00062,F00065,22.40239195315853
F00065,CSF00062,22.40239195315853
CSF00062,F00066,5.107441904184814
F00066,CSF00062,5.107441904184814
CSF00062,F00067,11.621307779817371
F00067,CSF00062,11.621307779817371
CSF00062,LM2BT1,0.0
LM2BT1,CSF00062,0.0
F00057,F00059,21.3207912593611
F00059,F00057,21.3207912593611
F00057,F00063,26.87213662242595
F00063,F00057,26.87213662242595
F00057,F00064,15.869360423901183
F00064,F00057,15.869360423901183
F00057,F00065,31.099600114571512
F00065,F00057,31.099600114571512
F00057,F00066,7.2599074409346755
F00066,F00057,7.2599074409346755
F00057,F00067,13.184587379124556
F00067,F00057,13.184587379124556
F00057,LM2BT1,12.03719155215284
LM2BT1,F00057,12.03719155215284
F00059,F00063,20.547940052976625
F00063,F00059,20.547940052976625
F00059,F00064,20.227443900328257
F00064,F00059,20.227443900328257
F00059,F00065,38.25521314948567
F00065,F00059,38.25521314948567
F00059,F00066,17.01581586868776
F00066,F00059,17.01581586868776
F00059,F00067,8.152265770993491
F00067,F00059,8.152265770993491
F00059,LM2BT1,17.75840702215497
LM2BT1,F00059,17.75840702215497
F00063,F00064,12.271608626428346
F00064,F00063,12.271608626428346
F00063,F00065,21.59935986738376
F00065,F00063,21.59935986738376
F00063,F00066,19.630964887830064
F00066,F00063,19.630964887830064
F00063,F00067,20.330674461504895
F00067,F00063,20.330674461504895
F00063,LM2BT1,15.023855753367485
LM2BT1,F00063,15.023855753367485
F00064,F00065,18.611053530588674
F00065,F00064,18.611053530588674
F00064,F00066,9.284855245746993
F00066,F00064,9.284855245746993
F00064,F00067,15.18102290077899
F00067,F00064,15.18102290077899
F00064,LM2BT1,4.242345235206274
LM2BT1,F00064,4.242345235206274
F00065,F00066,26.628115569524372
F00066,F00065,26.628115569524372
F00065,F00067,33.79039167753388
F00067,F00065,33.79039167753388
F00065,LM2BT1,22.40239195315853
LM2BT1,F00065,22.40239195315853
F00066,F00067,9.370173081357049
F00067,F00066,9.370173081357049
F00066,LM2BT1,5.107441904184814
LM2BT1,F00066,5.107441904184814
F00067,LM2BT1,11.621307779817371
LM2BT1,F00067,11.621307779817371
F00034,F00035,7.0325244010474695
F00035,F00034,7.0325244010474695
F00034,F00036,17.45702132207334
F00036,F00034,17.45702132207334
F00035,F00036,11.227211672721529
F00036,F00035,11.227211672721529
067589,069092,2.378569303316966
069092,067589,2.378569303316966
067589,069093,8.25955230456777
069093,067589,8.25955230456777
067589,F00187,2.3610791966859717
F00187,067589,2.3610791966859717
069092,069093,7.072148198216208
069093,069092,7.072148198216208
069092,F00187,2.1153618420996625
F00187,069092,2.1153618420996625
069093,F00187,5.898557201513412
F00187,069093,5.898557201513412
081954,F00188,22.8980692286435
F00188,081954,22.8980692286435
F00193,F00194,19.286197389950956
F00194,F00193,19.286197389950956
F00195,F00196,3.61037723135156
F00196,F00195,3.61037723135156
F00195,F00199,9.236578699629328
F00199,F00195,9.236578699629328
F00196,F00199,6.501546216634723
F00199,F00196,6.501546216634723
F00197,F00198,14.510160075644482
F00198,F00197,14.510160075644482
F00197,F00200,10.007186650116047
F00200,F00197,10.007186650116047
F00198,F00200,6.699007834426051
F00200,F00198,6.699007834426051
016729,F00100,4.611941786122886
F00100,016729,4.611941786122886
072912,CSF00097,0.25704239242780286
CSF00097,072912,0.25704239242780286
072912,F00097,0.5137059300737186
F00097,072912,0.5137059300737186
072912,F00098,4.6710454325186515
F00098,072912,4.6710454325186515
CSF00097,F00097,0.25733803178589293
F00097,CSF00097,0.25733803178589293
CSF00097,F00098,4.790871323638196
F00098,CSF00097,4.790871323638196
F00097,F00098,4.898307749932034
F00098,F00097,4.898307749932034
F00089,F00090,3.6986340606303965
F00090,F00089,3.6986340606303965
F00083,F00084,16.571238504808626
F00084,F00083,16.571238504808626
F00083,F00086,10.243818258952304
F00086,F00083,10.243818258952304
F00084,F00086,23.195843024624303
F00086,F00084,23.195843024624303
074501,F00085,7.742272463212945
F00085,074501,7.742272463212945
074501,F00087,3.0858857946933016
F00087,074501,3.0858857946933016
F00085,F00087,10.770198552534874
F00087,F00085,10.770198552534874
F00051,F00052,10.84343892369038
F00052,F00051,10.84343892369038
F00051,F00053,6.573643284595913
F00053,F00051,6.573643284595913
F00051,F00056,16.920494568005324
F00056,F00051,16.920494568005324
F00052,F00053,17.376416159888063
F00053,F00052,17.376416159888063
F00052,F00056,15.719306121625126
F00056,F00052,15.719306121625126
F00053,F00056,21.257669476742237
F00056,F00053,21.257669476742237
F00073,F00074,9.39031295682586
F00074,F00073,9.39031295682586
F00071,F00072,2.775633321237951
F00072,F00071,2.775633321237951
F00079,F00080,10.962737735815551
F00080,F00079,10.962737735815551
F00079,F00081,14.746114648317757
F00081,F00079,14.746114648317757
F00080,F00081,3.864353145695384
F00081,F00080,3.864353145695384
F00076,F00077,15.462989529093917
F00077,F00076,15.462989529093917
F00076,F00078,18.43625420585366
F00078,F00076,18.43625420585366
F00077,F00078,7.271445356504862
F00078,F00077,7.271445356504862
009675,009676,6.716630416872956
009676,009675,6.716630416872956
009675,F00049,13.310313962135064
F00049,009675,13.310313962135064
009676,F00049,16.112433487593652
F00049,009676,16.112433487593652
049784,049785,9.790134279325127
049785,049784,9.790134279325127
049784,F00047,13.444668670105864
F00047,049784,13.444668670105864
049784,F00048,16.402795200127127
F00048,049784,16.402795200127127
049785,F00047,22.727792906208307
F00047,049785,22.727792906208307
049785,F00048,26.13313476320676
F00048,049785,26.13313476320676
F00047,F00048,5.14271568739272
F00048,F00047,5.14271568739272
F00979,F00980,19.49267864096522
F00980,F00979,19.49267864096522
F00979,F00981,11.488061981178927
F00981,F00979,11.488061981178927
F00980,F00981,11.613527646626382
F00981,F00980,11.613527646626382
008238,F00973,9.365584896613546
F00973,008238,9.365584896613546
008238,F00974,8.49886893649068
F00974,008238,8.49886893649068
F00973,F00974,1.8092540142621403
F00974,F00973,1.8092540142621403
008218,F00975,25.966471090705344
F00975,008218,25.966471090705344
008218,F00976,23.326117310707897
F00976,008218,23.326117310707897
F00975,F00976,3.3403878459164416
F00976,F00975,3.3403878459164416
007884,009230,27.39607525457039
009230,007884,27.39607525457039
007884,009309,8.456446539357419
009309,007884,8.456446539357419
007884,009722,7.564325619602512
009722,007884,7.564325619602512
007884,038717,39.03086071777609
038717,007884,39.03086071777609
007884,105925,5.244806093980304
105925,007884,5.244806093980304
007884,CSF00960,11.224923130944806
CSF00960,007884,11.224923130944806
007884,F00947,29.48545641789255
F00947,007884,29.48545641789255
007884,F00950,13.10758228976349
F00950,007884,13.10758228976349
007884,F00954,28.653569954708292
F00954,007884,28.653569954708292
007884,F00955,10.12501202305345
F00955,007884,10.12501202305345
007884,F00960,38.707104572380935
F00960,007884,38.707104572380935
007884,F00961,19.61737020202957
F00961,007884,19.61737020202957
007884,F00962,22.979782823687387
F00962,007884,22.979782823687387
007884,F00963,16.506533292430618
F00963,007884,16.506533292430618
007884,F00985,31.950666679214773
F00985,007884,31.950666679214773
007884,LM1DF1,31.50015421608148
LM1DF1,007884,31.50015421608148
007884,LM1DF2,27.00116676168709
LM1DF2,007884,27.00116676168709
007884,LM1DF3,15.096931569357231
LM1DF3,007884,15.096931569357231
007884,LM2DF1,15.669115502184559
LM2DF1,007884,15.669115502184559
007884,LM3DF1,12.633867566649423
LM3DF1,007884,12.633867566649423
007884,LMXDFA,9.31164627630166
LMXDFA,007884,9.31164627630166
007884,LMXDFB,7.1575009514327625
LMXDFB,007884,7.1575009514327625
007884,LMXDFC,1.1094559286720311
LMXDFC,007884,1.1094559286720311
007884,LMXDFD,2.8653016714473933
LMXDFD,007884,2.8653016714473933
007884,LMXDFE,6.888353053575446
LMXDFE,007884,6.888353053575446
009230,009309,35.56100052171679
009309,009230,35.56100052171679
009230,009722,21.840617336607554
009722,009230,21.840617336607554
009230,038717,30.69138440966362
038717,009230,30.69138440966362
009230,105925,22.3171736637825
105925,009230,22.3171736637825
009230,CSF00960,16.22103109189904
CSF00960,009230,16.22103109189904
009230,F00947,56.61447806566392
F00947,009230,56.61447806566392
009230,F00950,38.59226910114134
F00950,009230,38.59226910114134
009230,F00954,27.334903341612396
F00954,009230,27.334903341612396
009230,F00955,17.48028654138547
F00955,009230,17.48028654138547
009230,F00960,25.17255796163291
F00960,009230,25.17255796163291
009230,F00961,7.809411805728944
F00961,009230,7.809411805728944
009230,F00962,4.701604093306192
F00962,009230,4.701604093306192
009230,F00963,11.671450270814258
F00963,009230,11.671450270814258
009230,F00985,5.093587996776298
F00985,009230,5.093587996776298
009230,LM1DF1,4.164911832523333
LM1DF1,009230,4.164911832523333
009230,LM1DF2,2.3330324296799563
LM1DF2,009230,2.3330324296799563
009230,LM1DF3,12.464184434490528
LM1DF3,009230,12.464184434490528
009230,LM2DF1,11.986025140216473
LM2DF1,009230,11.986025140216473
009230,LM3DF1,14.831609610742039
LM3DF1,009230,14.831609610742039
009230,LMXDFA,26.603598254395152
LMXDFA,009230,26.603598254395152
009230,LMXDFB,29.372566720208294
LMXDFB,009230,29.372566720208294
009230,LMXDFC,26.9639908150905
LMXDFC,009230,26.9639908150905
009230,LMXDFD,25.65635969170011
LMXDFD,009230,25.65635969170011
009230,LMXDFE,20.588793372301367
LMXDFE,009230,20.588793372301367
009309,009722,14.261387091059614
009722,009309,14.261387091059614
009309,038717,42.831417181042625
038717,009309,42.831417181042625
009309,105925,13.692432985756284
105925,009309,13.692432985756284
009309,CSF00960,19.3461694187349
CSF00960,009309,19.3461694187349
009309,F00947,22.406612698647944
F00947,009309,22.406612698647944
009309,F00950,10.793033915162276
F00950,009309,10.793033915162276
009309,F00954,31.832850505070525
F00954,009309,31.832850505070525
009309,F00955,18.08985792052543
F00955,009309,18.08985792052543
009309,F00960,43.819495709762805
F00960,009309,43.819495709762805
009309,F00961,27.85722507378766
F00961,009309,27.85722507378766
009309,F00962,31.025894944496514
F00962,009309,31.025894944496514
009309,F00963,24.27228802264317
F00963,009309,24.27228802264317
009309,F00985,40.2400007801438
F00985,009309,40.2400007801438
009309,LM1DF1,39.60596428716206
LM1DF1,009309,39.60596428716206
009309,LM1DF2,35.30718959717752
LM1DF2,009309,35.30718959717752
009309,LM1DF3,23.44350260288638
LM1DF3,009309,23.44350260288638
009309,LM2DF1,24.035470400352533
LM2DF1,009309,24.035470400352533
009309,LM3DF1,20.96354163330719
LM3DF1,009309,20.96354163330719
009309,LMXDFA,12.298279463564455
LMXDFA,009309,12.298279463564455
009309,LMXDFB,8.326111023587345
LMXDFB,009309,8.326111023587345
009309,LMXDFC,8.657300571282093
LMXDFC,009309,8.657300571282093
009309,LMXDFD,10.972010097295561
LMXDFD,009309,10.972010097295561
009309,LMXDFE,15.291303504043066
LMXDFE,009309,15.291303504043066
009722,038717,31.760655435122175
038717,009722,31.760655435122175
009722,105925,5.813564460341541
105925,009722,5.813564460341541
009722,CSF00960,6.375187301239342
CSF00960,009722,6.375187301239342
009722,F00947,36.43811271538587
F00947,009722,36.43811271538587
009722,F00950,20.671436895718706
F00950,009722,20.671436895718706
009722,F00954,21.777928339230616
F00954,009722,21.777928339230616
009722,F00955,4.919573067778889
F00955,009722,4.919573067778889
009722,F00960,31.158748477595374
F00960,009722,31.158748477595374
009722,F00961,14.514240492316071
F00961,009722,14.514240492316071
009722,F00962,17.174641890205663
F00962,009722,17.174641890205663
009722,F00963,10.232854934096574
F00963,009722,10.232854934096574
009722,F00985,26.75643894924344
F00985,009722,26.75643894924344
009722,LM1DF1,25.736292012731727
LM1DF1,009722,25.736292012731727
009722,LM1DF2,21.960337654049933
LM1DF2,009722,21.960337654049933
009722,LM1DF3,10.836863749400028
LM1DF3,009722,10.836863749400028
009722,LM2DF1,11.488266183901816
LM2DF1,009722,11.488266183901816
009722,LM3DF1,8.580467272614458
LM3DF1,009722,8.580467272614458
009722,LMXDFA,5.768648724302081
LMXDFA,009722,5.768648724302081
009722,LMXDFB,7.577737323083079
LMXDFB,009722,7.577737323083079
009722,LMXDFC,6.615314804267158
LMXDFC,009722,6.615314804267158
009722,LMXDFD,7.959376270707297
LMXDFD,009722,7.959376270707297
009722,LMXDFE,5.528645141380654
LMXDFE,009722,5.528645141380654
038717,105925,37.07524018264794
105925,038717,37.07524018264794
038717,CSF00960,32.48738269047043
CSF00960,038717,32.48738269047043
038717,F00947,64.39450673757241
F00947,038717,64.39450673757241
038717,F00950,51.861990541254286
F00950,038717,51.861990541254286
038717,F00954,11.119976429528398
F00954,038717,11.119976429528398
038717,F00955,32.25393862990483
F00955,038717,32.25393862990483
038717,F00960,7.509927731316055
F00960,038717,7.509927731316055
038717,F00961,31.474301867282453
F00961,038717,31.474301867282453
038717,F00962,29.09203532684213
F00962,038717,29.09203532684213
038717,F00963,28.475457543444783
F00963,038717,28.475457543444783
038717,F00985,33.84851248807006
F00985,038717,33.84851248807006
038717,LM1DF1,30.629074062633176
LM1DF1,038717,30.629074062633176
038717,LM1DF2,32.91894216870042
LM1DF2,038717,32.91894216870042
038717,LM1DF3,33.3538657111762
LM1DF3,038717,33.3538657111762
038717,LM2DF1,33.568174901009584
LM2DF1,038717,33.568174901009584
038717,LM3DF1,33.615188641501284
LM3DF1,038717,33.615188641501284
038717,LMXDFA,30.743268379022265
LMXDFA,038717,30.743268379022265
038717,LMXDFB,34.596780180245396
LMXDFB,038717,34.596780180245396
038717,LMXDFC,37.95791053728346
LMXDFC,038717,37.95791053728346
038717,LMXDFD,39.70975071960055
LMXDFD,038717,39.70975071960055
038717,LMXDFE,35.981621209088914
LMXDFE,038717,35.981621209088914
105925,CSF00960,6.403602045866438
CSF00960,105925,6.403602045866438
105925,F00947,34.339084385295685
F00947,105925,34.339084385295685
105925,F00950,16.913955856519788
F00950,105925,16.913955856519788
105925,F00954,27.429065089069347
F00954,105925,27.429065089069347
105925,F00955,5.635395654905505
F00955,105925,5.635395654905505
105925,F00960,35.82908207393154
F00960,105925,35.82908207393154
105925,F00961,14.51069389290327
F00961,105925,14.51069389290327
105925,F00962,18.019144479084297
F00962,105925,18.019144479084297
105925,F00963,11.925750744864933
F00963,105925,11.925750744864933
105925,F00985,26.77621180177057
F00985,105925,26.77621180177057
105925,LM1DF1,26.45214009119507
LM1DF1,105925,26.45214009119507
105925,LM1DF2,21.82224972845139
LM1DF2,105925,21.82224972845139
105925,LM1DF3,9.91728310681035
LM1DF3,105925,9.91728310681035
105925,LM2DF1,10.469619428097399
LM2DF1,105925,10.469619428097399
105925,LM3DF1,7.4891192369092385
LM3DF1,105925,7.4891192369092385
105925,LMXDFA,10.551262237685044
LMXDFA,105925,10.551262237685044
105925,LMXDFB,10.33481498515319
LMXDFB,105925,10.33481498515319
105925,LMXDFC,5.149925051108217
LMXDFC,105925,5.149925051108217
105925,LMXDFD,3.431091791122177
LMXDFD,105925,3.431091791122177
105925,LMXDFE,1.73809900811373
LMXDFE,105925,1.73809900811373
CSF00960,F00947,40.65039197273151
F00947,CSF00960,40.65039197273151
CSF00960,F00950,23.293757959810033
F00950,CSF00960,23.293757959810033
CSF00960,F00954,23.88490189666094
F00954,CSF00960,23.88490189666094
CSF00960,F00955,1.45642342551627
F00955,CSF00960,1.45642342551627
CSF00960,F00960,30.38782988031748
F00960,CSF00960,30.38782988031748
CSF00960,F00961,8.528637500652495
F00961,CSF00960,8.528637500652495
CSF00960,F00962,11.755598650339724
F00962,CSF00960,11.755598650339724
CSF00960,F00963,5.549954970297498
F00963,CSF00960,5.549954970297498
CSF00960,F00985,20.91811904339096
F00985,CSF00960,20.91811904339096
CSF00960,LM1DF1,20.295606301990393
LM1DF1,CSF00960,20.295606301990393
CSF00960,LM1DF2,16.010986058016357
LM1DF2,CSF00960,16.010986058016357
CSF00960,LM1DF3,4.471059668822829
LM1DF3,CSF00960,4.471059668822829
CSF00960,LM2DF1,5.121340798356317
LM2DF1,CSF00960,5.121340798356317
CSF00960,LM3DF1,2.2695784942099935
LM3DF1,CSF00960,2.2695784942099935
CSF00960,LMXDFA,12.047349817426763
LMXDFA,CSF00960,12.047349817426763
CSF00960,LMXDFB,13.807514445507492
LMXDFB,CSF00960,13.807514445507492
CSF00960,LMXDFC,10.746164222795443
LMXDFC,CSF00960,10.746164222795443
CSF00960,LMXDFD,9.834453639935457
LMXDFD,CSF00960,9.834453639935457
CSF00960,LMXDFE,4.696670694606586
LMXDFE,CSF00960,4.696670694606586
F00947,F00950,18.73319115190835
F00950,F00947,18.73319115190835
F00947,F00954,53.27539294463525
F00954,F00947,53.27539294463525
F00947,F00955,39.60662624126552
F00955,F00947,39.60662624126552
F00947,F00960,66.0192381535684
F00960,F00947,66.0192381535684
F00947,F00961,48.808022835351665
F00961,F00947,48.808022835351665
F00947,F00962,52.356626326632906
F00962,F00947,52.356626326632906
F00947,F00963,45.991912452755656
F00963,F00947,45.991912452755656
F00947,F00985,60.873463061380995
F00985,F00947,60.873463061380995
F00947,LM1DF1,60.76602087520838
LM1DF1,F00947,60.76602087520838
F00947,LM1DF2,55.940616696089215
LM1DF2,F00947,55.940616696089215
F00947,LM1DF3,44.153479333376374
LM1DF3,F00947,44.153479333376374
F00947,LM2DF1,44.6524259989638
LM2DF1,F00947,44.6524259989638
F00947,LM3DF1,41.795148315102864
LM3DF1,F00947,41.795148315102864
F00947,LMXDFA,34.57253869822119
LMXDFA,F00947,34.57253869822119
F00947,LMXDFB,30.604184470193307
LMXDFB,F00947,30.604184470193307
F00947,LMXDFC,30.137218435985545
LMXDFC,F00947,30.137218435985545
F00947,LMXDFD,30.963172312757113
LMXDFD,F00947,30.963172312757113
F00947,LMXDFE,36.07674578009411
LMXDFE,F00947,36.07674578009411
F00950,F00954,41.18965051583023
F00954,F00950,41.18965051583023
F00950,F00955,22.526017383222293
F00955,F00950,22.526017383222293
F00950,F00960,51.80508525374881
F00960,F00950,51.80508525374881
F00950,F00961,30.87176926943402
F00961,F00950,30.87176926943402
F00950,F00962,34.615870332155275
F00962,F00950,34.615870332155275
F00950,F00963,28.83472499236409
F00963,F00950,28.83472499236409
F00950,F00985,42.57193357109561
F00985,F00950,42.57193357109561
F00950,LM1DF1,42.75587287129441
LM1DF1,F00950,42.75587287129441
F00950,LM1DF2,37.69635416952563
LM1DF2,F00950,37.69635416952563
F00950,LM1DF3,26.20158860352676
LM1DF3,F00950,26.20158860352676
F00950,LM2DF1,26.6308758126316
LM2DF1,F00950,26.6308758126316
F00950,LM3DF1,24.010002941221003
LM3DF1,F00950,24.010002941221003
F00950,LMXDFA,21.268458678360226
LMXDFA,F00950,21.268458678360226
F00950,LMXDFB,17.713527162011545
LMXDFB,F00950,17.713527162011545
F00950,LMXDFC,14.095572334909898
LMXDFC,F00950,14.095572334909898
F00950,LMXDFD,13.511715529365741
LMXDFD,F00950,13.511715529365741
F00950,LMXDFE,18.597639200971695
LMXDFE,F00950,18.597639200971695
F00954,F00955,23.30618884927992
F00955,F00954,23.30618884927992
F00954,F00960,14.44885185966255
F00960,F00954,14.44885185966255
F00954,F00961,25.384543162359886
F00961,F00954,25.384543162359886
F00954,F00962,24.228795329143512
F00962,F00954,24.228795329143512
F00954,F00963,21.172080499342623
F00963,F00954,21.172080499342623
F00954,F00985,31.67523850418438
F00985,F00954,31.67523850418438
F00954,LM1DF1,28.785475063863228
LM1DF1,F00954,28.785475063863228
F00954,LM1DF2,29.184485671652055
LM1DF2,F00954,29.184485671652055
F00954,LM1DF3,25.88453173387311
LM1DF3,F00954,25.88453173387311
F00954,LM2DF1,26.261738448790222
LM2DF1,F00954,26.261738448790222
F00954,LM3DF1,25.476144445467927
LM3DF1,F00954,25.476144445467927
F00954,LMXDFA,19.933529442911652
LMXDFA,F00954,19.933529442911652
F00954,LMXDFB,23.683462428506658
LMXDFB,F00954,23.683462428506658
F00954,LMXDFC,27.554465639098904
LMXDFC,F00954,27.554465639098904
F00954,LMXDFD,29.688307269472343
LMXDFD,F00954,29.688307269472343
F00954,LMXDFE,26.600171843639686
LMXDFE,F00954,26.600171843639686
F00955,F00960,30.490758899728057
F00960,F00955,30.490758899728057
F00955,F00961,9.869077527851049
F00961,F00955,9.869077527851049
F00955,F00962,12.94094790169692
F00962,F00955,12.94094790169692
F00955,F00963,6.398235773378957
F00963,F00955,6.398235773378957
F00955,F00985,22.243582864846946
F00985,F00955,22.243582864846946
F00955,LM1DF1,21.516393567762233
LM1DF1,F00955,21.516393567762233
F00955,LM1DF2,17.35948370507433
LM1DF2,F00955,17.35948370507433
F00955,LM1DF3,5.925807863845044
LM1DF3,F00955,5.925807863845044
F00955,LM2DF1,6.5765118771834
LM2DF1,F00955,6.5765118771834
F00955,LM3DF1,3.6843322197304116
LM3DF1,F00955,3.6843322197304116
F00955,LMXDFA,10.609325923882828
LMXDFA,F00955,10.609325923882828
F00955,LMXDFB,12.364475389276068
LMXDFB,F00955,12.364475389276068
F00955,LMXDFC,9.561313579774655
LMXDFC,F00955,9.561313579774655
F00955,LMXDFD,9.014466808215094
LMXDFD,F00955,9.014466808215094
F00955,LMXDFE,4.062456729168991
LMXDFE,F00955,4.062456729168991
F00960,F00961,27.503281900845806
F00961,F00960,27.503281900845806
F00960,F00962,24.50034886524726
F00962,F00960,24.50034886524726
F00960,F00963,25.56905274561421
F00963,F00960,25.56905274561421
F00960,F00985,27.649725224170915
F00985,F00960,27.649725224170915
F00960,LM1DF1,24.40911003239083
LM1DF1,F00960,24.40911003239083
F00960,LM1DF2,27.487721942473154
LM1DF2,F00960,27.487721942473154
F00960,LM1DF3,30.26089953257259
LM1DF3,F00960,30.26089953257259
F00960,LM2DF1,30.33943779121689
LM2DF1,F00960,30.33943779121689
F00960,LM3DF1,31.048856041986433
LM3DF1,F00960,31.048856041986433
F00960,LMXDFA,31.523282575723826
LMXDFA,F00960,31.523282575723826
F00960,LMXDFB,35.50112846386425
LMXDFB,F00960,35.50112846386425
F00960,LMXDFC,37.70967182771183
LMXDFC,F00960,37.70967182771183
F00960,LMXDFD,38.842607302320104
LMXDFD,F00960,38.842607302320104
F00960,LMXDFE,34.48178674850536
LMXDFE,F00960,34.48178674850536
F00961,F00962,3.9112459474827057
F00962,F00961,3.9112459474827057
F00961,F00963,5.1371366743019955
F00963,F00961,5.1371366743019955
F00961,F00985,12.389892907843333
F00985,F00961,12.389892907843333
F00961,LM1DF1,11.958314448711656
LM1DF1,F00961,11.958314448711656
F00961,LM1DF2,7.490410967335229
LM1DF2,F00961,7.490410967335229
F00961,LM1DF3,4.676380265873919
LM1DF3,F00961,4.676380265873919
F00961,LM2DF1,4.250745117197291
LM2DF1,F00961,4.250745117197291
F00961,LM3DF1,7.0229285067316845
LM3DF1,F00961,7.0229285067316845
F00961,LMXDFA,19.73330802111065
LMXDFA,F00961,19.73330802111065
F00961,LMXDFB,22.090496859764414
LMXDFB,F00961,22.090496859764414
F00961,LMXDFC,19.224105595707886
LMXDFC,F00961,19.224105595707886
F00961,LMXDFD,17.847611293653657
LMXDFD,F00961,17.847611293653657
F00961,LMXDFE,12.78529265864777
LMXDFE,F00961,12.78529265864777
F00962,F00963,6.975455173210786
F00963,F00962,6.975455173210786
F00962,F00985,9.75347582269576
F00985,F00962,9.75347582269576
F00962,LM1DF1,8.588563594500124
LM1DF1,F00962,8.588563594500124
F00962,LM1DF2,5.467692104875937
LM1DF2,F00962,5.467692104875937
F00962,LM1DF3,8.451028400549124
LM1DF3,F00962,8.451028400549124
F00962,LM2DF1,8.09945071223497
LM2DF1,F00962,8.09945071223497
F00962,LM3DF1,10.622075613124668
LM3DF1,F00962,10.622075613124668
F00962,LMXDFA,21.903916424002755
LMXDFA,F00962,21.903916424002755
F00962,LMXDFB,24.687254300328128
LMXDFB,F00962,24.687254300328128
F00962,LMXDFC,22.485926478193313
LMXDFC,F00962,22.485926478193313
F00962,LMXDFD,21.416115135548342
LMXDFD,F00962,21.416115135548342
F00962,LMXDFE,16.281086520735453
LMXDFE,F00962,16.281086520735453
F00963,F00985,16.67735273540503
F00985,F00963,16.67735273540503
F00963,LM1DF1,15.5066084094898
LM1DF1,F00963,15.5066084094898
F00963,LM1DF2,12.060071032042622
LM1DF2,F00963,12.060071032042622
F00963,LM1DF3,4.88342495531177
LM1DF3,F00963,4.88342495531177
F00963,LM2DF1,5.153694302529949
LM2DF1,F00963,5.153694302529949
F00963,LM3DF1,5.536785016279131
LM3DF1,F00963,5.536785016279131
F00963,LMXDFA,14.974268175568884
LMXDFA,F00963,14.974268175568884
F00963,LMXDFB,17.71551403402256
LMXDFB,F00963,17.71551403402256
F00963,LMXDFC,15.890777304358718
LMXDFC,F00963,15.890777304358718
F00963,LMXDFD,15.348704053057766
LMXDFD,F00963,15.348704053057766
F00963,LMXDFE,10.239078651596586
LMXDFE,F00963,10.239078651596586
F00985,LM1DF1,3.2419176453443037
LM1DF1,F00985,3.2419176453443037
F00985,LM1DF2,4.954360552111753
LM1DF2,F00985,4.954360552111753
F00985,LM1DF3,16.860881159221684
LM1DF3,F00985,16.860881159221684
F00985,LM2DF1,16.30942627244709
LM2DF1,F00985,16.30942627244709
F00985,LM3DF1,19.31679913448896
LM3DF1,F00985,19.31679913448896
F00985,LMXDFA,31.643316958254058
LMXDFA,F00985,31.643316958254058
F00985,LMXDFB,34.31868786099353
LMXDFB,F00985,34.31868786099353
F00985,LMXDFC,31.596229033545647
LMXDFC,F00985,31.596229033545647
F00985,LMXDFD,30.02256384521709
LMXDFD,F00985,30.02256384521709
F00985,LMXDFE,25.076013380980644
LMXDFE,F00985,25.076013380980644
LM1DF1,LM1DF2,5.502977629697862
LM1DF2,LM1DF1,5.502977629697862
LM1DF1,LM1DF3,16.622887944745596
LM1DF3,LM1DF1,16.622887944745596
LM1DF1,LM2DF1,16.149821274808318
LM2DF1,LM1DF1,16.149821274808318
LM1DF1,LM3DF1,18.973895036044983
LM3DF1,LM1DF1,18.973895036044983
LM1DF1,LMXDFA,30.27228631329334
LMXDFA,LM1DF1,30.27228631329334
LM1DF1,LMXDFB,33.20877124240081
LMXDFB,LM1DF1,33.20877124240081
LM1DF1,LMXDFC,31.0408638772936
LMXDFC,LM1DF1,31.0408638772936
LM1DF1,LMXDFD,29.8041729927482
LMXDFD,LM1DF1,29.8041729927482
LM1DF1,LMXDFE,24.72015270946559
LMXDFE,LM1DF1,24.72015270946559
LM1DF2,LM1DF3,11.908025185625762
LM1DF3,LM1DF2,11.908025185625762
LM1DF2,LM2DF1,11.355065871623635
LM2DF1,LM1DF2,11.355065871623635
LM1DF2,LM3DF1,14.36796976116724
LM3DF1,LM1DF2,14.36796976116724
LM1DF2,LMXDFA,27.01250476222849
LMXDFA,LM1DF2,27.01250476222849
LM1DF2,LMXDFB,29.536811110246585
LMXDFB,LM1DF2,29.536811110246585
LM1DF2,LMXDFC,26.65786236917675
LMXDFC,LM1DF2,26.65786236917675
LM1DF2,LMXDFD,25.070483627494458
LMXDFD,LM1DF2,25.070483627494458
LM1DF2,LMXDFE,20.123641362569266
LMXDFE,LM1DF2,20.123641362569266
LM1DF3,LM2DF1,0.6514720285585037
LM2DF1,LM1DF3,0.6514720285585037
LM1DF3,LM3DF1,2.4824063424029337
LM3DF1,LM1DF3,2.4824063424029337
LM1DF3,LMXDFA,16.450341685641213
LMXDFA,LM1DF3,16.450341685641213
LM1DF3,LMXDFB,18.269547910652772
LMXDFB,LM1DF3,18.269547910652772
LM1DF3,LMXDFC,14.786219734171436
LMXDFC,LM1DF3,14.786219734171436
LM1DF3,LMXDFD,13.206713421529852
LMXDFD,LM1DF3,13.206713421529852
LM1DF3,LMXDFE,8.215693454242068
LMXDFE,LM1DF3,8.215693454242068
LM2DF1,LM3DF1,3.0939828342765128
LM3DF1,LM2DF1,3.0939828342765128
LM2DF1,LMXDFA,17.09957625442813
LMXDFA,LM2DF1,17.09957625442813
LM2DF1,LMXDFB,18.916498270156563
LMXDFB,LM2DF1,18.916498270156563
LM2DF1,LMXDFC,15.378826625080718
LMXDFC,LM2DF1,15.378826625080718
LM2DF1,LMXDFD,13.726650755974584
LMXDFD,LM2DF1,13.726650755974584
LM2DF1,LMXDFE,8.781844809858622
LMXDFE,LM2DF1,8.781844809858622
LM3DF1,LMXDFA,14.293239244201434
LMXDFA,LM3DF1,14.293239244201434
LM3DF1,LMXDFB,15.89437123403555
LMXDFB,LM3DF1,15.89437123403555
LM3DF1,LMXDFC,12.306559841069802
LMXDFC,LM3DF1,12.306559841069802
LM3DF1,LMXDFD,10.831979511942137
LMXDFD,LM3DF1,10.831979511942137
LM3DF1,LMXDFE,5.7691409797919455
LMXDFE,LM3DF1,5.7691409797919455
LMXDFA,LMXDFB,3.9791430260639338
LMXDFB,LMXDFA,3.9791430260639338
LMXDFA,LMXDFC,8.218693256211306
LMXDFC,LMXDFA,8.218693256211306
LMXDFA,LMXDFD,11.220379108706682
LMXDFD,LMXDFA,11.220379108706682
LMXDFA,LMXDFE,10.878111398701625
LMXDFE,LMXDFA,10.878111398701625
LMXDFB,LMXDFC,6.2555318190810025
LMXDFC,LMXDFB,6.2555318190810025
LMXDFB,LMXDFD,9.728778207669437
LMXDFD,LMXDFB,9.728778207669437
LMXDFB,LMXDFE,11.260055217860677
LMXDFE,LMXDFB,11.260055217860677
LMXDFC,LMXDFD,3.4997113996457574
LMXDFD,LMXDFC,3.4997113996457574
LMXDFC,LMXDFE,6.6611736040139995
LMXDFE,LMXDFC,6.6611736040139995
LMXDFD,LMXDFE,5.15666039455176
LMXDFE,LMXDFD,5.15666039455176
F00966,F00967,1.5360326609933839
F00967,F00966,1.5360326609933839
007885,CSLM1VTV,20.365146964397827
CSLM1VTV,007885,20.365146964397827
007885,F00964,19.465027254510286
F00964,007885,19.465027254510286
007885,F00965,21.561863505895115
F00965,007885,21.561863505895115
007885,LM1VTM,22.99897033238956
LM1VTM,007885,22.99897033238956
007885,LM1VTV,17.753891436615497
LM1VTV,007885,17.753891436615497
CSLM1VTV,F00964,6.387714649040938
F00964,CSLM1VTV,6.387714649040938
CSLM1VTV,F00965,1.4535979666208598
F00965,CSLM1VTV,1.4535979666208598
CSLM1VTV,LM1VTM,2.6578867066646676
LM1VTM,CSLM1VTV,2.6578867066646676
CSLM1VTV,LM1VTV,2.640213956172246
LM1VTV,CSLM1VTV,2.640213956172246
F00964,F00965,6.082298526222345
F00965,F00964,6.082298526222345
F00964,LM1VTM,7.2897061911984995
LM1VTM,F00964,7.2897061911984995
F00964,LM1VTV,6.509661014331048
LM1VTV,F00964,6.509661014331048
F00965,LM1VTM,1.5248230202415043
LM1VTM,F00965,1.5248230202415043
F00965,LM1VTV,3.984114932889708
LM1VTV,F00965,3.984114932889708
LM1VTM,LM1VTV,5.298085296454247
LM1VTV,LM1VTM,5.298085296454247
F00951,F00952,11.342389991300987
F00952,F00951,11.342389991300987
F00951,F00983,9.812715592390683
F00983,F00951,9.812715592390683
F00951,F01004,11.959604795205514
F01004,F00951,11.959604795205514
F00952,F00983,3.014191809859779
F00983,F00952,3.014191809859779
F00952,F01004,23.106081231232668
F01004,F00952,23.106081231232668
F00983,F01004,21.77187806027121
F01004,F00983,21.77187806027121
009537,062518,9.88185037368502
062518,009537,9.88185037368502
009537,CSF00999,15.161152338385499
CSF00999,009537,15.161152338385499
009537,F00999,14.770635107021116
F00999,009537,14.770635107021116
009537,F01000,18.894583456385636
F01000,009537,18.894583456385636
009537,F01001,15.573009020595377
F01001,009537,15.573009020595377
062518,CSF00999,22.09546351944286
CSF00999,062518,22.09546351944286
062518,F00999,21.845054188768557
F00999,062518,21.845054188768557
062518,F01000,25.91315754719331
F01000,062518,25.91315754719331
062518,F01001,22.376327972453726
F01001,062518,22.376327972453726
CSF00999,F00999,0.48936153120016007
F00999,CSF00999,0.48936153120016007
CSF00999,F01000,3.8416193945387165
F01000,CSF00999,3.8416193945387165
CSF00999,F01001,0.4906476946453426
F01001,CSF00999,0.4906476946453426
F00999,F01000,4.162390345734265
F01000,F00999,4.162390345734265
F00999,F01001,0.9796561542456993
F01001,F00999,0.9796561542456993
F01000,F01001,3.536832950273175
F01001,F01000,3.536832950273175
072934,072935,6.8256672456830785
072935,072934,6.8256672456830785
072934,083601,1.8481166950847037
083601,072934,1.8481166950847037
072934,F00108,5.889154380712376
F00108,072934,5.889154380712376
072934,F00111,18.70657895854371
F00111,072934,18.70657895854371
072934,F00112,22.97190960655194
F00112,072934,22.97190960655194
072934,F00113,5.150624030834097
F00113,072934,5.150624030834097
072935,083601,5.391722854631185
083601,072935,5.391722854631185
072935,F00108,2.609236476238345
F00108,072935,2.609236476238345
072935,F00111,13.852830380611291
F00111,072935,13.852830380611291
072935,F00112,17.802152713494465
F00112,072935,17.802152713494465
072935,F00113,10.951985726703795
F00113,072935,10.951985726703795
083601,F00108,5.093873758652401
F00108,083601,5.093873758652401
083601,F00111,18.178714273752465
F00111,083601,18.178714273752465
083601,F00112,22.36897724203923
F00112,083601,22.36897724203923
083601,F00113,6.9563674353090414
F00113,083601,6.9563674353090414
F00108,F00111,13.092045053888418
F00111,F00108,13.092045053888418
F00108,F00112,17.27527068001826
F00112,F00108,17.27527068001826
F00108,F00113,9.03179339811001
F00113,F00108,9.03179339811001
F00111,F00112,4.320686846608851
F00112,F00111,4.320686846608851
F00111,F00113,19.831737897269328
F00113,F00111,19.831737897269328
F00112,F00113,24.139920668302032
F00113,F00112,24.139920668302032
F00101,F00106,17.505552665841027
F00106,F00101,17.505552665841027
F00101,F00107,17.12263963181825
F00107,F00101,17.12263963181825
F00106,F00107,7.929107581774933
F00107,F00106,7.929107581774933
F00103,F00104,5.472742694139136
F00104,F00103,5.472742694139136
F00103,F00105,7.348792526655085
F00105,F00103,7.348792526655085
F00104,F00105,11.333453750748836
F00105,F00104,11.333453750748836
